Time,Oxygen Level,Pulse Rate,Motion,O2 Reminder,PR Reminder
04:02:50 Jan 06 2021,96,67,6,0,0
04:02:52 Jan 06 2021,96,65,9,0,0
04:02:54 Jan 06 2021,96,64,1,0,0
04:02:56 Jan 06 2021,96,65,0,0,0
04:02:58 Jan 06 2021,96,66,0,0,0
04:03:00 Jan 06 2021,96,65,0,0,0
04:03:02 Jan 06 2021,96,65,0,0,0
04:03:04 Jan 06 2021,96,65,8,0,0
04:03:06 Jan 06 2021,96,65,13,0,0
04:03:08 Jan 06 2021,96,65,15,0,0
04:03:10 Jan 06 2021,96,65,3,0,0
04:03:12 Jan 06 2021,96,65,2,0,0
04:03:14 Jan 06 2021,96,65,0,0,0
04:03:16 Jan 06 2021,96,65,9,0,0
04:03:18 Jan 06 2021,96,65,0,0,0
04:03:20 Jan 06 2021,96,65,1,0,0
04:03:22 Jan 06 2021,96,65,0,0,0
04:03:24 Jan 06 2021,96,65,0,0,0
04:03:26 Jan 06 2021,96,65,0,0,0
04:03:28 Jan 06 2021,96,65,0,0,0
04:03:30 Jan 06 2021,97,70,3,0,0
04:03:32 Jan 06 2021,97,73,19,0,0
04:03:34 Jan 06 2021,97,78,2,0,0
04:03:36 Jan 06 2021,97,79,3,0,0
04:03:38 Jan 06 2021,97,79,3,0,0
04:03:40 Jan 06 2021,97,83,1,0,0
04:03:42 Jan 06 2021,97,86,3,0,0
04:03:44 Jan 06 2021,97,88,1,0,0
04:03:46 Jan 06 2021,97,91,4,0,0
04:03:48 Jan 06 2021,97,89,2,0,0
04:03:50 Jan 06 2021,97,89,0,0,0
04:03:52 Jan 06 2021,97,89,15,0,0
04:03:54 Jan 06 2021,97,89,2,0,0
04:03:56 Jan 06 2021,97,89,0,0,0
04:03:58 Jan 06 2021,97,89,0,0,0
04:04:00 Jan 06 2021,97,87,0,0,0
04:04:02 Jan 06 2021,97,91,0,0,0
04:04:04 Jan 06 2021,97,91,0,0,0
04:04:06 Jan 06 2021,97,85,0,0,0
04:04:08 Jan 06 2021,97,82,0,0,0
04:04:10 Jan 06 2021,97,79,0,0,0
04:04:12 Jan 06 2021,97,75,0,0,0
04:04:14 Jan 06 2021,97,78,0,0,0
04:04:16 Jan 06 2021,97,78,0,0,0
04:04:18 Jan 06 2021,97,78,0,0,0
04:04:20 Jan 06 2021,97,78,0,0,0
04:04:22 Jan 06 2021,96,74,0,0,0
04:04:24 Jan 06 2021,96,68,0,0,0
04:04:26 Jan 06 2021,96,65,0,0,0
04:04:28 Jan 06 2021,95,59,0,0,0
04:04:30 Jan 06 2021,95,66,0,0,0
04:04:32 Jan 06 2021,95,68,0,0,0
04:04:34 Jan 06 2021,95,69,0,0,0
04:04:36 Jan 06 2021,94,69,6,0,0
04:04:38 Jan 06 2021,94,66,1,0,0
04:04:40 Jan 06 2021,94,68,1,0,0
04:04:42 Jan 06 2021,94,68,0,0,0
04:04:44 Jan 06 2021,94,66,1,0,0
04:04:46 Jan 06 2021,94,61,7,0,0
04:04:48 Jan 06 2021,94,57,20,0,0
04:04:50 Jan 06 2021,94,56,0,0,0
04:04:52 Jan 06 2021,94,56,1,0,0
04:04:54 Jan 06 2021,94,56,0,0,0
04:04:56 Jan 06 2021,94,57,0,0,0
04:04:58 Jan 06 2021,94,57,0,0,0
04:05:00 Jan 06 2021,95,59,1,0,0
04:05:02 Jan 06 2021,95,60,0,0,0
04:05:04 Jan 06 2021,95,62,2,0,0
04:05:06 Jan 06 2021,95,62,6,0,0
04:05:08 Jan 06 2021,95,62,1,0,0
04:05:10 Jan 06 2021,95,64,0,0,0
04:05:12 Jan 06 2021,95,64,8,0,0
04:05:14 Jan 06 2021,95,64,1,0,0
04:05:16 Jan 06 2021,95,64,0,0,0
04:05:18 Jan 06 2021,95,64,0,0,0
04:05:20 Jan 06 2021,96,66,0,0,0
04:05:22 Jan 06 2021,96,66,0,0,0
04:05:24 Jan 06 2021,96,66,0,0,0
04:05:26 Jan 06 2021,96,66,0,0,0
04:05:28 Jan 06 2021,96,66,0,0,0
04:05:30 Jan 06 2021,97,65,0,0,0
04:05:32 Jan 06 2021,97,65,1,0,0
04:05:34 Jan 06 2021,97,59,0,0,0
04:05:36 Jan 06 2021,97,52,0,0,0
04:05:38 Jan 06 2021,97,51,0,0,0
04:05:40 Jan 06 2021,97,46,0,0,0
04:05:42 Jan 06 2021,96,44,0,0,0
04:05:44 Jan 06 2021,96,45,0,0,0
04:05:46 Jan 06 2021,96,43,0,0,0
04:05:48 Jan 06 2021,96,42,0,0,0
04:05:50 Jan 06 2021,97,42,0,0,0
04:05:52 Jan 06 2021,97,42,0,0,0
04:05:54 Jan 06 2021,97,42,1,0,0
04:05:56 Jan 06 2021,97,42,0,0,0
04:05:58 Jan 06 2021,97,42,1,0,0
04:06:00 Jan 06 2021,97,42,0,0,0
04:06:02 Jan 06 2021,97,42,0,0,0
04:06:04 Jan 06 2021,97,43,0,0,0
04:06:06 Jan 06 2021,97,43,0,0,0
04:06:08 Jan 06 2021,97,45,0,0,0
04:06:10 Jan 06 2021,97,45,0,0,0
04:06:12 Jan 06 2021,97,44,0,0,0
04:06:14 Jan 06 2021,97,43,0,0,0
04:06:16 Jan 06 2021,97,40,0,0,0
04:06:18 Jan 06 2021,97,39,0,0,0
04:06:20 Jan 06 2021,97,39,0,0,0
04:06:22 Jan 06 2021,97,39,0,0,0
04:06:24 Jan 06 2021,96,40,0,0,0
04:06:26 Jan 06 2021,96,40,0,0,0
04:06:28 Jan 06 2021,96,40,0,0,0
04:06:30 Jan 06 2021,96,40,0,0,0
04:06:32 Jan 06 2021,96,40,0,0,0
04:06:34 Jan 06 2021,96,40,0,0,0
04:06:36 Jan 06 2021,96,39,0,0,0
04:06:38 Jan 06 2021,95,38,0,0,0
04:06:40 Jan 06 2021,96,38,0,0,0
04:06:42 Jan 06 2021,96,37,0,0,0
04:06:44 Jan 06 2021,96,41,0,0,0
04:06:46 Jan 06 2021,96,42,0,0,0
04:06:48 Jan 06 2021,96,43,0,0,0
04:06:50 Jan 06 2021,96,44,0,0,0
04:06:52 Jan 06 2021,96,43,0,0,0
04:06:54 Jan 06 2021,96,44,0,0,0
04:06:56 Jan 06 2021,96,48,0,0,0
04:06:58 Jan 06 2021,96,48,0,0,0
04:07:00 Jan 06 2021,96,54,1,0,0
04:07:02 Jan 06 2021,96,62,0,0,0
04:07:04 Jan 06 2021,97,68,1,0,0
04:07:06 Jan 06 2021,97,76,0,0,0
04:07:08 Jan 06 2021,97,75,1,0,0
04:07:10 Jan 06 2021,97,76,0,0,0
04:07:12 Jan 06 2021,97,75,0,0,0
04:07:14 Jan 06 2021,97,74,0,0,0
04:07:16 Jan 06 2021,97,74,0,0,0
04:07:18 Jan 06 2021,97,74,0,0,0
04:07:20 Jan 06 2021,97,73,0,0,0
04:07:22 Jan 06 2021,97,75,2,0,0
04:07:24 Jan 06 2021,97,78,1,0,0
04:07:26 Jan 06 2021,97,78,0,0,0
04:07:28 Jan 06 2021,96,78,0,0,0
04:07:30 Jan 06 2021,96,76,0,0,0
04:07:32 Jan 06 2021,96,76,0,0,0
04:07:34 Jan 06 2021,96,77,0,0,0
04:07:36 Jan 06 2021,96,80,0,0,0
04:07:38 Jan 06 2021,96,82,0,0,0
04:07:40 Jan 06 2021,96,82,0,0,0
04:07:42 Jan 06 2021,96,81,1,0,0
04:07:44 Jan 06 2021,96,79,0,0,0
04:07:46 Jan 06 2021,96,78,0,0,0
04:07:48 Jan 06 2021,96,79,0,0,0
04:07:50 Jan 06 2021,96,80,0,0,0
04:07:52 Jan 06 2021,96,81,0,0,0
04:07:54 Jan 06 2021,96,83,0,0,0
04:07:56 Jan 06 2021,96,83,0,0,0
04:07:58 Jan 06 2021,96,78,1,0,0
04:08:00 Jan 06 2021,96,79,1,0,0
04:08:02 Jan 06 2021,96,78,0,0,0
04:08:04 Jan 06 2021,96,70,0,0,0
04:08:06 Jan 06 2021,97,80,1,0,0
04:08:08 Jan 06 2021,97,79,0,0,0
04:08:10 Jan 06 2021,97,78,0,0,0
04:08:12 Jan 06 2021,97,80,0,0,0
04:08:14 Jan 06 2021,97,78,0,0,0
04:08:16 Jan 06 2021,97,78,0,0,0
04:08:18 Jan 06 2021,97,78,1,0,0
04:08:20 Jan 06 2021,97,77,0,0,0
04:08:22 Jan 06 2021,97,77,0,0,0
04:08:24 Jan 06 2021,97,77,0,0,0
04:08:26 Jan 06 2021,97,77,0,0,0
04:08:28 Jan 06 2021,97,76,0,0,0
04:08:30 Jan 06 2021,97,74,0,0,0
04:08:32 Jan 06 2021,97,73,0,0,0
04:08:34 Jan 06 2021,97,72,0,0,0
04:08:36 Jan 06 2021,97,72,0,0,0
04:08:38 Jan 06 2021,97,75,0,0,0
04:08:40 Jan 06 2021,97,75,0,0,0
04:08:42 Jan 06 2021,97,77,0,0,0
04:08:44 Jan 06 2021,97,78,0,0,0
04:08:46 Jan 06 2021,97,80,0,0,0
04:08:48 Jan 06 2021,97,80,0,0,0
04:08:50 Jan 06 2021,97,80,1,0,0
04:08:52 Jan 06 2021,96,79,0,0,0
04:08:54 Jan 06 2021,96,79,0,0,0
04:08:56 Jan 06 2021,95,80,1,0,0
04:08:58 Jan 06 2021,95,83,0,0,0
04:09:00 Jan 06 2021,96,84,0,0,0
04:09:02 Jan 06 2021,96,85,0,0,0
04:09:04 Jan 06 2021,96,85,0,0,0
04:09:06 Jan 06 2021,96,84,0,0,0
04:09:08 Jan 06 2021,96,85,0,0,0
04:09:10 Jan 06 2021,97,86,0,0,0
04:09:12 Jan 06 2021,97,86,0,0,0
04:09:14 Jan 06 2021,97,86,0,0,0
04:09:16 Jan 06 2021,98,85,0,0,0
04:09:18 Jan 06 2021,98,82,0,0,0
04:09:20 Jan 06 2021,98,81,0,0,0
04:09:22 Jan 06 2021,98,80,0,0,0
04:09:24 Jan 06 2021,98,82,0,0,0
04:09:26 Jan 06 2021,98,82,0,0,0
04:09:28 Jan 06 2021,98,80,0,0,0
04:09:30 Jan 06 2021,97,77,0,0,0
04:09:32 Jan 06 2021,97,74,1,0,0
04:09:34 Jan 06 2021,97,73,0,0,0
04:09:36 Jan 06 2021,97,73,0,0,0
04:09:38 Jan 06 2021,97,73,0,0,0
04:09:40 Jan 06 2021,97,73,0,0,0
04:09:42 Jan 06 2021,97,73,0,0,0
04:09:44 Jan 06 2021,97,73,0,0,0
04:09:46 Jan 06 2021,97,75,0,0,0
04:09:48 Jan 06 2021,97,77,0,0,0
04:09:50 Jan 06 2021,97,82,0,0,0
04:09:52 Jan 06 2021,97,80,0,0,0
04:09:54 Jan 06 2021,96,77,0,0,0
04:09:56 Jan 06 2021,96,79,0,0,0
04:09:58 Jan 06 2021,96,74,0,0,0
04:10:00 Jan 06 2021,96,75,0,0,0
04:10:02 Jan 06 2021,96,76,0,0,0
04:10:04 Jan 06 2021,97,77,0,0,0
04:10:06 Jan 06 2021,96,78,0,0,0
04:10:08 Jan 06 2021,96,75,0,0,0
04:10:10 Jan 06 2021,96,75,0,0,0
04:10:12 Jan 06 2021,96,73,0,0,0
04:10:14 Jan 06 2021,97,76,0,0,0
04:10:16 Jan 06 2021,97,76,0,0,0
04:10:18 Jan 06 2021,97,75,0,0,0
04:10:20 Jan 06 2021,97,75,0,0,0
04:10:22 Jan 06 2021,97,70,0,0,0
04:10:24 Jan 06 2021,97,70,0,0,0
04:10:26 Jan 06 2021,97,73,0,0,0
04:10:28 Jan 06 2021,97,73,0,0,0
04:10:30 Jan 06 2021,97,74,0,0,0
04:10:32 Jan 06 2021,98,74,0,0,0
04:10:34 Jan 06 2021,98,74,0,0,0
04:10:36 Jan 06 2021,98,74,0,0,0
04:10:38 Jan 06 2021,98,74,0,0,0
04:10:40 Jan 06 2021,98,73,0,0,0
04:10:42 Jan 06 2021,98,73,0,0,0
04:10:44 Jan 06 2021,97,72,0,0,0
04:10:46 Jan 06 2021,97,72,0,0,0
04:10:48 Jan 06 2021,97,73,0,0,0
04:10:50 Jan 06 2021,97,73,0,0,0
04:10:52 Jan 06 2021,97,74,0,0,0
04:10:54 Jan 06 2021,97,75,1,0,0
04:10:56 Jan 06 2021,97,76,0,0,0
04:10:58 Jan 06 2021,97,75,0,0,0
04:11:00 Jan 06 2021,97,74,0,0,0
04:11:02 Jan 06 2021,97,74,0,0,0
04:11:04 Jan 06 2021,97,73,0,0,0
04:11:06 Jan 06 2021,97,75,0,0,0
04:11:08 Jan 06 2021,96,77,0,0,0
04:11:10 Jan 06 2021,96,76,0,0,0
04:11:12 Jan 06 2021,96,76,0,0,0
04:11:14 Jan 06 2021,96,74,0,0,0
04:11:16 Jan 06 2021,96,73,0,0,0
04:11:18 Jan 06 2021,96,74,0,0,0
04:11:20 Jan 06 2021,96,74,1,0,0
04:11:22 Jan 06 2021,96,74,1,0,0
04:11:24 Jan 06 2021,95,73,0,0,0
04:11:26 Jan 06 2021,95,77,0,0,0
04:11:28 Jan 06 2021,95,76,0,0,0
04:11:30 Jan 06 2021,96,78,0,0,0
04:11:32 Jan 06 2021,96,79,0,0,0
04:11:34 Jan 06 2021,97,78,0,0,0
04:11:36 Jan 06 2021,97,80,0,0,0
04:11:38 Jan 06 2021,97,82,0,0,0
04:11:40 Jan 06 2021,97,82,0,0,0
04:11:42 Jan 06 2021,98,83,0,0,0
04:11:44 Jan 06 2021,98,83,0,0,0
04:11:46 Jan 06 2021,98,83,0,0,0
04:11:48 Jan 06 2021,98,84,1,0,0
04:11:50 Jan 06 2021,98,85,0,0,0
04:11:52 Jan 06 2021,98,86,0,0,0
04:11:54 Jan 06 2021,98,80,0,0,0
04:11:56 Jan 06 2021,98,77,0,0,0
04:11:58 Jan 06 2021,98,71,0,0,0
04:12:00 Jan 06 2021,97,72,0,0,0
04:12:02 Jan 06 2021,97,70,0,0,0
04:12:04 Jan 06 2021,97,68,0,0,0
04:12:06 Jan 06 2021,97,67,0,0,0
04:12:08 Jan 06 2021,97,68,0,0,0
04:12:10 Jan 06 2021,97,73,0,0,0
04:12:12 Jan 06 2021,97,74,0,0,0
04:12:14 Jan 06 2021,97,76,0,0,0
04:12:16 Jan 06 2021,97,74,0,0,0
04:12:18 Jan 06 2021,97,75,0,0,0
04:12:20 Jan 06 2021,97,75,0,0,0
04:12:22 Jan 06 2021,97,77,0,0,0
04:12:24 Jan 06 2021,97,77,0,0,0
04:12:26 Jan 06 2021,97,76,0,0,0
04:12:28 Jan 06 2021,96,76,0,0,0
04:12:30 Jan 06 2021,96,75,0,0,0
04:12:32 Jan 06 2021,96,74,0,0,0
04:12:34 Jan 06 2021,96,73,0,0,0
04:12:36 Jan 06 2021,96,72,0,0,0
04:12:38 Jan 06 2021,96,73,0,0,0
04:12:40 Jan 06 2021,96,73,0,0,0
04:12:42 Jan 06 2021,96,73,1,0,0
04:12:44 Jan 06 2021,97,70,1,0,0
04:12:46 Jan 06 2021,97,68,0,0,0
04:12:48 Jan 06 2021,98,67,0,0,0
04:12:50 Jan 06 2021,98,66,0,0,0
04:12:52 Jan 06 2021,98,66,0,0,0
04:12:54 Jan 06 2021,98,67,1,0,0
04:12:56 Jan 06 2021,98,65,0,0,0
04:12:58 Jan 06 2021,98,65,0,0,0
04:13:00 Jan 06 2021,98,66,0,0,0
04:13:02 Jan 06 2021,98,67,0,0,0
04:13:04 Jan 06 2021,98,67,0,0,0
04:13:06 Jan 06 2021,98,67,0,0,0
04:13:08 Jan 06 2021,98,65,0,0,0
04:13:10 Jan 06 2021,98,65,0,0,0
04:13:12 Jan 06 2021,98,65,0,0,0
04:13:14 Jan 06 2021,98,66,0,0,0
04:13:16 Jan 06 2021,98,66,1,0,0
04:13:18 Jan 06 2021,98,66,0,0,0
04:13:20 Jan 06 2021,98,66,0,0,0
04:13:22 Jan 06 2021,98,66,0,0,0
04:13:24 Jan 06 2021,98,66,0,0,0
04:13:26 Jan 06 2021,98,66,0,0,0
04:13:28 Jan 06 2021,98,66,1,0,0
04:13:30 Jan 06 2021,98,66,1,0,0
04:13:32 Jan 06 2021,98,66,0,0,0
04:13:34 Jan 06 2021,97,62,0,0,0
04:13:36 Jan 06 2021,97,64,0,0,0
04:13:38 Jan 06 2021,96,63,0,0,0
04:13:40 Jan 06 2021,97,66,0,0,0
04:13:42 Jan 06 2021,97,66,0,0,0
04:13:44 Jan 06 2021,97,67,0,0,0
04:13:46 Jan 06 2021,97,69,1,0,0
04:13:48 Jan 06 2021,97,72,0,0,0
04:13:50 Jan 06 2021,97,73,0,0,0
04:13:52 Jan 06 2021,97,74,0,0,0
04:13:54 Jan 06 2021,97,74,0,0,0
04:13:56 Jan 06 2021,97,71,1,0,0
04:13:58 Jan 06 2021,97,71,0,0,0
04:14:00 Jan 06 2021,97,72,0,0,0
04:14:02 Jan 06 2021,97,72,0,0,0
04:14:04 Jan 06 2021,97,71,0,0,0
04:14:06 Jan 06 2021,98,72,0,0,0
04:14:08 Jan 06 2021,98,71,0,0,0
04:14:10 Jan 06 2021,98,69,0,0,0
04:14:12 Jan 06 2021,98,65,0,0,0
04:14:14 Jan 06 2021,98,62,0,0,0
04:14:16 Jan 06 2021,98,63,0,0,0
04:14:18 Jan 06 2021,98,64,1,0,0
04:14:20 Jan 06 2021,98,68,0,0,0
04:14:22 Jan 06 2021,98,69,0,0,0
04:14:24 Jan 06 2021,98,68,0,0,0
04:14:26 Jan 06 2021,98,68,0,0,0
04:14:28 Jan 06 2021,97,66,0,0,0
04:14:30 Jan 06 2021,97,64,0,0,0
04:14:32 Jan 06 2021,97,63,0,0,0
04:14:34 Jan 06 2021,97,68,0,0,0
04:14:36 Jan 06 2021,97,68,0,0,0
04:14:38 Jan 06 2021,97,69,1,0,0
04:14:40 Jan 06 2021,97,69,1,0,0
04:14:42 Jan 06 2021,97,69,0,0,0
04:14:44 Jan 06 2021,97,70,0,0,0
04:14:46 Jan 06 2021,97,72,0,0,0
04:14:48 Jan 06 2021,97,73,0,0,0
04:14:50 Jan 06 2021,96,75,0,0,0
04:14:52 Jan 06 2021,96,77,0,0,0
04:14:54 Jan 06 2021,96,79,0,0,0
04:14:56 Jan 06 2021,95,81,0,0,0
04:14:58 Jan 06 2021,96,83,0,0,0
04:15:00 Jan 06 2021,96,83,0,0,0
04:15:02 Jan 06 2021,96,83,0,0,0
04:15:04 Jan 06 2021,96,83,0,0,0
04:15:06 Jan 06 2021,96,82,0,0,0
04:15:08 Jan 06 2021,96,83,0,0,0
04:15:10 Jan 06 2021,96,85,0,0,0
04:15:12 Jan 06 2021,96,84,0,0,0
04:15:14 Jan 06 2021,97,80,0,0,0
04:15:16 Jan 06 2021,97,81,0,0,0
04:15:18 Jan 06 2021,97,79,0,0,0
04:15:20 Jan 06 2021,98,81,0,0,0
04:15:22 Jan 06 2021,97,83,0,0,0
04:15:24 Jan 06 2021,98,82,0,0,0
04:15:26 Jan 06 2021,98,84,0,0,0
04:15:28 Jan 06 2021,98,84,0,0,0
04:15:30 Jan 06 2021,98,84,0,0,0
04:15:32 Jan 06 2021,98,83,0,0,0
04:15:34 Jan 06 2021,98,83,0,0,0
04:15:36 Jan 06 2021,98,85,0,0,0
04:15:38 Jan 06 2021,98,87,0,0,0
04:15:40 Jan 06 2021,98,88,0,0,0
04:15:42 Jan 06 2021,98,87,0,0,0
04:15:44 Jan 06 2021,98,84,0,0,0
04:15:46 Jan 06 2021,97,82,0,0,0
04:15:48 Jan 06 2021,97,82,0,0,0
04:15:50 Jan 06 2021,97,82,0,0,0
04:15:52 Jan 06 2021,97,83,0,0,0
04:15:54 Jan 06 2021,97,82,0,0,0
04:15:56 Jan 06 2021,97,79,0,0,0
04:15:58 Jan 06 2021,97,78,0,0,0
04:16:00 Jan 06 2021,97,79,0,0,0
04:16:02 Jan 06 2021,97,78,0,0,0
04:16:04 Jan 06 2021,96,79,0,0,0
04:16:06 Jan 06 2021,96,77,7,0,0
04:16:08 Jan 06 2021,96,77,0,0,0
04:16:10 Jan 06 2021,96,79,0,0,0
04:16:12 Jan 06 2021,96,79,3,0,0
04:16:14 Jan 06 2021,96,79,0,0,0
04:16:16 Jan 06 2021,96,79,0,0,0
04:16:18 Jan 06 2021,96,79,0,0,0
04:16:20 Jan 06 2021,96,79,0,0,0
04:16:22 Jan 06 2021,96,79,0,0,0
04:16:24 Jan 06 2021,96,79,0,0,0
04:16:26 Jan 06 2021,96,79,0,0,0
04:16:28 Jan 06 2021,96,67,0,0,0
04:16:30 Jan 06 2021,96,63,0,0,0
04:16:32 Jan 06 2021,96,54,0,0,0
04:16:34 Jan 06 2021,96,54,0,0,0
04:16:36 Jan 06 2021,96,57,0,0,0
04:16:38 Jan 06 2021,96,55,0,0,0
04:16:40 Jan 06 2021,96,55,0,0,0
04:16:42 Jan 06 2021,96,51,0,0,0
04:16:44 Jan 06 2021,96,50,0,0,0
04:16:46 Jan 06 2021,97,44,0,0,0
04:16:48 Jan 06 2021,97,44,0,0,0
04:16:50 Jan 06 2021,97,43,0,0,0
04:16:52 Jan 06 2021,97,42,0,0,0
04:16:54 Jan 06 2021,97,48,0,0,0
04:16:56 Jan 06 2021,97,49,0,0,0
04:16:58 Jan 06 2021,97,51,0,0,0
04:17:00 Jan 06 2021,97,55,0,0,0
04:17:02 Jan 06 2021,97,54,0,0,0
04:17:04 Jan 06 2021,97,56,1,0,0
04:17:06 Jan 06 2021,97,55,0,0,0
04:17:08 Jan 06 2021,96,50,0,0,0
04:17:10 Jan 06 2021,96,47,0,0,0
04:17:12 Jan 06 2021,96,43,1,0,0
04:17:14 Jan 06 2021,96,44,0,0,0
04:17:16 Jan 06 2021,96,44,0,0,0
04:17:18 Jan 06 2021,96,44,0,0,0
04:17:20 Jan 06 2021,96,44,0,0,0
04:17:22 Jan 06 2021,96,43,0,0,0
04:17:24 Jan 06 2021,95,43,0,0,0
04:17:26 Jan 06 2021,95,42,0,0,0
04:17:28 Jan 06 2021,95,42,0,0,0
04:17:30 Jan 06 2021,95,42,0,0,0
04:17:32 Jan 06 2021,95,41,0,0,0
04:17:34 Jan 06 2021,94,40,0,0,0
04:17:36 Jan 06 2021,93,40,0,0,0
04:17:38 Jan 06 2021,93,39,0,0,0
04:17:40 Jan 06 2021,93,38,0,0,0
04:17:42 Jan 06 2021,93,38,0,0,0
04:17:44 Jan 06 2021,93,38,0,0,0
04:17:46 Jan 06 2021,93,38,0,0,0
04:17:48 Jan 06 2021,93,38,0,0,0
04:17:50 Jan 06 2021,93,38,0,0,0
04:17:52 Jan 06 2021,93,38,1,0,0
04:17:54 Jan 06 2021,94,38,0,0,0
04:17:56 Jan 06 2021,96,38,0,0,0
04:17:58 Jan 06 2021,97,38,0,0,0
04:18:00 Jan 06 2021,97,38,1,0,0
04:18:02 Jan 06 2021,97,38,0,0,0
04:18:04 Jan 06 2021,97,38,0,0,0
04:18:06 Jan 06 2021,97,38,0,0,0
04:18:08 Jan 06 2021,97,38,0,0,0
04:18:10 Jan 06 2021,97,38,0,0,0
04:18:12 Jan 06 2021,97,38,0,0,0
04:18:14 Jan 06 2021,97,38,0,0,0
04:18:16 Jan 06 2021,97,38,0,0,0
04:18:18 Jan 06 2021,97,38,0,0,0
04:18:20 Jan 06 2021,97,38,0,0,0
04:18:22 Jan 06 2021,97,38,1,0,0
04:18:24 Jan 06 2021,97,38,0,0,0
04:18:26 Jan 06 2021,97,38,0,0,0
04:18:28 Jan 06 2021,97,38,0,0,0
04:18:30 Jan 06 2021,97,38,0,0,0
04:18:32 Jan 06 2021,97,38,1,0,0
04:18:34 Jan 06 2021,97,38,0,0,0
04:18:36 Jan 06 2021,97,38,1,0,0
04:18:38 Jan 06 2021,96,38,0,0,0
04:18:40 Jan 06 2021,96,38,0,0,0
04:18:42 Jan 06 2021,96,38,1,0,0
04:18:44 Jan 06 2021,96,39,2,0,0
04:18:46 Jan 06 2021,96,39,0,0,0
04:18:48 Jan 06 2021,96,39,0,0,0
04:18:50 Jan 06 2021,95,44,0,0,0
04:18:52 Jan 06 2021,96,45,0,0,0
04:18:54 Jan 06 2021,96,42,0,0,0
04:18:56 Jan 06 2021,96,43,0,0,0
04:18:58 Jan 06 2021,96,44,0,0,0
04:19:00 Jan 06 2021,96,44,0,0,0
04:19:02 Jan 06 2021,96,44,0,0,0
04:19:04 Jan 06 2021,96,44,0,0,0
04:19:06 Jan 06 2021,96,44,0,0,0
04:19:08 Jan 06 2021,96,44,0,0,0
04:19:10 Jan 06 2021,96,44,0,0,0
04:19:12 Jan 06 2021,96,44,0,0,0
04:19:14 Jan 06 2021,96,44,0,0,0
04:19:16 Jan 06 2021,97,43,0,0,0
04:19:18 Jan 06 2021,97,41,0,0,0
04:19:20 Jan 06 2021,97,39,0,0,0
04:19:22 Jan 06 2021,97,38,0,0,0
04:19:24 Jan 06 2021,97,37,0,0,0
04:19:26 Jan 06 2021,97,37,0,0,0
04:19:28 Jan 06 2021,97,37,0,0,0
04:19:30 Jan 06 2021,97,42,0,0,0
04:19:32 Jan 06 2021,97,49,0,0,0
04:19:34 Jan 06 2021,97,51,0,0,0
04:19:36 Jan 06 2021,96,53,0,0,0
04:19:38 Jan 06 2021,96,49,0,0,0
04:19:40 Jan 06 2021,95,49,0,0,0
04:19:42 Jan 06 2021,95,50,0,0,0
04:19:44 Jan 06 2021,95,51,0,0,0
04:19:46 Jan 06 2021,95,50,0,0,0
04:19:48 Jan 06 2021,95,50,0,0,0
04:19:50 Jan 06 2021,95,48,0,0,0
04:19:52 Jan 06 2021,95,47,0,0,0
04:19:54 Jan 06 2021,94,47,8,0,0
04:19:56 Jan 06 2021,95,48,7,0,0
04:19:58 Jan 06 2021,95,48,0,0,0
04:20:00 Jan 06 2021,95,48,0,0,0
04:20:02 Jan 06 2021,95,48,0,0,0
04:20:04 Jan 06 2021,95,48,0,0,0
04:20:06 Jan 06 2021,95,48,0,0,0
04:20:08 Jan 06 2021,95,48,0,0,0
04:20:10 Jan 06 2021,95,49,0,0,0
04:20:12 Jan 06 2021,94,59,0,0,0
04:20:14 Jan 06 2021,94,63,0,0,0
04:20:16 Jan 06 2021,94,66,0,0,0
04:20:18 Jan 06 2021,94,72,0,0,0
04:20:20 Jan 06 2021,96,70,0,0,0
04:20:22 Jan 06 2021,96,75,0,0,0
04:20:24 Jan 06 2021,97,77,1,0,0
04:20:26 Jan 06 2021,97,77,0,0,0
04:20:28 Jan 06 2021,97,76,0,0,0
04:20:30 Jan 06 2021,97,76,0,0,0
04:20:32 Jan 06 2021,97,76,1,0,0
04:20:34 Jan 06 2021,97,76,0,0,0
04:20:36 Jan 06 2021,97,75,0,0,0
04:20:38 Jan 06 2021,97,74,0,0,0
04:20:40 Jan 06 2021,97,75,0,0,0
04:20:42 Jan 06 2021,97,76,0,0,0
04:20:44 Jan 06 2021,97,78,0,0,0
04:20:46 Jan 06 2021,97,79,0,0,0
04:20:48 Jan 06 2021,97,79,0,0,0
04:20:50 Jan 06 2021,97,79,0,0,0
04:20:52 Jan 06 2021,97,79,0,0,0
04:20:54 Jan 06 2021,96,71,0,0,0
04:20:56 Jan 06 2021,96,62,1,0,0
04:20:58 Jan 06 2021,96,56,0,0,0
04:21:00 Jan 06 2021,96,47,0,0,0
04:21:02 Jan 06 2021,96,50,0,0,0
04:21:04 Jan 06 2021,96,50,0,0,0
04:21:06 Jan 06 2021,95,47,0,0,0
04:21:08 Jan 06 2021,95,44,0,0,0
04:21:10 Jan 06 2021,95,43,0,0,0
04:21:12 Jan 06 2021,95,39,0,0,0
04:21:14 Jan 06 2021,95,38,0,0,0
04:21:16 Jan 06 2021,95,38,0,0,0
04:21:18 Jan 06 2021,94,39,0,0,0
04:21:20 Jan 06 2021,94,40,0,0,0
04:21:22 Jan 06 2021,94,39,0,0,0
04:21:24 Jan 06 2021,93,38,1,0,0
04:21:26 Jan 06 2021,93,38,0,0,0
04:21:28 Jan 06 2021,93,37,1,0,0
04:21:30 Jan 06 2021,92,37,0,0,0
04:21:32 Jan 06 2021,92,37,0,0,0
04:21:34 Jan 06 2021,92,37,0,0,0
04:21:36 Jan 06 2021,92,39,0,0,0
04:21:38 Jan 06 2021,92,39,1,0,0
04:21:40 Jan 06 2021,93,38,0,0,0
04:21:42 Jan 06 2021,94,36,0,0,0
04:21:44 Jan 06 2021,94,35,0,0,0
04:21:46 Jan 06 2021,95,35,0,0,0
04:21:48 Jan 06 2021,95,34,0,0,0
04:21:50 Jan 06 2021,95,34,0,0,0
04:21:52 Jan 06 2021,95,34,0,0,0
04:21:54 Jan 06 2021,96,34,0,0,0
04:21:56 Jan 06 2021,96,35,0,0,0
04:21:58 Jan 06 2021,96,36,0,0,0
04:22:00 Jan 06 2021,96,37,0,0,0
04:22:02 Jan 06 2021,96,37,0,0,0
04:22:04 Jan 06 2021,96,37,0,0,0
04:22:06 Jan 06 2021,96,37,0,0,0
04:22:08 Jan 06 2021,96,37,0,0,0
04:22:10 Jan 06 2021,96,37,0,0,0
04:22:12 Jan 06 2021,96,37,0,0,0
04:22:14 Jan 06 2021,96,38,0,0,0
04:22:16 Jan 06 2021,96,38,0,0,0
04:22:18 Jan 06 2021,96,38,0,0,0
04:22:20 Jan 06 2021,96,38,0,0,0
04:22:22 Jan 06 2021,96,38,0,0,0
04:22:24 Jan 06 2021,96,38,0,0,0
04:22:26 Jan 06 2021,96,38,0,0,0
04:22:28 Jan 06 2021,96,44,0,0,0
04:22:30 Jan 06 2021,96,53,0,0,0
04:22:32 Jan 06 2021,96,64,0,0,0
04:22:34 Jan 06 2021,95,70,0,0,0
04:22:36 Jan 06 2021,95,72,0,0,0
04:22:38 Jan 06 2021,95,72,0,0,0
04:22:40 Jan 06 2021,94,72,0,0,0
04:22:42 Jan 06 2021,94,72,1,0,0
04:22:44 Jan 06 2021,94,72,0,0,0
04:22:46 Jan 06 2021,94,71,0,0,0
04:22:48 Jan 06 2021,94,71,0,0,0
04:22:50 Jan 06 2021,94,70,0,0,0
04:22:52 Jan 06 2021,93,65,0,0,0
04:22:54 Jan 06 2021,93,66,0,0,0
04:22:56 Jan 06 2021,92,61,0,0,0
04:22:58 Jan 06 2021,91,67,0,0,0
04:23:00 Jan 06 2021,92,71,0,0,0
04:23:02 Jan 06 2021,92,69,0,0,0
04:23:04 Jan 06 2021,93,72,0,0,0
04:23:06 Jan 06 2021,95,72,0,0,0
04:23:08 Jan 06 2021,96,72,0,0,0
04:23:10 Jan 06 2021,96,73,0,0,0
04:23:12 Jan 06 2021,96,73,0,0,0
04:23:14 Jan 06 2021,96,75,0,0,0
04:23:16 Jan 06 2021,97,76,0,0,0
04:23:18 Jan 06 2021,97,74,0,0,0
04:23:20 Jan 06 2021,97,74,0,0,0
04:23:22 Jan 06 2021,97,71,0,0,0
04:23:24 Jan 06 2021,97,70,0,0,0
04:23:26 Jan 06 2021,97,72,0,0,0
04:23:28 Jan 06 2021,97,71,0,0,0
04:23:30 Jan 06 2021,97,71,0,0,0
04:23:32 Jan 06 2021,97,70,0,0,0
04:23:34 Jan 06 2021,97,66,0,0,0
04:23:36 Jan 06 2021,97,67,0,0,0
04:23:38 Jan 06 2021,97,66,0,0,0
04:23:40 Jan 06 2021,97,68,0,0,0
04:23:42 Jan 06 2021,97,66,0,0,0
04:23:44 Jan 06 2021,97,66,0,0,0
04:23:46 Jan 06 2021,96,68,0,0,0
04:23:48 Jan 06 2021,96,72,0,0,0
04:23:50 Jan 06 2021,96,75,0,0,0
04:23:52 Jan 06 2021,95,77,0,0,0
04:23:54 Jan 06 2021,95,78,0,0,0
04:23:56 Jan 06 2021,95,77,0,0,0
04:23:58 Jan 06 2021,95,77,0,0,0
04:24:00 Jan 06 2021,95,77,0,0,0
04:24:02 Jan 06 2021,95,74,0,0,0
04:24:04 Jan 06 2021,95,75,0,0,0
04:24:06 Jan 06 2021,94,75,0,0,0
04:24:08 Jan 06 2021,93,72,0,0,0
04:24:10 Jan 06 2021,93,72,0,0,0
04:24:12 Jan 06 2021,93,73,0,0,0
04:24:14 Jan 06 2021,93,72,0,0,0
04:24:16 Jan 06 2021,93,73,0,0,0
04:24:18 Jan 06 2021,93,71,0,0,0
04:24:20 Jan 06 2021,93,70,0,0,0
04:24:22 Jan 06 2021,94,70,0,0,0
04:24:24 Jan 06 2021,95,76,0,0,0
04:24:26 Jan 06 2021,96,74,0,0,0
04:24:28 Jan 06 2021,96,74,0,0,0
04:24:30 Jan 06 2021,97,72,0,0,0
04:24:32 Jan 06 2021,97,72,0,0,0
04:24:34 Jan 06 2021,97,74,0,0,0
04:24:36 Jan 06 2021,97,74,0,0,0
04:24:38 Jan 06 2021,97,73,0,0,0
04:24:40 Jan 06 2021,97,73,0,0,0
04:24:42 Jan 06 2021,97,73,1,0,0
04:24:44 Jan 06 2021,97,73,1,0,0
04:24:46 Jan 06 2021,97,74,0,0,0
04:24:48 Jan 06 2021,97,74,0,0,0
04:24:50 Jan 06 2021,97,74,0,0,0
04:24:52 Jan 06 2021,96,76,0,0,0
04:24:54 Jan 06 2021,96,77,0,0,0
04:24:56 Jan 06 2021,94,78,0,0,0
04:24:58 Jan 06 2021,94,78,0,0,0
04:25:00 Jan 06 2021,94,77,0,0,0
04:25:02 Jan 06 2021,93,77,0,0,0
04:25:04 Jan 06 2021,93,77,0,0,0
04:25:06 Jan 06 2021,93,77,0,0,0
04:25:08 Jan 06 2021,93,78,0,0,0
04:25:10 Jan 06 2021,93,78,0,0,0
04:25:12 Jan 06 2021,93,79,0,0,0
04:25:14 Jan 06 2021,93,80,0,0,0
04:25:16 Jan 06 2021,93,80,0,0,0
04:25:18 Jan 06 2021,93,80,0,0,0
04:25:20 Jan 06 2021,93,80,0,0,0
04:25:22 Jan 06 2021,93,80,0,0,0
04:25:24 Jan 06 2021,93,80,0,0,0
04:25:26 Jan 06 2021,93,78,0,0,0
04:25:28 Jan 06 2021,93,77,0,0,0
04:25:30 Jan 06 2021,92,78,0,0,0
04:25:32 Jan 06 2021,93,78,0,0,0
04:25:34 Jan 06 2021,93,80,0,0,0
04:25:36 Jan 06 2021,94,79,0,0,0
04:25:38 Jan 06 2021,95,79,0,0,0
04:25:40 Jan 06 2021,95,79,0,0,0
04:25:42 Jan 06 2021,95,77,0,0,0
04:25:44 Jan 06 2021,96,76,0,0,0
04:25:46 Jan 06 2021,96,74,0,0,0
04:25:48 Jan 06 2021,97,75,0,0,0
04:25:50 Jan 06 2021,97,74,0,0,0
04:25:52 Jan 06 2021,97,74,0,0,0
04:25:54 Jan 06 2021,98,74,0,0,0
04:25:56 Jan 06 2021,98,74,0,0,0
04:25:58 Jan 06 2021,98,72,0,0,0
04:26:00 Jan 06 2021,98,71,0,0,0
04:26:02 Jan 06 2021,98,70,0,0,0
04:26:04 Jan 06 2021,98,71,0,0,0
04:26:06 Jan 06 2021,98,71,0,0,0
04:26:08 Jan 06 2021,98,72,0,0,0
04:26:10 Jan 06 2021,97,72,0,0,0
04:26:12 Jan 06 2021,97,72,1,0,0
04:26:14 Jan 06 2021,96,72,0,0,0
04:26:16 Jan 06 2021,96,71,0,0,0
04:26:18 Jan 06 2021,96,72,0,0,0
04:26:20 Jan 06 2021,96,71,0,0,0
04:26:22 Jan 06 2021,96,71,1,0,0
04:26:24 Jan 06 2021,96,70,6,0,0
04:26:26 Jan 06 2021,96,70,13,0,0
04:26:28 Jan 06 2021,96,70,0,0,0
04:26:30 Jan 06 2021,96,70,0,0,0
04:26:32 Jan 06 2021,96,71,0,0,0
04:26:34 Jan 06 2021,96,73,0,0,0
04:26:36 Jan 06 2021,96,73,0,0,0
04:26:38 Jan 06 2021,96,74,0,0,0
04:26:40 Jan 06 2021,96,75,0,0,0
04:26:42 Jan 06 2021,96,74,0,0,0
04:26:44 Jan 06 2021,96,75,0,0,0
04:26:46 Jan 06 2021,94,75,0,0,0
04:26:48 Jan 06 2021,93,74,0,0,0
04:26:50 Jan 06 2021,92,74,0,0,0
04:26:52 Jan 06 2021,93,76,0,0,0
04:26:54 Jan 06 2021,94,76,0,0,0
04:26:56 Jan 06 2021,95,77,0,0,0
04:26:58 Jan 06 2021,96,77,0,0,0
04:27:00 Jan 06 2021,96,75,0,0,0
04:27:02 Jan 06 2021,96,75,0,0,0
04:27:04 Jan 06 2021,96,76,0,0,0
04:27:06 Jan 06 2021,96,76,0,0,0
04:27:08 Jan 06 2021,96,76,0,0,0
04:27:10 Jan 06 2021,96,74,0,0,0
04:27:12 Jan 06 2021,97,73,0,0,0
04:27:14 Jan 06 2021,97,72,0,0,0
04:27:16 Jan 06 2021,97,72,0,0,0
04:27:18 Jan 06 2021,97,73,0,0,0
04:27:20 Jan 06 2021,97,73,0,0,0
04:27:22 Jan 06 2021,97,70,0,0,0
04:27:24 Jan 06 2021,97,62,0,0,0
04:27:26 Jan 06 2021,97,54,0,0,0
04:27:28 Jan 06 2021,97,50,0,0,0
04:27:30 Jan 06 2021,97,50,0,0,0
04:27:32 Jan 06 2021,97,46,3,0,0
04:27:34 Jan 06 2021,97,45,0,0,0
04:27:36 Jan 06 2021,97,43,0,0,0
04:27:38 Jan 06 2021,97,43,0,0,0
04:27:40 Jan 06 2021,97,45,0,0,0
04:27:42 Jan 06 2021,97,47,0,0,0
04:27:44 Jan 06 2021,96,47,0,0,0
04:27:46 Jan 06 2021,96,48,1,0,0
04:27:48 Jan 06 2021,96,50,0,0,0
04:27:50 Jan 06 2021,95,48,0,0,0
04:27:52 Jan 06 2021,96,49,0,0,0
04:27:54 Jan 06 2021,95,49,0,0,0
04:27:56 Jan 06 2021,96,48,0,0,0
04:27:58 Jan 06 2021,97,50,0,0,0
04:28:00 Jan 06 2021,96,54,0,0,0
04:28:02 Jan 06 2021,97,56,0,0,0
04:28:04 Jan 06 2021,96,57,0,0,0
04:28:06 Jan 06 2021,95,55,0,0,0
04:28:08 Jan 06 2021,95,56,0,0,0
04:28:10 Jan 06 2021,94,57,0,0,0
04:28:12 Jan 06 2021,94,59,0,0,0
04:28:14 Jan 06 2021,94,60,0,0,0
04:28:16 Jan 06 2021,94,61,0,0,0
04:28:18 Jan 06 2021,94,63,0,0,0
04:28:20 Jan 06 2021,94,64,0,0,0
04:28:22 Jan 06 2021,94,67,0,0,0
04:28:24 Jan 06 2021,95,67,0,0,0
04:28:26 Jan 06 2021,95,66,0,0,0
04:28:28 Jan 06 2021,96,66,0,0,0
04:28:30 Jan 06 2021,96,66,0,0,0
04:28:32 Jan 06 2021,96,63,0,0,0
04:28:34 Jan 06 2021,96,62,0,0,0
04:28:36 Jan 06 2021,96,63,0,0,0
04:28:38 Jan 06 2021,96,62,0,0,0
04:28:40 Jan 06 2021,96,61,0,0,0
04:28:42 Jan 06 2021,96,60,0,0,0
04:28:44 Jan 06 2021,96,58,0,0,0
04:28:46 Jan 06 2021,96,58,0,0,0
04:28:48 Jan 06 2021,96,62,0,0,0
04:28:50 Jan 06 2021,96,62,0,0,0
04:28:52 Jan 06 2021,96,64,0,0,0
04:28:54 Jan 06 2021,96,62,0,0,0
04:28:56 Jan 06 2021,96,62,0,0,0
04:28:58 Jan 06 2021,96,63,0,0,0
04:29:00 Jan 06 2021,96,63,0,0,0
04:29:02 Jan 06 2021,96,64,0,0,0
04:29:04 Jan 06 2021,96,64,0,0,0
04:29:06 Jan 06 2021,96,64,0,0,0
04:29:08 Jan 06 2021,96,65,0,0,0
04:29:10 Jan 06 2021,96,65,0,0,0
04:29:12 Jan 06 2021,96,65,0,0,0
04:29:14 Jan 06 2021,96,64,0,0,0
04:29:16 Jan 06 2021,95,65,0,0,0
04:29:18 Jan 06 2021,94,64,1,0,0
04:29:20 Jan 06 2021,94,64,0,0,0
04:29:22 Jan 06 2021,95,65,0,0,0
04:29:24 Jan 06 2021,95,65,0,0,0
04:29:26 Jan 06 2021,95,65,0,0,0
04:29:28 Jan 06 2021,94,66,0,0,0
04:29:30 Jan 06 2021,94,67,0,0,0
04:29:32 Jan 06 2021,94,67,0,0,0
04:29:34 Jan 06 2021,94,67,0,0,0
04:29:36 Jan 06 2021,94,67,0,0,0
04:29:38 Jan 06 2021,94,66,0,0,0
04:29:40 Jan 06 2021,94,66,0,0,0
04:29:42 Jan 06 2021,95,67,0,0,0
04:29:44 Jan 06 2021,95,67,0,0,0
04:29:46 Jan 06 2021,96,67,0,0,0
04:29:48 Jan 06 2021,96,70,0,0,0
04:29:50 Jan 06 2021,96,68,0,0,0
04:29:52 Jan 06 2021,96,67,0,0,0
04:29:54 Jan 06 2021,96,66,0,0,0
04:29:56 Jan 06 2021,96,65,0,0,0
04:29:58 Jan 06 2021,96,65,0,0,0
04:30:00 Jan 06 2021,96,67,0,0,0
04:30:02 Jan 06 2021,96,67,0,0,0
04:30:04 Jan 06 2021,96,64,0,0,0
04:30:06 Jan 06 2021,96,62,0,0,0
04:30:08 Jan 06 2021,96,61,0,0,0
04:30:10 Jan 06 2021,96,59,1,0,0
04:30:12 Jan 06 2021,96,62,0,0,0
04:30:14 Jan 06 2021,96,62,0,0,0
04:30:16 Jan 06 2021,96,62,0,0,0
04:30:18 Jan 06 2021,96,62,0,0,0
04:30:20 Jan 06 2021,96,62,0,0,0
04:30:22 Jan 06 2021,95,62,0,0,0
04:30:24 Jan 06 2021,94,64,0,0,0
04:30:26 Jan 06 2021,94,61,0,0,0
04:30:28 Jan 06 2021,93,69,0,0,0
04:30:30 Jan 06 2021,92,66,0,0,0
04:30:32 Jan 06 2021,91,65,0,0,0
04:30:34 Jan 06 2021,91,71,0,0,0
04:30:36 Jan 06 2021,91,69,0,0,0
04:30:38 Jan 06 2021,91,70,0,0,0
04:30:40 Jan 06 2021,90,71,0,0,0
04:30:42 Jan 06 2021,90,65,0,0,0
04:30:44 Jan 06 2021,91,64,0,0,0
04:30:46 Jan 06 2021,92,66,0,0,0
04:30:48 Jan 06 2021,93,65,0,0,0
04:30:50 Jan 06 2021,94,67,0,0,0
04:30:52 Jan 06 2021,94,66,0,0,0
04:30:54 Jan 06 2021,95,68,0,0,0
04:30:56 Jan 06 2021,95,67,0,0,0
04:30:58 Jan 06 2021,96,67,0,0,0
04:31:00 Jan 06 2021,96,68,0,0,0
04:31:02 Jan 06 2021,96,68,0,0,0
04:31:04 Jan 06 2021,96,68,0,0,0
04:31:06 Jan 06 2021,96,68,0,0,0
04:31:08 Jan 06 2021,96,67,0,0,0
04:31:10 Jan 06 2021,96,67,0,0,0
04:31:12 Jan 06 2021,96,67,0,0,0
04:31:14 Jan 06 2021,96,67,0,0,0
04:31:16 Jan 06 2021,96,67,0,0,0
04:31:18 Jan 06 2021,96,67,0,0,0
04:31:20 Jan 06 2021,96,67,0,0,0
04:31:22 Jan 06 2021,96,67,0,0,0
04:31:24 Jan 06 2021,95,64,0,0,0
04:31:26 Jan 06 2021,94,53,0,0,0
04:31:28 Jan 06 2021,94,51,0,0,0
04:31:30 Jan 06 2021,94,45,0,0,0
04:31:32 Jan 06 2021,93,53,0,0,0
04:31:34 Jan 06 2021,93,62,0,0,0
04:31:36 Jan 06 2021,93,58,0,0,0
04:31:38 Jan 06 2021,93,65,0,0,0
04:31:40 Jan 06 2021,93,61,0,0,0
04:31:42 Jan 06 2021,92,68,0,0,0
04:31:44 Jan 06 2021,92,74,0,0,0
04:31:46 Jan 06 2021,91,73,0,0,0
04:31:48 Jan 06 2021,91,76,0,0,0
04:31:50 Jan 06 2021,91,73,0,0,0
04:31:52 Jan 06 2021,91,73,0,0,0
04:31:54 Jan 06 2021,91,74,0,0,0
04:31:56 Jan 06 2021,91,73,0,0,0
04:31:58 Jan 06 2021,91,75,0,0,0
04:32:00 Jan 06 2021,91,75,0,0,0
04:32:02 Jan 06 2021,90,77,0,0,0
04:32:04 Jan 06 2021,90,78,0,0,0
04:32:06 Jan 06 2021,89,78,0,0,0
04:32:08 Jan 06 2021,89,77,0,0,0
04:32:10 Jan 06 2021,90,76,0,0,0
04:32:12 Jan 06 2021,91,76,0,0,0
04:32:14 Jan 06 2021,92,76,0,0,0
04:32:16 Jan 06 2021,92,76,0,0,0
04:32:18 Jan 06 2021,93,76,0,0,0
04:32:20 Jan 06 2021,93,76,0,0,0
04:32:22 Jan 06 2021,94,75,4,0,0
04:32:24 Jan 06 2021,95,74,8,0,0
04:32:26 Jan 06 2021,96,74,1,0,0
04:32:28 Jan 06 2021,96,74,4,0,0
04:32:30 Jan 06 2021,96,74,1,0,0
04:32:32 Jan 06 2021,96,75,0,0,0
04:32:34 Jan 06 2021,96,75,0,0,0
04:32:36 Jan 06 2021,96,75,0,0,0
04:32:38 Jan 06 2021,96,77,0,0,0
04:32:40 Jan 06 2021,97,78,0,0,0
04:32:42 Jan 06 2021,97,78,0,0,0
04:32:44 Jan 06 2021,97,80,0,0,0
04:32:46 Jan 06 2021,97,79,0,0,0
04:32:48 Jan 06 2021,97,80,0,0,0
04:32:50 Jan 06 2021,97,81,0,0,0
04:32:52 Jan 06 2021,97,80,0,0,0
04:32:54 Jan 06 2021,97,81,0,0,0
04:32:56 Jan 06 2021,97,82,0,0,0
04:32:58 Jan 06 2021,97,82,0,0,0
04:33:00 Jan 06 2021,97,80,0,0,0
04:33:02 Jan 06 2021,97,77,0,0,0
04:33:04 Jan 06 2021,96,75,0,0,0
04:33:06 Jan 06 2021,96,75,0,0,0
04:33:08 Jan 06 2021,96,75,0,0,0
04:33:10 Jan 06 2021,96,78,0,0,0
04:33:12 Jan 06 2021,96,80,0,0,0
04:33:14 Jan 06 2021,96,82,0,0,0
04:33:16 Jan 06 2021,96,85,0,0,0
04:33:18 Jan 06 2021,96,83,0,0,0
04:33:20 Jan 06 2021,96,84,0,0,0
04:33:22 Jan 06 2021,95,87,0,0,0
04:33:24 Jan 06 2021,95,83,0,0,0
04:33:26 Jan 06 2021,95,81,0,0,0
04:33:28 Jan 06 2021,95,78,0,0,0
04:33:30 Jan 06 2021,95,73,0,0,0
04:33:32 Jan 06 2021,95,72,0,0,0
04:33:34 Jan 06 2021,94,73,0,0,0
04:33:36 Jan 06 2021,94,74,0,0,0
04:33:38 Jan 06 2021,95,74,0,0,0
04:33:40 Jan 06 2021,95,74,0,0,0
04:33:42 Jan 06 2021,95,74,0,0,0
04:33:44 Jan 06 2021,95,73,0,0,0
04:33:46 Jan 06 2021,95,68,0,0,0
04:33:48 Jan 06 2021,95,64,0,0,0
04:33:50 Jan 06 2021,96,60,0,0,0
04:33:52 Jan 06 2021,96,63,0,0,0
04:33:54 Jan 06 2021,96,63,0,0,0
04:33:56 Jan 06 2021,96,57,0,0,0
04:33:58 Jan 06 2021,96,54,0,0,0
04:34:00 Jan 06 2021,96,53,0,0,0
04:34:02 Jan 06 2021,96,55,0,0,0
04:34:04 Jan 06 2021,96,63,0,0,0
04:34:06 Jan 06 2021,96,67,0,0,0
04:34:08 Jan 06 2021,96,69,0,0,0
04:34:10 Jan 06 2021,96,71,0,0,0
04:34:12 Jan 06 2021,96,71,0,0,0
04:34:14 Jan 06 2021,96,67,0,0,0
04:34:16 Jan 06 2021,96,70,0,0,0
04:34:18 Jan 06 2021,96,69,0,0,0
04:34:20 Jan 06 2021,95,76,0,0,0
04:34:22 Jan 06 2021,95,75,0,0,0
04:34:24 Jan 06 2021,95,72,0,0,0
04:34:26 Jan 06 2021,95,71,0,0,0
04:34:28 Jan 06 2021,95,69,0,0,0
04:34:30 Jan 06 2021,95,69,0,0,0
04:34:32 Jan 06 2021,94,67,0,0,0
04:34:34 Jan 06 2021,94,72,0,0,0
04:34:36 Jan 06 2021,94,71,0,0,0
04:34:38 Jan 06 2021,95,73,0,0,0
04:34:40 Jan 06 2021,94,75,0,0,0
04:34:42 Jan 06 2021,94,75,0,0,0
04:34:44 Jan 06 2021,94,75,0,0,0
04:34:46 Jan 06 2021,93,76,0,0,0
04:34:48 Jan 06 2021,93,76,0,0,0
04:34:50 Jan 06 2021,93,76,0,0,0
04:34:52 Jan 06 2021,93,77,0,0,0
04:34:54 Jan 06 2021,93,78,0,0,0
04:34:56 Jan 06 2021,93,86,0,0,0
04:34:58 Jan 06 2021,94,86,0,0,0
04:35:00 Jan 06 2021,95,87,0,0,0
04:35:02 Jan 06 2021,95,82,0,0,0
04:35:04 Jan 06 2021,96,79,0,0,0
04:35:06 Jan 06 2021,96,78,0,0,0
04:35:08 Jan 06 2021,96,75,0,0,0
04:35:10 Jan 06 2021,96,74,0,0,0
04:35:12 Jan 06 2021,96,74,0,0,0
04:35:14 Jan 06 2021,97,74,2,0,0
04:35:16 Jan 06 2021,97,74,0,0,0
04:35:18 Jan 06 2021,97,74,0,0,0
04:35:20 Jan 06 2021,97,74,0,0,0
04:35:22 Jan 06 2021,97,74,0,0,0
04:35:24 Jan 06 2021,97,76,0,0,0
04:35:26 Jan 06 2021,97,76,0,0,0
04:35:28 Jan 06 2021,97,77,0,0,0
04:35:30 Jan 06 2021,97,76,0,0,0
04:35:32 Jan 06 2021,97,76,0,0,0
04:35:34 Jan 06 2021,96,75,0,0,0
04:35:36 Jan 06 2021,96,76,0,0,0
04:35:38 Jan 06 2021,95,77,0,0,0
04:35:40 Jan 06 2021,95,77,0,0,0
04:35:42 Jan 06 2021,95,79,0,0,0
04:35:44 Jan 06 2021,95,77,0,0,0
04:35:46 Jan 06 2021,95,78,0,0,0
04:35:48 Jan 06 2021,95,79,1,0,0
04:35:50 Jan 06 2021,95,73,0,0,0
04:35:52 Jan 06 2021,94,71,0,0,0
04:35:54 Jan 06 2021,94,69,0,0,0
04:35:56 Jan 06 2021,93,62,0,0,0
04:35:58 Jan 06 2021,92,61,0,0,0
04:36:00 Jan 06 2021,92,63,0,0,0
04:36:02 Jan 06 2021,92,63,0,0,0
04:36:04 Jan 06 2021,92,69,0,0,0
04:36:06 Jan 06 2021,92,71,1,0,0
04:36:08 Jan 06 2021,93,71,0,0,0
04:36:10 Jan 06 2021,94,69,0,0,0
04:36:12 Jan 06 2021,94,69,0,0,0
04:36:14 Jan 06 2021,94,68,0,0,0
04:36:16 Jan 06 2021,95,71,0,0,0
04:36:18 Jan 06 2021,96,70,0,0,0
04:36:20 Jan 06 2021,97,70,0,0,0
04:36:22 Jan 06 2021,97,71,0,0,0
04:36:24 Jan 06 2021,97,73,0,0,0
04:36:26 Jan 06 2021,97,68,0,0,0
04:36:28 Jan 06 2021,97,70,0,0,0
04:36:30 Jan 06 2021,97,69,0,0,0
04:36:32 Jan 06 2021,97,72,0,0,0
04:36:34 Jan 06 2021,97,74,0,0,0
04:36:36 Jan 06 2021,97,72,1,0,0
04:36:38 Jan 06 2021,97,70,0,0,0
04:36:40 Jan 06 2021,97,72,0,0,0
04:36:42 Jan 06 2021,97,70,0,0,0
04:36:44 Jan 06 2021,97,70,0,0,0
04:36:46 Jan 06 2021,97,75,1,0,0
04:36:48 Jan 06 2021,97,75,0,0,0
04:36:50 Jan 06 2021,97,75,0,0,0
04:36:52 Jan 06 2021,96,72,1,0,0
04:36:54 Jan 06 2021,96,69,0,0,0
04:36:56 Jan 06 2021,95,65,0,0,0
04:36:58 Jan 06 2021,95,70,0,0,0
04:37:00 Jan 06 2021,95,70,0,0,0
04:37:02 Jan 06 2021,95,67,0,0,0
04:37:04 Jan 06 2021,95,69,1,0,0
04:37:06 Jan 06 2021,95,67,0,0,0
04:37:08 Jan 06 2021,94,69,0,0,0
04:37:10 Jan 06 2021,94,70,0,0,0
04:37:12 Jan 06 2021,94,69,0,0,0
04:37:14 Jan 06 2021,94,70,0,0,0
04:37:16 Jan 06 2021,94,70,0,0,0
04:37:18 Jan 06 2021,94,70,0,0,0
04:37:20 Jan 06 2021,94,70,0,0,0
04:37:22 Jan 06 2021,94,70,0,0,0
04:37:24 Jan 06 2021,94,70,0,0,0
04:37:26 Jan 06 2021,95,70,0,0,0
04:37:28 Jan 06 2021,95,70,0,0,0
04:37:30 Jan 06 2021,95,70,0,0,0
04:37:32 Jan 06 2021,95,70,1,0,0
04:37:34 Jan 06 2021,95,70,0,0,0
04:37:36 Jan 06 2021,96,70,1,0,0
04:37:38 Jan 06 2021,96,70,0,0,0
04:37:40 Jan 06 2021,96,70,1,0,0
04:37:42 Jan 06 2021,96,70,1,0,0
04:37:44 Jan 06 2021,96,71,5,0,0
04:37:46 Jan 06 2021,96,73,1,0,0
04:37:48 Jan 06 2021,96,73,1,0,0
04:37:50 Jan 06 2021,96,75,0,0,0
04:37:52 Jan 06 2021,96,75,1,0,0
04:37:54 Jan 06 2021,96,74,0,0,0
04:37:56 Jan 06 2021,96,75,1,0,0
04:37:58 Jan 06 2021,96,71,1,0,0
04:38:00 Jan 06 2021,96,71,0,0,0
04:38:02 Jan 06 2021,96,69,0,0,0
04:38:04 Jan 06 2021,96,63,0,0,0
04:38:06 Jan 06 2021,96,65,0,0,0
04:38:08 Jan 06 2021,96,64,0,0,0
04:38:10 Jan 06 2021,96,64,1,0,0
04:38:12 Jan 06 2021,95,69,1,0,0
04:38:14 Jan 06 2021,95,63,0,0,0
04:38:16 Jan 06 2021,94,64,0,0,0
04:38:18 Jan 06 2021,94,68,1,0,0
04:38:20 Jan 06 2021,94,62,0,0,0
04:38:22 Jan 06 2021,94,61,0,0,0
04:38:24 Jan 06 2021,94,62,0,0,0
04:38:26 Jan 06 2021,94,61,0,0,0
04:38:28 Jan 06 2021,94,63,0,0,0
04:38:30 Jan 06 2021,94,58,0,0,0
04:38:32 Jan 06 2021,95,46,0,0,0
04:38:34 Jan 06 2021,96,37,0,0,0
04:38:36 Jan 06 2021,96,32,0,0,0
04:38:38 Jan 06 2021,96,33,1,0,0
04:38:40 Jan 06 2021,96,34,0,0,0
04:38:42 Jan 06 2021,96,34,0,0,0
04:38:44 Jan 06 2021,96,34,0,0,0
04:38:46 Jan 06 2021,96,34,1,0,0
04:38:48 Jan 06 2021,96,34,1,0,0
04:38:50 Jan 06 2021,96,34,0,0,0
04:38:52 Jan 06 2021,96,34,0,0,0
04:38:54 Jan 06 2021,96,34,0,0,0
04:38:56 Jan 06 2021,96,34,0,0,0
04:38:58 Jan 06 2021,96,34,0,0,0
04:39:00 Jan 06 2021,96,34,0,0,0
04:39:02 Jan 06 2021,96,34,1,0,0
04:39:04 Jan 06 2021,96,34,1,0,0
04:39:06 Jan 06 2021,96,34,0,0,0
04:39:08 Jan 06 2021,96,34,0,0,0
04:39:10 Jan 06 2021,96,34,0,0,0
04:39:12 Jan 06 2021,96,34,0,0,0
04:39:14 Jan 06 2021,96,34,0,0,0
04:39:16 Jan 06 2021,96,34,0,0,0
04:39:18 Jan 06 2021,96,34,0,0,0
04:39:20 Jan 06 2021,96,34,1,0,0
04:39:22 Jan 06 2021,96,34,0,0,0
04:39:24 Jan 06 2021,96,34,0,0,0
04:39:26 Jan 06 2021,96,34,0,0,0
04:39:28 Jan 06 2021,96,34,0,0,0
04:39:30 Jan 06 2021,96,36,0,0,0
04:39:32 Jan 06 2021,96,48,0,0,0
04:39:34 Jan 06 2021,96,53,0,0,0
04:39:36 Jan 06 2021,96,60,0,0,0
04:39:38 Jan 06 2021,95,66,0,0,0
04:39:40 Jan 06 2021,95,67,0,0,0
04:39:42 Jan 06 2021,96,67,0,0,0
04:39:44 Jan 06 2021,96,68,0,0,0
04:39:46 Jan 06 2021,96,66,0,0,0
04:39:48 Jan 06 2021,96,67,0,0,0
04:39:50 Jan 06 2021,96,59,0,0,0
04:39:52 Jan 06 2021,96,58,0,0,0
04:39:54 Jan 06 2021,96,55,0,0,0
04:39:56 Jan 06 2021,96,49,0,0,0
04:39:58 Jan 06 2021,96,57,0,0,0
04:40:00 Jan 06 2021,97,57,0,0,0
04:40:02 Jan 06 2021,97,56,0,0,0
04:40:04 Jan 06 2021,97,64,0,0,0
04:40:06 Jan 06 2021,97,65,0,0,0
04:40:08 Jan 06 2021,97,66,0,0,0
04:40:10 Jan 06 2021,97,68,0,0,0
04:40:12 Jan 06 2021,97,66,0,0,0
04:40:14 Jan 06 2021,97,66,0,0,0
04:40:16 Jan 06 2021,97,67,0,0,0
04:40:18 Jan 06 2021,97,69,0,0,0
04:40:20 Jan 06 2021,97,69,0,0,0
04:40:22 Jan 06 2021,97,68,0,0,0
04:40:24 Jan 06 2021,97,67,0,0,0
04:40:26 Jan 06 2021,97,67,0,0,0
04:40:28 Jan 06 2021,96,64,0,0,0
04:40:30 Jan 06 2021,96,63,0,0,0
04:40:32 Jan 06 2021,96,62,0,0,0
04:40:34 Jan 06 2021,95,62,0,0,0
04:40:36 Jan 06 2021,95,62,1,0,0
04:40:38 Jan 06 2021,95,61,1,0,0
04:40:40 Jan 06 2021,94,56,0,0,0
04:40:42 Jan 06 2021,94,53,0,0,0
04:40:44 Jan 06 2021,94,51,0,0,0
04:40:46 Jan 06 2021,94,54,0,0,0
04:40:48 Jan 06 2021,93,60,0,0,0
04:40:50 Jan 06 2021,93,62,0,0,0
04:40:52 Jan 06 2021,93,65,0,0,0
04:40:54 Jan 06 2021,93,63,0,0,0
04:40:56 Jan 06 2021,94,58,0,0,0
04:40:58 Jan 06 2021,94,55,0,0,0
04:41:00 Jan 06 2021,95,57,0,0,0
04:41:02 Jan 06 2021,96,61,1,0,0
04:41:04 Jan 06 2021,96,62,0,0,0
04:41:06 Jan 06 2021,96,63,0,0,0
04:41:08 Jan 06 2021,96,56,1,0,0
04:41:10 Jan 06 2021,96,56,0,0,0
04:41:12 Jan 06 2021,97,56,0,0,0
04:41:14 Jan 06 2021,97,62,1,0,0
04:41:16 Jan 06 2021,97,63,0,0,0
04:41:18 Jan 06 2021,97,64,0,0,0
04:41:20 Jan 06 2021,97,62,0,0,0
04:41:22 Jan 06 2021,97,62,0,0,0
04:41:24 Jan 06 2021,97,58,1,0,0
04:41:26 Jan 06 2021,97,52,1,0,0
04:41:28 Jan 06 2021,97,53,0,0,0
04:41:30 Jan 06 2021,96,49,1,0,0
04:41:32 Jan 06 2021,96,53,0,0,0
04:41:34 Jan 06 2021,97,54,0,0,0
04:41:36 Jan 06 2021,97,54,0,0,0
04:41:38 Jan 06 2021,97,54,0,0,0
04:41:40 Jan 06 2021,97,56,1,0,0
04:41:42 Jan 06 2021,97,60,0,0,0
04:41:44 Jan 06 2021,97,63,0,0,0
04:41:46 Jan 06 2021,96,68,1,0,0
04:41:48 Jan 06 2021,96,66,1,0,0
04:41:50 Jan 06 2021,96,67,0,0,0
04:41:52 Jan 06 2021,96,68,0,0,0
04:41:54 Jan 06 2021,96,67,1,0,0
04:41:56 Jan 06 2021,96,67,1,0,0
04:41:58 Jan 06 2021,96,68,0,0,0
04:42:00 Jan 06 2021,96,68,0,0,0
04:42:02 Jan 06 2021,96,68,0,0,0
04:42:04 Jan 06 2021,95,67,1,0,0
04:42:06 Jan 06 2021,95,69,0,0,0
04:42:08 Jan 06 2021,95,63,1,0,0
04:42:10 Jan 06 2021,95,59,0,0,0
04:42:12 Jan 06 2021,95,58,0,0,0
04:42:14 Jan 06 2021,95,58,0,0,0
04:42:16 Jan 06 2021,96,58,0,0,0
04:42:18 Jan 06 2021,96,57,0,0,0
04:42:20 Jan 06 2021,96,55,1,0,0
04:42:22 Jan 06 2021,96,49,0,0,0
04:42:24 Jan 06 2021,96,51,0,0,0
04:42:26 Jan 06 2021,96,52,0,0,0
04:42:28 Jan 06 2021,96,56,0,0,0
04:42:30 Jan 06 2021,96,58,0,0,0
04:42:32 Jan 06 2021,96,58,0,0,0
04:42:34 Jan 06 2021,96,60,1,0,0
04:42:36 Jan 06 2021,96,61,0,0,0
04:42:38 Jan 06 2021,96,55,1,0,0
04:42:40 Jan 06 2021,96,58,1,0,0
04:42:42 Jan 06 2021,96,58,1,0,0
04:42:44 Jan 06 2021,96,55,1,0,0
04:42:46 Jan 06 2021,96,61,1,0,0
04:42:48 Jan 06 2021,96,63,0,0,0
04:42:50 Jan 06 2021,96,64,0,0,0
04:42:52 Jan 06 2021,96,67,0,0,0
04:42:54 Jan 06 2021,96,67,0,0,0
04:42:56 Jan 06 2021,96,66,0,0,0
04:42:58 Jan 06 2021,96,68,1,0,0
04:43:00 Jan 06 2021,96,68,1,0,0
04:43:02 Jan 06 2021,96,68,1,0,0
04:43:04 Jan 06 2021,95,71,0,0,0
04:43:06 Jan 06 2021,95,71,0,0,0
04:43:08 Jan 06 2021,95,70,0,0,0
04:43:10 Jan 06 2021,94,71,1,0,0
04:43:12 Jan 06 2021,94,71,0,0,0
04:43:14 Jan 06 2021,94,74,1,0,0
04:43:16 Jan 06 2021,94,75,0,0,0
04:43:18 Jan 06 2021,93,76,0,0,0
04:43:20 Jan 06 2021,93,77,0,0,0
04:43:22 Jan 06 2021,93,76,0,0,0
04:43:24 Jan 06 2021,93,77,0,0,0
04:43:26 Jan 06 2021,93,78,0,0,0
04:43:28 Jan 06 2021,93,78,0,0,0
04:43:30 Jan 06 2021,94,78,1,0,0
04:43:32 Jan 06 2021,95,78,0,0,0
04:43:34 Jan 06 2021,95,79,1,0,0
04:43:36 Jan 06 2021,95,78,0,0,0
04:43:38 Jan 06 2021,96,81,0,0,0
04:43:40 Jan 06 2021,97,81,1,0,0
04:43:42 Jan 06 2021,97,80,0,0,0
04:43:44 Jan 06 2021,97,73,0,0,0
04:43:46 Jan 06 2021,97,64,0,0,0
04:43:48 Jan 06 2021,97,56,1,0,0
04:43:50 Jan 06 2021,97,51,1,0,0
04:43:52 Jan 06 2021,97,53,1,0,0
04:43:54 Jan 06 2021,97,53,1,0,0
04:43:56 Jan 06 2021,97,51,1,0,0
04:43:58 Jan 06 2021,97,51,1,0,0
04:44:00 Jan 06 2021,96,54,1,0,0
04:44:02 Jan 06 2021,96,53,1,0,0
04:44:04 Jan 06 2021,96,57,0,0,0
04:44:06 Jan 06 2021,96,57,0,0,0
04:44:08 Jan 06 2021,96,54,1,0,0
04:44:10 Jan 06 2021,96,55,1,0,0
04:44:12 Jan 06 2021,96,55,1,0,0
04:44:14 Jan 06 2021,96,55,1,0,0
04:44:16 Jan 06 2021,96,55,1,0,0
04:44:18 Jan 06 2021,95,58,0,0,0
04:44:20 Jan 06 2021,95,60,1,0,0
04:44:22 Jan 06 2021,95,64,1,0,0
04:44:24 Jan 06 2021,95,62,1,0,0
04:44:26 Jan 06 2021,95,58,1,0,0
04:44:28 Jan 06 2021,95,53,1,0,0
04:44:30 Jan 06 2021,95,48,0,0,0
04:44:32 Jan 06 2021,96,48,0,0,0
04:44:34 Jan 06 2021,96,46,1,0,0
04:44:36 Jan 06 2021,96,48,0,0,0
04:44:38 Jan 06 2021,95,51,0,0,0
04:44:40 Jan 06 2021,95,53,8,0,0
04:44:42 Jan 06 2021,95,53,1,0,0
04:44:44 Jan 06 2021,95,58,0,0,0
04:44:46 Jan 06 2021,96,55,0,0,0
04:44:48 Jan 06 2021,96,56,0,0,0
04:44:50 Jan 06 2021,96,57,0,0,0
04:44:52 Jan 06 2021,96,56,0,0,0
04:44:54 Jan 06 2021,96,56,0,0,0
04:44:56 Jan 06 2021,96,56,0,0,0
04:44:58 Jan 06 2021,96,56,0,0,0
04:45:00 Jan 06 2021,96,51,1,0,0
04:45:02 Jan 06 2021,96,46,0,0,0
04:45:04 Jan 06 2021,96,42,0,0,0
04:45:06 Jan 06 2021,96,42,0,0,0
04:45:08 Jan 06 2021,96,43,0,0,0
04:45:10 Jan 06 2021,96,43,0,0,0
04:45:12 Jan 06 2021,96,43,0,0,0
04:45:14 Jan 06 2021,96,43,0,0,0
04:45:16 Jan 06 2021,96,48,1,0,0
04:45:18 Jan 06 2021,96,50,1,0,0
04:45:20 Jan 06 2021,96,52,0,0,0
04:45:22 Jan 06 2021,96,51,1,0,0
04:45:24 Jan 06 2021,96,51,0,0,0
04:45:26 Jan 06 2021,96,51,1,0,0
04:45:28 Jan 06 2021,96,51,0,0,0
04:45:30 Jan 06 2021,96,51,1,0,0
04:45:32 Jan 06 2021,96,50,0,0,0
04:45:34 Jan 06 2021,96,51,0,0,0
04:45:36 Jan 06 2021,96,51,0,0,0
04:45:38 Jan 06 2021,96,50,0,0,0
04:45:40 Jan 06 2021,96,50,1,0,0
04:45:42 Jan 06 2021,96,49,0,0,0
04:45:44 Jan 06 2021,96,49,0,0,0
04:45:46 Jan 06 2021,96,53,0,0,0
04:45:48 Jan 06 2021,96,54,0,0,0
04:45:50 Jan 06 2021,95,55,1,0,0
04:45:52 Jan 06 2021,95,57,0,0,0
04:45:54 Jan 06 2021,95,52,1,0,0
04:45:56 Jan 06 2021,94,52,0,0,0
04:45:58 Jan 06 2021,94,56,0,0,0
04:46:00 Jan 06 2021,93,54,0,0,0
04:46:02 Jan 06 2021,92,54,0,0,0
04:46:04 Jan 06 2021,91,54,0,0,0
04:46:06 Jan 06 2021,91,58,0,0,0
04:46:08 Jan 06 2021,91,67,0,0,0
04:46:10 Jan 06 2021,91,69,0,0,0
04:46:12 Jan 06 2021,91,69,0,0,0
04:46:14 Jan 06 2021,91,68,0,0,0
04:46:16 Jan 06 2021,91,63,0,0,0
04:46:18 Jan 06 2021,92,68,0,0,0
04:46:20 Jan 06 2021,92,68,0,0,0
04:46:22 Jan 06 2021,92,71,0,0,0
04:46:24 Jan 06 2021,92,77,0,0,0
04:46:26 Jan 06 2021,92,70,0,0,0
04:46:28 Jan 06 2021,92,76,0,0,0
04:46:30 Jan 06 2021,92,76,0,0,0
04:46:32 Jan 06 2021,91,79,0,0,0
04:46:34 Jan 06 2021,91,79,0,0,0
04:46:36 Jan 06 2021,91,77,0,0,0
04:46:38 Jan 06 2021,91,77,0,0,0
04:46:40 Jan 06 2021,92,75,1,0,0
04:46:42 Jan 06 2021,92,75,1,0,0
04:46:44 Jan 06 2021,92,76,10,0,0
04:46:46 Jan 06 2021,92,75,4,0,0
04:46:48 Jan 06 2021,92,75,1,0,0
04:46:50 Jan 06 2021,92,75,0,0,0
04:46:52 Jan 06 2021,92,75,1,0,0
04:46:54 Jan 06 2021,92,75,0,0,0
04:46:56 Jan 06 2021,92,76,1,0,0
04:46:58 Jan 06 2021,91,75,0,0,0
04:47:00 Jan 06 2021,91,74,0,0,0
04:47:02 Jan 06 2021,91,75,0,0,0
04:47:04 Jan 06 2021,90,73,0,0,0
04:47:06 Jan 06 2021,90,73,0,0,0
04:47:08 Jan 06 2021,90,76,0,0,0
04:47:10 Jan 06 2021,90,74,0,0,0
04:47:12 Jan 06 2021,90,85,0,0,0
04:47:14 Jan 06 2021,90,82,0,0,0
04:47:16 Jan 06 2021,90,84,0,0,0
04:47:18 Jan 06 2021,90,85,0,0,0
04:47:20 Jan 06 2021,90,75,0,0,0
04:47:22 Jan 06 2021,91,82,0,0,0
04:47:24 Jan 06 2021,92,84,0,0,0
04:47:26 Jan 06 2021,93,85,0,0,0
04:47:28 Jan 06 2021,94,84,0,0,0
04:47:30 Jan 06 2021,95,83,0,0,0
04:47:32 Jan 06 2021,94,81,0,0,0
04:47:34 Jan 06 2021,94,79,0,0,0
04:47:36 Jan 06 2021,94,79,0,0,0
04:47:38 Jan 06 2021,94,80,0,0,0
04:47:40 Jan 06 2021,94,73,1,0,0
04:47:42 Jan 06 2021,95,78,0,0,0
04:47:44 Jan 06 2021,94,66,0,0,0
04:47:46 Jan 06 2021,94,67,1,0,0
04:47:48 Jan 06 2021,95,70,0,0,0
04:47:50 Jan 06 2021,94,68,0,0,0
04:47:52 Jan 06 2021,95,71,0,0,0
04:47:54 Jan 06 2021,95,69,0,0,0
04:47:56 Jan 06 2021,94,70,0,0,0
04:47:58 Jan 06 2021,95,70,0,0,0
04:48:00 Jan 06 2021,95,73,0,0,0
04:48:02 Jan 06 2021,95,79,0,0,0
04:48:04 Jan 06 2021,95,82,0,0,0
04:48:06 Jan 06 2021,95,85,0,0,0
04:48:08 Jan 06 2021,94,84,0,0,0
04:48:10 Jan 06 2021,94,82,0,0,0
04:48:12 Jan 06 2021,94,81,1,0,0
04:48:14 Jan 06 2021,94,82,0,0,0
04:48:16 Jan 06 2021,94,81,1,0,0
04:48:18 Jan 06 2021,93,79,0,0,0
04:48:20 Jan 06 2021,93,78,0,0,0
04:48:22 Jan 06 2021,92,76,1,0,0
04:48:24 Jan 06 2021,92,76,1,0,0
04:48:26 Jan 06 2021,92,74,0,0,0
04:48:28 Jan 06 2021,92,74,0,0,0
04:48:30 Jan 06 2021,92,74,0,0,0
04:48:32 Jan 06 2021,92,75,0,0,0
04:48:34 Jan 06 2021,92,77,0,0,0
04:48:36 Jan 06 2021,91,81,0,0,0
04:48:38 Jan 06 2021,91,82,1,0,0
04:48:40 Jan 06 2021,90,82,0,0,0
04:48:42 Jan 06 2021,90,82,0,0,0
04:48:44 Jan 06 2021,91,81,0,0,0
04:48:46 Jan 06 2021,91,81,0,0,0
04:48:48 Jan 06 2021,92,78,0,0,0
04:48:50 Jan 06 2021,93,76,0,0,0
04:48:52 Jan 06 2021,93,74,0,0,0
04:48:54 Jan 06 2021,93,73,1,0,0
04:48:56 Jan 06 2021,93,74,0,0,0
04:48:58 Jan 06 2021,93,74,0,0,0
04:49:00 Jan 06 2021,93,74,1,0,0
04:49:02 Jan 06 2021,93,74,0,0,0
04:49:04 Jan 06 2021,94,74,0,0,0
04:49:06 Jan 06 2021,94,73,0,0,0
04:49:08 Jan 06 2021,94,73,0,0,0
04:49:10 Jan 06 2021,94,72,1,0,0
04:49:12 Jan 06 2021,94,74,0,0,0
04:49:14 Jan 06 2021,94,74,0,0,0
04:49:16 Jan 06 2021,95,75,0,0,0
04:49:18 Jan 06 2021,96,74,0,0,0
04:49:20 Jan 06 2021,96,73,0,0,0
04:49:22 Jan 06 2021,96,73,0,0,0
04:49:24 Jan 06 2021,96,71,0,0,0
04:49:26 Jan 06 2021,96,71,0,0,0
04:49:28 Jan 06 2021,96,69,1,0,0
04:49:30 Jan 06 2021,95,68,1,0,0
04:49:32 Jan 06 2021,95,69,0,0,0
04:49:34 Jan 06 2021,95,63,1,0,0
04:49:36 Jan 06 2021,95,62,0,0,0
04:49:38 Jan 06 2021,95,60,0,0,0
04:49:40 Jan 06 2021,96,62,0,0,0
04:49:42 Jan 06 2021,96,62,0,0,0
04:49:44 Jan 06 2021,96,61,0,0,0
04:49:46 Jan 06 2021,95,64,0,0,0
04:49:48 Jan 06 2021,95,71,0,0,0
04:49:50 Jan 06 2021,95,73,0,0,0
04:49:52 Jan 06 2021,95,77,1,0,0
04:49:54 Jan 06 2021,95,76,0,0,0
04:49:56 Jan 06 2021,95,75,0,0,0
04:49:58 Jan 06 2021,96,75,0,0,0
04:50:00 Jan 06 2021,96,75,0,0,0
04:50:02 Jan 06 2021,96,76,1,0,0
04:50:04 Jan 06 2021,96,76,0,0,0
04:50:06 Jan 06 2021,96,76,0,0,0
04:50:08 Jan 06 2021,96,76,0,0,0
04:50:10 Jan 06 2021,96,76,0,0,0
04:50:12 Jan 06 2021,96,76,0,0,0
04:50:14 Jan 06 2021,96,72,0,0,0
04:50:16 Jan 06 2021,96,70,0,0,0
04:50:18 Jan 06 2021,95,70,0,0,0
04:50:20 Jan 06 2021,95,68,0,0,0
04:50:22 Jan 06 2021,94,72,0,0,0
04:50:24 Jan 06 2021,96,72,1,0,0
04:50:26 Jan 06 2021,96,72,0,0,0
04:50:28 Jan 06 2021,95,69,0,0,0
04:50:30 Jan 06 2021,95,66,0,0,0
04:50:32 Jan 06 2021,95,62,0,0,0
04:50:34 Jan 06 2021,95,57,0,0,0
04:50:36 Jan 06 2021,95,56,1,0,0
04:50:38 Jan 06 2021,95,58,0,0,0
04:50:40 Jan 06 2021,95,56,1,0,0
04:50:42 Jan 06 2021,95,58,0,0,0
04:50:44 Jan 06 2021,95,67,1,0,0
04:50:46 Jan 06 2021,94,68,0,0,0
04:50:48 Jan 06 2021,94,67,0,0,0
04:50:50 Jan 06 2021,94,67,0,0,0
04:50:52 Jan 06 2021,94,62,0,0,0
04:50:54 Jan 06 2021,94,63,0,0,0
04:50:56 Jan 06 2021,93,71,0,0,0
04:50:58 Jan 06 2021,93,71,0,0,0
04:51:00 Jan 06 2021,93,67,0,0,0
04:51:02 Jan 06 2021,93,70,0,0,0
04:51:04 Jan 06 2021,93,70,0,0,0
04:51:06 Jan 06 2021,93,65,0,0,0
04:51:08 Jan 06 2021,93,60,0,0,0
04:51:10 Jan 06 2021,93,65,0,0,0
04:51:12 Jan 06 2021,93,62,0,0,0
04:51:14 Jan 06 2021,92,59,0,0,0
04:51:16 Jan 06 2021,92,62,0,0,0
04:51:18 Jan 06 2021,92,55,0,0,0
04:51:20 Jan 06 2021,91,52,0,0,0
04:51:22 Jan 06 2021,91,53,1,0,0
04:51:24 Jan 06 2021,91,52,0,0,0
04:51:26 Jan 06 2021,91,52,0,0,0
04:51:28 Jan 06 2021,91,52,0,0,0
04:51:30 Jan 06 2021,92,49,0,0,0
04:51:32 Jan 06 2021,92,48,0,0,0
04:51:34 Jan 06 2021,92,47,0,0,0
04:51:36 Jan 06 2021,92,46,0,0,0
04:51:38 Jan 06 2021,92,47,0,0,0
04:51:40 Jan 06 2021,93,45,0,0,0
04:51:42 Jan 06 2021,93,45,0,0,0
04:51:44 Jan 06 2021,93,45,0,0,0
04:51:46 Jan 06 2021,93,45,0,0,0
04:51:48 Jan 06 2021,93,45,0,0,0
04:51:50 Jan 06 2021,94,45,0,0,0
04:51:52 Jan 06 2021,94,42,0,0,0
04:51:54 Jan 06 2021,94,44,0,0,0
04:51:56 Jan 06 2021,94,49,0,0,0
04:51:58 Jan 06 2021,94,47,0,0,0
04:52:00 Jan 06 2021,94,49,0,0,0
04:52:02 Jan 06 2021,94,51,1,0,0
04:52:04 Jan 06 2021,94,52,2,0,0
04:52:06 Jan 06 2021,94,56,0,0,0
04:52:08 Jan 06 2021,94,59,0,0,0
04:52:10 Jan 06 2021,94,60,0,0,0
04:52:12 Jan 06 2021,94,61,0,0,0
04:52:14 Jan 06 2021,94,58,1,0,0
04:52:16 Jan 06 2021,94,58,0,0,0
04:52:18 Jan 06 2021,94,58,0,0,0
04:52:20 Jan 06 2021,94,58,0,0,0
04:52:22 Jan 06 2021,93,53,0,0,0
04:52:24 Jan 06 2021,93,55,0,0,0
04:52:26 Jan 06 2021,92,48,0,0,0
04:52:28 Jan 06 2021,92,47,0,0,0
04:52:30 Jan 06 2021,92,48,0,0,0
04:52:32 Jan 06 2021,92,47,0,0,0
04:52:34 Jan 06 2021,92,47,0,0,0
04:52:36 Jan 06 2021,92,46,0,0,0
04:52:38 Jan 06 2021,92,46,0,0,0
04:52:40 Jan 06 2021,92,46,0,0,0
04:52:42 Jan 06 2021,92,52,0,0,0
04:52:44 Jan 06 2021,92,53,0,0,0
04:52:46 Jan 06 2021,92,56,0,0,0
04:52:48 Jan 06 2021,92,54,0,0,0
04:52:50 Jan 06 2021,92,52,0,0,0
04:52:52 Jan 06 2021,92,50,0,0,0
04:52:54 Jan 06 2021,93,49,0,0,0
04:52:56 Jan 06 2021,93,48,0,0,0
04:52:58 Jan 06 2021,95,47,0,0,0
04:53:00 Jan 06 2021,95,49,0,0,0
04:53:02 Jan 06 2021,96,49,0,0,0
04:53:04 Jan 06 2021,96,48,0,0,0
04:53:06 Jan 06 2021,96,48,0,0,0
04:53:08 Jan 06 2021,96,53,0,0,0
04:53:10 Jan 06 2021,97,59,0,0,0
04:53:12 Jan 06 2021,97,67,0,0,0
04:53:14 Jan 06 2021,97,70,0,0,0
04:53:16 Jan 06 2021,97,74,0,0,0
04:53:18 Jan 06 2021,97,74,0,0,0
04:53:20 Jan 06 2021,97,75,0,0,0
04:53:22 Jan 06 2021,97,75,0,0,0
04:53:24 Jan 06 2021,97,74,0,0,0
04:53:26 Jan 06 2021,96,75,0,0,0
04:53:28 Jan 06 2021,95,74,0,0,0
04:53:30 Jan 06 2021,95,74,0,0,0
04:53:32 Jan 06 2021,95,75,0,0,0
04:53:34 Jan 06 2021,95,75,0,0,0
04:53:36 Jan 06 2021,95,77,0,0,0
04:53:38 Jan 06 2021,95,78,0,0,0
04:53:40 Jan 06 2021,95,78,0,0,0
04:53:42 Jan 06 2021,95,79,0,0,0
04:53:44 Jan 06 2021,94,76,0,0,0
04:53:46 Jan 06 2021,94,74,0,0,0
04:53:48 Jan 06 2021,94,74,0,0,0
04:53:50 Jan 06 2021,93,69,0,0,0
04:53:52 Jan 06 2021,93,70,0,0,0
04:53:54 Jan 06 2021,93,71,0,0,0
04:53:56 Jan 06 2021,92,58,0,0,0
04:53:58 Jan 06 2021,92,57,0,0,0
04:54:00 Jan 06 2021,92,53,0,0,0
04:54:02 Jan 06 2021,92,56,0,0,0
04:54:04 Jan 06 2021,92,64,0,0,0
04:54:06 Jan 06 2021,92,64,0,0,0
04:54:08 Jan 06 2021,92,65,0,0,0
04:54:10 Jan 06 2021,92,67,0,0,0
04:54:12 Jan 06 2021,92,67,0,0,0
04:54:14 Jan 06 2021,92,71,0,0,0
04:54:16 Jan 06 2021,93,75,0,0,0
04:54:18 Jan 06 2021,94,76,0,0,0
04:54:20 Jan 06 2021,94,79,0,0,0
04:54:22 Jan 06 2021,95,78,0,0,0
04:54:24 Jan 06 2021,95,76,0,0,0
04:54:26 Jan 06 2021,95,77,0,0,0
04:54:28 Jan 06 2021,95,77,1,0,0
04:54:30 Jan 06 2021,96,78,0,0,0
04:54:32 Jan 06 2021,96,79,1,0,0
04:54:34 Jan 06 2021,96,79,0,0,0
04:54:36 Jan 06 2021,97,80,1,0,0
04:54:38 Jan 06 2021,97,81,1,0,0
04:54:40 Jan 06 2021,97,81,1,0,0
04:54:42 Jan 06 2021,97,81,1,0,0
04:54:44 Jan 06 2021,97,81,0,0,0
04:54:46 Jan 06 2021,97,81,0,0,0
04:54:48 Jan 06 2021,97,81,1,0,0
04:54:50 Jan 06 2021,97,81,0,0,0
04:54:52 Jan 06 2021,97,82,0,0,0
04:54:54 Jan 06 2021,97,80,0,0,0
04:54:56 Jan 06 2021,97,80,0,0,0
04:54:58 Jan 06 2021,97,80,0,0,0
04:55:00 Jan 06 2021,96,81,1,0,0
04:55:02 Jan 06 2021,96,81,1,0,0
04:55:04 Jan 06 2021,95,84,0,0,0
04:55:06 Jan 06 2021,95,85,0,0,0
04:55:08 Jan 06 2021,95,85,0,0,0
04:55:10 Jan 06 2021,95,84,0,0,0
04:55:12 Jan 06 2021,95,83,1,0,0
04:55:14 Jan 06 2021,95,78,1,0,0
04:55:16 Jan 06 2021,95,76,1,0,0
04:55:18 Jan 06 2021,95,81,0,0,0
04:55:20 Jan 06 2021,94,80,0,0,0
04:55:22 Jan 06 2021,94,80,0,0,0
04:55:24 Jan 06 2021,94,79,0,0,0
04:55:26 Jan 06 2021,94,72,0,0,0
04:55:28 Jan 06 2021,94,66,1,0,0
04:55:30 Jan 06 2021,94,62,1,0,0
04:55:32 Jan 06 2021,94,61,1,0,0
04:55:34 Jan 06 2021,94,55,0,0,0
04:55:36 Jan 06 2021,95,55,0,0,0
04:55:38 Jan 06 2021,95,52,0,0,0
04:55:40 Jan 06 2021,95,52,0,0,0
04:55:42 Jan 06 2021,95,52,1,0,0
04:55:44 Jan 06 2021,95,53,0,0,0
04:55:46 Jan 06 2021,95,50,0,0,0
04:55:48 Jan 06 2021,95,43,0,0,0
04:55:50 Jan 06 2021,96,41,0,0,0
04:55:52 Jan 06 2021,96,39,0,0,0
04:55:54 Jan 06 2021,96,42,0,0,0
04:55:56 Jan 06 2021,96,41,0,0,0
04:55:58 Jan 06 2021,96,41,0,0,0
04:56:00 Jan 06 2021,96,40,0,0,0
04:56:02 Jan 06 2021,96,37,0,0,0
04:56:04 Jan 06 2021,96,36,1,0,0
04:56:06 Jan 06 2021,95,35,0,0,0
04:56:08 Jan 06 2021,95,35,0,0,0
04:56:10 Jan 06 2021,95,35,0,0,0
04:56:12 Jan 06 2021,95,37,0,0,0
04:56:14 Jan 06 2021,95,38,0,0,0
04:56:16 Jan 06 2021,95,38,7,0,0
04:56:18 Jan 06 2021,95,39,4,0,0
04:56:20 Jan 06 2021,95,38,0,0,0
04:56:22 Jan 06 2021,95,38,0,0,0
04:56:24 Jan 06 2021,95,38,0,0,0
04:56:26 Jan 06 2021,95,38,0,0,0
04:56:28 Jan 06 2021,95,38,0,0,0
04:56:30 Jan 06 2021,95,38,1,0,0
04:56:32 Jan 06 2021,95,38,0,0,0
04:56:34 Jan 06 2021,95,38,1,0,0
04:56:36 Jan 06 2021,95,38,1,0,0
04:56:38 Jan 06 2021,95,38,0,0,0
04:56:40 Jan 06 2021,95,38,1,0,0
04:56:42 Jan 06 2021,95,38,0,0,0
04:56:44 Jan 06 2021,95,39,0,0,0
04:56:46 Jan 06 2021,95,39,0,0,0
04:56:48 Jan 06 2021,95,40,0,0,0
04:56:50 Jan 06 2021,95,41,0,0,0
04:56:52 Jan 06 2021,95,41,0,0,0
04:56:54 Jan 06 2021,95,42,0,0,0
04:56:56 Jan 06 2021,95,42,1,0,0
04:56:58 Jan 06 2021,95,42,0,0,0
04:57:00 Jan 06 2021,95,42,0,0,0
04:57:02 Jan 06 2021,95,42,0,0,0
04:57:04 Jan 06 2021,95,42,0,0,0
04:57:06 Jan 06 2021,95,42,0,0,0
04:57:08 Jan 06 2021,96,42,0,0,0
04:57:10 Jan 06 2021,96,42,0,0,0
04:57:12 Jan 06 2021,96,42,0,0,0
04:57:14 Jan 06 2021,96,41,0,0,0
04:57:16 Jan 06 2021,97,40,0,0,0
04:57:18 Jan 06 2021,97,38,0,0,0
04:57:20 Jan 06 2021,97,37,0,0,0
04:57:22 Jan 06 2021,96,36,0,0,0
04:57:24 Jan 06 2021,96,36,0,0,0
04:57:26 Jan 06 2021,96,35,0,0,0
04:57:28 Jan 06 2021,96,35,0,0,0
04:57:30 Jan 06 2021,96,35,1,0,0
04:57:32 Jan 06 2021,96,35,0,0,0
04:57:34 Jan 06 2021,96,35,0,0,0
04:57:36 Jan 06 2021,96,35,0,0,0
04:57:38 Jan 06 2021,96,36,0,0,0
04:57:40 Jan 06 2021,96,37,0,0,0
04:57:42 Jan 06 2021,96,38,0,0,0
04:57:44 Jan 06 2021,96,38,0,0,0
04:57:46 Jan 06 2021,96,38,0,0,0
04:57:48 Jan 06 2021,96,38,0,0,0
04:57:50 Jan 06 2021,96,38,0,0,0
04:57:52 Jan 06 2021,96,39,0,0,0
04:57:54 Jan 06 2021,95,39,0,0,0
04:57:56 Jan 06 2021,95,39,0,0,0
04:57:58 Jan 06 2021,94,40,0,0,0
04:58:00 Jan 06 2021,94,40,0,0,0
04:58:02 Jan 06 2021,94,40,0,0,0
04:58:04 Jan 06 2021,94,40,0,0,0
04:58:06 Jan 06 2021,94,40,0,0,0
04:58:08 Jan 06 2021,94,41,0,0,0
04:58:10 Jan 06 2021,93,42,0,0,0
04:58:12 Jan 06 2021,93,43,0,0,0
04:58:14 Jan 06 2021,92,43,0,0,0
04:58:16 Jan 06 2021,92,43,0,0,0
04:58:18 Jan 06 2021,93,41,0,0,0
04:58:20 Jan 06 2021,94,39,0,0,0
04:58:22 Jan 06 2021,94,37,0,0,0
04:58:24 Jan 06 2021,94,37,0,0,0
04:58:26 Jan 06 2021,95,39,0,0,0
04:58:28 Jan 06 2021,95,39,0,0,0
04:58:30 Jan 06 2021,96,39,0,0,0
04:58:32 Jan 06 2021,96,39,0,0,0
04:58:34 Jan 06 2021,96,38,0,0,0
04:58:36 Jan 06 2021,96,37,0,0,0
04:58:38 Jan 06 2021,96,37,0,0,0
04:58:40 Jan 06 2021,96,37,0,0,0
04:58:42 Jan 06 2021,96,38,0,0,0
04:58:44 Jan 06 2021,96,38,0,0,0
04:58:46 Jan 06 2021,96,39,0,0,0
04:58:48 Jan 06 2021,96,39,0,0,0
04:58:50 Jan 06 2021,96,41,0,0,0
04:58:52 Jan 06 2021,96,42,0,0,0
04:58:54 Jan 06 2021,96,42,0,0,0
04:58:56 Jan 06 2021,96,44,1,0,0
04:58:58 Jan 06 2021,96,43,0,0,0
04:59:00 Jan 06 2021,96,43,0,0,0
04:59:02 Jan 06 2021,96,44,0,0,0
04:59:04 Jan 06 2021,95,43,0,0,0
04:59:06 Jan 06 2021,95,43,0,0,0
04:59:08 Jan 06 2021,95,44,1,0,0
04:59:10 Jan 06 2021,95,47,0,0,0
04:59:12 Jan 06 2021,95,49,0,0,0
04:59:14 Jan 06 2021,95,50,0,0,0
04:59:16 Jan 06 2021,95,48,0,0,0
04:59:18 Jan 06 2021,95,47,0,0,0
04:59:20 Jan 06 2021,95,47,0,0,0
04:59:22 Jan 06 2021,95,47,0,0,0
04:59:24 Jan 06 2021,95,46,0,0,0
04:59:26 Jan 06 2021,95,47,0,0,0
04:59:28 Jan 06 2021,94,47,0,0,0
04:59:30 Jan 06 2021,94,47,0,0,0
04:59:32 Jan 06 2021,94,47,0,0,0
04:59:34 Jan 06 2021,94,47,0,0,0
04:59:36 Jan 06 2021,94,47,0,0,0
04:59:38 Jan 06 2021,94,47,0,0,0
04:59:40 Jan 06 2021,94,47,0,0,0
04:59:42 Jan 06 2021,95,47,0,0,0
04:59:44 Jan 06 2021,95,47,0,0,0
04:59:46 Jan 06 2021,95,47,0,0,0
04:59:48 Jan 06 2021,95,49,0,0,0
04:59:50 Jan 06 2021,96,50,0,0,0
04:59:52 Jan 06 2021,96,52,0,0,0
04:59:54 Jan 06 2021,96,54,0,0,0
04:59:56 Jan 06 2021,96,52,0,0,0
04:59:58 Jan 06 2021,96,50,0,0,0
05:00:00 Jan 06 2021,96,49,0,0,0
05:00:02 Jan 06 2021,96,46,0,0,0
05:00:04 Jan 06 2021,96,47,0,0,0
05:00:06 Jan 06 2021,96,48,0,0,0
05:00:08 Jan 06 2021,96,47,0,0,0
05:00:10 Jan 06 2021,96,47,0,0,0
05:00:12 Jan 06 2021,96,52,0,0,0
05:00:14 Jan 06 2021,96,53,0,0,0
05:00:16 Jan 06 2021,96,53,0,0,0
05:00:18 Jan 06 2021,96,47,0,0,0
05:00:20 Jan 06 2021,96,43,0,0,0
05:00:22 Jan 06 2021,95,39,0,0,0
05:00:24 Jan 06 2021,95,36,0,0,0
05:00:26 Jan 06 2021,95,36,0,0,0
05:00:28 Jan 06 2021,94,36,0,0,0
05:00:30 Jan 06 2021,94,36,0,0,0
05:00:32 Jan 06 2021,94,36,0,0,0
05:00:34 Jan 06 2021,94,36,0,0,0
05:00:36 Jan 06 2021,94,36,0,0,0
05:00:38 Jan 06 2021,94,36,0,0,0
05:00:40 Jan 06 2021,94,37,0,0,0
05:00:42 Jan 06 2021,93,38,0,0,0
05:00:44 Jan 06 2021,92,38,0,0,0
05:00:46 Jan 06 2021,92,38,0,0,0
05:00:48 Jan 06 2021,91,38,0,0,0
05:00:50 Jan 06 2021,92,38,0,0,0
05:00:52 Jan 06 2021,92,38,0,0,0
05:00:54 Jan 06 2021,92,38,0,0,0
05:00:56 Jan 06 2021,92,38,0,0,0
05:00:58 Jan 06 2021,93,38,0,0,0
05:01:00 Jan 06 2021,95,38,0,0,0
05:01:02 Jan 06 2021,96,37,0,0,0
05:01:04 Jan 06 2021,96,36,0,0,0
05:01:06 Jan 06 2021,96,36,0,0,0
05:01:08 Jan 06 2021,96,35,0,0,0
05:01:10 Jan 06 2021,96,38,0,0,0
05:01:12 Jan 06 2021,96,39,0,0,0
05:01:14 Jan 06 2021,96,41,0,0,0
05:01:16 Jan 06 2021,96,43,0,0,0
05:01:18 Jan 06 2021,96,41,0,0,0
05:01:20 Jan 06 2021,96,41,0,0,0
05:01:22 Jan 06 2021,96,40,0,0,0
05:01:24 Jan 06 2021,96,40,0,0,0
05:01:26 Jan 06 2021,96,40,0,0,0
05:01:28 Jan 06 2021,96,40,0,0,0
05:01:30 Jan 06 2021,96,40,0,0,0
05:01:32 Jan 06 2021,96,38,0,0,0
05:01:34 Jan 06 2021,95,37,0,0,0
05:01:36 Jan 06 2021,95,37,0,0,0
05:01:38 Jan 06 2021,95,38,0,0,0
05:01:40 Jan 06 2021,95,38,0,0,0
05:01:42 Jan 06 2021,95,40,1,0,0
05:01:44 Jan 06 2021,95,40,0,0,0
05:01:46 Jan 06 2021,95,39,0,0,0
05:01:48 Jan 06 2021,95,40,0,0,0
05:01:50 Jan 06 2021,95,40,0,0,0
05:01:52 Jan 06 2021,94,40,0,0,0
05:01:54 Jan 06 2021,94,40,0,0,0
05:01:56 Jan 06 2021,94,41,0,0,0
05:01:58 Jan 06 2021,94,41,0,0,0
05:02:00 Jan 06 2021,94,48,0,0,0
05:02:02 Jan 06 2021,94,50,0,0,0
05:02:04 Jan 06 2021,94,48,0,0,0
05:02:06 Jan 06 2021,94,51,0,0,0
05:02:08 Jan 06 2021,94,48,0,0,0
05:02:10 Jan 06 2021,94,45,0,0,0
05:02:12 Jan 06 2021,95,43,0,0,0
05:02:14 Jan 06 2021,96,39,0,0,0
05:02:16 Jan 06 2021,96,38,0,0,0
05:02:18 Jan 06 2021,96,37,0,0,0
05:02:20 Jan 06 2021,96,37,0,0,0
05:02:22 Jan 06 2021,96,38,0,0,0
05:02:24 Jan 06 2021,96,39,0,0,0
05:02:26 Jan 06 2021,96,39,0,0,0
05:02:28 Jan 06 2021,96,39,0,0,0
05:02:30 Jan 06 2021,96,37,0,0,0
05:02:32 Jan 06 2021,96,36,1,0,0
05:02:34 Jan 06 2021,96,36,0,0,0
05:02:36 Jan 06 2021,96,36,0,0,0
05:02:38 Jan 06 2021,96,37,0,0,0
05:02:40 Jan 06 2021,96,37,0,0,0
05:02:42 Jan 06 2021,96,38,0,0,0
05:02:44 Jan 06 2021,96,38,0,0,0
05:02:46 Jan 06 2021,96,38,0,0,0
05:02:48 Jan 06 2021,96,38,0,0,0
05:02:50 Jan 06 2021,96,38,0,0,0
05:02:52 Jan 06 2021,96,38,0,0,0
05:02:54 Jan 06 2021,96,38,0,0,0
05:02:56 Jan 06 2021,96,38,0,0,0
05:02:58 Jan 06 2021,96,38,0,0,0
05:03:00 Jan 06 2021,96,38,0,0,0
05:03:02 Jan 06 2021,95,38,0,0,0
05:03:04 Jan 06 2021,95,37,0,0,0
05:03:06 Jan 06 2021,95,37,0,0,0
05:03:08 Jan 06 2021,94,37,0,0,0
05:03:10 Jan 06 2021,93,36,0,0,0
05:03:12 Jan 06 2021,93,36,0,0,0
05:03:14 Jan 06 2021,92,35,0,0,0
05:03:16 Jan 06 2021,93,35,0,0,0
05:03:18 Jan 06 2021,93,35,0,0,0
05:03:20 Jan 06 2021,93,35,0,0,0
05:03:22 Jan 06 2021,94,35,0,0,0
05:03:24 Jan 06 2021,94,35,0,0,0
05:03:26 Jan 06 2021,95,34,0,0,0
05:03:28 Jan 06 2021,95,34,0,0,0
05:03:30 Jan 06 2021,95,35,0,0,0
05:03:32 Jan 06 2021,95,36,0,0,0
05:03:34 Jan 06 2021,96,36,0,0,0
05:03:36 Jan 06 2021,96,36,0,0,0
05:03:38 Jan 06 2021,96,36,0,0,0
05:03:40 Jan 06 2021,96,36,0,0,0
05:03:42 Jan 06 2021,96,36,0,0,0
05:03:44 Jan 06 2021,96,36,0,0,0
05:03:46 Jan 06 2021,96,36,0,0,0
05:03:48 Jan 06 2021,96,36,0,0,0
05:03:50 Jan 06 2021,96,36,0,0,0
05:03:52 Jan 06 2021,95,36,0,0,0
05:03:54 Jan 06 2021,95,36,0,0,0
05:03:56 Jan 06 2021,95,36,0,0,0
05:03:58 Jan 06 2021,95,38,0,0,0
05:04:00 Jan 06 2021,95,39,0,0,0
05:04:02 Jan 06 2021,95,40,0,0,0
05:04:04 Jan 06 2021,95,40,0,0,0
05:04:06 Jan 06 2021,95,39,0,0,0
05:04:08 Jan 06 2021,95,39,0,0,0
05:04:10 Jan 06 2021,95,39,0,0,0
05:04:12 Jan 06 2021,95,39,0,0,0
05:04:14 Jan 06 2021,95,39,0,0,0
05:04:16 Jan 06 2021,95,39,0,0,0
05:04:18 Jan 06 2021,94,39,0,0,0
05:04:20 Jan 06 2021,95,39,0,0,0
05:04:22 Jan 06 2021,95,39,0,0,0
05:04:24 Jan 06 2021,94,38,0,0,0
05:04:26 Jan 06 2021,93,38,0,0,0
05:04:28 Jan 06 2021,92,38,0,0,0
05:04:30 Jan 06 2021,92,38,0,0,0
05:04:32 Jan 06 2021,91,39,0,0,0
05:04:34 Jan 06 2021,91,39,0,0,0
05:04:36 Jan 06 2021,91,40,0,0,0
05:04:38 Jan 06 2021,92,40,0,0,0
05:04:40 Jan 06 2021,92,40,0,0,0
05:04:42 Jan 06 2021,94,40,0,0,0
05:04:44 Jan 06 2021,95,40,0,0,0
05:04:46 Jan 06 2021,96,40,0,0,0
05:04:48 Jan 06 2021,96,40,0,0,0
05:04:50 Jan 06 2021,96,40,0,0,0
05:04:52 Jan 06 2021,96,40,0,0,0
05:04:54 Jan 06 2021,96,40,0,0,0
05:04:56 Jan 06 2021,96,41,0,0,0
05:04:58 Jan 06 2021,96,41,0,0,0
05:05:00 Jan 06 2021,96,41,0,0,0
05:05:02 Jan 06 2021,96,41,0,0,0
05:05:04 Jan 06 2021,96,41,0,0,0
05:05:06 Jan 06 2021,96,40,0,0,0
05:05:08 Jan 06 2021,96,38,0,0,0
05:05:10 Jan 06 2021,95,37,0,0,0
05:05:12 Jan 06 2021,95,36,0,0,0
05:05:14 Jan 06 2021,95,37,0,0,0
05:05:16 Jan 06 2021,95,37,0,0,0
05:05:18 Jan 06 2021,95,37,0,0,0
05:05:20 Jan 06 2021,95,37,0,0,0
05:05:22 Jan 06 2021,95,37,0,0,0
05:05:24 Jan 06 2021,95,37,0,0,0
05:05:26 Jan 06 2021,95,37,0,0,0
05:05:28 Jan 06 2021,95,37,0,0,0
05:05:30 Jan 06 2021,95,37,0,0,0
05:05:32 Jan 06 2021,95,37,0,0,0
05:05:34 Jan 06 2021,95,37,0,0,0
05:05:36 Jan 06 2021,95,37,0,0,0
05:05:38 Jan 06 2021,95,37,0,0,0
05:05:40 Jan 06 2021,95,37,0,0,0
05:05:42 Jan 06 2021,95,37,0,0,0
05:05:44 Jan 06 2021,95,37,0,0,0
05:05:46 Jan 06 2021,95,37,0,0,0
05:05:48 Jan 06 2021,95,37,0,0,0
05:05:50 Jan 06 2021,95,37,0,0,0
05:05:52 Jan 06 2021,95,37,0,0,0
05:05:54 Jan 06 2021,95,38,0,0,0
05:05:56 Jan 06 2021,95,38,0,0,0
05:05:58 Jan 06 2021,95,44,0,0,0
05:06:00 Jan 06 2021,95,47,0,0,0
05:06:02 Jan 06 2021,95,45,0,0,0
05:06:04 Jan 06 2021,95,46,0,0,0
05:06:06 Jan 06 2021,96,43,0,0,0
05:06:08 Jan 06 2021,96,40,0,0,0
05:06:10 Jan 06 2021,96,40,0,0,0
05:06:12 Jan 06 2021,96,39,0,0,0
05:06:14 Jan 06 2021,96,41,0,0,0
05:06:16 Jan 06 2021,96,41,0,0,0
05:06:18 Jan 06 2021,96,41,0,0,0
05:06:20 Jan 06 2021,96,41,0,0,0
05:06:22 Jan 06 2021,96,41,0,0,0
05:06:24 Jan 06 2021,96,41,0,0,0
05:06:26 Jan 06 2021,96,42,0,0,0
05:06:28 Jan 06 2021,96,41,0,0,0
05:06:30 Jan 06 2021,95,40,0,0,0
05:06:32 Jan 06 2021,95,39,0,0,0
05:06:34 Jan 06 2021,95,39,0,0,0
05:06:36 Jan 06 2021,95,38,0,0,0
05:06:38 Jan 06 2021,95,38,0,0,0
05:06:40 Jan 06 2021,94,38,0,0,0
05:06:42 Jan 06 2021,94,37,0,0,0
05:06:44 Jan 06 2021,94,38,0,0,0
05:06:46 Jan 06 2021,93,38,0,0,0
05:06:48 Jan 06 2021,93,39,0,0,0
05:06:50 Jan 06 2021,93,38,0,0,0
05:06:52 Jan 06 2021,92,38,0,0,0
05:06:54 Jan 06 2021,92,38,0,0,0
05:06:56 Jan 06 2021,92,38,0,0,0
05:06:58 Jan 06 2021,92,38,0,0,0
05:07:00 Jan 06 2021,92,38,0,0,0
05:07:02 Jan 06 2021,92,38,0,0,0
05:07:04 Jan 06 2021,93,37,0,0,0
05:07:06 Jan 06 2021,93,37,0,0,0
05:07:08 Jan 06 2021,93,37,0,0,0
05:07:10 Jan 06 2021,93,36,0,0,0
05:07:12 Jan 06 2021,93,37,0,0,0
05:07:14 Jan 06 2021,93,37,0,0,0
05:07:16 Jan 06 2021,93,37,0,0,0
05:07:18 Jan 06 2021,93,37,0,0,0
05:07:20 Jan 06 2021,93,37,0,0,0
05:07:22 Jan 06 2021,93,37,0,0,0
05:07:24 Jan 06 2021,93,37,0,0,0
05:07:26 Jan 06 2021,93,37,0,0,0
05:07:28 Jan 06 2021,93,37,0,0,0
05:07:30 Jan 06 2021,94,37,0,0,0
05:07:32 Jan 06 2021,94,37,0,0,0
05:07:34 Jan 06 2021,95,37,0,0,0
05:07:36 Jan 06 2021,95,37,0,0,0
05:07:38 Jan 06 2021,95,37,0,0,0
05:07:40 Jan 06 2021,95,38,0,0,0
05:07:42 Jan 06 2021,95,38,0,0,0
05:07:44 Jan 06 2021,95,38,0,0,0
05:07:46 Jan 06 2021,95,38,0,0,0
05:07:48 Jan 06 2021,95,38,1,0,0
05:07:50 Jan 06 2021,95,38,0,0,0
05:07:52 Jan 06 2021,95,38,0,0,0
05:07:54 Jan 06 2021,95,38,0,0,0
05:07:56 Jan 06 2021,94,38,0,0,0
05:07:58 Jan 06 2021,94,39,0,0,0
05:08:00 Jan 06 2021,93,40,0,0,0
05:08:02 Jan 06 2021,93,41,0,0,0
05:08:04 Jan 06 2021,93,42,0,0,0
05:08:06 Jan 06 2021,92,40,0,0,0
05:08:08 Jan 06 2021,92,39,0,0,0
05:08:10 Jan 06 2021,92,38,0,0,0
05:08:12 Jan 06 2021,92,38,0,0,0
05:08:14 Jan 06 2021,92,38,0,0,0
05:08:16 Jan 06 2021,92,38,0,0,0
05:08:18 Jan 06 2021,92,38,0,0,0
05:08:20 Jan 06 2021,92,38,0,0,0
05:08:22 Jan 06 2021,92,38,0,0,0
05:08:24 Jan 06 2021,92,38,0,0,0
05:08:26 Jan 06 2021,93,41,0,0,0
05:08:28 Jan 06 2021,93,39,0,0,0
05:08:30 Jan 06 2021,94,38,0,0,0
05:08:32 Jan 06 2021,96,38,0,0,0
05:08:34 Jan 06 2021,96,37,0,0,0
05:08:36 Jan 06 2021,96,38,0,0,0
05:08:38 Jan 06 2021,96,38,0,0,0
05:08:40 Jan 06 2021,96,38,0,0,0
05:08:42 Jan 06 2021,96,38,0,0,0
05:08:44 Jan 06 2021,96,45,0,0,0
05:08:46 Jan 06 2021,96,47,0,0,0
05:08:48 Jan 06 2021,96,56,0,0,0
05:08:50 Jan 06 2021,96,55,0,0,0
05:08:52 Jan 06 2021,96,51,0,0,0
05:08:54 Jan 06 2021,95,49,0,0,0
05:08:56 Jan 06 2021,94,43,0,0,0
05:08:58 Jan 06 2021,93,39,0,0,0
05:09:00 Jan 06 2021,93,38,0,0,0
05:09:02 Jan 06 2021,93,38,0,0,0
05:09:04 Jan 06 2021,93,37,0,0,0
05:09:06 Jan 06 2021,93,37,0,0,0
05:09:08 Jan 06 2021,93,36,0,0,0
05:09:10 Jan 06 2021,93,36,0,0,0
05:09:12 Jan 06 2021,93,36,0,0,0
05:09:14 Jan 06 2021,93,36,0,0,0
05:09:16 Jan 06 2021,93,36,1,0,0
05:09:18 Jan 06 2021,93,36,0,0,0
05:09:20 Jan 06 2021,93,36,0,0,0
05:09:22 Jan 06 2021,93,36,0,0,0
05:09:24 Jan 06 2021,92,34,0,0,0
05:09:26 Jan 06 2021,91,33,0,0,0
05:09:28 Jan 06 2021,91,33,0,0,0
05:09:30 Jan 06 2021,91,33,0,0,0
05:09:32 Jan 06 2021,91,33,0,0,0
05:09:34 Jan 06 2021,91,33,0,0,0
05:09:36 Jan 06 2021,92,33,0,0,0
05:09:38 Jan 06 2021,92,34,0,0,0
05:09:40 Jan 06 2021,93,34,0,0,0
05:09:42 Jan 06 2021,93,34,0,0,0
05:09:44 Jan 06 2021,93,34,0,0,0
05:09:46 Jan 06 2021,93,34,0,0,0
05:09:48 Jan 06 2021,93,34,0,0,0
05:09:50 Jan 06 2021,94,34,0,0,0
05:09:52 Jan 06 2021,95,35,0,0,0
05:09:54 Jan 06 2021,96,35,0,0,0
05:09:56 Jan 06 2021,96,35,0,0,0
05:09:58 Jan 06 2021,96,35,0,0,0
05:10:00 Jan 06 2021,96,35,0,0,0
05:10:02 Jan 06 2021,96,35,0,0,0
05:10:04 Jan 06 2021,96,35,0,0,0
05:10:06 Jan 06 2021,96,35,0,0,0
05:10:08 Jan 06 2021,96,35,0,0,0
05:10:10 Jan 06 2021,96,35,0,0,0
05:10:12 Jan 06 2021,96,36,0,0,0
05:10:14 Jan 06 2021,96,39,0,0,0
05:10:16 Jan 06 2021,96,40,0,0,0
05:10:18 Jan 06 2021,95,41,0,0,0
05:10:20 Jan 06 2021,95,40,0,0,0
05:10:22 Jan 06 2021,95,38,0,0,0
05:10:24 Jan 06 2021,94,39,0,0,0
05:10:26 Jan 06 2021,94,42,0,0,0
05:10:28 Jan 06 2021,93,43,0,0,0
05:10:30 Jan 06 2021,93,43,0,0,0
05:10:32 Jan 06 2021,93,43,0,0,0
05:10:34 Jan 06 2021,93,42,0,0,0
05:10:36 Jan 06 2021,93,42,0,0,0
05:10:38 Jan 06 2021,93,43,0,0,0
05:10:40 Jan 06 2021,93,42,0,0,0
05:10:42 Jan 06 2021,92,41,0,0,0
05:10:44 Jan 06 2021,92,41,0,0,0
05:10:46 Jan 06 2021,92,41,1,0,0
05:10:48 Jan 06 2021,92,41,0,0,0
05:10:50 Jan 06 2021,92,42,0,0,0
05:10:52 Jan 06 2021,93,42,0,0,0
05:10:54 Jan 06 2021,93,41,0,0,0
05:10:56 Jan 06 2021,94,39,0,0,0
05:10:58 Jan 06 2021,94,38,0,0,0
05:11:00 Jan 06 2021,94,38,0,0,0
05:11:02 Jan 06 2021,94,38,0,0,0
05:11:04 Jan 06 2021,94,38,0,0,0
05:11:06 Jan 06 2021,94,38,0,0,0
05:11:08 Jan 06 2021,95,38,0,0,0
05:11:10 Jan 06 2021,95,38,0,0,0
05:11:12 Jan 06 2021,95,38,0,0,0
05:11:14 Jan 06 2021,95,39,0,0,0
05:11:16 Jan 06 2021,96,40,0,0,0
05:11:18 Jan 06 2021,96,41,0,0,0
05:11:20 Jan 06 2021,96,41,0,0,0
05:11:22 Jan 06 2021,96,41,0,0,0
05:11:24 Jan 06 2021,96,41,0,0,0
05:11:26 Jan 06 2021,96,41,0,0,0
05:11:28 Jan 06 2021,96,47,0,0,0
05:11:30 Jan 06 2021,96,48,0,0,0
05:11:32 Jan 06 2021,96,51,0,0,0
05:11:34 Jan 06 2021,95,58,0,0,0
05:11:36 Jan 06 2021,95,50,0,0,0
05:11:38 Jan 06 2021,95,51,0,0,0
05:11:40 Jan 06 2021,94,57,0,0,0
05:11:42 Jan 06 2021,94,55,0,0,0
05:11:44 Jan 06 2021,95,55,0,0,0
05:11:46 Jan 06 2021,95,55,0,0,0
05:11:48 Jan 06 2021,95,55,0,0,0
05:11:50 Jan 06 2021,95,55,0,0,0
05:11:52 Jan 06 2021,95,55,0,0,0
05:11:54 Jan 06 2021,95,55,0,0,0
05:11:56 Jan 06 2021,95,55,0,0,0
05:11:58 Jan 06 2021,95,59,0,0,0
05:12:00 Jan 06 2021,95,71,0,0,0
05:12:02 Jan 06 2021,94,74,0,0,0
05:12:04 Jan 06 2021,95,83,0,0,0
05:12:06 Jan 06 2021,95,82,0,0,0
05:12:08 Jan 06 2021,95,80,0,0,0
05:12:10 Jan 06 2021,95,83,0,0,0
05:12:12 Jan 06 2021,95,80,0,0,0
05:12:14 Jan 06 2021,95,80,0,0,0
05:12:16 Jan 06 2021,95,80,0,0,0
05:12:18 Jan 06 2021,95,79,0,0,0
05:12:20 Jan 06 2021,95,80,0,0,0
05:12:22 Jan 06 2021,95,80,0,0,0
05:12:24 Jan 06 2021,95,79,0,0,0
05:12:26 Jan 06 2021,95,78,0,0,0
05:12:28 Jan 06 2021,95,78,0,0,0
05:12:30 Jan 06 2021,95,78,0,0,0
05:12:32 Jan 06 2021,95,77,0,0,0
05:12:34 Jan 06 2021,94,76,0,0,0
05:12:36 Jan 06 2021,94,76,0,0,0
05:12:38 Jan 06 2021,94,75,0,0,0
05:12:40 Jan 06 2021,94,79,0,0,0
05:12:42 Jan 06 2021,94,82,0,0,0
05:12:44 Jan 06 2021,93,84,0,0,0
05:12:46 Jan 06 2021,93,86,0,0,0
05:12:48 Jan 06 2021,92,87,0,0,0
05:12:50 Jan 06 2021,92,85,0,0,0
05:12:52 Jan 06 2021,91,80,0,0,0
05:12:54 Jan 06 2021,91,78,0,0,0
05:12:56 Jan 06 2021,91,76,0,0,0
05:12:58 Jan 06 2021,91,77,0,0,0
05:13:00 Jan 06 2021,91,80,0,0,0
05:13:02 Jan 06 2021,91,79,0,0,0
05:13:04 Jan 06 2021,92,80,0,0,0
05:13:06 Jan 06 2021,92,81,0,0,0
05:13:08 Jan 06 2021,93,81,0,0,0
05:13:10 Jan 06 2021,94,83,0,0,0
05:13:12 Jan 06 2021,94,83,0,0,0
05:13:14 Jan 06 2021,94,83,0,0,0
05:13:16 Jan 06 2021,94,83,0,0,0
05:13:18 Jan 06 2021,94,83,0,0,0
05:13:20 Jan 06 2021,95,83,0,0,0
05:13:22 Jan 06 2021,96,82,0,0,0
05:13:24 Jan 06 2021,96,82,0,0,0
05:13:26 Jan 06 2021,96,82,0,0,0
05:13:28 Jan 06 2021,96,81,0,0,0
05:13:30 Jan 06 2021,96,83,0,0,0
05:13:32 Jan 06 2021,96,81,0,0,0
05:13:34 Jan 06 2021,96,81,0,0,0
05:13:36 Jan 06 2021,96,82,0,0,0
05:13:38 Jan 06 2021,96,82,0,0,0
05:13:40 Jan 06 2021,96,84,0,0,0
05:13:42 Jan 06 2021,96,83,0,0,0
05:13:44 Jan 06 2021,96,82,0,0,0
05:13:46 Jan 06 2021,96,82,0,0,0
05:13:48 Jan 06 2021,95,82,0,0,0
05:13:50 Jan 06 2021,95,80,0,0,0
05:13:52 Jan 06 2021,95,80,0,0,0
05:13:54 Jan 06 2021,95,81,0,0,0
05:13:56 Jan 06 2021,95,79,0,0,0
05:13:58 Jan 06 2021,94,82,0,0,0
05:14:00 Jan 06 2021,94,83,0,0,0
05:14:02 Jan 06 2021,94,83,0,0,0
05:14:04 Jan 06 2021,94,84,0,0,0
05:14:06 Jan 06 2021,94,79,0,0,0
05:14:08 Jan 06 2021,94,77,0,0,0
05:14:10 Jan 06 2021,93,72,0,0,0
05:14:12 Jan 06 2021,93,71,0,0,0
05:14:14 Jan 06 2021,93,71,0,0,0
05:14:16 Jan 06 2021,93,71,1,0,0
05:14:18 Jan 06 2021,93,73,0,0,0
05:14:20 Jan 06 2021,93,75,0,0,0
05:14:22 Jan 06 2021,94,75,0,0,0
05:14:24 Jan 06 2021,94,69,0,0,0
05:14:26 Jan 06 2021,95,64,0,0,0
05:14:28 Jan 06 2021,96,55,0,0,0
05:14:30 Jan 06 2021,96,46,0,0,0
05:14:32 Jan 06 2021,96,46,0,0,0
05:14:34 Jan 06 2021,96,46,0,0,0
05:14:36 Jan 06 2021,96,47,0,0,0
05:14:38 Jan 06 2021,96,47,0,0,0
05:14:40 Jan 06 2021,96,52,0,0,0
05:14:42 Jan 06 2021,96,52,0,0,0
05:14:44 Jan 06 2021,96,50,0,0,0
05:14:46 Jan 06 2021,96,50,0,0,0
05:14:48 Jan 06 2021,96,49,0,0,0
05:14:50 Jan 06 2021,96,49,0,0,0
05:14:52 Jan 06 2021,96,47,0,0,0
05:14:54 Jan 06 2021,95,47,0,0,0
05:14:56 Jan 06 2021,95,47,0,0,0
05:14:58 Jan 06 2021,95,46,0,0,0
05:15:00 Jan 06 2021,95,46,0,0,0
05:15:02 Jan 06 2021,94,44,0,0,0
05:15:04 Jan 06 2021,94,45,0,0,0
05:15:06 Jan 06 2021,94,45,0,0,0
05:15:08 Jan 06 2021,94,49,0,0,0
05:15:10 Jan 06 2021,94,56,0,0,0
05:15:12 Jan 06 2021,94,54,0,0,0
05:15:14 Jan 06 2021,93,55,0,0,0
05:15:16 Jan 06 2021,93,53,0,0,0
05:15:18 Jan 06 2021,92,48,0,0,0
05:15:20 Jan 06 2021,92,47,0,0,0
05:15:22 Jan 06 2021,92,44,0,0,0
05:15:24 Jan 06 2021,91,41,0,0,0
05:15:26 Jan 06 2021,91,38,0,0,0
05:15:28 Jan 06 2021,91,37,0,0,0
05:15:30 Jan 06 2021,91,37,0,0,0
05:15:32 Jan 06 2021,91,37,0,0,0
05:15:34 Jan 06 2021,92,37,0,0,0
05:15:36 Jan 06 2021,93,37,0,0,0
05:15:38 Jan 06 2021,93,37,0,0,0
05:15:40 Jan 06 2021,93,37,0,0,0
05:15:42 Jan 06 2021,93,37,0,0,0
05:15:44 Jan 06 2021,93,37,0,0,0
05:15:46 Jan 06 2021,93,37,0,0,0
05:15:48 Jan 06 2021,94,38,0,0,0
05:15:50 Jan 06 2021,94,38,0,0,0
05:15:52 Jan 06 2021,94,38,0,0,0
05:15:54 Jan 06 2021,94,38,0,0,0
05:15:56 Jan 06 2021,95,38,0,0,0
05:15:58 Jan 06 2021,95,38,0,0,0
05:16:00 Jan 06 2021,96,38,0,0,0
05:16:02 Jan 06 2021,96,38,0,0,0
05:16:04 Jan 06 2021,96,38,0,0,0
05:16:06 Jan 06 2021,96,38,0,0,0
05:16:08 Jan 06 2021,96,39,0,0,0
05:16:10 Jan 06 2021,95,39,0,0,0
05:16:12 Jan 06 2021,95,39,0,0,0
05:16:14 Jan 06 2021,95,39,0,0,0
05:16:16 Jan 06 2021,95,38,0,0,0
05:16:18 Jan 06 2021,95,38,0,0,0
05:16:20 Jan 06 2021,95,38,0,0,0
05:16:22 Jan 06 2021,95,38,0,0,0
05:16:24 Jan 06 2021,95,38,0,0,0
05:16:26 Jan 06 2021,95,38,0,0,0
05:16:28 Jan 06 2021,94,39,0,0,0
05:16:30 Jan 06 2021,94,40,0,0,0
05:16:32 Jan 06 2021,93,45,0,0,0
05:16:34 Jan 06 2021,93,47,0,0,0
05:16:36 Jan 06 2021,92,49,0,0,0
05:16:38 Jan 06 2021,92,51,0,0,0
05:16:40 Jan 06 2021,92,48,0,0,0
05:16:42 Jan 06 2021,92,46,0,0,0
05:16:44 Jan 06 2021,92,45,0,0,0
05:16:46 Jan 06 2021,93,43,0,0,0
05:16:48 Jan 06 2021,93,39,0,0,0
05:16:50 Jan 06 2021,93,39,0,0,0
05:16:52 Jan 06 2021,94,36,0,0,0
05:16:54 Jan 06 2021,94,34,0,0,0
05:16:56 Jan 06 2021,95,35,0,0,0
05:16:58 Jan 06 2021,95,34,0,0,0
05:17:00 Jan 06 2021,96,34,0,0,0
05:17:02 Jan 06 2021,96,35,0,0,0
05:17:04 Jan 06 2021,96,36,0,0,0
05:17:06 Jan 06 2021,96,37,0,0,0
05:17:08 Jan 06 2021,96,37,0,0,0
05:17:10 Jan 06 2021,96,38,0,0,0
05:17:12 Jan 06 2021,96,38,0,0,0
05:17:14 Jan 06 2021,96,39,0,0,0
05:17:16 Jan 06 2021,96,39,0,0,0
05:17:18 Jan 06 2021,96,43,0,0,0
05:17:20 Jan 06 2021,96,49,0,0,0
05:17:22 Jan 06 2021,96,52,0,0,0
05:17:24 Jan 06 2021,95,47,0,0,0
05:17:26 Jan 06 2021,95,46,0,0,0
05:17:28 Jan 06 2021,95,47,0,0,0
05:17:30 Jan 06 2021,94,50,0,0,0
05:17:32 Jan 06 2021,94,52,0,0,0
05:17:34 Jan 06 2021,94,54,0,0,0
05:17:36 Jan 06 2021,94,49,0,0,0
05:17:38 Jan 06 2021,93,44,0,0,0
05:17:40 Jan 06 2021,93,42,0,0,0
05:17:42 Jan 06 2021,93,39,0,0,0
05:17:44 Jan 06 2021,93,39,0,0,0
05:17:46 Jan 06 2021,93,41,0,0,0
05:17:48 Jan 06 2021,93,40,0,0,0
05:17:50 Jan 06 2021,93,40,0,0,0
05:17:52 Jan 06 2021,92,42,2,0,0
05:17:54 Jan 06 2021,92,42,0,0,0
05:17:56 Jan 06 2021,92,43,0,0,0
05:17:58 Jan 06 2021,92,44,0,0,0
05:18:00 Jan 06 2021,93,44,0,0,0
05:18:02 Jan 06 2021,93,45,0,0,0
05:18:04 Jan 06 2021,93,44,0,0,0
05:18:06 Jan 06 2021,93,44,0,0,0
05:18:08 Jan 06 2021,93,44,0,0,0
05:18:10 Jan 06 2021,94,44,0,0,0
05:18:12 Jan 06 2021,94,44,0,0,0
05:18:14 Jan 06 2021,94,44,0,0,0
05:18:16 Jan 06 2021,95,44,0,0,0
05:18:18 Jan 06 2021,96,44,0,0,0
05:18:20 Jan 06 2021,97,44,0,0,0
05:18:22 Jan 06 2021,97,44,0,0,0
05:18:24 Jan 06 2021,97,44,0,0,0
05:18:26 Jan 06 2021,97,44,0,0,0
05:18:28 Jan 06 2021,97,44,0,0,0
05:18:30 Jan 06 2021,97,44,0,0,0
05:18:32 Jan 06 2021,97,44,1,0,0
05:18:34 Jan 06 2021,97,44,0,0,0
05:18:36 Jan 06 2021,97,44,0,0,0
05:18:38 Jan 06 2021,97,44,1,0,0
05:18:40 Jan 06 2021,97,43,1,0,0
05:18:42 Jan 06 2021,97,43,1,0,0
05:18:44 Jan 06 2021,97,43,0,0,0
05:18:46 Jan 06 2021,97,43,0,0,0
05:18:48 Jan 06 2021,97,43,0,0,0
05:18:50 Jan 06 2021,96,44,0,0,0
05:18:52 Jan 06 2021,96,44,0,0,0
05:18:54 Jan 06 2021,95,45,1,0,0
05:18:56 Jan 06 2021,95,46,0,0,0
05:18:58 Jan 06 2021,95,46,1,0,0
05:19:00 Jan 06 2021,94,46,1,0,0
05:19:02 Jan 06 2021,93,46,0,0,0
05:19:04 Jan 06 2021,93,46,0,0,0
05:19:06 Jan 06 2021,93,46,0,0,0
05:19:08 Jan 06 2021,93,46,0,0,0
05:19:10 Jan 06 2021,93,46,0,0,0
05:19:12 Jan 06 2021,93,46,0,0,0
05:19:14 Jan 06 2021,93,46,1,0,0
05:19:16 Jan 06 2021,93,46,0,0,0
05:19:18 Jan 06 2021,93,46,0,0,0
05:19:20 Jan 06 2021,93,46,0,0,0
05:19:22 Jan 06 2021,94,46,1,0,0
05:19:24 Jan 06 2021,95,47,0,0,0
05:19:26 Jan 06 2021,96,47,1,0,0
05:19:28 Jan 06 2021,96,47,0,0,0
05:19:30 Jan 06 2021,96,47,0,0,0
05:19:32 Jan 06 2021,96,47,0,0,0
05:19:34 Jan 06 2021,96,47,0,0,0
05:19:36 Jan 06 2021,96,46,0,0,0
05:19:38 Jan 06 2021,97,44,1,0,0
05:19:40 Jan 06 2021,96,44,0,0,0
05:19:42 Jan 06 2021,96,45,0,0,0
05:19:44 Jan 06 2021,96,47,0,0,0
05:19:46 Jan 06 2021,97,50,0,0,0
05:19:48 Jan 06 2021,97,48,0,0,0
05:19:50 Jan 06 2021,97,48,0,0,0
05:19:52 Jan 06 2021,97,49,1,0,0
05:19:54 Jan 06 2021,97,49,0,0,0
05:19:56 Jan 06 2021,97,49,0,0,0
05:19:58 Jan 06 2021,97,49,0,0,0
05:20:00 Jan 06 2021,97,52,0,0,0
05:20:02 Jan 06 2021,97,54,0,0,0
05:20:04 Jan 06 2021,97,54,0,0,0
05:20:06 Jan 06 2021,97,54,0,0,0
05:20:08 Jan 06 2021,97,52,0,0,0
05:20:10 Jan 06 2021,96,48,0,0,0
05:20:12 Jan 06 2021,95,44,0,0,0
05:20:14 Jan 06 2021,95,42,0,0,0
05:20:16 Jan 06 2021,94,41,0,0,0
05:20:18 Jan 06 2021,94,41,0,0,0
05:20:20 Jan 06 2021,94,41,0,0,0
05:20:22 Jan 06 2021,94,41,1,0,0
05:20:24 Jan 06 2021,94,41,0,0,0
05:20:26 Jan 06 2021,93,44,0,0,0
05:20:28 Jan 06 2021,93,46,1,0,0
05:20:30 Jan 06 2021,93,48,0,0,0
05:20:32 Jan 06 2021,93,49,0,0,0
05:20:34 Jan 06 2021,93,47,0,0,0
05:20:36 Jan 06 2021,93,47,0,0,0
05:20:38 Jan 06 2021,93,47,0,0,0
05:20:40 Jan 06 2021,94,48,0,0,0
05:20:42 Jan 06 2021,94,48,0,0,0
05:20:44 Jan 06 2021,94,48,0,0,0
05:20:46 Jan 06 2021,94,48,0,0,0
05:20:48 Jan 06 2021,94,48,0,0,0
05:20:50 Jan 06 2021,94,48,0,0,0
05:20:52 Jan 06 2021,94,48,0,0,0
05:20:54 Jan 06 2021,94,48,0,0,0
05:20:56 Jan 06 2021,94,48,1,0,0
05:20:58 Jan 06 2021,94,48,1,0,0
05:21:00 Jan 06 2021,95,49,0,0,0
05:21:02 Jan 06 2021,96,48,0,0,0
05:21:04 Jan 06 2021,96,46,0,0,0
05:21:06 Jan 06 2021,96,42,0,0,0
05:21:08 Jan 06 2021,96,40,0,0,0
05:21:10 Jan 06 2021,95,44,1,0,0
05:21:12 Jan 06 2021,95,47,0,0,0
05:21:14 Jan 06 2021,95,49,0,0,0
05:21:16 Jan 06 2021,95,45,1,0,0
05:21:18 Jan 06 2021,95,42,0,0,0
05:21:20 Jan 06 2021,94,39,0,0,0
05:21:22 Jan 06 2021,94,36,0,0,0
05:21:24 Jan 06 2021,93,36,0,0,0
05:21:26 Jan 06 2021,93,35,0,0,0
05:21:28 Jan 06 2021,93,35,0,0,0
05:21:30 Jan 06 2021,93,35,0,0,0
05:21:32 Jan 06 2021,93,35,0,0,0
05:21:34 Jan 06 2021,93,35,1,0,0
05:21:36 Jan 06 2021,93,35,0,0,0
05:21:38 Jan 06 2021,93,35,0,0,0
05:21:40 Jan 06 2021,93,35,0,0,0
05:21:42 Jan 06 2021,93,35,0,0,0
05:21:44 Jan 06 2021,93,35,0,0,0
05:21:46 Jan 06 2021,93,37,1,0,0
05:21:48 Jan 06 2021,94,41,0,0,0
05:21:50 Jan 06 2021,95,47,0,0,0
05:21:52 Jan 06 2021,95,49,0,0,0
05:21:54 Jan 06 2021,96,48,0,0,0
05:21:56 Jan 06 2021,96,44,0,0,0
05:21:58 Jan 06 2021,96,41,0,0,0
05:22:00 Jan 06 2021,96,41,0,0,0
05:22:02 Jan 06 2021,96,41,0,0,0
05:22:04 Jan 06 2021,96,40,0,0,0
05:22:06 Jan 06 2021,96,44,0,0,0
05:22:08 Jan 06 2021,96,46,0,0,0
05:22:10 Jan 06 2021,96,47,0,0,0
05:22:12 Jan 06 2021,96,49,0,0,0
05:22:14 Jan 06 2021,96,52,0,0,0
05:22:16 Jan 06 2021,96,54,0,0,0
05:22:18 Jan 06 2021,96,53,0,0,0
05:22:20 Jan 06 2021,96,57,0,0,0
05:22:22 Jan 06 2021,96,57,0,0,0
05:22:24 Jan 06 2021,96,55,0,0,0
05:22:26 Jan 06 2021,96,54,0,0,0
05:22:28 Jan 06 2021,96,53,0,0,0
05:22:30 Jan 06 2021,96,53,0,0,0
05:22:32 Jan 06 2021,96,53,0,0,0
05:22:34 Jan 06 2021,96,53,0,0,0
05:22:36 Jan 06 2021,95,54,0,0,0
05:22:38 Jan 06 2021,95,57,0,0,0
05:22:40 Jan 06 2021,95,60,0,0,0
05:22:42 Jan 06 2021,94,64,0,0,0
05:22:44 Jan 06 2021,94,64,0,0,0
05:22:46 Jan 06 2021,93,68,0,0,0
05:22:48 Jan 06 2021,92,66,0,0,0
05:22:50 Jan 06 2021,92,65,0,0,0
05:22:52 Jan 06 2021,92,64,0,0,0
05:22:54 Jan 06 2021,92,55,0,0,0
05:22:56 Jan 06 2021,93,61,0,0,0
05:22:58 Jan 06 2021,94,65,0,0,0
05:23:00 Jan 06 2021,95,72,0,0,0
05:23:02 Jan 06 2021,96,75,0,0,0
05:23:04 Jan 06 2021,96,77,0,0,0
05:23:06 Jan 06 2021,96,75,0,0,0
05:23:08 Jan 06 2021,96,75,0,0,0
05:23:10 Jan 06 2021,96,78,0,0,0
05:23:12 Jan 06 2021,96,74,0,0,0
05:23:14 Jan 06 2021,96,75,0,0,0
05:23:16 Jan 06 2021,96,74,0,0,0
05:23:18 Jan 06 2021,96,73,0,0,0
05:23:20 Jan 06 2021,96,74,0,0,0
05:23:22 Jan 06 2021,96,72,0,0,0
05:23:24 Jan 06 2021,96,71,0,0,0
05:23:26 Jan 06 2021,96,72,0,0,0
05:23:28 Jan 06 2021,96,70,0,0,0
05:23:30 Jan 06 2021,96,70,0,0,0
05:23:32 Jan 06 2021,96,72,0,0,0
05:23:34 Jan 06 2021,95,73,0,0,0
05:23:36 Jan 06 2021,95,72,0,0,0
05:23:38 Jan 06 2021,95,72,0,0,0
05:23:40 Jan 06 2021,94,73,0,0,0
05:23:42 Jan 06 2021,94,70,0,0,0
05:23:44 Jan 06 2021,94,72,0,0,0
05:23:46 Jan 06 2021,94,73,0,0,0
05:23:48 Jan 06 2021,93,70,0,0,0
05:23:50 Jan 06 2021,93,72,0,0,0
05:23:52 Jan 06 2021,93,72,0,0,0
05:23:54 Jan 06 2021,93,74,0,0,0
05:23:56 Jan 06 2021,92,74,0,0,0
05:23:58 Jan 06 2021,92,74,0,0,0
05:24:00 Jan 06 2021,92,74,0,0,0
05:24:02 Jan 06 2021,92,74,0,0,0
05:24:04 Jan 06 2021,93,75,0,0,0
05:24:06 Jan 06 2021,94,77,0,0,0
05:24:08 Jan 06 2021,94,80,1,0,0
05:24:10 Jan 06 2021,95,80,0,0,0
05:24:12 Jan 06 2021,96,80,0,0,0
05:24:14 Jan 06 2021,96,81,0,0,0
05:24:16 Jan 06 2021,96,81,1,0,0
05:24:18 Jan 06 2021,96,82,1,0,0
05:24:20 Jan 06 2021,96,83,0,0,0
05:24:22 Jan 06 2021,96,81,1,0,0
05:24:24 Jan 06 2021,96,76,1,0,0
05:24:26 Jan 06 2021,96,75,0,0,0
05:24:28 Jan 06 2021,96,70,0,0,0
05:24:30 Jan 06 2021,96,72,0,0,0
05:24:32 Jan 06 2021,96,73,0,0,0
05:24:34 Jan 06 2021,96,73,0,0,0
05:24:36 Jan 06 2021,96,73,0,0,0
05:24:38 Jan 06 2021,96,75,0,0,0
05:24:40 Jan 06 2021,96,77,0,0,0
05:24:42 Jan 06 2021,96,78,0,0,0
05:24:44 Jan 06 2021,95,79,0,0,0
05:24:46 Jan 06 2021,95,78,0,0,0
05:24:48 Jan 06 2021,94,65,0,0,0
05:24:50 Jan 06 2021,94,57,1,0,0
05:24:52 Jan 06 2021,94,45,0,0,0
05:24:54 Jan 06 2021,94,43,0,0,0
05:24:56 Jan 06 2021,94,47,0,0,0
05:24:58 Jan 06 2021,94,44,0,0,0
05:25:00 Jan 06 2021,95,44,0,0,0
05:25:02 Jan 06 2021,94,43,0,0,0
05:25:04 Jan 06 2021,94,41,0,0,0
05:25:06 Jan 06 2021,93,39,0,0,0
05:25:08 Jan 06 2021,92,38,1,0,0
05:25:10 Jan 06 2021,91,38,0,0,0
05:25:12 Jan 06 2021,92,38,0,0,0
05:25:14 Jan 06 2021,92,38,0,0,0
05:25:16 Jan 06 2021,92,38,0,0,0
05:25:18 Jan 06 2021,92,38,0,0,0
05:25:20 Jan 06 2021,92,38,0,0,0
05:25:22 Jan 06 2021,92,38,1,0,0
05:25:24 Jan 06 2021,92,38,0,0,0
05:25:26 Jan 06 2021,92,38,0,0,0
05:25:28 Jan 06 2021,93,38,0,0,0
05:25:30 Jan 06 2021,94,38,1,0,0
05:25:32 Jan 06 2021,95,38,0,0,0
05:25:34 Jan 06 2021,96,38,0,0,0
05:25:36 Jan 06 2021,96,38,0,0,0
05:25:38 Jan 06 2021,96,38,0,0,0
05:25:40 Jan 06 2021,96,37,0,0,0
05:25:42 Jan 06 2021,96,38,0,0,0
05:25:44 Jan 06 2021,96,38,0,0,0
05:25:46 Jan 06 2021,96,38,0,0,0
05:25:48 Jan 06 2021,96,39,0,0,0
05:25:50 Jan 06 2021,96,38,0,0,0
05:25:52 Jan 06 2021,96,39,0,0,0
05:25:54 Jan 06 2021,96,39,0,0,0
05:25:56 Jan 06 2021,96,39,0,0,0
05:25:58 Jan 06 2021,96,39,0,0,0
05:26:00 Jan 06 2021,96,39,0,0,0
05:26:02 Jan 06 2021,96,39,0,0,0
05:26:04 Jan 06 2021,96,48,0,0,0
05:26:06 Jan 06 2021,96,52,0,0,0
05:26:08 Jan 06 2021,96,52,0,0,0
05:26:10 Jan 06 2021,96,54,0,0,0
05:26:12 Jan 06 2021,95,46,0,0,0
05:26:14 Jan 06 2021,94,43,1,0,0
05:26:16 Jan 06 2021,94,40,1,0,0
05:26:18 Jan 06 2021,94,40,1,0,0
05:26:20 Jan 06 2021,94,42,0,0,0
05:26:22 Jan 06 2021,93,40,0,0,0
05:26:24 Jan 06 2021,93,38,0,0,0
05:26:26 Jan 06 2021,93,38,1,0,0
05:26:28 Jan 06 2021,93,36,0,0,0
05:26:30 Jan 06 2021,93,37,0,0,0
05:26:32 Jan 06 2021,93,37,0,0,0
05:26:34 Jan 06 2021,93,37,0,0,0
05:26:36 Jan 06 2021,94,37,0,0,0
05:26:38 Jan 06 2021,95,37,0,0,0
05:26:40 Jan 06 2021,96,37,0,0,0
05:26:42 Jan 06 2021,96,37,0,0,0
05:26:44 Jan 06 2021,96,37,0,0,0
05:26:46 Jan 06 2021,96,37,0,0,0
05:26:48 Jan 06 2021,96,37,1,0,0
05:26:50 Jan 06 2021,96,41,0,0,0
05:26:52 Jan 06 2021,96,42,1,0,0
05:26:54 Jan 06 2021,96,42,0,0,0
05:26:56 Jan 06 2021,96,39,0,0,0
05:26:58 Jan 06 2021,96,39,0,0,0
05:27:00 Jan 06 2021,96,39,0,0,0
05:27:02 Jan 06 2021,96,39,0,0,0
05:27:04 Jan 06 2021,96,39,0,0,0
05:27:06 Jan 06 2021,96,39,0,0,0
05:27:08 Jan 06 2021,95,39,0,0,0
05:27:10 Jan 06 2021,95,39,0,0,0
05:27:12 Jan 06 2021,95,39,0,0,0
05:27:14 Jan 06 2021,95,40,0,0,0
05:27:16 Jan 06 2021,95,40,0,0,0
05:27:18 Jan 06 2021,95,41,1,0,0
05:27:20 Jan 06 2021,95,43,0,0,0
05:27:22 Jan 06 2021,95,41,0,0,0
05:27:24 Jan 06 2021,95,46,0,0,0
05:27:26 Jan 06 2021,94,45,0,0,0
05:27:28 Jan 06 2021,93,40,0,0,0
05:27:30 Jan 06 2021,92,39,0,0,0
05:27:32 Jan 06 2021,92,38,0,0,0
05:27:34 Jan 06 2021,92,38,0,0,0
05:27:36 Jan 06 2021,92,39,0,0,0
05:27:38 Jan 06 2021,92,40,0,0,0
05:27:40 Jan 06 2021,92,41,0,0,0
05:27:42 Jan 06 2021,92,42,0,0,0
05:27:44 Jan 06 2021,92,42,0,0,0
05:27:46 Jan 06 2021,92,41,0,0,0
05:27:48 Jan 06 2021,93,43,0,0,0
05:27:50 Jan 06 2021,95,44,0,0,0
05:27:52 Jan 06 2021,95,45,0,0,0
05:27:54 Jan 06 2021,96,44,0,0,0
05:27:56 Jan 06 2021,96,44,1,0,0
05:27:58 Jan 06 2021,96,43,0,0,0
05:28:00 Jan 06 2021,96,45,0,0,0
05:28:02 Jan 06 2021,96,45,1,0,0
05:28:04 Jan 06 2021,96,42,1,0,0
05:28:06 Jan 06 2021,96,38,0,0,0
05:28:08 Jan 06 2021,96,37,0,0,0
05:28:10 Jan 06 2021,96,37,0,0,0
05:28:12 Jan 06 2021,96,37,1,0,0
05:28:14 Jan 06 2021,96,37,1,0,0
05:28:16 Jan 06 2021,96,37,0,0,0
05:28:18 Jan 06 2021,96,37,0,0,0
05:28:20 Jan 06 2021,96,37,0,0,0
05:28:22 Jan 06 2021,96,37,1,0,0
05:28:24 Jan 06 2021,96,37,0,0,0
05:28:26 Jan 06 2021,96,37,0,0,0
05:28:28 Jan 06 2021,95,37,0,0,0
05:28:30 Jan 06 2021,95,38,0,0,0
05:28:32 Jan 06 2021,95,39,1,0,0
05:28:34 Jan 06 2021,95,39,0,0,0
05:28:36 Jan 06 2021,95,39,0,0,0
05:28:38 Jan 06 2021,95,39,0,0,0
05:28:40 Jan 06 2021,95,39,0,0,0
05:28:42 Jan 06 2021,95,39,0,0,0
05:28:44 Jan 06 2021,95,39,4,0,0
05:28:46 Jan 06 2021,95,39,0,0,0
05:28:48 Jan 06 2021,95,39,0,0,0
05:28:50 Jan 06 2021,95,39,0,0,0
05:28:52 Jan 06 2021,95,44,0,0,0
05:28:54 Jan 06 2021,95,44,0,0,0
05:28:56 Jan 06 2021,95,44,0,0,0
05:28:58 Jan 06 2021,95,44,0,0,0
05:29:00 Jan 06 2021,95,44,0,0,0
05:29:02 Jan 06 2021,95,53,1,0,0
05:29:04 Jan 06 2021,96,50,0,0,0
05:29:06 Jan 06 2021,96,48,0,0,0
05:29:08 Jan 06 2021,96,48,0,0,0
05:29:10 Jan 06 2021,96,38,0,0,0
05:29:12 Jan 06 2021,96,38,1,0,0
05:29:14 Jan 06 2021,96,38,0,0,0
05:29:16 Jan 06 2021,96,38,0,0,0
05:29:18 Jan 06 2021,96,38,0,0,0
05:29:20 Jan 06 2021,96,38,1,0,0
05:29:22 Jan 06 2021,96,39,1,0,0
05:29:24 Jan 06 2021,96,39,0,0,0
05:29:26 Jan 06 2021,96,39,1,0,0
05:29:28 Jan 06 2021,96,43,0,0,0
05:29:30 Jan 06 2021,96,40,0,0,0
05:29:32 Jan 06 2021,96,40,0,0,0
05:29:34 Jan 06 2021,96,45,0,0,0
05:29:36 Jan 06 2021,95,49,1,0,0
05:29:38 Jan 06 2021,95,56,0,0,0
05:29:40 Jan 06 2021,95,62,0,0,0
05:29:42 Jan 06 2021,95,62,0,0,0
05:29:44 Jan 06 2021,95,60,1,0,0
05:29:46 Jan 06 2021,95,59,0,0,0
05:29:48 Jan 06 2021,95,60,0,0,0
05:29:50 Jan 06 2021,95,62,0,0,0
05:29:52 Jan 06 2021,95,62,1,0,0
05:29:54 Jan 06 2021,95,66,0,0,0
05:29:56 Jan 06 2021,95,65,0,0,0
05:29:58 Jan 06 2021,95,67,0,0,0
05:30:00 Jan 06 2021,94,69,0,0,0
05:30:02 Jan 06 2021,94,67,0,0,0
05:30:04 Jan 06 2021,93,70,0,0,0
05:30:06 Jan 06 2021,93,70,1,0,0
05:30:08 Jan 06 2021,93,74,0,0,0
05:30:10 Jan 06 2021,93,76,0,0,0
05:30:12 Jan 06 2021,94,79,0,0,0
05:30:14 Jan 06 2021,93,79,0,0,0
05:30:16 Jan 06 2021,93,79,1,0,0
05:30:18 Jan 06 2021,93,79,0,0,0
05:30:20 Jan 06 2021,94,78,0,0,0
05:30:22 Jan 06 2021,94,79,0,0,0
05:30:24 Jan 06 2021,95,78,0,0,0
05:30:26 Jan 06 2021,95,76,1,0,0
05:30:28 Jan 06 2021,96,75,1,0,0
05:30:30 Jan 06 2021,96,73,0,0,0
05:30:32 Jan 06 2021,96,72,0,0,0
05:30:34 Jan 06 2021,96,71,0,0,0
05:30:36 Jan 06 2021,96,69,0,0,0
05:30:38 Jan 06 2021,96,69,0,0,0
05:30:40 Jan 06 2021,96,70,0,0,0
05:30:42 Jan 06 2021,96,72,0,0,0
05:30:44 Jan 06 2021,96,73,0,0,0
05:30:46 Jan 06 2021,96,74,0,0,0
05:30:48 Jan 06 2021,96,75,0,0,0
05:30:50 Jan 06 2021,96,72,0,0,0
05:30:52 Jan 06 2021,95,68,1,0,0
05:30:54 Jan 06 2021,95,67,1,0,0
05:30:56 Jan 06 2021,95,62,1,0,0
05:30:58 Jan 06 2021,95,63,1,0,0
05:31:00 Jan 06 2021,95,62,0,0,0
05:31:02 Jan 06 2021,94,53,0,0,0
05:31:04 Jan 06 2021,94,49,0,0,0
05:31:06 Jan 06 2021,94,42,0,0,0
05:31:08 Jan 06 2021,94,44,0,0,0
05:31:10 Jan 06 2021,95,49,0,0,0
05:31:12 Jan 06 2021,95,46,0,0,0
05:31:14 Jan 06 2021,95,50,0,0,0
05:31:16 Jan 06 2021,95,52,0,0,0
05:31:18 Jan 06 2021,94,50,1,0,0
05:31:20 Jan 06 2021,94,55,0,0,0
05:31:22 Jan 06 2021,94,58,0,0,0
05:31:24 Jan 06 2021,94,61,0,0,0
05:31:26 Jan 06 2021,94,66,0,0,0
05:31:28 Jan 06 2021,94,68,0,0,0
05:31:30 Jan 06 2021,94,71,0,0,0
05:31:32 Jan 06 2021,94,72,0,0,0
05:31:34 Jan 06 2021,94,73,0,0,0
05:31:36 Jan 06 2021,94,73,1,0,0
05:31:38 Jan 06 2021,94,73,0,0,0
05:31:40 Jan 06 2021,94,73,0,0,0
05:31:42 Jan 06 2021,95,72,0,0,0
05:31:44 Jan 06 2021,95,71,0,0,0
05:31:46 Jan 06 2021,95,70,0,0,0
05:31:48 Jan 06 2021,95,64,1,0,0
05:31:50 Jan 06 2021,95,62,0,0,0
05:31:52 Jan 06 2021,95,66,0,0,0
05:31:54 Jan 06 2021,95,65,1,0,0
05:31:56 Jan 06 2021,95,66,0,0,0
05:31:58 Jan 06 2021,95,69,0,0,0
05:32:00 Jan 06 2021,95,70,0,0,0
05:32:02 Jan 06 2021,95,72,0,0,0
05:32:04 Jan 06 2021,95,69,0,0,0
05:32:06 Jan 06 2021,95,68,1,0,0
05:32:08 Jan 06 2021,95,71,0,0,0
05:32:10 Jan 06 2021,94,70,0,0,0
05:32:12 Jan 06 2021,95,70,0,0,0
05:32:14 Jan 06 2021,95,70,0,0,0
05:32:16 Jan 06 2021,95,69,0,0,0
05:32:18 Jan 06 2021,95,69,0,0,0
05:32:20 Jan 06 2021,95,67,0,0,0
05:32:22 Jan 06 2021,95,65,0,0,0
05:32:24 Jan 06 2021,95,67,0,0,0
05:32:26 Jan 06 2021,95,66,0,0,0
05:32:28 Jan 06 2021,94,67,0,0,0
05:32:30 Jan 06 2021,94,63,0,0,0
05:32:32 Jan 06 2021,94,63,1,0,0
05:32:34 Jan 06 2021,93,61,0,0,0
05:32:36 Jan 06 2021,93,63,1,0,0
05:32:38 Jan 06 2021,93,65,0,0,0
05:32:40 Jan 06 2021,93,64,0,0,0
05:32:42 Jan 06 2021,93,68,0,0,0
05:32:44 Jan 06 2021,93,71,0,0,0
05:32:46 Jan 06 2021,93,69,0,0,0
05:32:48 Jan 06 2021,93,65,0,0,0
05:32:50 Jan 06 2021,93,63,0,0,0
05:32:52 Jan 06 2021,93,63,0,0,0
05:32:54 Jan 06 2021,94,63,1,0,0
05:32:56 Jan 06 2021,94,68,0,0,0
05:32:58 Jan 06 2021,94,72,0,0,0
05:33:00 Jan 06 2021,94,73,1,0,0
05:33:02 Jan 06 2021,94,70,0,0,0
05:33:04 Jan 06 2021,94,73,0,0,0
05:33:06 Jan 06 2021,94,71,0,0,0
05:33:08 Jan 06 2021,94,70,0,0,0
05:33:10 Jan 06 2021,94,72,1,0,0
05:33:12 Jan 06 2021,94,73,0,0,0
05:33:14 Jan 06 2021,94,74,0,0,0
05:33:16 Jan 06 2021,94,76,0,0,0
05:33:18 Jan 06 2021,94,75,0,0,0
05:33:20 Jan 06 2021,94,75,1,0,0
05:33:22 Jan 06 2021,93,75,0,0,0
05:33:24 Jan 06 2021,94,75,0,0,0
05:33:26 Jan 06 2021,94,76,1,0,0
05:33:28 Jan 06 2021,94,75,0,0,0
05:33:30 Jan 06 2021,94,75,0,0,0
05:33:32 Jan 06 2021,94,74,1,0,0
05:33:34 Jan 06 2021,93,73,0,0,0
05:33:36 Jan 06 2021,93,72,0,0,0
05:33:38 Jan 06 2021,93,71,0,0,0
05:33:40 Jan 06 2021,93,71,0,0,0
05:33:42 Jan 06 2021,93,60,0,0,0
05:33:44 Jan 06 2021,93,48,0,0,0
05:33:46 Jan 06 2021,93,37,0,0,0
05:33:48 Jan 06 2021,93,37,0,0,0
05:33:50 Jan 06 2021,93,37,1,0,0
05:33:52 Jan 06 2021,93,37,0,0,0
05:33:54 Jan 06 2021,93,37,0,0,0
05:33:56 Jan 06 2021,93,37,0,0,0
05:33:58 Jan 06 2021,93,38,0,0,0
05:34:00 Jan 06 2021,93,37,0,0,0
05:34:02 Jan 06 2021,93,37,0,0,0
05:34:04 Jan 06 2021,93,37,0,0,0
05:34:06 Jan 06 2021,93,37,1,0,0
05:34:08 Jan 06 2021,93,37,0,0,0
05:34:10 Jan 06 2021,93,37,0,0,0
05:34:12 Jan 06 2021,93,37,1,0,0
05:34:14 Jan 06 2021,93,37,0,0,0
05:34:16 Jan 06 2021,93,37,1,0,0
05:34:18 Jan 06 2021,93,37,0,0,0
05:34:20 Jan 06 2021,93,47,0,0,0
05:34:22 Jan 06 2021,93,51,0,0,0
05:34:24 Jan 06 2021,93,56,0,0,0
05:34:26 Jan 06 2021,93,52,0,0,0
05:34:28 Jan 06 2021,93,52,1,0,0
05:34:30 Jan 06 2021,93,52,0,0,0
05:34:32 Jan 06 2021,93,52,0,0,0
05:34:34 Jan 06 2021,93,53,0,0,0
05:34:36 Jan 06 2021,94,57,0,0,0
05:34:38 Jan 06 2021,94,56,0,0,0
05:34:40 Jan 06 2021,94,60,0,0,0
05:34:42 Jan 06 2021,94,61,0,0,0
05:34:44 Jan 06 2021,94,57,0,0,0
05:34:46 Jan 06 2021,94,58,0,0,0
05:34:48 Jan 06 2021,94,55,1,0,0
05:34:50 Jan 06 2021,94,54,0,0,0
05:34:52 Jan 06 2021,94,61,0,0,0
05:34:54 Jan 06 2021,94,66,1,0,0
05:34:56 Jan 06 2021,95,72,0,0,0
05:34:58 Jan 06 2021,95,71,0,0,0
05:35:00 Jan 06 2021,95,70,0,0,0
05:35:02 Jan 06 2021,95,74,0,0,0
05:35:04 Jan 06 2021,95,76,0,0,0
05:35:06 Jan 06 2021,95,78,0,0,0
05:35:08 Jan 06 2021,95,78,0,0,0
05:35:10 Jan 06 2021,95,77,0,0,0
05:35:12 Jan 06 2021,95,80,0,0,0
05:35:14 Jan 06 2021,95,81,0,0,0
05:35:16 Jan 06 2021,95,82,0,0,0
05:35:18 Jan 06 2021,95,81,0,0,0
05:35:20 Jan 06 2021,95,80,0,0,0
05:35:22 Jan 06 2021,95,79,0,0,0
05:35:24 Jan 06 2021,95,77,1,0,0
05:35:26 Jan 06 2021,95,77,0,0,0
05:35:28 Jan 06 2021,95,75,1,0,0
05:35:30 Jan 06 2021,95,74,0,0,0
05:35:32 Jan 06 2021,95,71,0,0,0
05:35:34 Jan 06 2021,95,69,0,0,0
05:35:36 Jan 06 2021,95,68,0,0,0
05:35:38 Jan 06 2021,95,68,0,0,0
05:35:40 Jan 06 2021,95,69,1,0,0
05:35:42 Jan 06 2021,95,69,0,0,0
05:35:44 Jan 06 2021,95,69,0,0,0
05:35:46 Jan 06 2021,95,66,1,0,0
05:35:48 Jan 06 2021,94,73,0,0,0
05:35:50 Jan 06 2021,94,73,0,0,0
05:35:52 Jan 06 2021,93,73,0,0,0
05:35:54 Jan 06 2021,93,74,0,0,0
05:35:56 Jan 06 2021,94,74,0,0,0
05:35:58 Jan 06 2021,94,74,0,0,0
05:36:00 Jan 06 2021,94,75,1,0,0
05:36:02 Jan 06 2021,94,75,0,0,0
05:36:04 Jan 06 2021,94,76,0,0,0
05:36:06 Jan 06 2021,94,77,0,0,0
05:36:08 Jan 06 2021,94,76,0,0,0
05:36:10 Jan 06 2021,95,75,0,0,0
05:36:12 Jan 06 2021,95,73,0,0,0
05:36:14 Jan 06 2021,95,72,0,0,0
05:36:16 Jan 06 2021,95,72,1,0,0
05:36:18 Jan 06 2021,95,72,0,0,0
05:36:20 Jan 06 2021,94,74,0,0,0
05:36:22 Jan 06 2021,94,76,1,0,0
05:36:24 Jan 06 2021,94,73,0,0,0
05:36:26 Jan 06 2021,93,80,0,0,0
05:36:28 Jan 06 2021,93,76,0,0,0
05:36:30 Jan 06 2021,93,74,0,0,0
05:36:32 Jan 06 2021,94,75,1,0,0
05:36:34 Jan 06 2021,94,73,0,0,0
05:36:36 Jan 06 2021,94,75,1,0,0
05:36:38 Jan 06 2021,94,75,1,0,0
05:36:40 Jan 06 2021,94,76,0,0,0
05:36:42 Jan 06 2021,94,76,0,0,0
05:36:44 Jan 06 2021,94,76,1,0,0
05:36:46 Jan 06 2021,94,78,1,0,0
05:36:48 Jan 06 2021,95,77,0,0,0
05:36:50 Jan 06 2021,95,78,0,0,0
05:36:52 Jan 06 2021,95,78,1,0,0
05:36:54 Jan 06 2021,95,78,1,0,0
05:36:56 Jan 06 2021,95,78,0,0,0
05:36:58 Jan 06 2021,95,77,1,0,0
05:37:00 Jan 06 2021,95,77,1,0,0
05:37:02 Jan 06 2021,94,76,0,0,0
05:37:04 Jan 06 2021,94,76,0,0,0
05:37:06 Jan 06 2021,93,76,0,0,0
05:37:08 Jan 06 2021,93,77,1,0,0
05:37:10 Jan 06 2021,93,75,0,0,0
05:37:12 Jan 06 2021,94,76,1,0,0
05:37:14 Jan 06 2021,94,76,0,0,0
05:37:16 Jan 06 2021,94,75,1,0,0
05:37:18 Jan 06 2021,94,75,0,0,0
05:37:20 Jan 06 2021,94,70,1,0,0
05:37:22 Jan 06 2021,94,69,0,0,0
05:37:24 Jan 06 2021,94,65,0,0,0
05:37:26 Jan 06 2021,94,71,0,0,0
05:37:28 Jan 06 2021,94,75,0,0,0
05:37:30 Jan 06 2021,94,76,0,0,0
05:37:32 Jan 06 2021,94,75,0,0,0
05:37:34 Jan 06 2021,94,72,1,0,0
05:37:36 Jan 06 2021,95,73,0,0,0
05:37:38 Jan 06 2021,95,70,1,0,0
05:37:40 Jan 06 2021,95,70,0,0,0
05:37:42 Jan 06 2021,95,67,1,0,0
05:37:44 Jan 06 2021,95,65,0,0,0
05:37:46 Jan 06 2021,95,70,1,0,0
05:37:48 Jan 06 2021,95,72,1,0,0
05:37:50 Jan 06 2021,95,71,0,0,0
05:37:52 Jan 06 2021,94,66,1,0,0
05:37:54 Jan 06 2021,94,67,0,0,0
05:37:56 Jan 06 2021,95,64,0,0,0
05:37:58 Jan 06 2021,95,66,0,0,0
05:38:00 Jan 06 2021,95,68,0,0,0
05:38:02 Jan 06 2021,95,65,1,0,0
05:38:04 Jan 06 2021,96,65,0,0,0
05:38:06 Jan 06 2021,96,66,0,0,0
05:38:08 Jan 06 2021,96,67,0,0,0
05:38:10 Jan 06 2021,96,70,0,0,0
05:38:12 Jan 06 2021,96,73,0,0,0
05:38:14 Jan 06 2021,96,75,0,0,0
05:38:16 Jan 06 2021,96,75,1,0,0
05:38:18 Jan 06 2021,96,72,1,0,0
05:38:20 Jan 06 2021,96,70,1,0,0
05:38:22 Jan 06 2021,96,67,0,0,0
05:38:24 Jan 06 2021,95,68,0,0,0
05:38:26 Jan 06 2021,95,69,0,0,0
05:38:28 Jan 06 2021,95,73,0,0,0
05:38:30 Jan 06 2021,95,74,0,0,0
05:38:32 Jan 06 2021,95,76,1,0,0
05:38:34 Jan 06 2021,96,76,0,0,0
05:38:36 Jan 06 2021,96,76,1,0,0
05:38:38 Jan 06 2021,96,77,0,0,0
05:38:40 Jan 06 2021,96,76,0,0,0
05:38:42 Jan 06 2021,96,76,0,0,0
05:38:44 Jan 06 2021,96,74,0,0,0
05:38:46 Jan 06 2021,96,72,1,0,0
05:38:48 Jan 06 2021,96,70,1,0,0
05:38:50 Jan 06 2021,95,66,0,0,0
05:38:52 Jan 06 2021,95,58,0,0,0
05:38:54 Jan 06 2021,95,58,0,0,0
05:38:56 Jan 06 2021,95,56,0,0,0
05:38:58 Jan 06 2021,95,55,0,0,0
05:39:00 Jan 06 2021,95,62,0,0,0
05:39:02 Jan 06 2021,95,58,1,0,0
05:39:04 Jan 06 2021,95,63,0,0,0
05:39:06 Jan 06 2021,95,71,0,0,0
05:39:08 Jan 06 2021,95,73,0,0,0
05:39:10 Jan 06 2021,95,74,1,0,0
05:39:12 Jan 06 2021,95,76,1,0,0
05:39:14 Jan 06 2021,96,78,1,0,0
05:39:16 Jan 06 2021,96,78,0,0,0
05:39:18 Jan 06 2021,95,77,0,0,0
05:39:20 Jan 06 2021,95,74,0,0,0
05:39:22 Jan 06 2021,95,73,1,0,0
05:39:24 Jan 06 2021,95,73,0,0,0
05:39:26 Jan 06 2021,95,72,0,0,0
05:39:28 Jan 06 2021,95,72,0,0,0
05:39:30 Jan 06 2021,95,71,0,0,0
05:39:32 Jan 06 2021,95,67,0,0,0
05:39:34 Jan 06 2021,96,67,0,0,0
05:39:36 Jan 06 2021,96,65,0,0,0
05:39:38 Jan 06 2021,96,66,0,0,0
05:39:40 Jan 06 2021,96,68,0,0,0
05:39:42 Jan 06 2021,96,68,0,0,0
05:39:44 Jan 06 2021,96,69,0,0,0
05:39:46 Jan 06 2021,96,70,0,0,0
05:39:48 Jan 06 2021,96,71,0,0,0
05:39:50 Jan 06 2021,96,71,0,0,0
05:39:52 Jan 06 2021,96,72,0,0,0
05:39:54 Jan 06 2021,96,70,0,0,0
05:39:56 Jan 06 2021,96,68,0,0,0
05:39:58 Jan 06 2021,96,71,0,0,0
05:40:00 Jan 06 2021,96,74,0,0,0
05:40:02 Jan 06 2021,96,74,0,0,0
05:40:04 Jan 06 2021,96,75,0,0,0
05:40:06 Jan 06 2021,95,74,0,0,0
05:40:08 Jan 06 2021,95,74,0,0,0
05:40:10 Jan 06 2021,95,75,0,0,0
05:40:12 Jan 06 2021,95,75,0,0,0
05:40:14 Jan 06 2021,95,72,0,0,0
05:40:16 Jan 06 2021,95,72,0,0,0
05:40:18 Jan 06 2021,95,70,1,0,0
05:40:20 Jan 06 2021,95,70,0,0,0
05:40:22 Jan 06 2021,95,70,1,0,0
05:40:24 Jan 06 2021,95,68,0,0,0
05:40:26 Jan 06 2021,95,68,0,0,0
05:40:28 Jan 06 2021,95,68,1,0,0
05:40:30 Jan 06 2021,96,70,0,0,0
05:40:32 Jan 06 2021,96,72,0,0,0
05:40:34 Jan 06 2021,96,73,0,0,0
05:40:36 Jan 06 2021,96,74,0,0,0
05:40:38 Jan 06 2021,96,72,0,0,0
05:40:40 Jan 06 2021,95,71,0,0,0
05:40:42 Jan 06 2021,95,73,0,0,0
05:40:44 Jan 06 2021,95,73,0,0,0
05:40:46 Jan 06 2021,95,75,0,0,0
05:40:48 Jan 06 2021,95,75,0,0,0
05:40:50 Jan 06 2021,95,77,0,0,0
05:40:52 Jan 06 2021,95,78,0,0,0
05:40:54 Jan 06 2021,95,78,1,0,0
05:40:56 Jan 06 2021,95,76,0,0,0
05:40:58 Jan 06 2021,95,75,0,0,0
05:41:00 Jan 06 2021,95,72,0,0,0
05:41:02 Jan 06 2021,95,73,0,0,0
05:41:04 Jan 06 2021,95,73,0,0,0
05:41:06 Jan 06 2021,95,71,0,0,0
05:41:08 Jan 06 2021,95,72,0,0,0
05:41:10 Jan 06 2021,95,73,0,0,0
05:41:12 Jan 06 2021,95,73,0,0,0
05:41:14 Jan 06 2021,95,73,1,0,0
05:41:16 Jan 06 2021,95,73,0,0,0
05:41:18 Jan 06 2021,95,72,0,0,0
05:41:20 Jan 06 2021,95,72,1,0,0
05:41:22 Jan 06 2021,95,72,0,0,0
05:41:24 Jan 06 2021,95,73,0,0,0
05:41:26 Jan 06 2021,95,76,0,0,0
05:41:28 Jan 06 2021,95,71,0,0,0
05:41:30 Jan 06 2021,96,78,0,0,0
05:41:32 Jan 06 2021,96,79,1,0,0
05:41:34 Jan 06 2021,96,73,0,0,0
05:41:36 Jan 06 2021,96,79,0,0,0
05:41:38 Jan 06 2021,96,77,0,0,0
05:41:40 Jan 06 2021,96,77,0,0,0
05:41:42 Jan 06 2021,96,80,0,0,0
05:41:44 Jan 06 2021,96,81,0,0,0
05:41:46 Jan 06 2021,96,83,0,0,0
05:41:48 Jan 06 2021,96,82,0,0,0
05:41:50 Jan 06 2021,96,81,0,0,0
05:41:52 Jan 06 2021,96,79,1,0,0
05:41:54 Jan 06 2021,95,77,0,0,0
05:41:56 Jan 06 2021,95,74,0,0,0
05:41:58 Jan 06 2021,95,73,0,0,0
05:42:00 Jan 06 2021,95,75,0,0,0
05:42:02 Jan 06 2021,95,74,0,0,0
05:42:04 Jan 06 2021,95,71,0,0,0
05:42:06 Jan 06 2021,95,71,0,0,0
05:42:08 Jan 06 2021,95,68,0,0,0
05:42:10 Jan 06 2021,95,67,0,0,0
05:42:12 Jan 06 2021,95,67,0,0,0
05:42:14 Jan 06 2021,95,70,0,0,0
05:42:16 Jan 06 2021,95,71,1,0,0
05:42:18 Jan 06 2021,95,70,0,0,0
05:42:20 Jan 06 2021,95,75,0,0,0
05:42:22 Jan 06 2021,95,75,0,0,0
05:42:24 Jan 06 2021,95,77,0,0,0
05:42:26 Jan 06 2021,95,79,0,0,0
05:42:28 Jan 06 2021,95,80,0,0,0
05:42:30 Jan 06 2021,95,83,0,0,0
05:42:32 Jan 06 2021,95,83,1,0,0
05:42:34 Jan 06 2021,95,78,0,0,0
05:42:36 Jan 06 2021,95,76,0,0,0
05:42:38 Jan 06 2021,95,72,0,0,0
05:42:40 Jan 06 2021,95,72,1,0,0
05:42:42 Jan 06 2021,95,71,0,0,0
05:42:44 Jan 06 2021,95,72,0,0,0
05:42:46 Jan 06 2021,95,72,0,0,0
05:42:48 Jan 06 2021,95,71,0,0,0
05:42:50 Jan 06 2021,95,73,0,0,0
05:42:52 Jan 06 2021,95,76,0,0,0
05:42:54 Jan 06 2021,95,77,0,0,0
05:42:56 Jan 06 2021,95,77,0,0,0
05:42:58 Jan 06 2021,95,75,0,0,0
05:43:00 Jan 06 2021,95,75,1,0,0
05:43:02 Jan 06 2021,95,73,0,0,0
05:43:04 Jan 06 2021,95,77,0,0,0
05:43:06 Jan 06 2021,95,79,0,0,0
05:43:08 Jan 06 2021,95,74,0,0,0
05:43:10 Jan 06 2021,95,81,0,0,0
05:43:12 Jan 06 2021,96,82,1,0,0
05:43:14 Jan 06 2021,96,83,0,0,0
05:43:16 Jan 06 2021,96,84,1,0,0
05:43:18 Jan 06 2021,96,84,0,0,0
05:43:20 Jan 06 2021,96,79,0,0,0
05:43:22 Jan 06 2021,96,74,0,0,0
05:43:24 Jan 06 2021,96,70,1,0,0
05:43:26 Jan 06 2021,96,68,0,0,0
05:43:28 Jan 06 2021,96,68,0,0,0
05:43:30 Jan 06 2021,96,66,0,0,0
05:43:32 Jan 06 2021,96,65,0,0,0
05:43:34 Jan 06 2021,96,64,0,0,0
05:43:36 Jan 06 2021,96,63,0,0,0
05:43:38 Jan 06 2021,96,58,0,0,0
05:43:40 Jan 06 2021,96,57,1,0,0
05:43:42 Jan 06 2021,96,59,0,0,0
05:43:44 Jan 06 2021,96,62,0,0,0
05:43:46 Jan 06 2021,96,64,0,0,0
05:43:48 Jan 06 2021,96,55,1,0,0
05:43:50 Jan 06 2021,96,56,1,0,0
05:43:52 Jan 06 2021,96,54,1,0,0
05:43:54 Jan 06 2021,96,51,0,0,0
05:43:56 Jan 06 2021,96,57,1,0,0
05:43:58 Jan 06 2021,95,56,0,0,0
05:44:00 Jan 06 2021,95,57,0,0,0
05:44:02 Jan 06 2021,95,62,1,0,0
05:44:04 Jan 06 2021,95,63,0,0,0
05:44:06 Jan 06 2021,96,68,0,0,0
05:44:08 Jan 06 2021,95,71,0,0,0
05:44:10 Jan 06 2021,95,70,0,0,0
05:44:12 Jan 06 2021,95,69,0,0,0
05:44:14 Jan 06 2021,95,65,0,0,0
05:44:16 Jan 06 2021,95,58,0,0,0
05:44:18 Jan 06 2021,95,53,0,0,0
05:44:20 Jan 06 2021,95,55,0,0,0
05:44:22 Jan 06 2021,94,54,0,0,0
05:44:24 Jan 06 2021,95,61,0,0,0
05:44:26 Jan 06 2021,95,63,0,0,0
05:44:28 Jan 06 2021,95,60,0,0,0
05:44:30 Jan 06 2021,95,67,0,0,0
05:44:32 Jan 06 2021,95,70,0,0,0
05:44:34 Jan 06 2021,95,71,0,0,0
05:44:36 Jan 06 2021,95,72,0,0,0
05:44:38 Jan 06 2021,95,72,0,0,0
05:44:40 Jan 06 2021,95,72,0,0,0
05:44:42 Jan 06 2021,95,74,0,0,0
05:44:44 Jan 06 2021,95,76,0,0,0
05:44:46 Jan 06 2021,95,77,0,0,0
05:44:48 Jan 06 2021,94,72,0,0,0
05:44:50 Jan 06 2021,95,74,0,0,0
05:44:52 Jan 06 2021,95,74,0,0,0
05:44:54 Jan 06 2021,95,76,0,0,0
05:44:56 Jan 06 2021,95,75,0,0,0
05:44:58 Jan 06 2021,95,70,1,0,0
05:45:00 Jan 06 2021,95,69,0,0,0
05:45:02 Jan 06 2021,95,72,0,0,0
05:45:04 Jan 06 2021,95,72,0,0,0
05:45:06 Jan 06 2021,95,73,1,0,0
05:45:08 Jan 06 2021,95,70,0,0,0
05:45:10 Jan 06 2021,95,67,0,0,0
05:45:12 Jan 06 2021,95,67,0,0,0
05:45:14 Jan 06 2021,95,65,0,0,0
05:45:16 Jan 06 2021,95,64,1,0,0
05:45:18 Jan 06 2021,95,64,0,0,0
05:45:20 Jan 06 2021,95,57,0,0,0
05:45:22 Jan 06 2021,95,57,0,0,0
05:45:24 Jan 06 2021,95,59,0,0,0
05:45:26 Jan 06 2021,96,59,0,0,0
05:45:28 Jan 06 2021,96,65,0,0,0
05:45:30 Jan 06 2021,96,67,0,0,0
05:45:32 Jan 06 2021,96,66,0,0,0
05:45:34 Jan 06 2021,96,67,0,0,0
05:45:36 Jan 06 2021,96,66,0,0,0
05:45:38 Jan 06 2021,96,64,0,0,0
05:45:40 Jan 06 2021,96,65,0,0,0
05:45:42 Jan 06 2021,96,70,0,0,0
05:45:44 Jan 06 2021,96,72,0,0,0
05:45:46 Jan 06 2021,96,77,0,0,0
05:45:48 Jan 06 2021,96,76,1,0,0
05:45:50 Jan 06 2021,96,72,0,0,0
05:45:52 Jan 06 2021,95,70,0,0,0
05:45:54 Jan 06 2021,95,73,0,0,0
05:45:56 Jan 06 2021,95,77,0,0,0
05:45:58 Jan 06 2021,95,80,0,0,0
05:46:00 Jan 06 2021,95,84,0,0,0
05:46:02 Jan 06 2021,95,84,1,0,0
05:46:04 Jan 06 2021,95,84,1,0,0
05:46:06 Jan 06 2021,95,86,1,0,0
05:46:08 Jan 06 2021,95,84,0,0,0
05:46:10 Jan 06 2021,95,81,1,0,0
05:46:12 Jan 06 2021,95,77,0,0,0
05:46:14 Jan 06 2021,95,78,0,0,0
05:46:16 Jan 06 2021,95,77,0,0,0
05:46:18 Jan 06 2021,95,78,0,0,0
05:46:20 Jan 06 2021,95,78,0,0,0
05:46:22 Jan 06 2021,95,78,0,0,0
05:46:24 Jan 06 2021,96,72,0,0,0
05:46:26 Jan 06 2021,96,70,0,0,0
05:46:28 Jan 06 2021,96,63,1,0,0
05:46:30 Jan 06 2021,96,64,0,0,0
05:46:32 Jan 06 2021,97,67,0,0,0
05:46:34 Jan 06 2021,97,68,1,0,0
05:46:36 Jan 06 2021,97,67,1,0,0
05:46:38 Jan 06 2021,97,67,0,0,0
05:46:40 Jan 06 2021,97,69,0,0,0
05:46:42 Jan 06 2021,97,68,1,0,0
05:46:44 Jan 06 2021,97,71,0,0,0
05:46:46 Jan 06 2021,97,70,0,0,0
05:46:48 Jan 06 2021,97,68,0,0,0
05:46:50 Jan 06 2021,97,70,1,0,0
05:46:52 Jan 06 2021,97,74,1,0,0
05:46:54 Jan 06 2021,97,76,1,0,0
05:46:56 Jan 06 2021,97,77,0,0,0
05:46:58 Jan 06 2021,97,76,0,0,0
05:47:00 Jan 06 2021,97,75,1,0,0
05:47:02 Jan 06 2021,96,77,0,0,0
05:47:04 Jan 06 2021,95,77,1,0,0
05:47:06 Jan 06 2021,95,77,1,0,0
05:47:08 Jan 06 2021,95,78,1,0,0
05:47:10 Jan 06 2021,94,77,0,0,0
05:47:12 Jan 06 2021,94,76,1,0,0
05:47:14 Jan 06 2021,94,75,1,0,0
05:47:16 Jan 06 2021,94,73,1,0,0
05:47:18 Jan 06 2021,94,74,0,0,0
05:47:20 Jan 06 2021,94,75,1,0,0
05:47:22 Jan 06 2021,94,74,1,0,0
05:47:24 Jan 06 2021,94,74,0,0,0
05:47:26 Jan 06 2021,94,74,0,0,0
05:47:28 Jan 06 2021,95,74,0,0,0
05:47:30 Jan 06 2021,95,74,0,0,0
05:47:32 Jan 06 2021,95,74,0,0,0
05:47:34 Jan 06 2021,95,74,0,0,0
05:47:36 Jan 06 2021,95,75,1,0,0
05:47:38 Jan 06 2021,96,74,0,0,0
05:47:40 Jan 06 2021,96,74,0,0,0
05:47:42 Jan 06 2021,96,75,0,0,0
05:47:44 Jan 06 2021,96,70,1,0,0
05:47:46 Jan 06 2021,96,60,1,0,0
05:47:48 Jan 06 2021,96,60,0,0,0
05:47:50 Jan 06 2021,96,53,0,0,0
05:47:52 Jan 06 2021,96,50,0,0,0
05:47:54 Jan 06 2021,96,51,0,0,0
05:47:56 Jan 06 2021,96,48,0,0,0
05:47:58 Jan 06 2021,96,49,0,0,0
05:48:00 Jan 06 2021,96,50,0,0,0
05:48:02 Jan 06 2021,96,50,0,0,0
05:48:04 Jan 06 2021,96,50,0,0,0
05:48:06 Jan 06 2021,96,50,0,0,0
05:48:08 Jan 06 2021,96,50,1,0,0
05:48:10 Jan 06 2021,96,50,0,0,0
05:48:12 Jan 06 2021,96,50,0,0,0
05:48:14 Jan 06 2021,96,49,0,0,0
05:48:16 Jan 06 2021,95,47,0,0,0
05:48:18 Jan 06 2021,95,45,0,0,0
05:48:20 Jan 06 2021,95,50,1,0,0
05:48:22 Jan 06 2021,96,50,0,0,0
05:48:24 Jan 06 2021,94,51,0,0,0
05:48:26 Jan 06 2021,94,51,0,0,0
05:48:28 Jan 06 2021,94,53,0,0,0
05:48:30 Jan 06 2021,94,49,1,0,0
05:48:32 Jan 06 2021,94,52,0,0,0
05:48:34 Jan 06 2021,94,53,1,0,0
05:48:36 Jan 06 2021,94,50,0,0,0
05:48:38 Jan 06 2021,95,50,0,0,0
05:48:40 Jan 06 2021,95,47,0,0,0
05:48:42 Jan 06 2021,96,46,0,0,0
05:48:44 Jan 06 2021,96,45,0,0,0
05:48:46 Jan 06 2021,96,46,0,0,0
05:48:48 Jan 06 2021,96,46,0,0,0
05:48:50 Jan 06 2021,96,46,0,0,0
05:48:52 Jan 06 2021,96,45,0,0,0
05:48:54 Jan 06 2021,96,45,0,0,0
05:48:56 Jan 06 2021,96,46,0,0,0
05:48:58 Jan 06 2021,96,46,0,0,0
05:49:00 Jan 06 2021,96,46,0,0,0
05:49:02 Jan 06 2021,96,46,0,0,0
05:49:04 Jan 06 2021,96,46,0,0,0
05:49:06 Jan 06 2021,96,44,1,0,0
05:49:08 Jan 06 2021,96,40,0,0,0
05:49:10 Jan 06 2021,96,37,1,0,0
05:49:12 Jan 06 2021,96,35,1,0,0
05:49:14 Jan 06 2021,96,35,0,0,0
05:49:16 Jan 06 2021,96,36,0,0,0
05:49:18 Jan 06 2021,96,36,1,0,0
05:49:20 Jan 06 2021,96,36,0,0,0
05:49:22 Jan 06 2021,96,38,0,0,0
05:49:24 Jan 06 2021,96,38,0,0,0
05:49:26 Jan 06 2021,95,39,0,0,0
05:49:28 Jan 06 2021,95,38,1,0,0
05:49:30 Jan 06 2021,94,38,0,0,0
05:49:32 Jan 06 2021,94,39,0,0,0
05:49:34 Jan 06 2021,94,41,0,0,0
05:49:36 Jan 06 2021,94,43,0,0,0
05:49:38 Jan 06 2021,94,44,0,0,0
05:49:40 Jan 06 2021,94,45,0,0,0
05:49:42 Jan 06 2021,94,44,0,0,0
05:49:44 Jan 06 2021,94,45,0,0,0
05:49:46 Jan 06 2021,94,45,0,0,0
05:49:48 Jan 06 2021,95,44,0,0,0
05:49:50 Jan 06 2021,96,42,0,0,0
05:49:52 Jan 06 2021,96,40,1,0,0
05:49:54 Jan 06 2021,96,41,0,0,0
05:49:56 Jan 06 2021,96,41,0,0,0
05:49:58 Jan 06 2021,96,43,0,0,0
05:50:00 Jan 06 2021,96,43,0,0,0
05:50:02 Jan 06 2021,96,39,0,0,0
05:50:04 Jan 06 2021,96,38,0,0,0
05:50:06 Jan 06 2021,96,37,1,0,0
05:50:08 Jan 06 2021,96,37,0,0,0
05:50:10 Jan 06 2021,96,38,0,0,0
05:50:12 Jan 06 2021,96,39,0,0,0
05:50:14 Jan 06 2021,96,38,0,0,0
05:50:16 Jan 06 2021,96,37,0,0,0
05:50:18 Jan 06 2021,96,37,0,0,0
05:50:20 Jan 06 2021,96,37,0,0,0
05:50:22 Jan 06 2021,96,37,0,0,0
05:50:24 Jan 06 2021,96,37,0,0,0
05:50:26 Jan 06 2021,96,37,0,0,0
05:50:28 Jan 06 2021,96,38,0,0,0
05:50:30 Jan 06 2021,96,38,1,0,0
05:50:32 Jan 06 2021,96,38,0,0,0
05:50:34 Jan 06 2021,96,39,0,0,0
05:50:36 Jan 06 2021,96,39,0,0,0
05:50:38 Jan 06 2021,96,39,0,0,0
05:50:40 Jan 06 2021,96,39,0,0,0
05:50:42 Jan 06 2021,95,39,0,0,0
05:50:44 Jan 06 2021,95,39,0,0,0
05:50:46 Jan 06 2021,94,39,0,0,0
05:50:48 Jan 06 2021,94,40,0,0,0
05:50:50 Jan 06 2021,95,42,0,0,0
05:50:52 Jan 06 2021,95,45,0,0,0
05:50:54 Jan 06 2021,95,43,1,0,0
05:50:56 Jan 06 2021,95,40,1,0,0
05:50:58 Jan 06 2021,95,37,0,0,0
05:51:00 Jan 06 2021,96,35,1,0,0
05:51:02 Jan 06 2021,96,35,1,0,0
05:51:04 Jan 06 2021,96,35,0,0,0
05:51:06 Jan 06 2021,96,35,1,0,0
05:51:08 Jan 06 2021,96,35,0,0,0
05:51:10 Jan 06 2021,96,35,0,0,0
05:51:12 Jan 06 2021,96,35,0,0,0
05:51:14 Jan 06 2021,96,35,0,0,0
05:51:16 Jan 06 2021,96,35,0,0,0
05:51:18 Jan 06 2021,96,35,0,0,0
05:51:20 Jan 06 2021,96,35,0,0,0
05:51:22 Jan 06 2021,96,35,1,0,0
05:51:24 Jan 06 2021,96,35,0,0,0
05:51:26 Jan 06 2021,96,35,0,0,0
05:51:28 Jan 06 2021,96,35,1,0,0
05:51:30 Jan 06 2021,96,36,1,0,0
05:51:32 Jan 06 2021,95,36,0,0,0
05:51:34 Jan 06 2021,95,36,0,0,0
05:51:36 Jan 06 2021,95,37,0,0,0
05:51:38 Jan 06 2021,96,37,1,0,0
05:51:40 Jan 06 2021,96,37,1,0,0
05:51:42 Jan 06 2021,96,37,0,0,0
05:51:44 Jan 06 2021,96,37,0,0,0
05:51:46 Jan 06 2021,96,37,0,0,0
05:51:48 Jan 06 2021,96,37,0,0,0
05:51:50 Jan 06 2021,96,37,0,0,0
05:51:52 Jan 06 2021,96,38,0,0,0
05:51:54 Jan 06 2021,96,40,0,0,0
05:51:56 Jan 06 2021,96,42,0,0,0
05:51:58 Jan 06 2021,95,42,0,0,0
05:52:00 Jan 06 2021,95,43,0,0,0
05:52:02 Jan 06 2021,95,42,0,0,0
05:52:04 Jan 06 2021,94,43,0,0,0
05:52:06 Jan 06 2021,94,43,0,0,0
05:52:08 Jan 06 2021,93,42,0,0,0
05:52:10 Jan 06 2021,93,53,0,0,0
05:52:12 Jan 06 2021,93,51,0,0,0
05:52:14 Jan 06 2021,93,56,0,0,0
05:52:16 Jan 06 2021,93,60,0,0,0
05:52:18 Jan 06 2021,94,57,0,0,0
05:52:20 Jan 06 2021,95,60,0,0,0
05:52:22 Jan 06 2021,95,60,0,0,0
05:52:24 Jan 06 2021,96,60,0,0,0
05:52:26 Jan 06 2021,96,60,0,0,0
05:52:28 Jan 06 2021,96,59,0,0,0
05:52:30 Jan 06 2021,96,59,0,0,0
05:52:32 Jan 06 2021,96,60,0,0,0
05:52:34 Jan 06 2021,96,58,0,0,0
05:52:36 Jan 06 2021,96,55,1,0,0
05:52:38 Jan 06 2021,96,53,1,0,0
05:52:40 Jan 06 2021,96,53,1,0,0
05:52:42 Jan 06 2021,96,54,0,0,0
05:52:44 Jan 06 2021,96,53,1,0,0
05:52:46 Jan 06 2021,96,53,1,0,0
05:52:48 Jan 06 2021,96,53,0,0,0
05:52:50 Jan 06 2021,96,53,1,0,0
05:52:52 Jan 06 2021,96,53,1,0,0
05:52:54 Jan 06 2021,96,48,1,0,0
05:52:56 Jan 06 2021,95,44,0,0,0
05:52:58 Jan 06 2021,95,39,0,0,0
05:53:00 Jan 06 2021,95,39,0,0,0
05:53:02 Jan 06 2021,95,39,0,0,0
05:53:04 Jan 06 2021,95,40,0,0,0
05:53:06 Jan 06 2021,95,40,0,0,0
05:53:08 Jan 06 2021,94,40,0,0,0
05:53:10 Jan 06 2021,94,40,1,0,0
05:53:12 Jan 06 2021,93,40,0,0,0
05:53:14 Jan 06 2021,93,40,0,0,0
05:53:16 Jan 06 2021,93,40,1,0,0
05:53:18 Jan 06 2021,93,40,0,0,0
05:53:20 Jan 06 2021,93,40,0,0,0
05:53:22 Jan 06 2021,93,40,0,0,0
05:53:24 Jan 06 2021,94,40,0,0,0
05:53:26 Jan 06 2021,95,39,0,0,0
05:53:28 Jan 06 2021,96,39,1,0,0
05:53:30 Jan 06 2021,96,39,1,0,0
05:53:32 Jan 06 2021,96,39,0,0,0
05:53:34 Jan 06 2021,96,40,0,0,0
05:53:36 Jan 06 2021,96,40,0,0,0
05:53:38 Jan 06 2021,96,39,0,0,0
05:53:40 Jan 06 2021,96,37,0,0,0
05:53:42 Jan 06 2021,96,36,0,0,0
05:53:44 Jan 06 2021,96,36,0,0,0
05:53:46 Jan 06 2021,96,37,0,0,0
05:53:48 Jan 06 2021,96,36,1,0,0
05:53:50 Jan 06 2021,96,36,0,0,0
05:53:52 Jan 06 2021,96,36,0,0,0
05:53:54 Jan 06 2021,96,36,0,0,0
05:53:56 Jan 06 2021,96,36,0,0,0
05:53:58 Jan 06 2021,96,36,0,0,0
05:54:00 Jan 06 2021,96,36,0,0,0
05:54:02 Jan 06 2021,96,37,0,0,0
05:54:04 Jan 06 2021,96,39,1,0,0
05:54:06 Jan 06 2021,96,39,1,0,0
05:54:08 Jan 06 2021,96,41,0,0,0
05:54:10 Jan 06 2021,96,41,0,0,0
05:54:12 Jan 06 2021,96,40,0,0,0
05:54:14 Jan 06 2021,96,41,1,0,0
05:54:16 Jan 06 2021,96,45,1,0,0
05:54:18 Jan 06 2021,96,51,0,0,0
05:54:20 Jan 06 2021,96,55,0,0,0
05:54:22 Jan 06 2021,96,57,0,0,0
05:54:24 Jan 06 2021,96,55,0,0,0
05:54:26 Jan 06 2021,96,58,1,0,0
05:54:28 Jan 06 2021,96,62,1,0,0
05:54:30 Jan 06 2021,95,68,1,0,0
05:54:32 Jan 06 2021,96,69,0,0,0
05:54:34 Jan 06 2021,95,70,1,0,0
05:54:36 Jan 06 2021,95,69,0,0,0
05:54:38 Jan 06 2021,95,69,0,0,0
05:54:40 Jan 06 2021,95,69,0,0,0
05:54:42 Jan 06 2021,95,72,1,0,0
05:54:44 Jan 06 2021,95,74,0,0,0
05:54:46 Jan 06 2021,95,74,0,0,0
05:54:48 Jan 06 2021,95,74,0,0,0
05:54:50 Jan 06 2021,95,74,0,0,0
05:54:52 Jan 06 2021,95,74,0,0,0
05:54:54 Jan 06 2021,96,73,0,0,0
05:54:56 Jan 06 2021,96,74,0,0,0
05:54:58 Jan 06 2021,96,73,0,0,0
05:55:00 Jan 06 2021,96,72,0,0,0
05:55:02 Jan 06 2021,96,71,0,0,0
05:55:04 Jan 06 2021,96,59,0,0,0
05:55:06 Jan 06 2021,96,49,1,0,0
05:55:08 Jan 06 2021,96,37,0,0,0
05:55:10 Jan 06 2021,96,36,0,0,0
05:55:12 Jan 06 2021,96,36,1,0,0
05:55:14 Jan 06 2021,96,36,1,0,0
05:55:16 Jan 06 2021,96,36,1,0,0
05:55:18 Jan 06 2021,96,36,0,0,0
05:55:20 Jan 06 2021,96,36,0,0,0
05:55:22 Jan 06 2021,96,36,0,0,0
05:55:24 Jan 06 2021,96,38,0,0,0
05:55:26 Jan 06 2021,96,39,0,0,0
05:55:28 Jan 06 2021,96,41,0,0,0
05:55:30 Jan 06 2021,95,46,0,0,0
05:55:32 Jan 06 2021,95,47,0,0,0
05:55:34 Jan 06 2021,95,50,0,0,0
05:55:36 Jan 06 2021,96,52,0,0,0
05:55:38 Jan 06 2021,96,49,0,0,0
05:55:40 Jan 06 2021,96,49,0,0,0
05:55:42 Jan 06 2021,96,47,0,0,0
05:55:44 Jan 06 2021,95,45,0,0,0
05:55:46 Jan 06 2021,94,43,0,0,0
05:55:48 Jan 06 2021,94,41,1,0,0
05:55:50 Jan 06 2021,94,43,0,0,0
05:55:52 Jan 06 2021,94,44,0,0,0
05:55:54 Jan 06 2021,94,49,0,0,0
05:55:56 Jan 06 2021,94,51,0,0,0
05:55:58 Jan 06 2021,95,54,0,0,0
05:56:00 Jan 06 2021,95,52,0,0,0
05:56:02 Jan 06 2021,95,52,0,0,0
05:56:04 Jan 06 2021,96,50,0,0,0
05:56:06 Jan 06 2021,96,45,0,0,0
05:56:08 Jan 06 2021,96,43,0,0,0
05:56:10 Jan 06 2021,96,40,0,0,0
05:56:12 Jan 06 2021,96,42,0,0,0
05:56:14 Jan 06 2021,96,43,0,0,0
05:56:16 Jan 06 2021,96,42,0,0,0
05:56:18 Jan 06 2021,96,42,0,0,0
05:56:20 Jan 06 2021,96,43,0,0,0
05:56:22 Jan 06 2021,96,44,0,0,0
05:56:24 Jan 06 2021,96,45,0,0,0
05:56:26 Jan 06 2021,96,45,0,0,0
05:56:28 Jan 06 2021,96,43,0,0,0
05:56:30 Jan 06 2021,95,41,0,0,0
05:56:32 Jan 06 2021,95,38,0,0,0
05:56:34 Jan 06 2021,96,38,0,0,0
05:56:36 Jan 06 2021,95,36,0,0,0
05:56:38 Jan 06 2021,95,37,0,0,0
05:56:40 Jan 06 2021,95,37,0,0,0
05:56:42 Jan 06 2021,95,40,0,0,0
05:56:44 Jan 06 2021,95,42,0,0,0
05:56:46 Jan 06 2021,95,42,0,0,0
05:56:48 Jan 06 2021,94,41,0,0,0
05:56:50 Jan 06 2021,93,38,0,0,0
05:56:52 Jan 06 2021,92,36,0,0,0
05:56:54 Jan 06 2021,92,35,0,0,0
05:56:56 Jan 06 2021,91,34,0,0,0
05:56:58 Jan 06 2021,90,35,0,0,0
05:57:00 Jan 06 2021,91,35,0,0,0
05:57:02 Jan 06 2021,91,35,0,0,0
05:57:04 Jan 06 2021,92,35,0,0,0
05:57:06 Jan 06 2021,92,35,0,0,0
05:57:08 Jan 06 2021,92,35,0,0,0
05:57:10 Jan 06 2021,92,35,0,0,0
05:57:12 Jan 06 2021,92,35,0,0,0
05:57:14 Jan 06 2021,93,35,0,0,0
05:57:16 Jan 06 2021,94,35,0,0,0
05:57:18 Jan 06 2021,95,35,0,0,0
05:57:20 Jan 06 2021,95,35,0,0,0
05:57:22 Jan 06 2021,95,35,0,0,0
05:57:24 Jan 06 2021,95,35,0,0,0
05:57:26 Jan 06 2021,95,35,0,0,0
05:57:28 Jan 06 2021,95,35,0,0,0
05:57:30 Jan 06 2021,95,35,0,0,0
05:57:32 Jan 06 2021,95,35,0,0,0
05:57:34 Jan 06 2021,95,35,0,0,0
05:57:36 Jan 06 2021,95,37,0,0,0
05:57:38 Jan 06 2021,95,37,0,0,0
05:57:40 Jan 06 2021,95,37,0,0,0
05:57:42 Jan 06 2021,95,39,0,0,0
05:57:44 Jan 06 2021,95,42,0,0,0
05:57:46 Jan 06 2021,95,44,0,0,0
05:57:48 Jan 06 2021,95,46,0,0,0
05:57:50 Jan 06 2021,95,47,0,0,0
05:57:52 Jan 06 2021,95,46,0,0,0
05:57:54 Jan 06 2021,95,48,0,0,0
05:57:56 Jan 06 2021,94,47,0,0,0
05:57:58 Jan 06 2021,95,45,0,0,0
05:58:00 Jan 06 2021,95,44,0,0,0
05:58:02 Jan 06 2021,95,43,0,0,0
05:58:04 Jan 06 2021,95,44,0,0,0
05:58:06 Jan 06 2021,95,48,0,0,0
05:58:08 Jan 06 2021,95,49,0,0,0
05:58:10 Jan 06 2021,94,60,0,0,0
05:58:12 Jan 06 2021,94,64,0,0,0
05:58:14 Jan 06 2021,94,65,0,0,0
05:58:16 Jan 06 2021,94,69,0,0,0
05:58:18 Jan 06 2021,94,66,0,0,0
05:58:20 Jan 06 2021,95,66,0,0,0
05:58:22 Jan 06 2021,95,67,0,0,0
05:58:24 Jan 06 2021,95,67,0,0,0
05:58:26 Jan 06 2021,95,67,0,0,0
05:58:28 Jan 06 2021,95,62,0,0,0
05:58:30 Jan 06 2021,95,59,0,0,0
05:58:32 Jan 06 2021,95,56,0,0,0
05:58:34 Jan 06 2021,95,56,0,0,0
05:58:36 Jan 06 2021,96,58,0,0,0
05:58:38 Jan 06 2021,96,58,0,0,0
05:58:40 Jan 06 2021,96,57,0,0,0
05:58:42 Jan 06 2021,96,55,0,0,0
05:58:44 Jan 06 2021,96,56,0,0,0
05:58:46 Jan 06 2021,96,56,0,0,0
05:58:48 Jan 06 2021,96,56,0,0,0
05:58:50 Jan 06 2021,96,53,0,0,0
05:58:52 Jan 06 2021,95,50,0,0,0
05:58:54 Jan 06 2021,95,46,0,0,0
05:58:56 Jan 06 2021,95,43,0,0,0
05:58:58 Jan 06 2021,95,44,0,0,0
05:59:00 Jan 06 2021,95,44,0,0,0
05:59:02 Jan 06 2021,95,45,0,0,0
05:59:04 Jan 06 2021,95,45,0,0,0
05:59:06 Jan 06 2021,95,45,0,0,0
05:59:08 Jan 06 2021,95,45,0,0,0
05:59:10 Jan 06 2021,95,45,0,0,0
05:59:12 Jan 06 2021,95,45,0,0,0
05:59:14 Jan 06 2021,95,45,0,0,0
05:59:16 Jan 06 2021,95,45,0,0,0
05:59:18 Jan 06 2021,94,43,0,0,0
05:59:20 Jan 06 2021,93,40,0,0,0
05:59:22 Jan 06 2021,92,39,0,0,0
05:59:24 Jan 06 2021,92,38,0,0,0
05:59:26 Jan 06 2021,92,43,0,0,0
05:59:28 Jan 06 2021,92,45,0,0,0
05:59:30 Jan 06 2021,92,45,0,0,0
05:59:32 Jan 06 2021,91,48,0,0,0
05:59:34 Jan 06 2021,91,44,0,0,0
05:59:36 Jan 06 2021,91,42,0,0,0
05:59:38 Jan 06 2021,92,41,0,0,0
05:59:40 Jan 06 2021,93,37,0,0,0
05:59:42 Jan 06 2021,93,37,0,0,0
05:59:44 Jan 06 2021,93,36,0,0,0
05:59:46 Jan 06 2021,94,36,0,0,0
05:59:48 Jan 06 2021,95,37,0,0,0
05:59:50 Jan 06 2021,96,38,0,0,0
05:59:52 Jan 06 2021,96,38,0,0,0
05:59:54 Jan 06 2021,96,39,0,0,0
05:59:56 Jan 06 2021,96,39,0,0,0
05:59:58 Jan 06 2021,96,39,0,0,0
06:00:00 Jan 06 2021,96,39,0,0,0
06:00:02 Jan 06 2021,96,39,0,0,0
06:00:04 Jan 06 2021,96,39,0,0,0
06:00:06 Jan 06 2021,96,39,0,0,0
06:00:08 Jan 06 2021,96,39,0,0,0
06:00:10 Jan 06 2021,95,38,0,0,0
06:00:12 Jan 06 2021,95,38,0,0,0
06:00:14 Jan 06 2021,96,39,0,0,0
06:00:16 Jan 06 2021,95,39,0,0,0
06:00:18 Jan 06 2021,95,40,0,0,0
06:00:20 Jan 06 2021,95,40,0,0,0
06:00:22 Jan 06 2021,95,40,0,0,0
06:00:24 Jan 06 2021,95,40,0,0,0
06:00:26 Jan 06 2021,95,40,0,0,0
06:00:28 Jan 06 2021,94,41,0,0,0
06:00:30 Jan 06 2021,94,42,0,0,0
06:00:32 Jan 06 2021,94,43,0,0,0
06:00:34 Jan 06 2021,93,42,0,0,0
06:00:36 Jan 06 2021,93,41,0,0,0
06:00:38 Jan 06 2021,93,41,0,0,0
06:00:40 Jan 06 2021,93,40,0,0,0
06:00:42 Jan 06 2021,92,41,0,0,0
06:00:44 Jan 06 2021,92,41,0,0,0
06:00:46 Jan 06 2021,92,41,0,0,0
06:00:48 Jan 06 2021,92,42,0,0,0
06:00:50 Jan 06 2021,92,41,0,0,0
06:00:52 Jan 06 2021,92,41,0,0,0
06:00:54 Jan 06 2021,92,42,0,0,0
06:00:56 Jan 06 2021,93,41,0,0,0
06:00:58 Jan 06 2021,94,41,0,0,0
06:01:00 Jan 06 2021,94,41,0,0,0
06:01:02 Jan 06 2021,94,41,0,0,0
06:01:04 Jan 06 2021,95,40,0,0,0
06:01:06 Jan 06 2021,96,39,0,0,0
06:01:08 Jan 06 2021,96,38,0,0,0
06:01:10 Jan 06 2021,96,38,0,0,0
06:01:12 Jan 06 2021,96,38,0,0,0
06:01:14 Jan 06 2021,96,38,0,0,0
06:01:16 Jan 06 2021,96,38,0,0,0
06:01:18 Jan 06 2021,96,38,0,0,0
06:01:20 Jan 06 2021,96,38,0,0,0
06:01:22 Jan 06 2021,96,38,0,0,0
06:01:24 Jan 06 2021,96,37,0,0,0
06:01:26 Jan 06 2021,96,37,0,0,0
06:01:28 Jan 06 2021,96,37,0,0,0
06:01:30 Jan 06 2021,96,38,0,0,0
06:01:32 Jan 06 2021,96,39,0,0,0
06:01:34 Jan 06 2021,96,39,0,0,0
06:01:36 Jan 06 2021,96,39,0,0,0
06:01:38 Jan 06 2021,96,37,0,0,0
06:01:40 Jan 06 2021,96,37,0,0,0
06:01:42 Jan 06 2021,95,39,0,0,0
06:01:44 Jan 06 2021,95,38,0,0,0
06:01:46 Jan 06 2021,95,38,0,0,0
06:01:48 Jan 06 2021,95,39,0,0,0
06:01:50 Jan 06 2021,95,39,0,0,0
06:01:52 Jan 06 2021,95,39,0,0,0
06:01:54 Jan 06 2021,95,39,0,0,0
06:01:56 Jan 06 2021,94,39,0,0,0
06:01:58 Jan 06 2021,93,39,0,0,0
06:02:00 Jan 06 2021,92,38,0,0,0
06:02:02 Jan 06 2021,92,38,0,0,0
06:02:04 Jan 06 2021,92,38,0,0,0
06:02:06 Jan 06 2021,92,38,0,0,0
06:02:08 Jan 06 2021,92,38,0,0,0
06:02:10 Jan 06 2021,92,38,0,0,0
06:02:12 Jan 06 2021,92,38,0,0,0
06:02:14 Jan 06 2021,92,38,0,0,0
06:02:16 Jan 06 2021,92,38,0,0,0
06:02:18 Jan 06 2021,93,37,0,0,0
06:02:20 Jan 06 2021,94,36,0,0,0
06:02:22 Jan 06 2021,95,36,0,0,0
06:02:24 Jan 06 2021,95,35,0,0,0
06:02:26 Jan 06 2021,96,36,0,0,0
06:02:28 Jan 06 2021,96,36,0,0,0
06:02:30 Jan 06 2021,96,36,0,0,0
06:02:32 Jan 06 2021,96,37,0,0,0
06:02:34 Jan 06 2021,96,37,0,0,0
06:02:36 Jan 06 2021,96,37,0,0,0
06:02:38 Jan 06 2021,96,37,0,0,0
06:02:40 Jan 06 2021,96,37,0,0,0
06:02:42 Jan 06 2021,96,37,0,0,0
06:02:44 Jan 06 2021,96,42,0,0,0
06:02:46 Jan 06 2021,96,43,0,0,0
06:02:48 Jan 06 2021,95,42,0,0,0
06:02:50 Jan 06 2021,96,39,0,0,0
06:02:52 Jan 06 2021,96,38,0,0,0
06:02:54 Jan 06 2021,96,38,1,0,0
06:02:56 Jan 06 2021,96,39,1,0,0
06:02:58 Jan 06 2021,96,39,0,0,0
06:03:00 Jan 06 2021,96,39,0,0,0
06:03:02 Jan 06 2021,96,39,0,0,0
06:03:04 Jan 06 2021,96,39,0,0,0
06:03:06 Jan 06 2021,96,39,0,0,0
06:03:08 Jan 06 2021,96,39,0,0,0
06:03:10 Jan 06 2021,96,39,0,0,0
06:03:12 Jan 06 2021,96,39,0,0,0
06:03:14 Jan 06 2021,95,38,0,0,0
06:03:16 Jan 06 2021,94,37,0,0,0
06:03:18 Jan 06 2021,92,36,0,0,0
06:03:20 Jan 06 2021,91,36,0,0,0
06:03:22 Jan 06 2021,91,36,0,0,0
06:03:24 Jan 06 2021,91,36,0,0,0
06:03:26 Jan 06 2021,92,36,0,0,0
06:03:28 Jan 06 2021,93,37,0,0,0
06:03:30 Jan 06 2021,94,37,0,0,0
06:03:32 Jan 06 2021,94,38,0,0,0
06:03:34 Jan 06 2021,95,38,0,0,0
06:03:36 Jan 06 2021,95,38,0,0,0
06:03:38 Jan 06 2021,95,39,0,0,0
06:03:40 Jan 06 2021,95,38,0,0,0
06:03:42 Jan 06 2021,95,38,0,0,0
06:03:44 Jan 06 2021,95,38,0,0,0
06:03:46 Jan 06 2021,95,37,0,0,0
06:03:48 Jan 06 2021,96,36,0,0,0
06:03:50 Jan 06 2021,96,35,0,0,0
06:03:52 Jan 06 2021,96,34,0,0,0
06:03:54 Jan 06 2021,96,35,0,0,0
06:03:56 Jan 06 2021,96,35,0,0,0
06:03:58 Jan 06 2021,96,36,0,0,0
06:04:00 Jan 06 2021,96,37,0,0,0
06:04:02 Jan 06 2021,96,37,0,0,0
06:04:04 Jan 06 2021,96,37,0,0,0
06:04:06 Jan 06 2021,96,37,0,0,0
06:04:08 Jan 06 2021,96,37,0,0,0
06:04:10 Jan 06 2021,96,37,0,0,0
06:04:12 Jan 06 2021,96,37,0,0,0
06:04:14 Jan 06 2021,96,37,0,0,0
06:04:16 Jan 06 2021,96,37,0,0,0
06:04:18 Jan 06 2021,96,37,0,0,0
06:04:20 Jan 06 2021,96,37,1,0,0
06:04:22 Jan 06 2021,96,37,0,0,0
06:04:24 Jan 06 2021,96,37,0,0,0
06:04:26 Jan 06 2021,96,38,0,0,0
06:04:28 Jan 06 2021,95,38,0,0,0
06:04:30 Jan 06 2021,94,39,1,0,0
06:04:32 Jan 06 2021,93,41,0,0,0
06:04:34 Jan 06 2021,92,43,0,0,0
06:04:36 Jan 06 2021,91,42,0,0,0
06:04:38 Jan 06 2021,91,41,0,0,0
06:04:40 Jan 06 2021,90,39,0,0,0
06:04:42 Jan 06 2021,90,38,0,0,0
06:04:44 Jan 06 2021,90,39,5,0,0
06:04:46 Jan 06 2021,90,39,0,0,0
06:04:48 Jan 06 2021,91,39,0,0,0
06:04:50 Jan 06 2021,91,39,0,0,0
06:04:52 Jan 06 2021,91,39,0,0,0
06:04:54 Jan 06 2021,92,39,0,0,0
06:04:56 Jan 06 2021,92,38,0,0,0
06:04:58 Jan 06 2021,94,37,0,0,0
06:05:00 Jan 06 2021,95,37,0,0,0
06:05:02 Jan 06 2021,96,36,0,0,0
06:05:04 Jan 06 2021,96,36,0,0,0
06:05:06 Jan 06 2021,96,36,0,0,0
06:05:08 Jan 06 2021,96,36,0,0,0
06:05:10 Jan 06 2021,96,36,0,0,0
06:05:12 Jan 06 2021,96,36,0,0,0
06:05:14 Jan 06 2021,96,36,0,0,0
06:05:16 Jan 06 2021,96,36,0,0,0
06:05:18 Jan 06 2021,96,36,0,0,0
06:05:20 Jan 06 2021,96,36,0,0,0
06:05:22 Jan 06 2021,96,36,0,0,0
06:05:24 Jan 06 2021,96,36,0,0,0
06:05:26 Jan 06 2021,96,36,0,0,0
06:05:28 Jan 06 2021,96,36,0,0,0
06:05:30 Jan 06 2021,96,36,3,0,0
06:05:32 Jan 06 2021,96,36,13,0,0
06:05:34 Jan 06 2021,96,36,1,0,0
06:05:36 Jan 06 2021,96,36,1,0,0
06:05:38 Jan 06 2021,96,36,1,0,0
06:05:40 Jan 06 2021,96,36,0,0,0
06:05:42 Jan 06 2021,95,39,0,0,0
06:05:44 Jan 06 2021,95,53,0,0,0
06:05:46 Jan 06 2021,94,61,0,0,0
06:05:48 Jan 06 2021,94,69,1,0,0
06:05:50 Jan 06 2021,94,76,1,0,0
06:05:52 Jan 06 2021,94,78,0,0,0
06:05:54 Jan 06 2021,93,84,1,0,0
06:05:56 Jan 06 2021,92,86,0,0,0
06:05:58 Jan 06 2021,93,86,0,0,0
06:06:00 Jan 06 2021,93,87,0,0,0
06:06:02 Jan 06 2021,94,88,0,0,0
06:06:04 Jan 06 2021,95,89,0,0,0
06:06:06 Jan 06 2021,95,90,0,0,0
06:06:08 Jan 06 2021,95,90,0,0,0
06:06:10 Jan 06 2021,95,93,0,0,0
06:06:12 Jan 06 2021,95,98,0,0,0
06:06:14 Jan 06 2021,95,99,0,0,0
06:06:16 Jan 06 2021,96,101,0,0,0
06:06:18 Jan 06 2021,96,99,0,0,0
06:06:20 Jan 06 2021,96,99,0,0,0
06:06:22 Jan 06 2021,96,98,0,0,0
06:06:24 Jan 06 2021,96,99,0,0,0
06:06:26 Jan 06 2021,96,99,0,0,0
06:06:28 Jan 06 2021,96,99,1,0,0
06:06:30 Jan 06 2021,96,99,0,0,0
06:06:32 Jan 06 2021,96,95,0,0,0
06:06:34 Jan 06 2021,96,94,0,0,0
06:06:36 Jan 06 2021,96,96,1,0,0
06:06:38 Jan 06 2021,96,95,1,0,0
06:06:40 Jan 06 2021,96,95,1,0,0
06:06:42 Jan 06 2021,96,95,0,0,0
06:06:44 Jan 06 2021,96,95,1,0,0
06:06:46 Jan 06 2021,96,92,0,0,0
06:06:48 Jan 06 2021,96,92,0,0,0
06:06:50 Jan 06 2021,96,91,0,0,0
06:06:52 Jan 06 2021,95,88,0,0,0
06:06:54 Jan 06 2021,95,89,0,0,0
06:06:56 Jan 06 2021,95,90,0,0,0
06:06:58 Jan 06 2021,95,91,0,0,0
06:07:00 Jan 06 2021,95,93,0,0,0
06:07:02 Jan 06 2021,94,92,0,0,0
06:07:04 Jan 06 2021,94,95,0,0,0
06:07:06 Jan 06 2021,94,92,0,0,0
06:07:08 Jan 06 2021,95,91,0,0,0
06:07:10 Jan 06 2021,94,89,0,0,0
06:07:12 Jan 06 2021,93,82,0,0,0
06:07:14 Jan 06 2021,93,77,0,0,0
06:07:16 Jan 06 2021,93,75,0,0,0
06:07:18 Jan 06 2021,93,78,0,0,0
06:07:20 Jan 06 2021,94,77,0,0,0
06:07:22 Jan 06 2021,94,80,0,0,0
06:07:24 Jan 06 2021,94,81,0,0,0
06:07:26 Jan 06 2021,95,83,0,0,0
06:07:28 Jan 06 2021,95,83,0,0,0
06:07:30 Jan 06 2021,96,82,0,0,0
06:07:32 Jan 06 2021,96,81,0,0,0
06:07:34 Jan 06 2021,96,77,0,0,0
06:07:36 Jan 06 2021,96,76,0,0,0
06:07:38 Jan 06 2021,96,77,0,0,0
06:07:40 Jan 06 2021,96,77,0,0,0
06:07:42 Jan 06 2021,96,77,0,0,0
06:07:44 Jan 06 2021,96,77,0,0,0
06:07:46 Jan 06 2021,96,77,0,0,0
06:07:48 Jan 06 2021,96,77,0,0,0
06:07:50 Jan 06 2021,96,77,0,0,0
06:07:52 Jan 06 2021,96,78,0,0,0
06:07:54 Jan 06 2021,96,79,0,0,0
06:07:56 Jan 06 2021,96,75,0,0,0
06:07:58 Jan 06 2021,96,72,0,0,0
06:08:00 Jan 06 2021,96,72,0,0,0
06:08:02 Jan 06 2021,96,69,0,0,0
06:08:04 Jan 06 2021,96,71,0,0,0
06:08:06 Jan 06 2021,96,72,2,0,0
06:08:08 Jan 06 2021,95,74,0,0,0
06:08:10 Jan 06 2021,95,75,0,0,0
06:08:12 Jan 06 2021,94,75,2,0,0
06:08:14 Jan 06 2021,94,75,3,0,0
06:08:16 Jan 06 2021,94,75,1,0,0
06:08:18 Jan 06 2021,94,75,1,0,0
06:08:20 Jan 06 2021,94,75,0,0,0
06:08:22 Jan 06 2021,94,76,0,0,0
06:08:24 Jan 06 2021,94,75,0,0,0
06:08:26 Jan 06 2021,94,75,0,0,0
06:08:28 Jan 06 2021,94,75,0,0,0
06:08:30 Jan 06 2021,94,70,1,0,0
06:08:32 Jan 06 2021,94,69,0,0,0
06:08:34 Jan 06 2021,94,68,0,0,0
06:08:36 Jan 06 2021,95,70,0,0,0
06:08:38 Jan 06 2021,95,72,0,0,0
06:08:40 Jan 06 2021,95,71,0,0,0
06:08:42 Jan 06 2021,96,70,0,0,0
06:08:44 Jan 06 2021,96,71,0,0,0
06:08:46 Jan 06 2021,96,71,0,0,0
06:08:48 Jan 06 2021,96,71,1,0,0
06:08:50 Jan 06 2021,97,72,0,0,0
06:08:52 Jan 06 2021,97,74,0,0,0
06:08:54 Jan 06 2021,97,75,0,0,0
06:08:56 Jan 06 2021,97,76,0,0,0
06:08:58 Jan 06 2021,97,76,0,0,0
06:09:00 Jan 06 2021,97,78,0,0,0
06:09:02 Jan 06 2021,97,81,0,0,0
06:09:04 Jan 06 2021,97,83,0,0,0
06:09:06 Jan 06 2021,97,84,0,0,0
06:09:08 Jan 06 2021,97,82,0,0,0
06:09:10 Jan 06 2021,97,81,0,0,0
06:09:12 Jan 06 2021,97,80,0,0,0
06:09:14 Jan 06 2021,97,79,1,0,0
06:09:16 Jan 06 2021,97,80,0,0,0
06:09:18 Jan 06 2021,96,79,0,0,0
06:09:20 Jan 06 2021,96,80,0,0,0
06:09:22 Jan 06 2021,96,79,0,0,0
06:09:24 Jan 06 2021,96,79,0,0,0
06:09:26 Jan 06 2021,96,79,0,0,0
06:09:28 Jan 06 2021,95,78,0,0,0
06:09:30 Jan 06 2021,95,82,0,0,0
06:09:32 Jan 06 2021,95,83,0,0,0
06:09:34 Jan 06 2021,95,83,0,0,0
06:09:36 Jan 06 2021,95,84,0,0,0
06:09:38 Jan 06 2021,94,85,0,0,0
06:09:40 Jan 06 2021,94,73,0,0,0
06:09:42 Jan 06 2021,93,74,1,0,0
06:09:44 Jan 06 2021,92,71,0,0,0
06:09:46 Jan 06 2021,92,75,0,0,0
06:09:48 Jan 06 2021,92,82,0,0,0
06:09:50 Jan 06 2021,92,82,0,0,0
06:09:52 Jan 06 2021,92,80,0,0,0
06:09:54 Jan 06 2021,93,74,0,0,0
06:09:56 Jan 06 2021,93,73,2,0,0
06:09:58 Jan 06 2021,94,67,7,0,0
06:10:00 Jan 06 2021,94,69,11,0,0
06:10:02 Jan 06 2021,94,69,9,0,0
06:10:04 Jan 06 2021,94,66,7,0,0
06:10:06 Jan 06 2021,94,67,3,0,0
06:10:08 Jan 06 2021,94,66,3,0,0
06:10:10 Jan 06 2021,94,66,5,0,0
06:10:12 Jan 06 2021,94,68,5,0,0
06:10:14 Jan 06 2021,95,69,3,0,0
06:10:16 Jan 06 2021,95,69,2,0,0
06:10:18 Jan 06 2021,95,69,0,0,0
06:10:20 Jan 06 2021,94,69,0,0,0
06:10:22 Jan 06 2021,94,69,2,0,0
06:10:24 Jan 06 2021,94,69,0,0,0
06:10:26 Jan 06 2021,94,69,1,0,0
06:10:28 Jan 06 2021,94,69,1,0,0
06:10:30 Jan 06 2021,94,69,1,0,0
06:10:32 Jan 06 2021,95,69,0,0,0
06:10:34 Jan 06 2021,96,69,1,0,0
06:10:36 Jan 06 2021,96,63,2,0,0
06:10:38 Jan 06 2021,96,56,1,0,0
06:10:40 Jan 06 2021,96,53,0,0,0
06:10:42 Jan 06 2021,96,52,0,0,0
06:10:44 Jan 06 2021,96,52,0,0,0
06:10:46 Jan 06 2021,96,55,8,0,0
06:10:48 Jan 06 2021,96,55,8,0,0
06:10:50 Jan 06 2021,96,55,2,0,0
06:10:52 Jan 06 2021,96,56,2,0,0
06:10:54 Jan 06 2021,96,56,0,0,0
06:10:56 Jan 06 2021,96,56,0,0,0
06:10:58 Jan 06 2021,96,57,0,0,0
06:11:00 Jan 06 2021,96,58,0,0,0
06:11:02 Jan 06 2021,96,64,0,0,0
06:11:04 Jan 06 2021,96,69,0,0,0
06:11:06 Jan 06 2021,96,73,0,0,0
06:11:08 Jan 06 2021,96,72,0,0,0
06:11:10 Jan 06 2021,96,63,0,0,0
06:11:12 Jan 06 2021,96,55,0,0,0
06:11:14 Jan 06 2021,96,53,0,0,0
06:11:16 Jan 06 2021,96,51,0,0,0
06:11:18 Jan 06 2021,96,51,2,0,0
06:11:20 Jan 06 2021,96,52,0,0,0
06:11:22 Jan 06 2021,96,51,0,0,0
06:11:24 Jan 06 2021,96,51,0,0,0
06:11:26 Jan 06 2021,96,51,5,0,0
06:11:28 Jan 06 2021,96,51,7,0,0
06:11:30 Jan 06 2021,96,51,3,0,0
06:11:32 Jan 06 2021,96,51,0,0,0
06:11:34 Jan 06 2021,96,51,2,0,0
06:11:36 Jan 06 2021,96,51,1,0,0
06:11:38 Jan 06 2021,96,51,2,0,0
06:11:40 Jan 06 2021,96,51,4,0,0
06:11:42 Jan 06 2021,96,49,5,0,0
06:11:44 Jan 06 2021,96,46,14,0,0
06:11:46 Jan 06 2021,97,44,2,0,0
06:11:48 Jan 06 2021,97,43,3,0,0
06:11:50 Jan 06 2021,97,44,3,0,0
06:11:52 Jan 06 2021,97,44,3,0,0
06:11:54 Jan 06 2021,97,44,5,0,0
06:11:56 Jan 06 2021,97,44,2,0,0
06:11:58 Jan 06 2021,97,44,3,0,0
06:12:00 Jan 06 2021,97,45,2,0,0
06:12:02 Jan 06 2021,97,45,16,0,0
06:12:04 Jan 06 2021,97,45,7,0,0
06:12:06 Jan 06 2021,97,45,6,0,0
06:12:08 Jan 06 2021,97,45,4,0,0
06:12:10 Jan 06 2021,97,45,2,0,0
06:12:12 Jan 06 2021,97,46,3,0,0
06:12:14 Jan 06 2021,97,46,7,0,0
06:12:16 Jan 06 2021,97,46,1,0,0
06:12:18 Jan 06 2021,97,46,3,0,0
06:12:20 Jan 06 2021,97,46,7,0,0
06:12:22 Jan 06 2021,97,46,7,0,0
06:12:24 Jan 06 2021,97,46,3,0,0
06:12:26 Jan 06 2021,97,46,3,0,0
06:12:28 Jan 06 2021,97,47,7,0,0
06:12:30 Jan 06 2021,97,47,3,0,0
06:12:32 Jan 06 2021,97,47,2,0,0
06:12:34 Jan 06 2021,97,47,1,0,0
06:12:36 Jan 06 2021,97,47,3,0,0
06:12:38 Jan 06 2021,97,47,2,0,0
06:12:40 Jan 06 2021,97,47,2,0,0
06:12:42 Jan 06 2021,97,47,1,0,0
06:12:44 Jan 06 2021,97,47,1,0,0
06:12:46 Jan 06 2021,97,47,1,0,0
06:12:48 Jan 06 2021,97,47,0,0,0
06:12:50 Jan 06 2021,97,47,10,0,0
06:12:52 Jan 06 2021,97,47,7,0,0
06:12:54 Jan 06 2021,97,47,0,0,0
06:12:56 Jan 06 2021,97,47,2,0,0
06:12:58 Jan 06 2021,97,47,0,0,0
06:13:00 Jan 06 2021,97,47,0,0,0
06:13:02 Jan 06 2021,97,47,0,0,0
06:13:04 Jan 06 2021,97,47,0,0,0
06:13:06 Jan 06 2021,97,47,0,0,0
06:13:08 Jan 06 2021,97,47,0,0,0
06:13:10 Jan 06 2021,97,47,0,0,0
06:13:12 Jan 06 2021,97,47,0,0,0
06:13:14 Jan 06 2021,97,47,0,0,0
06:13:16 Jan 06 2021,97,47,2,0,0
06:13:18 Jan 06 2021,97,48,0,0,0
06:13:20 Jan 06 2021,97,48,0,0,0
06:13:22 Jan 06 2021,97,48,0,0,0
06:13:24 Jan 06 2021,97,48,0,0,0
06:13:26 Jan 06 2021,97,48,1,0,0
06:13:28 Jan 06 2021,97,48,0,0,0
06:13:30 Jan 06 2021,97,48,0,0,0
06:13:32 Jan 06 2021,97,48,0,0,0
06:13:34 Jan 06 2021,97,48,0,0,0
06:13:36 Jan 06 2021,97,48,1,0,0
06:13:38 Jan 06 2021,97,48,2,0,0
06:13:40 Jan 06 2021,97,48,0,0,0
06:13:42 Jan 06 2021,97,48,7,0,0
06:13:44 Jan 06 2021,97,48,1,0,0
06:13:46 Jan 06 2021,97,48,1,0,0
06:13:48 Jan 06 2021,97,48,1,0,0
06:13:50 Jan 06 2021,97,48,4,0,0
06:13:52 Jan 06 2021,97,48,1,0,0
06:13:54 Jan 06 2021,97,48,7,0,0
06:13:56 Jan 06 2021,97,48,5,0,0
06:13:58 Jan 06 2021,97,48,6,0,0
06:14:00 Jan 06 2021,97,48,0,0,0
06:14:02 Jan 06 2021,97,48,0,0,0
06:14:04 Jan 06 2021,97,48,0,0,0
06:14:06 Jan 06 2021,97,48,0,0,0
06:14:08 Jan 06 2021,97,48,0,0,0
06:14:10 Jan 06 2021,97,48,0,0,0
06:14:12 Jan 06 2021,97,50,3,0,0
06:14:14 Jan 06 2021,97,51,0,0,0
06:14:16 Jan 06 2021,97,52,0,0,0
06:14:18 Jan 06 2021,97,52,2,0,0
06:14:20 Jan 06 2021,96,52,0,0,0
06:14:22 Jan 06 2021,96,51,5,0,0
06:14:24 Jan 06 2021,95,51,3,0,0
06:14:26 Jan 06 2021,95,51,2,0,0
06:14:28 Jan 06 2021,95,51,3,0,0
06:14:30 Jan 06 2021,96,52,2,0,0
06:14:32 Jan 06 2021,96,52,6,0,0
06:14:34 Jan 06 2021,97,53,0,0,0
06:14:36 Jan 06 2021,96,53,3,0,0
06:14:38 Jan 06 2021,96,53,11,0,0
06:14:40 Jan 06 2021,96,53,6,0,0
06:14:42 Jan 06 2021,96,53,6,0,0
06:14:44 Jan 06 2021,96,53,2,0,0
06:14:46 Jan 06 2021,96,53,9,0,0
06:14:48 Jan 06 2021,96,53,7,0,0
06:14:50 Jan 06 2021,96,53,1,0,0
06:14:52 Jan 06 2021,96,53,2,0,0
06:14:54 Jan 06 2021,96,53,4,0,0
06:14:56 Jan 06 2021,96,52,4,0,0
06:14:58 Jan 06 2021,96,52,5,0,0
06:15:00 Jan 06 2021,96,52,0,0,0
06:15:02 Jan 06 2021,96,52,2,0,0
06:15:04 Jan 06 2021,96,52,4,0,0
06:15:06 Jan 06 2021,96,52,2,0,0
06:15:08 Jan 06 2021,96,52,0,0,0
06:15:10 Jan 06 2021,96,52,0,0,0
06:15:12 Jan 06 2021,96,52,0,0,0
06:15:14 Jan 06 2021,95,51,0,0,0
06:15:16 Jan 06 2021,95,50,0,0,0
06:15:18 Jan 06 2021,95,51,0,0,0
06:15:20 Jan 06 2021,94,48,0,0,0
06:15:22 Jan 06 2021,94,48,0,0,0
06:15:24 Jan 06 2021,94,49,0,0,0
06:15:26 Jan 06 2021,94,48,0,0,0
06:15:28 Jan 06 2021,94,48,0,0,0
06:15:30 Jan 06 2021,94,48,0,0,0
06:15:32 Jan 06 2021,94,48,0,0,0
06:15:34 Jan 06 2021,94,48,0,0,0
06:15:36 Jan 06 2021,94,50,0,0,0
06:15:38 Jan 06 2021,94,50,0,0,0
06:15:40 Jan 06 2021,94,50,0,0,0
06:15:42 Jan 06 2021,94,50,2,0,0
06:15:44 Jan 06 2021,94,51,1,0,0
06:15:46 Jan 06 2021,94,51,0,0,0
06:15:48 Jan 06 2021,94,52,0,0,0
06:15:50 Jan 06 2021,94,52,0,0,0
06:15:52 Jan 06 2021,94,52,0,0,0
06:15:54 Jan 06 2021,94,52,0,0,0
06:15:56 Jan 06 2021,94,52,0,0,0
06:15:58 Jan 06 2021,94,52,0,0,0
06:16:00 Jan 06 2021,94,52,0,0,0
06:16:02 Jan 06 2021,94,52,1,0,0
06:16:04 Jan 06 2021,94,52,0,0,0
06:16:06 Jan 06 2021,94,52,0,0,0
06:16:08 Jan 06 2021,94,52,0,0,0
06:16:10 Jan 06 2021,94,52,0,0,0
06:16:12 Jan 06 2021,95,52,1,0,0
06:16:14 Jan 06 2021,95,51,2,0,0
06:16:16 Jan 06 2021,95,50,0,0,0
06:16:18 Jan 06 2021,95,50,0,0,0
06:16:20 Jan 06 2021,95,50,0,0,0
06:16:22 Jan 06 2021,95,50,0,0,0
06:16:24 Jan 06 2021,95,51,0,0,0
06:16:26 Jan 06 2021,96,53,0,0,0
06:16:28 Jan 06 2021,96,52,0,0,0
06:16:30 Jan 06 2021,97,52,0,0,0
06:16:32 Jan 06 2021,97,51,0,0,0
06:16:34 Jan 06 2021,97,50,0,0,0
06:16:36 Jan 06 2021,97,48,0,0,0
06:16:38 Jan 06 2021,97,46,2,0,0
06:16:40 Jan 06 2021,97,46,3,0,0
06:16:42 Jan 06 2021,97,46,1,0,0
06:16:44 Jan 06 2021,97,46,0,0,0
06:16:46 Jan 06 2021,97,47,0,0,0
06:16:48 Jan 06 2021,97,47,0,0,0
06:16:50 Jan 06 2021,97,47,0,0,0
06:16:52 Jan 06 2021,97,47,0,0,0
06:16:54 Jan 06 2021,97,47,0,0,0
06:16:56 Jan 06 2021,97,47,0,0,0
06:16:58 Jan 06 2021,97,48,0,0,0
06:17:00 Jan 06 2021,97,48,0,0,0
06:17:02 Jan 06 2021,97,48,0,0,0
06:17:04 Jan 06 2021,97,48,0,0,0
06:17:06 Jan 06 2021,97,48,2,0,0
06:17:08 Jan 06 2021,96,47,2,0,0
06:17:10 Jan 06 2021,96,47,1,0,0
06:17:12 Jan 06 2021,97,47,0,0,0
06:17:14 Jan 06 2021,97,47,0,0,0
06:17:16 Jan 06 2021,97,47,0,0,0
06:17:18 Jan 06 2021,97,47,0,0,0
06:17:20 Jan 06 2021,97,47,0,0,0
06:17:22 Jan 06 2021,97,47,0,0,0
06:17:24 Jan 06 2021,97,47,0,0,0
06:17:26 Jan 06 2021,97,48,0,0,0
06:17:28 Jan 06 2021,96,49,0,0,0
06:17:30 Jan 06 2021,96,48,0,0,0
06:17:32 Jan 06 2021,96,49,5,0,0
06:17:34 Jan 06 2021,96,49,2,0,0
06:17:36 Jan 06 2021,96,49,0,0,0
06:17:38 Jan 06 2021,96,49,0,0,0
06:17:40 Jan 06 2021,96,49,0,0,0
06:17:42 Jan 06 2021,96,49,0,0,0
06:17:44 Jan 06 2021,96,49,6,0,0
06:17:46 Jan 06 2021,96,49,2,0,0
06:17:48 Jan 06 2021,96,48,0,0,0
06:17:50 Jan 06 2021,96,49,2,0,0
06:17:52 Jan 06 2021,96,49,0,0,0
06:17:54 Jan 06 2021,96,49,0,0,0
06:17:56 Jan 06 2021,96,49,4,0,0
06:17:58 Jan 06 2021,96,49,2,0,0
06:18:00 Jan 06 2021,96,49,1,0,0
06:18:02 Jan 06 2021,96,48,3,0,0
06:18:04 Jan 06 2021,96,48,2,0,0
06:18:06 Jan 06 2021,96,48,2,0,0
06:18:08 Jan 06 2021,96,48,0,0,0
06:18:10 Jan 06 2021,96,48,0,0,0
06:18:12 Jan 06 2021,96,48,3,0,0
06:18:14 Jan 06 2021,96,48,1,0,0
06:18:16 Jan 06 2021,96,48,0,0,0
06:18:18 Jan 06 2021,96,49,0,0,0
06:18:20 Jan 06 2021,93,53,1,0,0
06:18:22 Jan 06 2021,92,55,3,0,0
06:18:24 Jan 06 2021,91,57,1,0,0
06:18:26 Jan 06 2021,92,55,4,0,0
06:18:28 Jan 06 2021,92,55,2,0,0
06:18:30 Jan 06 2021,92,55,3,0,0
06:18:32 Jan 06 2021,92,55,1,0,0
06:18:34 Jan 06 2021,92,55,3,0,0
06:18:36 Jan 06 2021,92,55,1,0,0
06:18:38 Jan 06 2021,92,55,1,0,0
06:18:40 Jan 06 2021,92,55,1,0,0
06:18:42 Jan 06 2021,92,55,1,0,0
06:18:44 Jan 06 2021,92,55,0,0,0
06:18:46 Jan 06 2021,92,55,0,0,0
06:18:48 Jan 06 2021,92,55,1,0,0
06:18:50 Jan 06 2021,92,55,5,0,0
06:18:52 Jan 06 2021,92,55,2,0,0
06:18:54 Jan 06 2021,92,55,0,0,0
06:18:56 Jan 06 2021,92,55,1,0,0
06:18:58 Jan 06 2021,92,55,0,0,0
06:19:00 Jan 06 2021,92,55,1,0,0
06:19:02 Jan 06 2021,92,57,2,0,0
06:19:04 Jan 06 2021,92,57,1,0,0
06:19:06 Jan 06 2021,92,57,2,0,0
06:19:08 Jan 06 2021,92,57,1,0,0
06:19:10 Jan 06 2021,93,58,0,0,0
06:19:12 Jan 06 2021,93,58,4,0,0
06:19:14 Jan 06 2021,94,60,6,0,0
06:19:16 Jan 06 2021,94,59,6,0,0
06:19:18 Jan 06 2021,94,59,3,0,0
06:19:20 Jan 06 2021,94,59,3,0,0
06:19:22 Jan 06 2021,94,59,3,0,0
06:19:24 Jan 06 2021,94,59,2,0,0
06:19:26 Jan 06 2021,94,59,4,0,0
06:19:28 Jan 06 2021,94,59,1,0,0
06:19:30 Jan 06 2021,94,59,1,0,0
06:19:32 Jan 06 2021,94,59,3,0,0
06:19:34 Jan 06 2021,94,59,1,0,0
06:19:36 Jan 06 2021,94,59,0,0,0
06:19:38 Jan 06 2021,94,59,0,0,0
06:19:40 Jan 06 2021,94,59,1,0,0
06:19:42 Jan 06 2021,94,59,3,0,0
06:19:44 Jan 06 2021,94,59,2,0,0
06:19:46 Jan 06 2021,94,59,0,0,0
06:19:48 Jan 06 2021,94,59,1,0,0
06:19:50 Jan 06 2021,94,58,1,0,0
06:19:52 Jan 06 2021,94,58,2,0,0
06:19:54 Jan 06 2021,94,58,0,0,0
06:19:56 Jan 06 2021,94,58,2,0,0
06:19:58 Jan 06 2021,94,58,0,0,0
06:20:00 Jan 06 2021,94,58,2,0,0
06:20:02 Jan 06 2021,94,58,1,0,0
06:20:04 Jan 06 2021,94,58,1,0,0
06:20:06 Jan 06 2021,94,58,1,0,0
06:20:08 Jan 06 2021,94,58,5,0,0
06:20:10 Jan 06 2021,94,58,0,0,0
06:20:12 Jan 06 2021,95,58,2,0,0
06:20:14 Jan 06 2021,95,58,0,0,0
06:20:16 Jan 06 2021,95,58,0,0,0
06:20:18 Jan 06 2021,95,58,0,0,0
06:20:20 Jan 06 2021,95,58,0,0,0
06:20:22 Jan 06 2021,95,58,0,0,0
06:20:24 Jan 06 2021,95,58,0,0,0
06:20:26 Jan 06 2021,95,58,0,0,0
06:20:28 Jan 06 2021,95,58,0,0,0
06:20:30 Jan 06 2021,94,57,0,0,0
06:20:32 Jan 06 2021,94,57,0,0,0
06:20:34 Jan 06 2021,94,58,2,0,0
06:20:36 Jan 06 2021,94,58,2,0,0
06:20:38 Jan 06 2021,94,54,0,0,0
06:20:40 Jan 06 2021,94,54,0,0,0
06:20:42 Jan 06 2021,94,51,6,0,0
06:20:44 Jan 06 2021,94,51,2,0,0
06:20:46 Jan 06 2021,94,53,0,0,0
06:20:48 Jan 06 2021,94,52,0,0,0
06:20:50 Jan 06 2021,94,52,0,0,0
06:20:52 Jan 06 2021,94,52,1,0,0
06:20:54 Jan 06 2021,94,52,0,0,0
06:20:56 Jan 06 2021,94,52,0,0,0
06:20:58 Jan 06 2021,94,52,0,0,0
06:21:00 Jan 06 2021,94,52,0,0,0
06:21:02 Jan 06 2021,94,52,0,0,0
06:21:04 Jan 06 2021,94,52,0,0,0
06:21:06 Jan 06 2021,95,52,0,0,0
06:21:08 Jan 06 2021,95,52,0,0,0
06:21:10 Jan 06 2021,95,52,1,0,0
06:21:12 Jan 06 2021,95,53,1,0,0
06:21:14 Jan 06 2021,95,53,1,0,0
06:21:16 Jan 06 2021,95,52,1,0,0
06:21:18 Jan 06 2021,95,52,2,0,0
06:21:20 Jan 06 2021,95,51,5,0,0
06:21:22 Jan 06 2021,95,51,7,0,0
06:21:24 Jan 06 2021,95,52,4,0,0
06:21:26 Jan 06 2021,95,53,1,0,0
06:21:28 Jan 06 2021,95,53,0,0,0
06:21:30 Jan 06 2021,95,52,0,0,0
06:21:32 Jan 06 2021,95,52,0,0,0
06:21:34 Jan 06 2021,95,52,0,0,0
06:21:36 Jan 06 2021,95,52,0,0,0
06:21:38 Jan 06 2021,95,52,0,0,0
06:21:40 Jan 06 2021,95,52,0,0,0
06:21:42 Jan 06 2021,95,52,0,0,0
06:21:44 Jan 06 2021,95,55,0,0,0
06:21:46 Jan 06 2021,95,54,0,0,0
06:21:48 Jan 06 2021,95,53,0,0,0
06:21:50 Jan 06 2021,95,55,0,0,0
06:21:52 Jan 06 2021,95,55,0,0,0
06:21:54 Jan 06 2021,95,58,0,0,0
06:21:56 Jan 06 2021,95,62,1,0,0
06:21:58 Jan 06 2021,95,62,0,0,0
06:22:00 Jan 06 2021,95,62,0,0,0
06:22:02 Jan 06 2021,95,63,0,0,0
06:22:04 Jan 06 2021,95,60,0,0,0
06:22:06 Jan 06 2021,96,57,0,0,0
06:22:08 Jan 06 2021,97,56,0,0,0
06:22:10 Jan 06 2021,97,54,1,0,0
06:22:12 Jan 06 2021,97,56,4,0,0
06:22:14 Jan 06 2021,97,56,5,0,0
06:22:16 Jan 06 2021,97,55,0,0,0
06:22:18 Jan 06 2021,97,56,0,0,0
06:22:20 Jan 06 2021,97,56,0,0,0
06:22:22 Jan 06 2021,97,56,0,0,0
06:22:24 Jan 06 2021,97,56,0,0,0
06:22:26 Jan 06 2021,97,56,0,0,0
06:22:28 Jan 06 2021,97,56,6,0,0
06:22:30 Jan 06 2021,97,56,0,0,0
06:22:32 Jan 06 2021,97,56,0,0,0
06:22:34 Jan 06 2021,97,56,0,0,0
06:22:36 Jan 06 2021,97,56,0,0,0
06:22:38 Jan 06 2021,97,55,0,0,0
06:22:40 Jan 06 2021,97,54,0,0,0
06:22:42 Jan 06 2021,97,54,0,0,0
06:22:44 Jan 06 2021,97,53,3,0,0
06:22:46 Jan 06 2021,97,54,4,0,0
06:22:48 Jan 06 2021,97,54,4,0,0
06:22:50 Jan 06 2021,97,54,7,0,0
06:22:52 Jan 06 2021,97,53,6,0,0
06:22:54 Jan 06 2021,97,54,0,0,0
06:22:56 Jan 06 2021,97,54,0,0,0
06:22:58 Jan 06 2021,97,54,0,0,0
06:23:00 Jan 06 2021,97,54,0,0,0
06:23:02 Jan 06 2021,97,54,0,0,0
06:23:04 Jan 06 2021,97,54,0,0,0
06:23:06 Jan 06 2021,97,54,0,0,0
06:23:08 Jan 06 2021,97,54,0,0,0
06:23:10 Jan 06 2021,97,54,0,0,0
06:23:12 Jan 06 2021,97,54,0,0,0
06:23:14 Jan 06 2021,97,54,0,0,0
06:23:16 Jan 06 2021,97,54,0,0,0
06:23:18 Jan 06 2021,97,54,5,0,0
06:23:20 Jan 06 2021,97,54,1,0,0
06:23:22 Jan 06 2021,97,54,2,0,0
06:23:24 Jan 06 2021,97,55,5,0,0
06:23:26 Jan 06 2021,97,55,3,0,0
06:23:28 Jan 06 2021,97,55,7,0,0
06:23:30 Jan 06 2021,97,54,1,0,0
06:23:32 Jan 06 2021,97,54,5,0,0
06:23:34 Jan 06 2021,97,54,3,0,0
06:23:36 Jan 06 2021,97,54,1,0,0
06:23:38 Jan 06 2021,97,54,6,0,0
06:23:40 Jan 06 2021,97,54,2,0,0
06:23:42 Jan 06 2021,97,54,2,0,0
06:23:44 Jan 06 2021,97,54,2,0,0
06:23:46 Jan 06 2021,97,54,4,0,0
06:23:48 Jan 06 2021,97,54,5,0,0
06:23:50 Jan 06 2021,97,54,2,0,0
06:23:52 Jan 06 2021,97,56,2,0,0
06:23:54 Jan 06 2021,97,55,2,0,0
06:23:56 Jan 06 2021,97,55,3,0,0
06:23:58 Jan 06 2021,97,54,1,0,0
06:24:00 Jan 06 2021,97,54,6,0,0
06:24:02 Jan 06 2021,97,53,1,0,0
06:24:04 Jan 06 2021,97,52,3,0,0
06:24:06 Jan 06 2021,97,51,1,0,0
06:24:08 Jan 06 2021,97,50,2,0,0
06:24:10 Jan 06 2021,96,51,1,0,0
06:24:12 Jan 06 2021,96,50,5,0,0
06:24:14 Jan 06 2021,96,50,7,0,0
06:24:16 Jan 06 2021,96,50,1,0,0
06:24:18 Jan 06 2021,96,49,4,0,0
06:24:20 Jan 06 2021,96,49,2,0,0
06:24:22 Jan 06 2021,96,49,1,0,0
06:24:24 Jan 06 2021,96,49,3,0,0
06:24:26 Jan 06 2021,96,49,30,0,0
06:24:28 Jan 06 2021,96,49,4,0,0
06:24:30 Jan 06 2021,96,49,14,0,0
06:24:32 Jan 06 2021,96,49,19,0,0
06:24:34 Jan 06 2021,96,49,6,0,0
06:24:36 Jan 06 2021,96,49,30,0,0
06:24:38 Jan 06 2021,96,48,11,0,0
06:24:40 Jan 06 2021,96,48,5,0,0
06:24:42 Jan 06 2021,96,48,4,0,0
06:24:44 Jan 06 2021,96,48,5,0,0
06:24:46 Jan 06 2021,--,--,6,0,0
06:24:48 Jan 06 2021,--,--,2,0,0
06:24:50 Jan 06 2021,--,--,6,0,0
06:24:52 Jan 06 2021,--,--,4,0,0
06:24:54 Jan 06 2021,--,--,2,0,0
