Time,Oxygen Level,Pulse Rate,Motion,O2 Reminder,PR Reminder
18:02:48 Jan 05 2021,96,109,86,0,0
18:02:50 Jan 05 2021,96,109,1,0,0
18:02:52 Jan 05 2021,96,109,6,0,0
18:02:54 Jan 05 2021,96,109,1,0,0
18:02:56 Jan 05 2021,96,109,0,0,0
18:02:58 Jan 05 2021,96,109,0,0,0
18:03:00 Jan 05 2021,96,109,0,0,0
18:03:02 Jan 05 2021,96,109,3,0,0
18:03:04 Jan 05 2021,96,109,2,0,0
18:03:06 Jan 05 2021,96,109,2,0,0
18:03:08 Jan 05 2021,96,109,0,0,0
18:03:10 Jan 05 2021,96,109,8,0,0
18:03:12 Jan 05 2021,96,109,1,0,0
18:03:14 Jan 05 2021,95,109,3,0,0
18:03:16 Jan 05 2021,96,109,6,0,0
18:03:18 Jan 05 2021,96,108,4,0,0
18:03:20 Jan 05 2021,96,108,5,0,0
18:03:22 Jan 05 2021,96,108,5,0,0
18:03:24 Jan 05 2021,94,108,5,0,0
18:03:26 Jan 05 2021,93,108,3,0,0
18:03:28 Jan 05 2021,93,88,4,0,0
18:03:30 Jan 05 2021,93,88,3,0,0
18:03:32 Jan 05 2021,93,88,2,0,0
18:03:34 Jan 05 2021,93,88,4,0,0
18:03:36 Jan 05 2021,93,88,1,0,0
18:03:38 Jan 05 2021,93,88,0,0,0
18:03:40 Jan 05 2021,93,88,3,0,0
18:03:42 Jan 05 2021,93,88,1,0,0
18:03:44 Jan 05 2021,93,88,1,0,0
18:03:46 Jan 05 2021,93,88,0,0,0
18:03:48 Jan 05 2021,93,88,14,0,0
18:03:50 Jan 05 2021,95,88,9,0,0
18:03:52 Jan 05 2021,95,88,3,0,0
18:03:54 Jan 05 2021,93,88,7,0,0
18:03:56 Jan 05 2021,91,88,2,0,0
18:03:58 Jan 05 2021,91,88,1,0,0
18:04:00 Jan 05 2021,91,88,1,0,0
18:04:02 Jan 05 2021,91,88,1,0,0
18:04:04 Jan 05 2021,91,88,1,0,0
18:04:06 Jan 05 2021,91,88,1,0,0
18:04:08 Jan 05 2021,91,88,19,0,0
18:04:10 Jan 05 2021,91,88,0,0,0
18:04:12 Jan 05 2021,94,84,0,0,0
18:04:14 Jan 05 2021,94,83,0,0,0
18:04:16 Jan 05 2021,95,81,0,0,0
18:04:18 Jan 05 2021,95,80,0,0,0
18:04:20 Jan 05 2021,96,79,0,0,0
18:04:22 Jan 05 2021,97,72,0,0,0
18:04:24 Jan 05 2021,97,71,0,0,0
18:04:26 Jan 05 2021,97,68,0,0,0
18:04:28 Jan 05 2021,97,73,1,0,0
18:04:30 Jan 05 2021,97,71,0,0,0
18:04:32 Jan 05 2021,97,72,0,0,0
18:04:34 Jan 05 2021,97,72,0,0,0
18:04:36 Jan 05 2021,97,66,0,0,0
18:04:38 Jan 05 2021,97,72,0,0,0
18:04:40 Jan 05 2021,97,71,0,0,0
18:04:42 Jan 05 2021,97,75,0,0,0
18:04:44 Jan 05 2021,96,77,1,0,0
18:04:46 Jan 05 2021,96,79,1,0,0
18:04:48 Jan 05 2021,96,80,0,0,0
18:04:50 Jan 05 2021,96,78,1,0,0
18:04:52 Jan 05 2021,96,79,0,0,0
18:04:54 Jan 05 2021,96,79,2,0,0
18:04:56 Jan 05 2021,96,82,4,0,0
18:04:58 Jan 05 2021,96,86,0,0,0
18:05:00 Jan 05 2021,96,88,0,0,0
18:05:02 Jan 05 2021,96,86,0,0,0
18:05:04 Jan 05 2021,96,86,0,0,0
18:05:06 Jan 05 2021,96,86,0,0,0
18:05:08 Jan 05 2021,96,86,0,0,0
18:05:10 Jan 05 2021,96,84,0,0,0
18:05:12 Jan 05 2021,96,83,0,0,0
18:05:14 Jan 05 2021,96,82,0,0,0
18:05:16 Jan 05 2021,96,82,0,0,0
18:05:18 Jan 05 2021,96,81,0,0,0
18:05:20 Jan 05 2021,96,81,0,0,0
18:05:22 Jan 05 2021,96,80,0,0,0
18:05:24 Jan 05 2021,96,82,0,0,0
18:05:26 Jan 05 2021,96,83,0,0,0
18:05:28 Jan 05 2021,96,83,0,0,0
18:05:30 Jan 05 2021,96,83,0,0,0
18:05:32 Jan 05 2021,96,84,0,0,0
18:05:34 Jan 05 2021,96,83,0,0,0
18:05:36 Jan 05 2021,96,83,0,0,0
18:05:38 Jan 05 2021,96,82,0,0,0
18:05:40 Jan 05 2021,95,80,0,0,0
18:05:42 Jan 05 2021,95,80,0,0,0
18:05:44 Jan 05 2021,95,76,0,0,0
18:05:46 Jan 05 2021,95,76,0,0,0
18:05:48 Jan 05 2021,95,75,0,0,0
18:05:50 Jan 05 2021,95,74,0,0,0
18:05:52 Jan 05 2021,95,75,0,0,0
18:05:54 Jan 05 2021,95,75,0,0,0
18:05:56 Jan 05 2021,95,78,0,0,0
18:05:58 Jan 05 2021,95,77,0,0,0
18:06:00 Jan 05 2021,95,76,0,0,0
18:06:02 Jan 05 2021,95,74,0,0,0
18:06:04 Jan 05 2021,95,69,0,0,0
18:06:06 Jan 05 2021,95,63,0,0,0
18:06:08 Jan 05 2021,95,58,0,0,0
18:06:10 Jan 05 2021,95,52,0,0,0
18:06:12 Jan 05 2021,95,52,0,0,0
18:06:14 Jan 05 2021,95,54,0,0,0
18:06:16 Jan 05 2021,95,53,0,0,0
18:06:18 Jan 05 2021,95,51,0,0,0
18:06:20 Jan 05 2021,95,49,0,0,0
18:06:22 Jan 05 2021,95,48,0,0,0
18:06:24 Jan 05 2021,95,48,0,0,0
18:06:26 Jan 05 2021,95,47,0,0,0
18:06:28 Jan 05 2021,95,47,0,0,0
18:06:30 Jan 05 2021,95,46,0,0,0
18:06:32 Jan 05 2021,95,46,0,0,0
18:06:34 Jan 05 2021,95,48,0,0,0
18:06:36 Jan 05 2021,95,49,0,0,0
18:06:38 Jan 05 2021,95,52,0,0,0
18:06:40 Jan 05 2021,95,55,0,0,0
18:06:42 Jan 05 2021,95,57,0,0,0
18:06:44 Jan 05 2021,95,59,0,0,0
18:06:46 Jan 05 2021,95,59,0,0,0
18:06:48 Jan 05 2021,95,59,0,0,0
18:06:50 Jan 05 2021,95,57,0,0,0
18:06:52 Jan 05 2021,95,56,0,0,0
18:06:54 Jan 05 2021,94,54,0,0,0
18:06:56 Jan 05 2021,94,53,0,0,0
18:06:58 Jan 05 2021,94,54,0,0,0
18:07:00 Jan 05 2021,94,54,0,0,0
18:07:02 Jan 05 2021,94,54,0,0,0
18:07:04 Jan 05 2021,94,54,0,0,0
18:07:06 Jan 05 2021,94,54,0,0,0
18:07:08 Jan 05 2021,94,54,0,0,0
18:07:10 Jan 05 2021,94,54,0,0,0
18:07:12 Jan 05 2021,94,54,0,0,0
18:07:14 Jan 05 2021,94,55,0,0,0
18:07:16 Jan 05 2021,94,55,0,0,0
18:07:18 Jan 05 2021,94,55,0,0,0
18:07:20 Jan 05 2021,94,54,0,0,0
18:07:22 Jan 05 2021,94,53,1,0,0
18:07:24 Jan 05 2021,94,52,0,0,0
18:07:26 Jan 05 2021,94,51,0,0,0
18:07:28 Jan 05 2021,94,52,0,0,0
18:07:30 Jan 05 2021,94,51,0,0,0
18:07:32 Jan 05 2021,94,51,0,0,0
18:07:34 Jan 05 2021,94,51,0,0,0
18:07:36 Jan 05 2021,94,50,0,0,0
18:07:38 Jan 05 2021,94,48,0,0,0
18:07:40 Jan 05 2021,93,44,0,0,0
18:07:42 Jan 05 2021,93,41,1,0,0
18:07:44 Jan 05 2021,93,41,1,0,0
18:07:46 Jan 05 2021,93,41,0,0,0
18:07:48 Jan 05 2021,93,41,0,0,0
18:07:50 Jan 05 2021,93,41,1,0,0
18:07:52 Jan 05 2021,93,41,0,0,0
18:07:54 Jan 05 2021,93,41,0,0,0
18:07:56 Jan 05 2021,93,41,0,0,0
18:07:58 Jan 05 2021,93,41,0,0,0
18:08:00 Jan 05 2021,93,42,1,0,0
18:08:02 Jan 05 2021,93,42,0,0,0
18:08:04 Jan 05 2021,93,43,0,0,0
18:08:06 Jan 05 2021,93,42,0,0,0
18:08:08 Jan 05 2021,92,42,0,0,0
18:08:10 Jan 05 2021,93,42,0,0,0
18:08:12 Jan 05 2021,93,42,1,0,0
18:08:14 Jan 05 2021,93,42,1,0,0
18:08:16 Jan 05 2021,93,42,0,0,0
18:08:18 Jan 05 2021,93,42,1,0,0
18:08:20 Jan 05 2021,93,41,0,0,0
18:08:22 Jan 05 2021,93,41,1,0,0
18:08:24 Jan 05 2021,93,42,0,0,0
18:08:26 Jan 05 2021,93,46,0,0,0
18:08:28 Jan 05 2021,93,49,0,0,0
18:08:30 Jan 05 2021,93,56,0,0,0
18:08:32 Jan 05 2021,93,63,0,0,0
18:08:34 Jan 05 2021,93,59,0,0,0
18:08:36 Jan 05 2021,93,67,0,0,0
18:08:38 Jan 05 2021,94,69,0,0,0
18:08:40 Jan 05 2021,94,72,0,0,0
18:08:42 Jan 05 2021,93,74,0,0,0
18:08:44 Jan 05 2021,93,77,0,0,0
18:08:46 Jan 05 2021,92,79,1,0,0
18:08:48 Jan 05 2021,92,80,0,0,0
18:08:50 Jan 05 2021,92,79,1,0,0
18:08:52 Jan 05 2021,92,78,1,0,0
18:08:54 Jan 05 2021,92,77,0,0,0
18:08:56 Jan 05 2021,92,76,0,0,0
18:08:58 Jan 05 2021,93,77,0,0,0
18:09:00 Jan 05 2021,93,75,0,0,0
18:09:02 Jan 05 2021,93,75,1,0,0
18:09:04 Jan 05 2021,93,75,0,0,0
18:09:06 Jan 05 2021,93,74,1,0,0
18:09:08 Jan 05 2021,92,75,1,0,0
18:09:10 Jan 05 2021,92,77,0,0,0
18:09:12 Jan 05 2021,91,80,1,0,0
18:09:14 Jan 05 2021,91,80,0,0,0
18:09:16 Jan 05 2021,91,81,0,0,0
18:09:18 Jan 05 2021,91,79,0,0,0
18:09:20 Jan 05 2021,92,75,0,0,0
18:09:22 Jan 05 2021,92,73,0,0,0
18:09:24 Jan 05 2021,93,70,0,0,0
18:09:26 Jan 05 2021,93,68,0,0,0
18:09:28 Jan 05 2021,93,68,0,0,0
18:09:30 Jan 05 2021,93,67,0,0,0
18:09:32 Jan 05 2021,93,70,0,0,0
18:09:34 Jan 05 2021,93,73,0,0,0
18:09:36 Jan 05 2021,93,74,0,0,0
18:09:38 Jan 05 2021,93,75,0,0,0
18:09:40 Jan 05 2021,93,75,0,0,0
18:09:42 Jan 05 2021,93,74,0,0,0
18:09:44 Jan 05 2021,93,75,0,0,0
18:09:46 Jan 05 2021,93,76,1,0,0
18:09:48 Jan 05 2021,93,74,0,0,0
18:09:50 Jan 05 2021,93,73,0,0,0
18:09:52 Jan 05 2021,93,72,0,0,0
18:09:54 Jan 05 2021,93,73,0,0,0
18:09:56 Jan 05 2021,93,73,0,0,0
18:09:58 Jan 05 2021,93,72,0,0,0
18:10:00 Jan 05 2021,93,72,0,0,0
18:10:02 Jan 05 2021,93,74,0,0,0
18:10:04 Jan 05 2021,93,74,0,0,0
18:10:06 Jan 05 2021,92,75,0,0,0
18:10:08 Jan 05 2021,90,74,0,0,0
18:10:10 Jan 05 2021,89,73,0,0,0
18:10:12 Jan 05 2021,88,73,0,0,0
18:10:14 Jan 05 2021,89,67,0,0,0
18:10:16 Jan 05 2021,90,66,0,0,0
18:10:18 Jan 05 2021,91,66,1,0,0
18:10:20 Jan 05 2021,92,66,0,0,0
18:10:22 Jan 05 2021,93,70,1,0,0
18:10:24 Jan 05 2021,93,70,0,0,0
18:10:26 Jan 05 2021,93,72,0,0,0
18:10:28 Jan 05 2021,93,74,0,0,0
18:10:30 Jan 05 2021,93,76,0,0,0
18:10:32 Jan 05 2021,94,78,0,0,0
18:10:34 Jan 05 2021,94,76,0,0,0
18:10:36 Jan 05 2021,94,76,1,0,0
18:10:38 Jan 05 2021,94,76,0,0,0
18:10:40 Jan 05 2021,94,77,0,0,0
18:10:42 Jan 05 2021,94,78,0,0,0
18:10:44 Jan 05 2021,94,78,1,0,0
18:10:46 Jan 05 2021,94,80,0,0,0
18:10:48 Jan 05 2021,95,80,0,0,0
18:10:50 Jan 05 2021,95,80,1,0,0
18:10:52 Jan 05 2021,94,76,0,0,0
18:10:54 Jan 05 2021,94,75,0,0,0
18:10:56 Jan 05 2021,94,72,0,0,0
18:10:58 Jan 05 2021,94,70,0,0,0
18:11:00 Jan 05 2021,94,74,0,0,0
18:11:02 Jan 05 2021,94,74,0,0,0
18:11:04 Jan 05 2021,94,74,0,0,0
18:11:06 Jan 05 2021,94,74,0,0,0
18:11:08 Jan 05 2021,94,77,0,0,0
18:11:10 Jan 05 2021,94,78,0,0,0
18:11:12 Jan 05 2021,94,75,1,0,0
18:11:14 Jan 05 2021,94,74,0,0,0
18:11:16 Jan 05 2021,94,65,0,0,0
18:11:18 Jan 05 2021,94,65,0,0,0
18:11:20 Jan 05 2021,94,65,1,0,0
18:11:22 Jan 05 2021,94,62,0,0,0
18:11:24 Jan 05 2021,93,59,0,0,0
18:11:26 Jan 05 2021,93,56,1,0,0
18:11:28 Jan 05 2021,93,55,1,0,0
18:11:30 Jan 05 2021,93,56,1,0,0
18:11:32 Jan 05 2021,93,56,0,0,0
18:11:34 Jan 05 2021,93,57,1,0,0
18:11:36 Jan 05 2021,94,58,2,0,0
18:11:38 Jan 05 2021,94,58,3,0,0
18:11:40 Jan 05 2021,94,59,1,0,0
18:11:42 Jan 05 2021,94,58,0,0,0
18:11:44 Jan 05 2021,94,57,1,0,0
18:11:46 Jan 05 2021,94,56,0,0,0
18:11:48 Jan 05 2021,94,55,4,0,0
18:11:50 Jan 05 2021,94,56,9,0,0
18:11:52 Jan 05 2021,94,56,0,0,0
18:11:54 Jan 05 2021,94,56,0,0,0
18:11:56 Jan 05 2021,94,56,1,0,0
18:11:58 Jan 05 2021,94,61,1,0,0
18:12:00 Jan 05 2021,94,62,0,0,0
18:12:02 Jan 05 2021,94,64,1,0,0
18:12:04 Jan 05 2021,94,67,0,0,0
18:12:06 Jan 05 2021,94,62,0,0,0
18:12:08 Jan 05 2021,94,64,1,0,0
18:12:10 Jan 05 2021,94,65,0,0,0
18:12:12 Jan 05 2021,94,66,1,0,0
18:12:14 Jan 05 2021,94,66,0,0,0
18:12:16 Jan 05 2021,94,66,1,0,0
18:12:18 Jan 05 2021,94,66,1,0,0
18:12:20 Jan 05 2021,94,67,1,0,0
18:12:22 Jan 05 2021,94,67,0,0,0
18:12:24 Jan 05 2021,94,67,0,0,0
18:12:26 Jan 05 2021,94,67,0,0,0
18:12:28 Jan 05 2021,94,67,1,0,0
18:12:30 Jan 05 2021,94,67,0,0,0
18:12:32 Jan 05 2021,94,67,1,0,0
18:12:34 Jan 05 2021,94,67,1,0,0
18:12:36 Jan 05 2021,94,67,1,0,0
18:12:38 Jan 05 2021,94,70,1,0,0
18:12:40 Jan 05 2021,94,73,0,0,0
18:12:42 Jan 05 2021,94,74,0,0,0
18:12:44 Jan 05 2021,94,76,0,0,0
18:12:46 Jan 05 2021,94,72,1,0,0
18:12:48 Jan 05 2021,94,69,0,0,0
18:12:50 Jan 05 2021,94,68,1,0,0
18:12:52 Jan 05 2021,94,69,0,0,0
18:12:54 Jan 05 2021,94,70,1,0,0
18:12:56 Jan 05 2021,94,73,1,0,0
18:12:58 Jan 05 2021,94,70,1,0,0
18:13:00 Jan 05 2021,94,69,0,0,0
18:13:02 Jan 05 2021,94,69,0,0,0
18:13:04 Jan 05 2021,94,69,1,0,0
18:13:06 Jan 05 2021,93,73,1,0,0
18:13:08 Jan 05 2021,93,74,1,0,0
18:13:10 Jan 05 2021,92,80,1,0,0
18:13:12 Jan 05 2021,92,83,0,0,0
18:13:14 Jan 05 2021,92,84,1,0,0
18:13:16 Jan 05 2021,92,86,1,0,0
18:13:18 Jan 05 2021,92,84,1,0,0
18:13:20 Jan 05 2021,92,83,1,0,0
18:13:22 Jan 05 2021,92,80,1,0,0
18:13:24 Jan 05 2021,92,79,1,0,0
18:13:26 Jan 05 2021,92,78,1,0,0
18:13:28 Jan 05 2021,92,77,1,0,0
18:13:30 Jan 05 2021,92,77,1,0,0
18:13:32 Jan 05 2021,92,79,1,0,0
18:13:34 Jan 05 2021,92,79,1,0,0
18:13:36 Jan 05 2021,92,79,1,0,0
18:13:38 Jan 05 2021,93,80,1,0,0
18:13:40 Jan 05 2021,93,80,1,0,0
18:13:42 Jan 05 2021,93,80,1,0,0
18:13:44 Jan 05 2021,93,80,1,0,0
18:13:46 Jan 05 2021,93,80,0,0,0
18:13:48 Jan 05 2021,93,78,1,0,0
18:13:50 Jan 05 2021,92,73,1,0,0
18:13:52 Jan 05 2021,92,69,0,0,0
18:13:54 Jan 05 2021,92,65,1,0,0
18:13:56 Jan 05 2021,92,64,1,0,0
18:13:58 Jan 05 2021,92,68,1,0,0
18:14:00 Jan 05 2021,92,63,0,0,0
18:14:02 Jan 05 2021,92,58,1,0,0
18:14:04 Jan 05 2021,92,57,1,0,0
18:14:06 Jan 05 2021,91,51,1,0,0
18:14:08 Jan 05 2021,91,48,1,0,0
18:14:10 Jan 05 2021,90,47,1,0,0
18:14:12 Jan 05 2021,90,47,1,0,0
18:14:14 Jan 05 2021,90,47,1,0,0
18:14:16 Jan 05 2021,91,47,0,0,0
18:14:18 Jan 05 2021,92,47,0,0,0
18:14:20 Jan 05 2021,92,47,1,0,0
18:14:22 Jan 05 2021,92,47,1,0,0
18:14:24 Jan 05 2021,92,47,0,0,0
18:14:26 Jan 05 2021,92,47,0,0,0
18:14:28 Jan 05 2021,92,47,0,0,0
18:14:30 Jan 05 2021,92,47,1,0,0
18:14:32 Jan 05 2021,92,47,1,0,0
18:14:34 Jan 05 2021,92,47,1,0,0
18:14:36 Jan 05 2021,93,47,0,0,0
18:14:38 Jan 05 2021,93,47,1,0,0
18:14:40 Jan 05 2021,93,47,1,0,0
18:14:42 Jan 05 2021,93,47,1,0,0
18:14:44 Jan 05 2021,93,47,0,0,0
18:14:46 Jan 05 2021,93,47,0,0,0
18:14:48 Jan 05 2021,93,47,1,0,0
18:14:50 Jan 05 2021,92,45,1,0,0
18:14:52 Jan 05 2021,92,46,0,0,0
18:14:54 Jan 05 2021,92,46,0,0,0
18:14:56 Jan 05 2021,91,45,1,0,0
18:14:58 Jan 05 2021,92,46,1,0,0
18:15:00 Jan 05 2021,92,46,0,0,0
18:15:02 Jan 05 2021,92,46,1,0,0
18:15:04 Jan 05 2021,91,46,0,0,0
18:15:06 Jan 05 2021,91,46,1,0,0
18:15:08 Jan 05 2021,90,46,0,0,0
18:15:10 Jan 05 2021,89,46,1,0,0
18:15:12 Jan 05 2021,89,46,0,0,0
18:15:14 Jan 05 2021,89,47,0,0,0
18:15:16 Jan 05 2021,89,47,1,0,0
18:15:18 Jan 05 2021,89,47,1,0,0
18:15:20 Jan 05 2021,89,47,0,0,0
18:15:22 Jan 05 2021,90,47,0,0,0
18:15:24 Jan 05 2021,90,47,1,0,0
18:15:26 Jan 05 2021,90,47,0,0,0
18:15:28 Jan 05 2021,90,47,1,0,0
18:15:30 Jan 05 2021,90,47,0,0,0
18:15:32 Jan 05 2021,91,46,1,0,0
18:15:34 Jan 05 2021,92,47,1,0,0
18:15:36 Jan 05 2021,92,47,0,0,0
18:15:38 Jan 05 2021,92,48,1,0,0
18:15:40 Jan 05 2021,92,49,0,0,0
18:15:42 Jan 05 2021,92,50,0,0,0
18:15:44 Jan 05 2021,92,50,0,0,0
18:15:46 Jan 05 2021,92,50,1,0,0
18:15:48 Jan 05 2021,92,50,0,0,0
18:15:50 Jan 05 2021,92,50,1,0,0
18:15:52 Jan 05 2021,92,47,0,0,0
18:15:54 Jan 05 2021,92,47,1,0,0
18:15:56 Jan 05 2021,92,47,0,0,0
18:15:58 Jan 05 2021,91,48,0,0,0
18:16:00 Jan 05 2021,91,51,0,0,0
18:16:02 Jan 05 2021,91,53,0,0,0
18:16:04 Jan 05 2021,91,56,1,0,0
18:16:06 Jan 05 2021,91,57,0,0,0
18:16:08 Jan 05 2021,91,64,1,0,0
18:16:10 Jan 05 2021,90,68,1,0,0
18:16:12 Jan 05 2021,90,70,1,0,0
18:16:14 Jan 05 2021,90,72,0,0,0
18:16:16 Jan 05 2021,90,73,1,0,0
18:16:18 Jan 05 2021,90,77,0,0,0
18:16:20 Jan 05 2021,90,79,0,0,0
18:16:22 Jan 05 2021,90,78,0,0,0
18:16:24 Jan 05 2021,90,79,1,0,0
18:16:26 Jan 05 2021,90,79,0,0,0
18:16:28 Jan 05 2021,90,78,0,0,0
18:16:30 Jan 05 2021,90,76,0,0,0
18:16:32 Jan 05 2021,90,75,0,0,0
18:16:34 Jan 05 2021,90,75,0,0,0
18:16:36 Jan 05 2021,91,75,0,0,0
18:16:38 Jan 05 2021,91,76,1,0,0
18:16:40 Jan 05 2021,92,76,1,0,0
18:16:42 Jan 05 2021,92,76,0,0,0
18:16:44 Jan 05 2021,92,76,0,0,0
18:16:46 Jan 05 2021,92,75,0,0,0
18:16:48 Jan 05 2021,92,74,1,0,0
18:16:50 Jan 05 2021,92,73,1,0,0
18:16:52 Jan 05 2021,92,72,1,0,0
18:16:54 Jan 05 2021,92,73,0,0,0
18:16:56 Jan 05 2021,92,73,0,0,0
18:16:58 Jan 05 2021,92,72,0,0,0
18:17:00 Jan 05 2021,92,73,1,0,0
18:17:02 Jan 05 2021,91,73,1,0,0
18:17:04 Jan 05 2021,91,72,1,0,0
18:17:06 Jan 05 2021,90,74,1,0,0
18:17:08 Jan 05 2021,90,69,1,0,0
18:17:10 Jan 05 2021,90,70,0,0,0
18:17:12 Jan 05 2021,90,71,1,0,0
18:17:14 Jan 05 2021,90,70,1,0,0
18:17:16 Jan 05 2021,90,71,0,0,0
18:17:18 Jan 05 2021,90,70,1,0,0
18:17:20 Jan 05 2021,90,71,0,0,0
18:17:22 Jan 05 2021,89,71,1,0,0
18:17:24 Jan 05 2021,89,72,1,0,0
18:17:26 Jan 05 2021,88,70,0,0,0
18:17:28 Jan 05 2021,89,62,0,0,0
18:17:30 Jan 05 2021,89,65,0,0,0
18:17:32 Jan 05 2021,89,62,0,0,0
18:17:34 Jan 05 2021,89,61,0,0,0
18:17:36 Jan 05 2021,89,65,1,0,0
18:17:38 Jan 05 2021,89,64,0,0,0
18:17:40 Jan 05 2021,89,64,1,0,0
18:17:42 Jan 05 2021,90,67,1,0,0
18:17:44 Jan 05 2021,90,60,0,0,0
18:17:46 Jan 05 2021,91,50,0,0,0
18:17:48 Jan 05 2021,92,39,0,0,0
18:17:50 Jan 05 2021,92,34,0,0,0
18:17:52 Jan 05 2021,92,34,0,0,0
18:17:54 Jan 05 2021,92,34,0,0,0
18:17:56 Jan 05 2021,92,35,0,0,0
18:17:58 Jan 05 2021,92,35,1,0,0
18:18:00 Jan 05 2021,92,35,0,0,0
18:18:02 Jan 05 2021,92,35,0,0,0
18:18:04 Jan 05 2021,92,35,0,0,0
18:18:06 Jan 05 2021,92,35,0,0,0
18:18:08 Jan 05 2021,92,35,0,0,0
18:18:10 Jan 05 2021,92,35,0,0,0
18:18:12 Jan 05 2021,92,35,0,0,0
18:18:14 Jan 05 2021,92,35,1,0,0
18:18:16 Jan 05 2021,92,35,1,0,0
18:18:18 Jan 05 2021,92,35,1,0,0
18:18:20 Jan 05 2021,91,39,0,0,0
18:18:22 Jan 05 2021,91,40,0,0,0
18:18:24 Jan 05 2021,91,42,0,0,0
18:18:26 Jan 05 2021,91,42,1,0,0
18:18:28 Jan 05 2021,90,40,0,0,0
18:18:30 Jan 05 2021,89,41,0,0,0
18:18:32 Jan 05 2021,89,41,0,0,0
18:18:34 Jan 05 2021,88,41,1,0,0
18:18:36 Jan 05 2021,89,41,0,0,0
18:18:38 Jan 05 2021,89,41,1,0,0
18:18:40 Jan 05 2021,88,41,1,0,0
18:18:42 Jan 05 2021,88,42,1,0,0
18:18:44 Jan 05 2021,88,42,0,0,0
18:18:46 Jan 05 2021,88,42,1,0,0
18:18:48 Jan 05 2021,88,44,1,0,0
18:18:50 Jan 05 2021,88,43,0,0,0
18:18:52 Jan 05 2021,88,43,0,0,0
18:18:54 Jan 05 2021,88,44,0,0,0
18:18:56 Jan 05 2021,88,44,0,0,0
18:18:58 Jan 05 2021,89,44,1,0,0
18:19:00 Jan 05 2021,89,44,0,0,0
18:19:02 Jan 05 2021,90,44,0,0,0
18:19:04 Jan 05 2021,91,45,1,0,0
18:19:06 Jan 05 2021,90,44,0,0,0
18:19:08 Jan 05 2021,91,44,0,0,0
18:19:10 Jan 05 2021,91,44,0,0,0
18:19:12 Jan 05 2021,91,44,0,0,0
18:19:14 Jan 05 2021,91,44,1,0,0
18:19:16 Jan 05 2021,91,44,1,0,0
18:19:18 Jan 05 2021,91,45,0,0,0
18:19:20 Jan 05 2021,91,46,0,0,0
18:19:22 Jan 05 2021,91,44,1,0,0
18:19:24 Jan 05 2021,91,44,0,0,0
18:19:26 Jan 05 2021,91,43,0,0,0
18:19:28 Jan 05 2021,91,43,0,0,0
18:19:30 Jan 05 2021,91,45,2,0,0
18:19:32 Jan 05 2021,91,45,1,0,0
18:19:34 Jan 05 2021,91,47,1,0,0
18:19:36 Jan 05 2021,92,48,1,0,0
18:19:38 Jan 05 2021,92,47,1,0,0
18:19:40 Jan 05 2021,92,47,1,0,0
18:19:42 Jan 05 2021,92,47,7,0,0
18:19:44 Jan 05 2021,92,47,1,0,0
18:19:46 Jan 05 2021,92,47,0,0,0
18:19:48 Jan 05 2021,92,47,3,0,0
18:19:50 Jan 05 2021,92,47,1,0,0
18:19:52 Jan 05 2021,92,47,0,0,0
18:19:54 Jan 05 2021,92,49,0,0,0
18:19:56 Jan 05 2021,92,49,0,0,0
18:19:58 Jan 05 2021,92,52,0,0,0
18:20:00 Jan 05 2021,93,61,0,0,0
18:20:02 Jan 05 2021,94,66,0,0,0
18:20:04 Jan 05 2021,94,71,0,0,0
18:20:06 Jan 05 2021,94,69,0,0,0
18:20:08 Jan 05 2021,94,68,0,0,0
18:20:10 Jan 05 2021,94,70,0,0,0
18:20:12 Jan 05 2021,94,70,0,0,0
18:20:14 Jan 05 2021,95,72,0,0,0
18:20:16 Jan 05 2021,95,71,0,0,0
18:20:18 Jan 05 2021,95,71,0,0,0
18:20:20 Jan 05 2021,95,73,0,0,0
18:20:22 Jan 05 2021,95,73,0,0,0
18:20:24 Jan 05 2021,95,74,0,0,0
18:20:26 Jan 05 2021,94,75,0,0,0
18:20:28 Jan 05 2021,94,73,0,0,0
18:20:30 Jan 05 2021,94,73,0,0,0
18:20:32 Jan 05 2021,94,72,0,0,0
18:20:34 Jan 05 2021,94,72,0,0,0
18:20:36 Jan 05 2021,94,74,0,0,0
18:20:38 Jan 05 2021,94,74,0,0,0
18:20:40 Jan 05 2021,94,74,0,0,0
18:20:42 Jan 05 2021,93,72,0,0,0
18:20:44 Jan 05 2021,93,72,0,0,0
18:20:46 Jan 05 2021,93,70,0,0,0
18:20:48 Jan 05 2021,93,71,1,0,0
18:20:50 Jan 05 2021,93,72,0,0,0
18:20:52 Jan 05 2021,93,65,1,0,0
18:20:54 Jan 05 2021,93,64,0,0,0
18:20:56 Jan 05 2021,93,63,0,0,0
18:20:58 Jan 05 2021,92,67,0,0,0
18:21:00 Jan 05 2021,92,68,0,0,0
18:21:02 Jan 05 2021,91,71,1,0,0
18:21:04 Jan 05 2021,91,72,0,0,0
18:21:06 Jan 05 2021,91,72,0,0,0
18:21:08 Jan 05 2021,92,72,0,0,0
18:21:10 Jan 05 2021,92,71,0,0,0
18:21:12 Jan 05 2021,92,70,0,0,0
18:21:14 Jan 05 2021,92,71,2,0,0
18:21:16 Jan 05 2021,92,71,0,0,0
18:21:18 Jan 05 2021,92,71,0,0,0
18:21:20 Jan 05 2021,92,71,0,0,0
18:21:22 Jan 05 2021,92,71,0,0,0
18:21:24 Jan 05 2021,92,71,0,0,0
18:21:26 Jan 05 2021,92,71,0,0,0
18:21:28 Jan 05 2021,92,69,0,0,0
18:21:30 Jan 05 2021,92,70,0,0,0
18:21:32 Jan 05 2021,92,70,0,0,0
18:21:34 Jan 05 2021,92,67,0,0,0
18:21:36 Jan 05 2021,92,71,0,0,0
18:21:38 Jan 05 2021,92,70,0,0,0
18:21:40 Jan 05 2021,92,70,0,0,0
18:21:42 Jan 05 2021,92,71,0,0,0
18:21:44 Jan 05 2021,92,72,1,0,0
18:21:46 Jan 05 2021,92,72,0,0,0
18:21:48 Jan 05 2021,92,72,0,0,0
18:21:50 Jan 05 2021,92,72,0,0,0
18:21:52 Jan 05 2021,92,72,0,0,0
18:21:54 Jan 05 2021,92,72,0,0,0
18:21:56 Jan 05 2021,92,73,0,0,0
18:21:58 Jan 05 2021,92,77,0,0,0
18:22:00 Jan 05 2021,91,78,0,0,0
18:22:02 Jan 05 2021,90,76,2,0,0
18:22:04 Jan 05 2021,90,75,0,0,0
18:22:06 Jan 05 2021,90,74,0,0,0
18:22:08 Jan 05 2021,90,74,0,0,0
18:22:10 Jan 05 2021,90,75,0,0,0
18:22:12 Jan 05 2021,90,73,0,0,0
18:22:14 Jan 05 2021,90,74,0,0,0
18:22:16 Jan 05 2021,90,72,0,0,0
18:22:18 Jan 05 2021,90,74,0,0,0
18:22:20 Jan 05 2021,91,75,0,0,0
18:22:22 Jan 05 2021,91,74,0,0,0
18:22:24 Jan 05 2021,92,75,0,0,0
18:22:26 Jan 05 2021,93,76,0,0,0
18:22:28 Jan 05 2021,94,75,0,0,0
18:22:30 Jan 05 2021,95,76,0,0,0
18:22:32 Jan 05 2021,95,74,0,0,0
18:22:34 Jan 05 2021,95,74,0,0,0
18:22:36 Jan 05 2021,95,71,0,0,0
18:22:38 Jan 05 2021,95,70,0,0,0
18:22:40 Jan 05 2021,95,70,0,0,0
18:22:42 Jan 05 2021,95,69,0,0,0
18:22:44 Jan 05 2021,95,71,0,0,0
18:22:46 Jan 05 2021,95,71,0,0,0
18:22:48 Jan 05 2021,94,72,0,0,0
18:22:50 Jan 05 2021,94,71,0,0,0
18:22:52 Jan 05 2021,93,71,0,0,0
18:22:54 Jan 05 2021,93,70,0,0,0
18:22:56 Jan 05 2021,93,61,0,0,0
18:22:58 Jan 05 2021,93,67,0,0,0
18:23:00 Jan 05 2021,92,68,0,0,0
18:23:02 Jan 05 2021,91,70,0,0,0
18:23:04 Jan 05 2021,91,77,0,0,0
18:23:06 Jan 05 2021,90,77,0,0,0
18:23:08 Jan 05 2021,90,67,0,0,0
18:23:10 Jan 05 2021,90,65,0,0,0
18:23:12 Jan 05 2021,89,56,1,0,0
18:23:14 Jan 05 2021,89,62,0,0,0
18:23:16 Jan 05 2021,91,68,0,0,0
18:23:18 Jan 05 2021,91,66,1,0,0
18:23:20 Jan 05 2021,92,70,0,0,0
18:23:22 Jan 05 2021,93,72,1,0,0
18:23:24 Jan 05 2021,93,75,0,0,0
18:23:26 Jan 05 2021,94,75,0,0,0
18:23:28 Jan 05 2021,94,75,0,0,0
18:23:30 Jan 05 2021,94,72,1,0,0
18:23:32 Jan 05 2021,95,72,0,0,0
18:23:34 Jan 05 2021,95,72,0,0,0
18:23:36 Jan 05 2021,95,72,0,0,0
18:23:38 Jan 05 2021,95,72,0,0,0
18:23:40 Jan 05 2021,95,72,0,0,0
18:23:42 Jan 05 2021,95,68,0,0,0
18:23:44 Jan 05 2021,95,68,0,0,0
18:23:46 Jan 05 2021,95,70,0,0,0
18:23:48 Jan 05 2021,95,72,0,0,0
18:23:50 Jan 05 2021,95,75,0,0,0
18:23:52 Jan 05 2021,95,77,0,0,0
18:23:54 Jan 05 2021,95,77,0,0,0
18:23:56 Jan 05 2021,95,79,0,0,0
18:23:58 Jan 05 2021,94,80,0,0,0
18:24:00 Jan 05 2021,94,77,0,0,0
18:24:02 Jan 05 2021,94,76,0,0,0
18:24:04 Jan 05 2021,94,74,0,0,0
18:24:06 Jan 05 2021,95,73,0,0,0
18:24:08 Jan 05 2021,95,77,0,0,0
18:24:10 Jan 05 2021,93,77,0,0,0
18:24:12 Jan 05 2021,93,73,0,0,0
18:24:14 Jan 05 2021,91,70,0,0,0
18:24:16 Jan 05 2021,92,66,0,0,0
18:24:18 Jan 05 2021,92,70,0,0,0
18:24:20 Jan 05 2021,92,70,0,0,0
18:24:22 Jan 05 2021,93,76,0,0,0
18:24:24 Jan 05 2021,93,76,1,0,0
18:24:26 Jan 05 2021,94,75,0,0,0
18:24:28 Jan 05 2021,94,78,0,0,0
18:24:30 Jan 05 2021,94,78,0,0,0
18:24:32 Jan 05 2021,93,81,0,0,0
18:24:34 Jan 05 2021,93,83,0,0,0
18:24:36 Jan 05 2021,93,83,1,0,0
18:24:38 Jan 05 2021,94,80,0,0,0
18:24:40 Jan 05 2021,94,75,0,0,0
18:24:42 Jan 05 2021,95,63,0,0,0
18:24:44 Jan 05 2021,96,57,0,0,0
18:24:46 Jan 05 2021,95,59,0,0,0
18:24:48 Jan 05 2021,96,56,0,0,0
18:24:50 Jan 05 2021,95,59,0,0,0
18:24:52 Jan 05 2021,95,56,0,0,0
18:24:54 Jan 05 2021,95,50,0,0,0
18:24:56 Jan 05 2021,95,51,0,0,0
18:24:58 Jan 05 2021,95,52,0,0,0
18:25:00 Jan 05 2021,95,59,0,0,0
18:25:02 Jan 05 2021,95,67,0,0,0
18:25:04 Jan 05 2021,95,66,1,0,0
18:25:06 Jan 05 2021,94,63,0,0,0
18:25:08 Jan 05 2021,94,57,0,0,0
18:25:10 Jan 05 2021,93,60,0,0,0
18:25:12 Jan 05 2021,93,67,0,0,0
18:25:14 Jan 05 2021,93,72,1,0,0
18:25:16 Jan 05 2021,93,71,0,0,0
18:25:18 Jan 05 2021,93,70,0,0,0
18:25:20 Jan 05 2021,93,71,0,0,0
18:25:22 Jan 05 2021,92,73,1,0,0
18:25:24 Jan 05 2021,92,75,0,0,0
18:25:26 Jan 05 2021,92,75,0,0,0
18:25:28 Jan 05 2021,91,76,0,0,0
18:25:30 Jan 05 2021,91,75,0,0,0
18:25:32 Jan 05 2021,90,75,1,0,0
18:25:34 Jan 05 2021,89,75,0,0,0
18:25:36 Jan 05 2021,90,75,0,0,0
18:25:38 Jan 05 2021,90,73,0,0,0
18:25:40 Jan 05 2021,90,73,0,0,0
18:25:42 Jan 05 2021,91,72,1,0,0
18:25:44 Jan 05 2021,91,71,1,0,0
18:25:46 Jan 05 2021,92,68,1,0,0
18:25:48 Jan 05 2021,93,62,0,0,0
18:25:50 Jan 05 2021,93,65,0,0,0
18:25:52 Jan 05 2021,94,64,0,0,0
18:25:54 Jan 05 2021,94,67,1,0,0
18:25:56 Jan 05 2021,94,66,0,0,0
18:25:58 Jan 05 2021,94,64,1,0,0
18:26:00 Jan 05 2021,94,62,0,0,0
18:26:02 Jan 05 2021,94,61,0,0,0
18:26:04 Jan 05 2021,94,64,0,0,0
18:26:06 Jan 05 2021,94,61,0,0,0
18:26:08 Jan 05 2021,94,61,0,0,0
18:26:10 Jan 05 2021,94,58,0,0,0
18:26:12 Jan 05 2021,95,53,1,0,0
18:26:14 Jan 05 2021,95,51,0,0,0
18:26:16 Jan 05 2021,95,49,0,0,0
18:26:18 Jan 05 2021,94,47,0,0,0
18:26:20 Jan 05 2021,94,45,0,0,0
18:26:22 Jan 05 2021,93,43,0,0,0
18:26:24 Jan 05 2021,94,43,0,0,0
18:26:26 Jan 05 2021,94,43,0,0,0
18:26:28 Jan 05 2021,94,48,0,0,0
18:26:30 Jan 05 2021,94,49,1,0,0
18:26:32 Jan 05 2021,93,52,0,0,0
18:26:34 Jan 05 2021,94,52,0,0,0
18:26:36 Jan 05 2021,93,52,0,0,0
18:26:38 Jan 05 2021,91,53,1,0,0
18:26:40 Jan 05 2021,90,50,1,0,0
18:26:42 Jan 05 2021,89,49,0,0,0
18:26:44 Jan 05 2021,89,48,0,0,0
18:26:46 Jan 05 2021,89,50,0,0,0
18:26:48 Jan 05 2021,89,49,0,0,0
18:26:50 Jan 05 2021,89,47,0,0,0
18:26:52 Jan 05 2021,88,44,0,0,0
18:26:54 Jan 05 2021,88,40,0,0,0
18:26:56 Jan 05 2021,87,38,0,0,0
18:26:58 Jan 05 2021,88,38,0,0,0
18:27:00 Jan 05 2021,89,38,1,0,0
18:27:02 Jan 05 2021,91,38,0,0,0
18:27:04 Jan 05 2021,93,38,1,0,0
18:27:06 Jan 05 2021,94,38,0,0,0
18:27:08 Jan 05 2021,94,38,0,0,0
18:27:10 Jan 05 2021,94,38,0,0,0
18:27:12 Jan 05 2021,94,38,0,0,0
18:27:14 Jan 05 2021,94,38,0,0,0
18:27:16 Jan 05 2021,94,38,0,0,0
18:27:18 Jan 05 2021,94,38,0,0,0
18:27:20 Jan 05 2021,94,38,0,0,0
18:27:22 Jan 05 2021,94,38,0,0,0
18:27:24 Jan 05 2021,94,38,0,0,0
18:27:26 Jan 05 2021,94,38,0,0,0
18:27:28 Jan 05 2021,94,38,0,0,0
18:27:30 Jan 05 2021,93,36,0,0,0
18:27:32 Jan 05 2021,93,37,0,0,0
18:27:34 Jan 05 2021,93,37,0,0,0
18:27:36 Jan 05 2021,94,37,1,0,0
18:27:38 Jan 05 2021,94,38,0,0,0
18:27:40 Jan 05 2021,93,37,0,0,0
18:27:42 Jan 05 2021,92,36,0,0,0
18:27:44 Jan 05 2021,91,35,0,0,0
18:27:46 Jan 05 2021,90,36,0,0,0
18:27:48 Jan 05 2021,90,36,0,0,0
18:27:50 Jan 05 2021,90,36,0,0,0
18:27:52 Jan 05 2021,90,36,0,0,0
18:27:54 Jan 05 2021,89,36,0,0,0
18:27:56 Jan 05 2021,88,38,0,0,0
18:27:58 Jan 05 2021,87,38,1,0,0
18:28:00 Jan 05 2021,87,39,0,0,0
18:28:02 Jan 05 2021,87,39,0,0,0
18:28:04 Jan 05 2021,88,40,0,0,0
18:28:06 Jan 05 2021,88,41,0,0,0
18:28:08 Jan 05 2021,88,42,0,0,0
18:28:10 Jan 05 2021,88,41,1,0,0
18:28:12 Jan 05 2021,89,40,1,0,0
18:28:14 Jan 05 2021,90,40,0,0,0
18:28:16 Jan 05 2021,91,39,0,0,0
18:28:18 Jan 05 2021,93,38,1,0,0
18:28:20 Jan 05 2021,93,39,0,0,0
18:28:22 Jan 05 2021,93,39,0,0,0
18:28:24 Jan 05 2021,93,39,0,0,0
18:28:26 Jan 05 2021,93,39,0,0,0
18:28:28 Jan 05 2021,93,39,0,0,0
18:28:30 Jan 05 2021,93,39,0,0,0
18:28:32 Jan 05 2021,93,39,0,0,0
18:28:34 Jan 05 2021,94,39,0,0,0
18:28:36 Jan 05 2021,94,39,0,0,0
18:28:38 Jan 05 2021,94,39,0,0,0
18:28:40 Jan 05 2021,94,39,1,0,0
18:28:42 Jan 05 2021,94,39,0,0,0
18:28:44 Jan 05 2021,94,39,0,0,0
18:28:46 Jan 05 2021,94,39,0,0,0
18:28:48 Jan 05 2021,94,39,0,0,0
18:28:50 Jan 05 2021,93,39,0,0,0
18:28:52 Jan 05 2021,92,38,0,0,0
18:28:54 Jan 05 2021,90,37,0,0,0
18:28:56 Jan 05 2021,90,37,0,0,0
18:28:58 Jan 05 2021,90,37,0,0,0
18:29:00 Jan 05 2021,89,38,0,0,0
18:29:02 Jan 05 2021,89,38,1,0,0
18:29:04 Jan 05 2021,89,38,0,0,0
18:29:06 Jan 05 2021,89,38,1,0,0
18:29:08 Jan 05 2021,88,38,0,0,0
18:29:10 Jan 05 2021,88,40,0,0,0
18:29:12 Jan 05 2021,88,41,1,0,0
18:29:14 Jan 05 2021,87,41,1,0,0
18:29:16 Jan 05 2021,87,41,0,0,0
18:29:18 Jan 05 2021,87,40,0,0,0
18:29:20 Jan 05 2021,87,40,1,0,0
18:29:22 Jan 05 2021,87,40,0,0,0
18:29:24 Jan 05 2021,87,40,0,0,0
18:29:26 Jan 05 2021,87,40,1,0,0
18:29:28 Jan 05 2021,87,40,0,0,0
18:29:30 Jan 05 2021,88,40,0,0,0
18:29:32 Jan 05 2021,89,40,0,0,0
18:29:34 Jan 05 2021,89,40,1,0,0
18:29:36 Jan 05 2021,89,40,0,0,0
18:29:38 Jan 05 2021,89,40,0,0,0
18:29:40 Jan 05 2021,89,40,0,0,0
18:29:42 Jan 05 2021,89,40,0,0,0
18:29:44 Jan 05 2021,89,40,0,0,0
18:29:46 Jan 05 2021,89,40,0,0,0
18:29:48 Jan 05 2021,90,40,0,0,0
18:29:50 Jan 05 2021,92,39,0,0,0
18:29:52 Jan 05 2021,93,38,0,0,0
18:29:54 Jan 05 2021,94,37,0,0,0
18:29:56 Jan 05 2021,94,37,0,0,0
18:29:58 Jan 05 2021,94,38,0,0,0
18:30:00 Jan 05 2021,94,38,0,0,0
18:30:02 Jan 05 2021,94,38,0,0,0
18:30:04 Jan 05 2021,94,39,0,0,0
18:30:06 Jan 05 2021,93,38,0,0,0
18:30:08 Jan 05 2021,92,36,0,0,0
18:30:10 Jan 05 2021,90,35,0,0,0
18:30:12 Jan 05 2021,90,34,1,0,0
18:30:14 Jan 05 2021,90,34,1,0,0
18:30:16 Jan 05 2021,90,35,0,0,0
18:30:18 Jan 05 2021,90,35,0,0,0
18:30:20 Jan 05 2021,90,35,1,0,0
18:30:22 Jan 05 2021,90,37,0,0,0
18:30:24 Jan 05 2021,89,38,1,0,0
18:30:26 Jan 05 2021,89,38,0,0,0
18:30:28 Jan 05 2021,89,38,0,0,0
18:30:30 Jan 05 2021,89,38,0,0,0
18:30:32 Jan 05 2021,89,38,0,0,0
18:30:34 Jan 05 2021,90,38,0,0,0
18:30:36 Jan 05 2021,90,38,0,0,0
18:30:38 Jan 05 2021,90,38,0,0,0
18:30:40 Jan 05 2021,90,38,0,0,0
18:30:42 Jan 05 2021,90,38,0,0,0
18:30:44 Jan 05 2021,90,38,0,0,0
18:30:46 Jan 05 2021,90,38,1,0,0
18:30:48 Jan 05 2021,90,38,0,0,0
18:30:50 Jan 05 2021,91,38,0,0,0
18:30:52 Jan 05 2021,93,39,0,0,0
18:30:54 Jan 05 2021,94,40,0,0,0
18:30:56 Jan 05 2021,95,42,0,0,0
18:30:58 Jan 05 2021,95,42,0,0,0
18:31:00 Jan 05 2021,95,40,0,0,0
18:31:02 Jan 05 2021,95,40,0,0,0
18:31:04 Jan 05 2021,95,39,0,0,0
18:31:06 Jan 05 2021,95,39,0,0,0
18:31:08 Jan 05 2021,96,39,0,0,0
18:31:10 Jan 05 2021,96,39,0,0,0
18:31:12 Jan 05 2021,96,39,0,0,0
18:31:14 Jan 05 2021,95,39,0,0,0
18:31:16 Jan 05 2021,94,38,1,0,0
18:31:18 Jan 05 2021,93,38,0,0,0
18:31:20 Jan 05 2021,93,38,0,0,0
18:31:22 Jan 05 2021,93,38,0,0,0
18:31:24 Jan 05 2021,93,38,0,0,0
18:31:26 Jan 05 2021,93,38,4,0,0
18:31:28 Jan 05 2021,93,38,1,0,0
18:31:30 Jan 05 2021,93,38,1,0,0
18:31:32 Jan 05 2021,93,38,1,0,0
18:31:34 Jan 05 2021,93,39,1,0,0
18:31:36 Jan 05 2021,92,38,0,0,0
18:31:38 Jan 05 2021,90,39,1,0,0
18:31:40 Jan 05 2021,89,40,1,0,0
18:31:42 Jan 05 2021,88,40,1,0,0
18:31:44 Jan 05 2021,87,40,1,0,0
18:31:46 Jan 05 2021,87,40,1,0,0
18:31:48 Jan 05 2021,87,40,1,0,0
18:31:50 Jan 05 2021,87,40,1,0,0
18:31:52 Jan 05 2021,89,40,1,0,0
18:31:54 Jan 05 2021,91,40,1,0,0
18:31:56 Jan 05 2021,92,40,0,0,0
18:31:58 Jan 05 2021,93,40,0,0,0
18:32:00 Jan 05 2021,94,40,1,0,0
18:32:02 Jan 05 2021,94,40,2,0,0
18:32:04 Jan 05 2021,95,41,3,0,0
18:32:06 Jan 05 2021,95,41,2,0,0
18:32:08 Jan 05 2021,95,41,1,0,0
18:32:10 Jan 05 2021,95,41,13,0,0
18:32:12 Jan 05 2021,95,41,3,0,0
18:32:14 Jan 05 2021,95,41,37,0,0
18:32:16 Jan 05 2021,95,41,2,0,0
18:32:18 Jan 05 2021,95,41,0,0,0
18:32:20 Jan 05 2021,95,41,0,0,0
18:32:22 Jan 05 2021,95,41,0,0,0
18:32:24 Jan 05 2021,95,54,0,0,0
18:32:26 Jan 05 2021,95,60,0,0,0
18:32:28 Jan 05 2021,95,66,0,0,0
18:32:30 Jan 05 2021,95,71,0,0,0
18:32:32 Jan 05 2021,95,68,0,0,0
18:32:34 Jan 05 2021,95,74,0,0,0
18:32:36 Jan 05 2021,95,74,0,0,0
18:32:38 Jan 05 2021,95,71,0,0,0
18:32:40 Jan 05 2021,94,67,0,0,0
18:32:42 Jan 05 2021,94,65,0,0,0
18:32:44 Jan 05 2021,93,64,0,0,0
18:32:46 Jan 05 2021,93,69,0,0,0
18:32:48 Jan 05 2021,93,70,2,0,0
18:32:50 Jan 05 2021,93,70,1,0,0
18:32:52 Jan 05 2021,93,70,1,0,0
18:32:54 Jan 05 2021,93,70,1,0,0
18:32:56 Jan 05 2021,93,70,0,0,0
18:32:58 Jan 05 2021,93,71,0,0,0
18:33:00 Jan 05 2021,92,73,1,0,0
18:33:02 Jan 05 2021,92,77,0,0,0
18:33:04 Jan 05 2021,92,80,0,0,0
18:33:06 Jan 05 2021,92,81,0,0,0
18:33:08 Jan 05 2021,92,78,0,0,0
18:33:10 Jan 05 2021,92,77,1,0,0
18:33:12 Jan 05 2021,92,77,2,0,0
18:33:14 Jan 05 2021,92,78,0,0,0
18:33:16 Jan 05 2021,92,80,1,0,0
18:33:18 Jan 05 2021,93,81,0,0,0
18:33:20 Jan 05 2021,94,80,0,0,0
18:33:22 Jan 05 2021,94,79,1,0,0
18:33:24 Jan 05 2021,94,79,0,0,0
18:33:26 Jan 05 2021,93,79,1,0,0
18:33:28 Jan 05 2021,94,82,1,0,0
18:33:30 Jan 05 2021,94,84,0,0,0
18:33:32 Jan 05 2021,94,83,0,0,0
18:33:34 Jan 05 2021,94,85,0,0,0
18:33:36 Jan 05 2021,94,83,1,0,0
18:33:38 Jan 05 2021,94,81,0,0,0
18:33:40 Jan 05 2021,93,79,0,0,0
18:33:42 Jan 05 2021,93,78,1,0,0
18:33:44 Jan 05 2021,93,74,1,0,0
18:33:46 Jan 05 2021,93,74,7,0,0
18:33:48 Jan 05 2021,93,76,1,0,0
18:33:50 Jan 05 2021,93,74,0,0,0
18:33:52 Jan 05 2021,93,74,1,0,0
18:33:54 Jan 05 2021,93,76,0,0,0
18:33:56 Jan 05 2021,92,78,1,0,0
18:33:58 Jan 05 2021,92,78,1,0,0
18:34:00 Jan 05 2021,92,79,1,0,0
18:34:02 Jan 05 2021,90,82,1,0,0
18:34:04 Jan 05 2021,91,82,1,0,0
18:34:06 Jan 05 2021,90,84,1,0,0
18:34:08 Jan 05 2021,90,85,0,0,0
18:34:10 Jan 05 2021,90,86,0,0,0
18:34:12 Jan 05 2021,90,87,0,0,0
18:34:14 Jan 05 2021,90,86,0,0,0
18:34:16 Jan 05 2021,90,86,0,0,0
18:34:18 Jan 05 2021,89,82,0,0,0
18:34:20 Jan 05 2021,89,78,0,0,0
18:34:22 Jan 05 2021,88,77,0,0,0
18:34:24 Jan 05 2021,89,73,0,0,0
18:34:26 Jan 05 2021,89,72,0,0,0
18:34:28 Jan 05 2021,89,73,0,0,0
18:34:30 Jan 05 2021,89,73,0,0,0
18:34:32 Jan 05 2021,90,72,0,0,0
18:34:34 Jan 05 2021,90,73,0,0,0
18:34:36 Jan 05 2021,90,73,0,0,0
18:34:38 Jan 05 2021,90,72,0,0,0
18:34:40 Jan 05 2021,90,73,0,0,0
18:34:42 Jan 05 2021,90,73,0,0,0
18:34:44 Jan 05 2021,90,73,0,0,0
18:34:46 Jan 05 2021,91,74,0,0,0
18:34:48 Jan 05 2021,91,74,0,0,0
18:34:50 Jan 05 2021,92,74,0,0,0
18:34:52 Jan 05 2021,92,74,0,0,0
18:34:54 Jan 05 2021,92,74,0,0,0
18:34:56 Jan 05 2021,92,74,0,0,0
18:34:58 Jan 05 2021,92,74,0,0,0
18:35:00 Jan 05 2021,91,74,0,0,0
18:35:02 Jan 05 2021,91,74,0,0,0
18:35:04 Jan 05 2021,90,72,1,0,0
18:35:06 Jan 05 2021,90,75,0,0,0
18:35:08 Jan 05 2021,90,74,0,0,0
18:35:10 Jan 05 2021,90,73,0,0,0
18:35:12 Jan 05 2021,91,75,0,0,0
18:35:14 Jan 05 2021,91,75,0,0,0
18:35:16 Jan 05 2021,90,77,0,0,0
18:35:18 Jan 05 2021,90,78,0,0,0
18:35:20 Jan 05 2021,89,80,0,0,0
18:35:22 Jan 05 2021,89,81,0,0,0
18:35:24 Jan 05 2021,89,79,0,0,0
18:35:26 Jan 05 2021,89,78,0,0,0
18:35:28 Jan 05 2021,90,77,0,0,0
18:35:30 Jan 05 2021,90,77,0,0,0
18:35:32 Jan 05 2021,91,76,0,0,0
18:35:34 Jan 05 2021,91,76,0,0,0
18:35:36 Jan 05 2021,91,73,1,0,0
18:35:38 Jan 05 2021,92,72,0,0,0
18:35:40 Jan 05 2021,92,72,0,0,0
18:35:42 Jan 05 2021,92,70,0,0,0
18:35:44 Jan 05 2021,92,67,0,0,0
18:35:46 Jan 05 2021,92,65,0,0,0
18:35:48 Jan 05 2021,92,64,0,0,0
18:35:50 Jan 05 2021,92,66,0,0,0
18:35:52 Jan 05 2021,92,66,0,0,0
18:35:54 Jan 05 2021,92,61,0,0,0
18:35:56 Jan 05 2021,92,61,5,0,0
18:35:58 Jan 05 2021,92,60,1,0,0
18:36:00 Jan 05 2021,92,64,0,0,0
18:36:02 Jan 05 2021,92,65,0,0,0
18:36:04 Jan 05 2021,92,64,1,0,0
18:36:06 Jan 05 2021,92,64,1,0,0
18:36:08 Jan 05 2021,92,64,0,0,0
18:36:10 Jan 05 2021,92,64,0,0,0
18:36:12 Jan 05 2021,92,64,1,0,0
18:36:14 Jan 05 2021,92,64,1,0,0
18:36:16 Jan 05 2021,92,64,1,0,0
18:36:18 Jan 05 2021,92,64,0,0,0
18:36:20 Jan 05 2021,92,64,1,0,0
18:36:22 Jan 05 2021,92,64,1,0,0
18:36:24 Jan 05 2021,92,64,1,0,0
18:36:26 Jan 05 2021,92,64,1,0,0
18:36:28 Jan 05 2021,91,56,1,0,0
18:36:30 Jan 05 2021,91,53,6,0,0
18:36:32 Jan 05 2021,91,50,5,0,0
18:36:34 Jan 05 2021,91,49,1,0,0
18:36:36 Jan 05 2021,91,52,1,0,0
18:36:38 Jan 05 2021,91,51,1,0,0
18:36:40 Jan 05 2021,91,50,0,0,0
18:36:42 Jan 05 2021,91,51,0,0,0
18:36:44 Jan 05 2021,91,51,0,0,0
18:36:46 Jan 05 2021,91,51,1,0,0
18:36:48 Jan 05 2021,91,51,1,0,0
18:36:50 Jan 05 2021,91,51,1,0,0
18:36:52 Jan 05 2021,92,51,0,0,0
18:36:54 Jan 05 2021,92,50,1,0,0
18:36:56 Jan 05 2021,92,50,0,0,0
18:36:58 Jan 05 2021,93,50,1,0,0
18:37:00 Jan 05 2021,94,45,0,0,0
18:37:02 Jan 05 2021,95,42,0,0,0
18:37:04 Jan 05 2021,94,39,1,0,0
18:37:06 Jan 05 2021,94,38,0,0,0
18:37:08 Jan 05 2021,94,39,0,0,0
18:37:10 Jan 05 2021,94,38,0,0,0
18:37:12 Jan 05 2021,94,38,0,0,0
18:37:14 Jan 05 2021,94,38,0,0,0
18:37:16 Jan 05 2021,94,38,0,0,0
18:37:18 Jan 05 2021,94,38,14,0,0
18:37:20 Jan 05 2021,94,38,5,0,0
18:37:22 Jan 05 2021,94,38,1,0,0
18:37:24 Jan 05 2021,94,38,0,0,0
18:37:26 Jan 05 2021,94,38,0,0,0
18:37:28 Jan 05 2021,94,38,0,0,0
18:37:30 Jan 05 2021,94,38,0,0,0
18:37:32 Jan 05 2021,94,37,0,0,0
18:37:34 Jan 05 2021,94,36,1,0,0
18:37:36 Jan 05 2021,94,36,1,0,0
18:37:38 Jan 05 2021,93,34,0,0,0
18:37:40 Jan 05 2021,93,34,0,0,0
18:37:42 Jan 05 2021,93,34,0,0,0
18:37:44 Jan 05 2021,93,34,1,0,0
18:37:46 Jan 05 2021,93,34,0,0,0
18:37:48 Jan 05 2021,93,34,0,0,0
18:37:50 Jan 05 2021,93,34,0,0,0
18:37:52 Jan 05 2021,93,34,1,0,0
18:37:54 Jan 05 2021,93,34,1,0,0
18:37:56 Jan 05 2021,93,34,0,0,0
18:37:58 Jan 05 2021,94,35,0,0,0
18:38:00 Jan 05 2021,95,36,0,0,0
18:38:02 Jan 05 2021,95,36,1,0,0
18:38:04 Jan 05 2021,95,36,1,0,0
18:38:06 Jan 05 2021,95,36,0,0,0
18:38:08 Jan 05 2021,95,36,0,0,0
18:38:10 Jan 05 2021,95,36,1,0,0
18:38:12 Jan 05 2021,95,36,0,0,0
18:38:14 Jan 05 2021,95,36,0,0,0
18:38:16 Jan 05 2021,96,39,0,0,0
18:38:18 Jan 05 2021,96,43,0,0,0
18:38:20 Jan 05 2021,96,44,0,0,0
18:38:22 Jan 05 2021,96,46,1,0,0
18:38:24 Jan 05 2021,96,45,0,0,0
18:38:26 Jan 05 2021,96,43,1,0,0
18:38:28 Jan 05 2021,96,44,1,0,0
18:38:30 Jan 05 2021,96,44,1,0,0
18:38:32 Jan 05 2021,96,44,1,0,0
18:38:34 Jan 05 2021,96,44,0,0,0
18:38:36 Jan 05 2021,95,44,1,0,0
18:38:38 Jan 05 2021,95,45,0,0,0
18:38:40 Jan 05 2021,94,48,0,0,0
18:38:42 Jan 05 2021,94,47,1,0,0
18:38:44 Jan 05 2021,94,48,2,0,0
18:38:46 Jan 05 2021,94,48,1,0,0
18:38:48 Jan 05 2021,94,48,1,0,0
18:38:50 Jan 05 2021,94,48,1,0,0
18:38:52 Jan 05 2021,93,51,1,0,0
18:38:54 Jan 05 2021,92,51,0,0,0
18:38:56 Jan 05 2021,92,52,1,0,0
18:38:58 Jan 05 2021,91,55,1,0,0
18:39:00 Jan 05 2021,92,52,1,0,0
18:39:02 Jan 05 2021,92,53,1,0,0
18:39:04 Jan 05 2021,93,53,1,0,0
18:39:06 Jan 05 2021,94,52,1,0,0
18:39:08 Jan 05 2021,94,52,1,0,0
18:39:10 Jan 05 2021,95,52,1,0,0
18:39:12 Jan 05 2021,96,50,1,0,0
18:39:14 Jan 05 2021,96,49,1,0,0
18:39:16 Jan 05 2021,96,47,1,0,0
18:39:18 Jan 05 2021,96,47,0,0,0
18:39:20 Jan 05 2021,96,47,1,0,0
18:39:22 Jan 05 2021,96,47,0,0,0
18:39:24 Jan 05 2021,96,47,0,0,0
18:39:26 Jan 05 2021,96,47,2,0,0
18:39:28 Jan 05 2021,96,47,0,0,0
18:39:30 Jan 05 2021,96,47,0,0,0
18:39:32 Jan 05 2021,96,47,0,0,0
18:39:34 Jan 05 2021,96,46,0,0,0
18:39:36 Jan 05 2021,96,47,0,0,0
18:39:38 Jan 05 2021,96,47,0,0,0
18:39:40 Jan 05 2021,96,47,0,0,0
18:39:42 Jan 05 2021,96,47,0,0,0
18:39:44 Jan 05 2021,96,47,0,0,0
18:39:46 Jan 05 2021,96,47,0,0,0
18:39:48 Jan 05 2021,96,51,1,0,0
18:39:50 Jan 05 2021,96,52,1,0,0
18:39:52 Jan 05 2021,95,53,1,0,0
18:39:54 Jan 05 2021,95,51,0,0,0
18:39:56 Jan 05 2021,96,53,0,0,0
18:39:58 Jan 05 2021,96,54,1,0,0
18:40:00 Jan 05 2021,96,54,0,0,0
18:40:02 Jan 05 2021,96,55,0,0,0
18:40:04 Jan 05 2021,96,54,0,0,0
18:40:06 Jan 05 2021,96,54,0,0,0
18:40:08 Jan 05 2021,96,54,1,0,0
18:40:10 Jan 05 2021,96,54,1,0,0
18:40:12 Jan 05 2021,96,53,0,0,0
18:40:14 Jan 05 2021,96,53,0,0,0
18:40:16 Jan 05 2021,96,52,0,0,0
18:40:18 Jan 05 2021,96,52,0,0,0
18:40:20 Jan 05 2021,96,52,0,0,0
18:40:22 Jan 05 2021,96,51,0,0,0
18:40:24 Jan 05 2021,95,45,0,0,0
18:40:26 Jan 05 2021,95,41,0,0,0
18:40:28 Jan 05 2021,95,38,0,0,0
18:40:30 Jan 05 2021,95,38,0,0,0
18:40:32 Jan 05 2021,95,38,0,0,0
18:40:34 Jan 05 2021,95,39,1,0,0
18:40:36 Jan 05 2021,95,39,1,0,0
18:40:38 Jan 05 2021,95,38,0,0,0
18:40:40 Jan 05 2021,95,38,1,0,0
18:40:42 Jan 05 2021,95,38,0,0,0
18:40:44 Jan 05 2021,95,39,1,0,0
18:40:46 Jan 05 2021,95,39,0,0,0
18:40:48 Jan 05 2021,95,39,0,0,0
18:40:50 Jan 05 2021,95,41,1,0,0
18:40:52 Jan 05 2021,95,39,1,0,0
18:40:54 Jan 05 2021,95,39,1,0,0
18:40:56 Jan 05 2021,95,39,1,0,0
18:40:58 Jan 05 2021,95,39,0,0,0
18:41:00 Jan 05 2021,95,39,1,0,0
18:41:02 Jan 05 2021,95,39,1,0,0
18:41:04 Jan 05 2021,95,39,1,0,0
18:41:06 Jan 05 2021,95,39,1,0,0
18:41:08 Jan 05 2021,94,39,0,0,0
18:41:10 Jan 05 2021,94,39,1,0,0
18:41:12 Jan 05 2021,93,39,1,0,0
18:41:14 Jan 05 2021,92,40,1,0,0
18:41:16 Jan 05 2021,93,40,1,0,0
18:41:18 Jan 05 2021,93,40,1,0,0
18:41:20 Jan 05 2021,93,39,1,0,0
18:41:22 Jan 05 2021,94,39,1,0,0
18:41:24 Jan 05 2021,94,39,0,0,0
18:41:26 Jan 05 2021,94,39,1,0,0
18:41:28 Jan 05 2021,94,39,1,0,0
18:41:30 Jan 05 2021,94,39,1,0,0
18:41:32 Jan 05 2021,94,39,0,0,0
18:41:34 Jan 05 2021,93,39,1,0,0
18:41:36 Jan 05 2021,94,46,0,0,0
18:41:38 Jan 05 2021,95,51,0,0,0
18:41:40 Jan 05 2021,95,54,1,0,0
18:41:42 Jan 05 2021,95,53,0,0,0
18:41:44 Jan 05 2021,95,53,0,0,0
18:41:46 Jan 05 2021,95,53,0,0,0
18:41:48 Jan 05 2021,95,57,0,0,0
18:41:50 Jan 05 2021,95,61,1,0,0
18:41:52 Jan 05 2021,95,64,0,0,0
18:41:54 Jan 05 2021,94,70,0,0,0
18:41:56 Jan 05 2021,95,72,0,0,0
18:41:58 Jan 05 2021,94,77,1,0,0
18:42:00 Jan 05 2021,94,81,1,0,0
18:42:02 Jan 05 2021,95,81,1,0,0
18:42:04 Jan 05 2021,95,81,0,0,0
18:42:06 Jan 05 2021,95,79,0,0,0
18:42:08 Jan 05 2021,95,78,1,0,0
18:42:10 Jan 05 2021,94,78,0,0,0
18:42:12 Jan 05 2021,94,75,0,0,0
18:42:14 Jan 05 2021,94,74,0,0,0
18:42:16 Jan 05 2021,94,76,1,0,0
18:42:18 Jan 05 2021,94,77,1,0,0
18:42:20 Jan 05 2021,93,78,0,0,0
18:42:22 Jan 05 2021,93,78,1,0,0
18:42:24 Jan 05 2021,93,78,0,0,0
18:42:26 Jan 05 2021,93,78,1,0,0
18:42:28 Jan 05 2021,93,77,1,0,0
18:42:30 Jan 05 2021,93,77,0,0,0
18:42:32 Jan 05 2021,94,76,0,0,0
18:42:34 Jan 05 2021,94,76,1,0,0
18:42:36 Jan 05 2021,94,76,0,0,0
18:42:38 Jan 05 2021,95,78,0,0,0
18:42:40 Jan 05 2021,95,75,0,0,0
18:42:42 Jan 05 2021,95,75,0,0,0
18:42:44 Jan 05 2021,95,80,1,0,0
18:42:46 Jan 05 2021,95,80,1,0,0
18:42:48 Jan 05 2021,95,81,0,0,0
18:42:50 Jan 05 2021,96,82,1,0,0
18:42:52 Jan 05 2021,96,80,0,0,0
18:42:54 Jan 05 2021,96,79,0,0,0
18:42:56 Jan 05 2021,96,79,0,0,0
18:42:58 Jan 05 2021,96,77,0,0,0
18:43:00 Jan 05 2021,95,77,1,0,0
18:43:02 Jan 05 2021,95,77,1,0,0
18:43:04 Jan 05 2021,95,76,0,0,0
18:43:06 Jan 05 2021,95,76,1,0,0
18:43:08 Jan 05 2021,94,75,1,0,0
18:43:10 Jan 05 2021,94,74,1,0,0
18:43:12 Jan 05 2021,93,71,1,0,0
18:43:14 Jan 05 2021,92,70,0,0,0
18:43:16 Jan 05 2021,92,70,0,0,0
18:43:18 Jan 05 2021,92,69,1,0,0
18:43:20 Jan 05 2021,92,70,0,0,0
18:43:22 Jan 05 2021,92,70,1,0,0
18:43:24 Jan 05 2021,91,74,1,0,0
18:43:26 Jan 05 2021,91,79,1,0,0
18:43:28 Jan 05 2021,91,79,0,0,0
18:43:30 Jan 05 2021,90,80,0,0,0
18:43:32 Jan 05 2021,91,78,0,0,0
18:43:34 Jan 05 2021,90,72,0,0,0
18:43:36 Jan 05 2021,90,74,0,0,0
18:43:38 Jan 05 2021,90,75,1,0,0
18:43:40 Jan 05 2021,90,74,1,0,0
18:43:42 Jan 05 2021,90,80,1,0,0
18:43:44 Jan 05 2021,91,72,0,0,0
18:43:46 Jan 05 2021,91,75,1,0,0
18:43:48 Jan 05 2021,92,77,1,0,0
18:43:50 Jan 05 2021,92,76,0,0,0
18:43:52 Jan 05 2021,92,77,0,0,0
18:43:54 Jan 05 2021,92,78,0,0,0
18:43:56 Jan 05 2021,92,77,0,0,0
18:43:58 Jan 05 2021,93,76,1,0,0
18:44:00 Jan 05 2021,93,73,1,0,0
18:44:02 Jan 05 2021,93,70,0,0,0
18:44:04 Jan 05 2021,93,64,1,0,0
18:44:06 Jan 05 2021,93,66,0,0,0
18:44:08 Jan 05 2021,93,66,1,0,0
18:44:10 Jan 05 2021,93,69,1,0,0
18:44:12 Jan 05 2021,93,71,1,0,0
18:44:14 Jan 05 2021,93,69,1,0,0
18:44:16 Jan 05 2021,93,72,1,0,0
18:44:18 Jan 05 2021,93,73,1,0,0
18:44:20 Jan 05 2021,93,73,0,0,0
18:44:22 Jan 05 2021,92,69,1,0,0
18:44:24 Jan 05 2021,92,70,1,0,0
18:44:26 Jan 05 2021,92,71,0,0,0
18:44:28 Jan 05 2021,91,71,1,0,0
18:44:30 Jan 05 2021,91,72,0,0,0
18:44:32 Jan 05 2021,90,72,0,0,0
18:44:34 Jan 05 2021,90,71,0,0,0
18:44:36 Jan 05 2021,90,71,0,0,0
18:44:38 Jan 05 2021,90,70,1,0,0
18:44:40 Jan 05 2021,90,70,0,0,0
18:44:42 Jan 05 2021,89,69,0,0,0
18:44:44 Jan 05 2021,90,70,0,0,0
18:44:46 Jan 05 2021,90,69,1,0,0
18:44:48 Jan 05 2021,90,69,0,0,0
18:44:50 Jan 05 2021,90,70,0,0,0
18:44:52 Jan 05 2021,91,71,0,0,0
18:44:54 Jan 05 2021,91,74,0,0,0
18:44:56 Jan 05 2021,91,75,0,0,0
18:44:58 Jan 05 2021,91,76,0,0,0
18:45:00 Jan 05 2021,91,77,0,0,0
18:45:02 Jan 05 2021,92,77,0,0,0
18:45:04 Jan 05 2021,92,78,1,0,0
18:45:06 Jan 05 2021,92,80,1,0,0
18:45:08 Jan 05 2021,92,82,1,0,0
18:45:10 Jan 05 2021,92,83,1,0,0
18:45:12 Jan 05 2021,91,79,1,0,0
18:45:14 Jan 05 2021,91,83,1,0,0
18:45:16 Jan 05 2021,92,80,1,0,0
18:45:18 Jan 05 2021,92,80,1,0,0
18:45:20 Jan 05 2021,92,84,1,0,0
18:45:22 Jan 05 2021,92,80,1,0,0
18:45:24 Jan 05 2021,92,80,1,0,0
18:45:26 Jan 05 2021,91,80,0,0,0
18:45:28 Jan 05 2021,91,79,0,0,0
18:45:30 Jan 05 2021,91,74,0,0,0
18:45:32 Jan 05 2021,92,74,0,0,0
18:45:34 Jan 05 2021,92,73,0,0,0
18:45:36 Jan 05 2021,92,74,0,0,0
18:45:38 Jan 05 2021,92,72,0,0,0
18:45:40 Jan 05 2021,92,73,0,0,0
18:45:42 Jan 05 2021,92,75,0,0,0
18:45:44 Jan 05 2021,92,77,0,0,0
18:45:46 Jan 05 2021,91,79,0,0,0
18:45:48 Jan 05 2021,90,79,0,0,0
18:45:50 Jan 05 2021,90,79,1,0,0
18:45:52 Jan 05 2021,90,77,0,0,0
18:45:54 Jan 05 2021,90,77,0,0,0
18:45:56 Jan 05 2021,91,79,0,0,0
18:45:58 Jan 05 2021,92,78,0,0,0
18:46:00 Jan 05 2021,93,77,0,0,0
18:46:02 Jan 05 2021,94,78,0,0,0
18:46:04 Jan 05 2021,95,78,0,0,0
18:46:06 Jan 05 2021,96,77,0,0,0
18:46:08 Jan 05 2021,97,77,0,0,0
18:46:10 Jan 05 2021,96,76,0,0,0
18:46:12 Jan 05 2021,96,76,0,0,0
18:46:14 Jan 05 2021,96,76,0,0,0
18:46:16 Jan 05 2021,96,81,0,0,0
18:46:18 Jan 05 2021,96,79,0,0,0
18:46:20 Jan 05 2021,96,80,0,0,0
18:46:22 Jan 05 2021,96,81,0,0,0
18:46:24 Jan 05 2021,96,76,0,0,0
18:46:26 Jan 05 2021,96,77,0,0,0
18:46:28 Jan 05 2021,96,75,0,0,0
18:46:30 Jan 05 2021,96,71,1,0,0
18:46:32 Jan 05 2021,96,70,0,0,0
18:46:34 Jan 05 2021,96,67,0,0,0
18:46:36 Jan 05 2021,95,68,0,0,0
18:46:38 Jan 05 2021,95,70,1,0,0
18:46:40 Jan 05 2021,95,70,2,0,0
18:46:42 Jan 05 2021,95,70,0,0,0
18:46:44 Jan 05 2021,95,68,0,0,0
18:46:46 Jan 05 2021,95,68,0,0,0
18:46:48 Jan 05 2021,95,69,0,0,0
18:46:50 Jan 05 2021,95,69,0,0,0
18:46:52 Jan 05 2021,95,71,0,0,0
18:46:54 Jan 05 2021,95,72,0,0,0
18:46:56 Jan 05 2021,95,73,0,0,0
18:46:58 Jan 05 2021,95,72,0,0,0
18:47:00 Jan 05 2021,95,72,0,0,0
18:47:02 Jan 05 2021,95,73,0,0,0
18:47:04 Jan 05 2021,95,73,0,0,0
18:47:06 Jan 05 2021,95,73,0,0,0
18:47:08 Jan 05 2021,95,75,1,0,0
18:47:10 Jan 05 2021,94,77,0,0,0
18:47:12 Jan 05 2021,93,79,0,0,0
18:47:14 Jan 05 2021,93,80,0,0,0
18:47:16 Jan 05 2021,93,81,0,0,0
18:47:18 Jan 05 2021,93,81,0,0,0
18:47:20 Jan 05 2021,93,79,0,0,0
18:47:22 Jan 05 2021,93,76,0,0,0
18:47:24 Jan 05 2021,94,74,0,0,0
18:47:26 Jan 05 2021,94,76,0,0,0
18:47:28 Jan 05 2021,94,79,0,0,0
18:47:30 Jan 05 2021,94,80,0,0,0
18:47:32 Jan 05 2021,94,83,0,0,0
18:47:34 Jan 05 2021,93,81,0,0,0
18:47:36 Jan 05 2021,93,79,0,0,0
18:47:38 Jan 05 2021,93,78,0,0,0
18:47:40 Jan 05 2021,93,77,1,0,0
18:47:42 Jan 05 2021,93,78,0,0,0
18:47:44 Jan 05 2021,93,79,0,0,0
18:47:46 Jan 05 2021,93,80,1,0,0
18:47:48 Jan 05 2021,92,81,1,0,0
18:47:50 Jan 05 2021,93,79,0,0,0
18:47:52 Jan 05 2021,93,79,0,0,0
18:47:54 Jan 05 2021,93,79,0,0,0
18:47:56 Jan 05 2021,93,77,0,0,0
18:47:58 Jan 05 2021,92,78,0,0,0
18:48:00 Jan 05 2021,92,76,0,0,0
18:48:02 Jan 05 2021,91,77,0,0,0
18:48:04 Jan 05 2021,90,77,0,0,0
18:48:06 Jan 05 2021,90,76,0,0,0
18:48:08 Jan 05 2021,89,79,0,0,0
18:48:10 Jan 05 2021,89,82,0,0,0
18:48:12 Jan 05 2021,89,84,0,0,0
18:48:14 Jan 05 2021,89,85,0,0,0
18:48:16 Jan 05 2021,89,85,0,0,0
18:48:18 Jan 05 2021,90,84,0,0,0
18:48:20 Jan 05 2021,91,83,3,0,0
18:48:22 Jan 05 2021,92,81,0,0,0
18:48:24 Jan 05 2021,92,81,0,0,0
18:48:26 Jan 05 2021,92,81,0,0,0
18:48:28 Jan 05 2021,92,82,0,0,0
18:48:30 Jan 05 2021,93,85,1,0,0
18:48:32 Jan 05 2021,93,84,0,0,0
18:48:34 Jan 05 2021,94,82,1,0,0
18:48:36 Jan 05 2021,95,78,0,0,0
18:48:38 Jan 05 2021,95,76,0,0,0
18:48:40 Jan 05 2021,95,76,0,0,0
18:48:42 Jan 05 2021,96,77,0,0,0
18:48:44 Jan 05 2021,95,77,0,0,0
18:48:46 Jan 05 2021,95,74,0,0,0
18:48:48 Jan 05 2021,95,74,0,0,0
18:48:50 Jan 05 2021,95,75,0,0,0
18:48:52 Jan 05 2021,94,76,0,0,0
18:48:54 Jan 05 2021,94,78,0,0,0
18:48:56 Jan 05 2021,94,78,0,0,0
18:48:58 Jan 05 2021,94,79,0,0,0
18:49:00 Jan 05 2021,94,78,0,0,0
18:49:02 Jan 05 2021,94,78,0,0,0
18:49:04 Jan 05 2021,94,75,0,0,0
18:49:06 Jan 05 2021,94,75,0,0,0
18:49:08 Jan 05 2021,93,73,0,0,0
18:49:10 Jan 05 2021,91,68,0,0,0
18:49:12 Jan 05 2021,89,72,0,0,0
18:49:14 Jan 05 2021,88,70,0,0,0
18:49:16 Jan 05 2021,87,74,0,0,0
18:49:18 Jan 05 2021,87,74,0,0,0
18:49:20 Jan 05 2021,87,73,0,0,0
18:49:22 Jan 05 2021,88,73,1,0,0
18:49:24 Jan 05 2021,89,74,0,0,0
18:49:26 Jan 05 2021,90,74,0,0,0
18:49:28 Jan 05 2021,90,74,0,0,0
18:49:30 Jan 05 2021,90,75,0,0,0
18:49:32 Jan 05 2021,91,75,0,0,0
18:49:34 Jan 05 2021,92,75,0,0,0
18:49:36 Jan 05 2021,93,76,0,0,0
18:49:38 Jan 05 2021,94,77,0,0,0
18:49:40 Jan 05 2021,94,77,0,0,0
18:49:42 Jan 05 2021,94,80,0,0,0
18:49:44 Jan 05 2021,94,80,0,0,0
18:49:46 Jan 05 2021,94,80,0,0,0
18:49:48 Jan 05 2021,94,80,0,0,0
18:49:50 Jan 05 2021,94,80,0,0,0
18:49:52 Jan 05 2021,94,79,0,0,0
18:49:54 Jan 05 2021,94,78,0,0,0
18:49:56 Jan 05 2021,94,76,0,0,0
18:49:58 Jan 05 2021,94,74,0,0,0
18:50:00 Jan 05 2021,94,74,0,0,0
18:50:02 Jan 05 2021,94,75,4,0,0
18:50:04 Jan 05 2021,94,74,4,0,0
18:50:06 Jan 05 2021,94,74,0,0,0
18:50:08 Jan 05 2021,94,75,0,0,0
18:50:10 Jan 05 2021,94,75,1,0,0
18:50:12 Jan 05 2021,94,77,1,0,0
18:50:14 Jan 05 2021,93,78,1,0,0
18:50:16 Jan 05 2021,93,76,1,0,0
18:50:18 Jan 05 2021,92,74,0,0,0
18:50:20 Jan 05 2021,92,73,1,0,0
18:50:22 Jan 05 2021,91,73,0,0,0
18:50:24 Jan 05 2021,91,67,0,0,0
18:50:26 Jan 05 2021,90,69,1,0,0
18:50:28 Jan 05 2021,91,66,1,0,0
18:50:30 Jan 05 2021,91,69,1,0,0
18:50:32 Jan 05 2021,91,70,0,0,0
18:50:34 Jan 05 2021,91,69,0,0,0
18:50:36 Jan 05 2021,91,71,1,0,0
18:50:38 Jan 05 2021,91,70,0,0,0
18:50:40 Jan 05 2021,92,71,0,0,0
18:50:42 Jan 05 2021,93,73,1,0,0
18:50:44 Jan 05 2021,93,74,0,0,0
18:50:46 Jan 05 2021,94,72,0,0,0
18:50:48 Jan 05 2021,94,73,1,0,0
18:50:50 Jan 05 2021,94,70,0,0,0
18:50:52 Jan 05 2021,94,69,0,0,0
18:50:54 Jan 05 2021,94,71,1,0,0
18:50:56 Jan 05 2021,94,72,0,0,0
18:50:58 Jan 05 2021,94,72,1,0,0
18:51:00 Jan 05 2021,95,68,0,0,0
18:51:02 Jan 05 2021,95,63,0,0,0
18:51:04 Jan 05 2021,95,59,0,0,0
18:51:06 Jan 05 2021,95,60,1,0,0
18:51:08 Jan 05 2021,95,58,1,0,0
18:51:10 Jan 05 2021,95,60,1,0,0
18:51:12 Jan 05 2021,95,61,5,0,0
18:51:14 Jan 05 2021,95,65,0,0,0
18:51:16 Jan 05 2021,95,65,0,0,0
18:51:18 Jan 05 2021,95,65,0,0,0
18:51:20 Jan 05 2021,95,67,0,0,0
18:51:22 Jan 05 2021,95,70,0,0,0
18:51:24 Jan 05 2021,95,69,0,0,0
18:51:26 Jan 05 2021,95,69,0,0,0
18:51:28 Jan 05 2021,95,69,0,0,0
18:51:30 Jan 05 2021,95,69,0,0,0
18:51:32 Jan 05 2021,95,70,0,0,0
18:51:34 Jan 05 2021,95,68,0,0,0
18:51:36 Jan 05 2021,94,63,0,0,0
18:51:38 Jan 05 2021,93,56,0,0,0
18:51:40 Jan 05 2021,92,51,0,0,0
18:51:42 Jan 05 2021,91,46,0,0,0
18:51:44 Jan 05 2021,91,44,0,0,0
18:51:46 Jan 05 2021,91,44,0,0,0
18:51:48 Jan 05 2021,91,42,0,0,0
18:51:50 Jan 05 2021,91,43,0,0,0
18:51:52 Jan 05 2021,92,43,0,0,0
18:51:54 Jan 05 2021,93,44,0,0,0
18:51:56 Jan 05 2021,93,44,1,0,0
18:51:58 Jan 05 2021,93,45,0,0,0
18:52:00 Jan 05 2021,93,45,0,0,0
18:52:02 Jan 05 2021,93,45,0,0,0
18:52:04 Jan 05 2021,94,46,0,0,0
18:52:06 Jan 05 2021,94,47,0,0,0
18:52:08 Jan 05 2021,95,47,0,0,0
18:52:10 Jan 05 2021,95,47,0,0,0
18:52:12 Jan 05 2021,95,47,0,0,0
18:52:14 Jan 05 2021,95,45,0,0,0
18:52:16 Jan 05 2021,95,45,0,0,0
18:52:18 Jan 05 2021,95,45,0,0,0
18:52:20 Jan 05 2021,95,45,0,0,0
18:52:22 Jan 05 2021,95,43,1,0,0
18:52:24 Jan 05 2021,95,41,18,0,0
18:52:26 Jan 05 2021,95,41,10,0,0
18:52:28 Jan 05 2021,95,41,0,0,0
18:52:30 Jan 05 2021,95,42,0,0,0
18:52:32 Jan 05 2021,95,42,0,0,0
18:52:34 Jan 05 2021,95,42,0,0,0
18:52:36 Jan 05 2021,95,42,0,0,0
18:52:38 Jan 05 2021,94,42,0,0,0
18:52:40 Jan 05 2021,92,41,0,0,0
18:52:42 Jan 05 2021,91,41,0,0,0
18:52:44 Jan 05 2021,92,41,0,0,0
18:52:46 Jan 05 2021,92,41,0,0,0
18:52:48 Jan 05 2021,93,41,1,0,0
18:52:50 Jan 05 2021,94,41,1,0,0
18:52:52 Jan 05 2021,94,41,0,0,0
18:52:54 Jan 05 2021,93,41,0,0,0
18:52:56 Jan 05 2021,94,41,0,0,0
18:52:58 Jan 05 2021,93,44,0,0,0
18:53:00 Jan 05 2021,91,48,0,0,0
18:53:02 Jan 05 2021,92,47,0,0,0
18:53:04 Jan 05 2021,91,48,1,0,0
18:53:06 Jan 05 2021,91,50,0,0,0
18:53:08 Jan 05 2021,92,53,0,0,0
18:53:10 Jan 05 2021,92,56,0,0,0
18:53:12 Jan 05 2021,93,61,0,0,0
18:53:14 Jan 05 2021,93,60,0,0,0
18:53:16 Jan 05 2021,93,59,0,0,0
18:53:18 Jan 05 2021,93,57,0,0,0
18:53:20 Jan 05 2021,93,56,0,0,0
18:53:22 Jan 05 2021,93,53,0,0,0
18:53:24 Jan 05 2021,93,54,0,0,0
18:53:26 Jan 05 2021,93,53,0,0,0
18:53:28 Jan 05 2021,93,49,0,0,0
18:53:30 Jan 05 2021,93,52,0,0,0
18:53:32 Jan 05 2021,93,50,0,0,0
18:53:34 Jan 05 2021,93,52,0,0,0
18:53:36 Jan 05 2021,93,55,1,0,0
18:53:38 Jan 05 2021,93,58,3,0,0
18:53:40 Jan 05 2021,93,59,0,0,0
18:53:42 Jan 05 2021,93,61,1,0,0
18:53:44 Jan 05 2021,93,60,0,0,0
18:53:46 Jan 05 2021,93,60,0,0,0
18:53:48 Jan 05 2021,93,60,1,0,0
18:53:50 Jan 05 2021,93,61,0,0,0
18:53:52 Jan 05 2021,93,66,0,0,0
18:53:54 Jan 05 2021,93,67,0,0,0
18:53:56 Jan 05 2021,93,69,0,0,0
18:53:58 Jan 05 2021,93,70,0,0,0
18:54:00 Jan 05 2021,93,64,0,0,0
18:54:02 Jan 05 2021,92,61,0,0,0
18:54:04 Jan 05 2021,91,53,0,0,0
18:54:06 Jan 05 2021,91,49,0,0,0
18:54:08 Jan 05 2021,91,48,0,0,0
18:54:10 Jan 05 2021,91,49,0,0,0
18:54:12 Jan 05 2021,91,50,0,0,0
18:54:14 Jan 05 2021,92,48,0,0,0
18:54:16 Jan 05 2021,92,48,0,0,0
18:54:18 Jan 05 2021,93,47,0,0,0
18:54:20 Jan 05 2021,93,46,0,0,0
18:54:22 Jan 05 2021,93,45,0,0,0
18:54:24 Jan 05 2021,93,43,0,0,0
18:54:26 Jan 05 2021,93,42,0,0,0
18:54:28 Jan 05 2021,93,42,0,0,0
18:54:30 Jan 05 2021,93,42,0,0,0
18:54:32 Jan 05 2021,93,42,0,0,0
18:54:34 Jan 05 2021,93,42,0,0,0
18:54:36 Jan 05 2021,93,43,0,0,0
18:54:38 Jan 05 2021,94,44,0,0,0
18:54:40 Jan 05 2021,94,43,1,0,0
18:54:42 Jan 05 2021,94,44,0,0,0
18:54:44 Jan 05 2021,94,44,0,0,0
18:54:46 Jan 05 2021,94,44,0,0,0
18:54:48 Jan 05 2021,94,45,0,0,0
18:54:50 Jan 05 2021,94,44,1,0,0
18:54:52 Jan 05 2021,94,44,0,0,0
18:54:54 Jan 05 2021,94,44,0,0,0
18:54:56 Jan 05 2021,94,44,0,0,0
18:54:58 Jan 05 2021,94,44,0,0,0
18:55:00 Jan 05 2021,94,44,1,0,0
18:55:02 Jan 05 2021,94,44,0,0,0
18:55:04 Jan 05 2021,94,44,0,0,0
18:55:06 Jan 05 2021,94,44,0,0,0
18:55:08 Jan 05 2021,94,44,0,0,0
18:55:10 Jan 05 2021,94,44,0,0,0
18:55:12 Jan 05 2021,94,44,1,0,0
18:55:14 Jan 05 2021,93,51,0,0,0
18:55:16 Jan 05 2021,92,62,0,0,0
18:55:18 Jan 05 2021,92,70,0,0,0
18:55:20 Jan 05 2021,91,77,0,0,0
18:55:22 Jan 05 2021,92,73,0,0,0
18:55:24 Jan 05 2021,92,74,0,0,0
18:55:26 Jan 05 2021,92,75,1,0,0
18:55:28 Jan 05 2021,92,75,0,0,0
18:55:30 Jan 05 2021,93,75,0,0,0
18:55:32 Jan 05 2021,94,75,0,0,0
18:55:34 Jan 05 2021,95,76,0,0,0
18:55:36 Jan 05 2021,96,75,0,0,0
18:55:38 Jan 05 2021,96,75,0,0,0
18:55:40 Jan 05 2021,96,73,0,0,0
18:55:42 Jan 05 2021,96,71,1,0,0
18:55:44 Jan 05 2021,96,70,0,0,0
18:55:46 Jan 05 2021,96,68,0,0,0
18:55:48 Jan 05 2021,96,69,0,0,0
18:55:50 Jan 05 2021,96,65,1,0,0
18:55:52 Jan 05 2021,96,70,0,0,0
18:55:54 Jan 05 2021,95,71,0,0,0
18:55:56 Jan 05 2021,94,72,0,0,0
18:55:58 Jan 05 2021,94,72,0,0,0
18:56:00 Jan 05 2021,94,72,0,0,0
18:56:02 Jan 05 2021,94,72,1,0,0
18:56:04 Jan 05 2021,94,72,0,0,0
18:56:06 Jan 05 2021,94,71,0,0,0
18:56:08 Jan 05 2021,94,71,0,0,0
18:56:10 Jan 05 2021,94,72,0,0,0
18:56:12 Jan 05 2021,93,77,0,0,0
18:56:14 Jan 05 2021,93,77,0,0,0
18:56:16 Jan 05 2021,92,77,0,0,0
18:56:18 Jan 05 2021,91,76,0,0,0
18:56:20 Jan 05 2021,90,75,0,0,0
18:56:22 Jan 05 2021,90,75,0,0,0
18:56:24 Jan 05 2021,90,75,0,0,0
18:56:26 Jan 05 2021,90,76,0,0,0
18:56:28 Jan 05 2021,90,76,0,0,0
18:56:30 Jan 05 2021,90,76,0,0,0
18:56:32 Jan 05 2021,91,75,0,0,0
18:56:34 Jan 05 2021,91,74,0,0,0
18:56:36 Jan 05 2021,92,72,0,0,0
18:56:38 Jan 05 2021,93,72,0,0,0
18:56:40 Jan 05 2021,93,72,0,0,0
18:56:42 Jan 05 2021,93,71,0,0,0
18:56:44 Jan 05 2021,93,73,0,0,0
18:56:46 Jan 05 2021,93,72,0,0,0
18:56:48 Jan 05 2021,93,74,0,0,0
18:56:50 Jan 05 2021,93,74,0,0,0
18:56:52 Jan 05 2021,93,75,0,0,0
18:56:54 Jan 05 2021,93,77,0,0,0
18:56:56 Jan 05 2021,93,75,0,0,0
18:56:58 Jan 05 2021,93,74,0,0,0
18:57:00 Jan 05 2021,93,72,0,0,0
18:57:02 Jan 05 2021,93,70,0,0,0
18:57:04 Jan 05 2021,93,71,0,0,0
18:57:06 Jan 05 2021,92,74,0,0,0
18:57:08 Jan 05 2021,92,75,0,0,0
18:57:10 Jan 05 2021,91,75,0,0,0
18:57:12 Jan 05 2021,91,75,0,0,0
18:57:14 Jan 05 2021,91,74,0,0,0
18:57:16 Jan 05 2021,91,74,1,0,0
18:57:18 Jan 05 2021,91,73,0,0,0
18:57:20 Jan 05 2021,91,73,0,0,0
18:57:22 Jan 05 2021,91,74,0,0,0
18:57:24 Jan 05 2021,91,73,0,0,0
18:57:26 Jan 05 2021,90,74,0,0,0
18:57:28 Jan 05 2021,89,75,0,0,0
18:57:30 Jan 05 2021,89,78,0,0,0
18:57:32 Jan 05 2021,89,75,0,0,0
18:57:34 Jan 05 2021,89,75,0,0,0
18:57:36 Jan 05 2021,91,74,0,0,0
18:57:38 Jan 05 2021,91,71,0,0,0
18:57:40 Jan 05 2021,92,71,0,0,0
18:57:42 Jan 05 2021,93,70,0,0,0
18:57:44 Jan 05 2021,93,71,0,0,0
18:57:46 Jan 05 2021,94,72,0,0,0
18:57:48 Jan 05 2021,95,74,0,0,0
18:57:50 Jan 05 2021,95,76,0,0,0
18:57:52 Jan 05 2021,95,77,0,0,0
18:57:54 Jan 05 2021,96,78,0,0,0
18:57:56 Jan 05 2021,96,77,0,0,0
18:57:58 Jan 05 2021,96,78,0,0,0
18:58:00 Jan 05 2021,96,77,0,0,0
18:58:02 Jan 05 2021,95,75,0,0,0
18:58:04 Jan 05 2021,95,71,0,0,0
18:58:06 Jan 05 2021,95,69,0,0,0
18:58:08 Jan 05 2021,95,69,0,0,0
18:58:10 Jan 05 2021,95,68,1,0,0
18:58:12 Jan 05 2021,95,69,0,0,0
18:58:14 Jan 05 2021,94,70,0,0,0
18:58:16 Jan 05 2021,94,67,0,0,0
18:58:18 Jan 05 2021,94,71,0,0,0
18:58:20 Jan 05 2021,94,70,0,0,0
18:58:22 Jan 05 2021,93,68,0,0,0
18:58:24 Jan 05 2021,92,68,0,0,0
18:58:26 Jan 05 2021,91,63,0,0,0
18:58:28 Jan 05 2021,90,62,0,0,0
18:58:30 Jan 05 2021,90,62,0,0,0
18:58:32 Jan 05 2021,90,67,0,0,0
18:58:34 Jan 05 2021,89,66,0,0,0
18:58:36 Jan 05 2021,89,68,0,0,0
18:58:38 Jan 05 2021,88,68,0,0,0
18:58:40 Jan 05 2021,88,71,0,0,0
18:58:42 Jan 05 2021,88,73,0,0,0
18:58:44 Jan 05 2021,88,73,7,0,0
18:58:46 Jan 05 2021,88,73,6,0,0
18:58:48 Jan 05 2021,88,73,5,0,0
18:58:50 Jan 05 2021,88,73,0,0,0
18:58:52 Jan 05 2021,88,73,0,0,0
18:58:54 Jan 05 2021,88,73,0,0,0
18:58:56 Jan 05 2021,88,74,0,0,0
18:58:58 Jan 05 2021,87,77,0,0,0
18:59:00 Jan 05 2021,86,78,0,0,0
18:59:02 Jan 05 2021,86,77,0,0,0
18:59:04 Jan 05 2021,85,73,0,0,0
18:59:06 Jan 05 2021,85,69,0,0,0
18:59:08 Jan 05 2021,85,69,0,0,0
18:59:10 Jan 05 2021,85,71,0,0,0
18:59:12 Jan 05 2021,86,73,0,0,0
18:59:14 Jan 05 2021,87,73,0,0,0
18:59:16 Jan 05 2021,89,74,1,0,0
18:59:18 Jan 05 2021,91,76,0,0,0
18:59:20 Jan 05 2021,92,77,0,0,0
18:59:22 Jan 05 2021,94,78,1,0,0
18:59:24 Jan 05 2021,95,77,0,0,0
18:59:26 Jan 05 2021,96,76,0,0,0
18:59:28 Jan 05 2021,96,75,0,0,0
18:59:30 Jan 05 2021,96,70,1,0,0
18:59:32 Jan 05 2021,97,74,1,0,0
18:59:34 Jan 05 2021,97,78,0,0,0
18:59:36 Jan 05 2021,97,75,0,0,0
18:59:38 Jan 05 2021,97,76,0,0,0
18:59:40 Jan 05 2021,97,74,1,0,0
18:59:42 Jan 05 2021,97,73,0,0,0
18:59:44 Jan 05 2021,96,77,0,0,0
18:59:46 Jan 05 2021,96,76,0,0,0
18:59:48 Jan 05 2021,96,78,0,0,0
18:59:50 Jan 05 2021,96,79,0,0,0
18:59:52 Jan 05 2021,96,79,0,0,0
18:59:54 Jan 05 2021,96,78,1,0,0
18:59:56 Jan 05 2021,95,77,0,0,0
18:59:58 Jan 05 2021,95,78,0,0,0
19:00:00 Jan 05 2021,95,77,0,0,0
19:00:02 Jan 05 2021,95,77,0,0,0
19:00:04 Jan 05 2021,95,76,0,0,0
19:00:06 Jan 05 2021,95,76,0,0,0
19:00:08 Jan 05 2021,94,77,0,0,0
19:00:10 Jan 05 2021,94,76,0,0,0
19:00:12 Jan 05 2021,93,79,0,0,0
19:00:14 Jan 05 2021,93,79,0,0,0
19:00:16 Jan 05 2021,93,76,0,0,0
19:00:18 Jan 05 2021,93,77,0,0,0
19:00:20 Jan 05 2021,93,76,0,0,0
19:00:22 Jan 05 2021,94,75,0,0,0
19:00:24 Jan 05 2021,95,78,1,0,0
19:00:26 Jan 05 2021,96,77,1,0,0
19:00:28 Jan 05 2021,96,80,0,0,0
19:00:30 Jan 05 2021,96,77,0,0,0
19:00:32 Jan 05 2021,96,77,0,0,0
19:00:34 Jan 05 2021,96,78,0,0,0
19:00:36 Jan 05 2021,96,76,0,0,0
19:00:38 Jan 05 2021,97,77,0,0,0
19:00:40 Jan 05 2021,97,71,0,0,0
19:00:42 Jan 05 2021,97,68,1,0,0
19:00:44 Jan 05 2021,97,68,0,0,0
19:00:46 Jan 05 2021,97,66,0,0,0
19:00:48 Jan 05 2021,97,69,0,0,0
19:00:50 Jan 05 2021,97,69,0,0,0
19:00:52 Jan 05 2021,97,68,0,0,0
19:00:54 Jan 05 2021,97,71,0,0,0
19:00:56 Jan 05 2021,97,74,1,0,0
19:00:58 Jan 05 2021,97,75,0,0,0
19:01:00 Jan 05 2021,97,77,0,0,0
19:01:02 Jan 05 2021,96,76,0,0,0
19:01:04 Jan 05 2021,95,75,1,0,0
19:01:06 Jan 05 2021,94,74,1,0,0
19:01:08 Jan 05 2021,94,73,0,0,0
19:01:10 Jan 05 2021,94,74,0,0,0
19:01:12 Jan 05 2021,94,73,0,0,0
19:01:14 Jan 05 2021,95,73,0,0,0
19:01:16 Jan 05 2021,95,75,0,0,0
19:01:18 Jan 05 2021,95,76,0,0,0
19:01:20 Jan 05 2021,95,80,1,0,0
19:01:22 Jan 05 2021,95,81,1,0,0
19:01:24 Jan 05 2021,94,80,2,0,0
19:01:26 Jan 05 2021,94,82,0,0,0
19:01:28 Jan 05 2021,93,81,0,0,0
19:01:30 Jan 05 2021,92,82,0,0,0
19:01:32 Jan 05 2021,92,74,0,0,0
19:01:34 Jan 05 2021,91,75,0,0,0
19:01:36 Jan 05 2021,91,74,0,0,0
19:01:38 Jan 05 2021,90,75,0,0,0
19:01:40 Jan 05 2021,91,78,0,0,0
19:01:42 Jan 05 2021,90,80,0,0,0
19:01:44 Jan 05 2021,89,79,0,0,0
19:01:46 Jan 05 2021,88,78,0,0,0
19:01:48 Jan 05 2021,87,76,0,0,0
19:01:50 Jan 05 2021,86,73,0,0,0
19:01:52 Jan 05 2021,86,74,0,0,0
19:01:54 Jan 05 2021,85,76,0,0,0
19:01:56 Jan 05 2021,85,83,0,0,0
19:01:58 Jan 05 2021,87,83,0,0,0
19:02:00 Jan 05 2021,89,84,0,0,0
19:02:02 Jan 05 2021,91,83,0,0,0
19:02:04 Jan 05 2021,92,79,0,0,0
19:02:06 Jan 05 2021,92,75,0,0,0
19:02:08 Jan 05 2021,92,76,0,0,0
19:02:10 Jan 05 2021,92,73,0,0,0
19:02:12 Jan 05 2021,92,73,0,0,0
19:02:14 Jan 05 2021,92,75,0,0,0
19:02:16 Jan 05 2021,92,74,0,0,0
19:02:18 Jan 05 2021,93,73,0,0,0
19:02:20 Jan 05 2021,93,74,0,0,0
19:02:22 Jan 05 2021,93,74,0,0,0
19:02:24 Jan 05 2021,93,73,0,0,0
19:02:26 Jan 05 2021,93,73,0,0,0
19:02:28 Jan 05 2021,93,74,0,0,0
19:02:30 Jan 05 2021,94,76,0,0,0
19:02:32 Jan 05 2021,94,77,0,0,0
19:02:34 Jan 05 2021,94,78,0,0,0
19:02:36 Jan 05 2021,94,76,0,0,0
19:02:38 Jan 05 2021,94,75,0,0,0
19:02:40 Jan 05 2021,93,74,0,0,0
19:02:42 Jan 05 2021,93,73,0,0,0
19:02:44 Jan 05 2021,93,75,0,0,0
19:02:46 Jan 05 2021,92,74,0,0,0
19:02:48 Jan 05 2021,91,75,0,0,0
19:02:50 Jan 05 2021,91,74,0,0,0
19:02:52 Jan 05 2021,90,73,0,0,0
19:02:54 Jan 05 2021,89,73,0,0,0
19:02:56 Jan 05 2021,89,72,0,0,0
19:02:58 Jan 05 2021,89,71,0,0,0
19:03:00 Jan 05 2021,89,71,0,0,0
19:03:02 Jan 05 2021,89,69,0,0,0
19:03:04 Jan 05 2021,89,69,0,0,0
19:03:06 Jan 05 2021,89,70,1,0,0
19:03:08 Jan 05 2021,90,68,1,0,0
19:03:10 Jan 05 2021,90,70,0,0,0
19:03:12 Jan 05 2021,90,69,2,0,0
19:03:14 Jan 05 2021,90,69,0,0,0
19:03:16 Jan 05 2021,90,70,0,0,0
19:03:18 Jan 05 2021,90,70,0,0,0
19:03:20 Jan 05 2021,90,74,0,0,0
19:03:22 Jan 05 2021,90,77,0,0,0
19:03:24 Jan 05 2021,89,81,1,0,0
19:03:26 Jan 05 2021,88,84,1,0,0
19:03:28 Jan 05 2021,87,85,0,0,0
19:03:30 Jan 05 2021,85,85,0,0,0
19:03:32 Jan 05 2021,85,86,0,0,0
19:03:34 Jan 05 2021,85,83,0,0,0
19:03:36 Jan 05 2021,85,81,0,0,0
19:03:38 Jan 05 2021,86,82,0,0,0
19:03:40 Jan 05 2021,86,80,0,0,0
19:03:42 Jan 05 2021,87,84,1,0,0
19:03:44 Jan 05 2021,89,86,0,0,0
19:03:46 Jan 05 2021,91,83,0,0,0
19:03:48 Jan 05 2021,93,84,0,0,0
19:03:50 Jan 05 2021,94,84,0,0,0
19:03:52 Jan 05 2021,94,83,0,0,0
19:03:54 Jan 05 2021,95,83,0,0,0
19:03:56 Jan 05 2021,95,82,0,0,0
19:03:58 Jan 05 2021,96,82,0,0,0
19:04:00 Jan 05 2021,96,80,0,0,0
19:04:02 Jan 05 2021,97,80,0,0,0
19:04:04 Jan 05 2021,97,75,0,0,0
19:04:06 Jan 05 2021,96,73,0,0,0
19:04:08 Jan 05 2021,96,76,0,0,0
19:04:10 Jan 05 2021,96,75,0,0,0
19:04:12 Jan 05 2021,96,78,0,0,0
19:04:14 Jan 05 2021,96,79,0,0,0
19:04:16 Jan 05 2021,96,79,0,0,0
19:04:18 Jan 05 2021,96,79,0,0,0
19:04:20 Jan 05 2021,96,79,0,0,0
19:04:22 Jan 05 2021,96,78,2,0,0
19:04:24 Jan 05 2021,96,78,1,0,0
19:04:26 Jan 05 2021,96,77,1,0,0
19:04:28 Jan 05 2021,96,77,0,0,0
19:04:30 Jan 05 2021,96,77,0,0,0
19:04:32 Jan 05 2021,96,77,0,0,0
19:04:34 Jan 05 2021,96,77,0,0,0
19:04:36 Jan 05 2021,96,71,0,0,0
19:04:38 Jan 05 2021,94,60,0,0,0
19:04:40 Jan 05 2021,93,50,0,0,0
19:04:42 Jan 05 2021,93,44,0,0,0
19:04:44 Jan 05 2021,93,45,0,0,0
19:04:46 Jan 05 2021,93,46,0,0,0
19:04:48 Jan 05 2021,93,46,0,0,0
19:04:50 Jan 05 2021,93,46,0,0,0
19:04:52 Jan 05 2021,93,46,0,0,0
19:04:54 Jan 05 2021,93,46,0,0,0
19:04:56 Jan 05 2021,94,46,0,0,0
19:04:58 Jan 05 2021,95,46,0,0,0
19:05:00 Jan 05 2021,96,45,0,0,0
19:05:02 Jan 05 2021,96,45,0,0,0
19:05:04 Jan 05 2021,97,45,0,0,0
19:05:06 Jan 05 2021,97,43,0,0,0
19:05:08 Jan 05 2021,97,43,0,0,0
19:05:10 Jan 05 2021,97,42,0,0,0
19:05:12 Jan 05 2021,96,40,0,0,0
19:05:14 Jan 05 2021,96,40,0,0,0
19:05:16 Jan 05 2021,96,39,0,0,0
19:05:18 Jan 05 2021,96,38,0,0,0
19:05:20 Jan 05 2021,96,38,0,0,0
19:05:22 Jan 05 2021,96,40,0,0,0
19:05:24 Jan 05 2021,96,47,0,0,0
19:05:26 Jan 05 2021,96,48,0,0,0
19:05:28 Jan 05 2021,96,51,1,0,0
19:05:30 Jan 05 2021,96,47,0,0,0
19:05:32 Jan 05 2021,96,47,1,0,0
19:05:34 Jan 05 2021,96,47,1,0,0
19:05:36 Jan 05 2021,96,47,0,0,0
19:05:38 Jan 05 2021,96,47,0,0,0
19:05:40 Jan 05 2021,96,47,0,0,0
19:05:42 Jan 05 2021,96,47,0,0,0
19:05:44 Jan 05 2021,96,47,0,0,0
19:05:46 Jan 05 2021,96,47,0,0,0
19:05:48 Jan 05 2021,96,47,0,0,0
19:05:50 Jan 05 2021,96,47,0,0,0
19:05:52 Jan 05 2021,96,47,0,0,0
19:05:54 Jan 05 2021,96,47,0,0,0
19:05:56 Jan 05 2021,96,47,0,0,0
19:05:58 Jan 05 2021,96,52,0,0,0
19:06:00 Jan 05 2021,96,62,0,0,0
19:06:02 Jan 05 2021,97,68,0,0,0
19:06:04 Jan 05 2021,97,72,0,0,0
19:06:06 Jan 05 2021,97,72,0,0,0
19:06:08 Jan 05 2021,97,72,0,0,0
19:06:10 Jan 05 2021,97,75,0,0,0
19:06:12 Jan 05 2021,97,76,0,0,0
19:06:14 Jan 05 2021,97,77,0,0,0
19:06:16 Jan 05 2021,97,76,0,0,0
19:06:18 Jan 05 2021,97,75,0,0,0
19:06:20 Jan 05 2021,97,77,0,0,0
19:06:22 Jan 05 2021,97,76,0,0,0
19:06:24 Jan 05 2021,97,76,0,0,0
19:06:26 Jan 05 2021,97,74,0,0,0
19:06:28 Jan 05 2021,97,64,0,0,0
19:06:30 Jan 05 2021,96,56,0,0,0
19:06:32 Jan 05 2021,96,47,0,0,0
19:06:34 Jan 05 2021,96,45,0,0,0
19:06:36 Jan 05 2021,96,45,0,0,0
19:06:38 Jan 05 2021,96,45,0,0,0
19:06:40 Jan 05 2021,96,45,0,0,0
19:06:42 Jan 05 2021,96,45,0,0,0
19:06:44 Jan 05 2021,96,45,0,0,0
19:06:46 Jan 05 2021,96,45,0,0,0
19:06:48 Jan 05 2021,96,45,0,0,0
19:06:50 Jan 05 2021,96,45,0,0,0
19:06:52 Jan 05 2021,96,45,1,0,0
19:06:54 Jan 05 2021,96,49,0,0,0
19:06:56 Jan 05 2021,96,53,0,0,0
19:06:58 Jan 05 2021,96,53,1,0,0
19:07:00 Jan 05 2021,96,54,0,0,0
19:07:02 Jan 05 2021,97,54,0,0,0
19:07:04 Jan 05 2021,97,53,0,0,0
19:07:06 Jan 05 2021,97,49,0,0,0
19:07:08 Jan 05 2021,97,50,0,0,0
19:07:10 Jan 05 2021,97,48,1,0,0
19:07:12 Jan 05 2021,96,46,0,0,0
19:07:14 Jan 05 2021,97,48,0,0,0
19:07:16 Jan 05 2021,97,47,0,0,0
19:07:18 Jan 05 2021,97,47,0,0,0
19:07:20 Jan 05 2021,97,45,0,0,0
19:07:22 Jan 05 2021,96,44,1,0,0
19:07:24 Jan 05 2021,96,42,0,0,0
19:07:26 Jan 05 2021,96,42,0,0,0
19:07:28 Jan 05 2021,96,42,0,0,0
19:07:30 Jan 05 2021,96,42,0,0,0
19:07:32 Jan 05 2021,96,42,0,0,0
19:07:34 Jan 05 2021,96,42,0,0,0
19:07:36 Jan 05 2021,96,43,0,0,0
19:07:38 Jan 05 2021,96,48,0,0,0
19:07:40 Jan 05 2021,96,49,0,0,0
19:07:42 Jan 05 2021,95,51,0,0,0
19:07:44 Jan 05 2021,94,49,0,0,0
19:07:46 Jan 05 2021,93,43,0,0,0
19:07:48 Jan 05 2021,92,41,0,0,0
19:07:50 Jan 05 2021,92,40,1,0,0
19:07:52 Jan 05 2021,92,40,0,0,0
19:07:54 Jan 05 2021,92,40,0,0,0
19:07:56 Jan 05 2021,92,39,0,0,0
19:07:58 Jan 05 2021,92,39,0,0,0
19:08:00 Jan 05 2021,91,38,1,0,0
19:08:02 Jan 05 2021,91,37,1,0,0
19:08:04 Jan 05 2021,91,38,0,0,0
19:08:06 Jan 05 2021,91,38,0,0,0
19:08:08 Jan 05 2021,91,38,0,0,0
19:08:10 Jan 05 2021,91,38,0,0,0
19:08:12 Jan 05 2021,90,38,0,0,0
19:08:14 Jan 05 2021,90,38,0,0,0
19:08:16 Jan 05 2021,90,38,4,0,0
19:08:18 Jan 05 2021,90,38,1,0,0
19:08:20 Jan 05 2021,90,39,1,0,0
19:08:22 Jan 05 2021,90,40,1,0,0
19:08:24 Jan 05 2021,90,40,4,0,0
19:08:26 Jan 05 2021,90,40,0,0,0
19:08:28 Jan 05 2021,90,40,0,0,0
19:08:30 Jan 05 2021,90,40,0,0,0
19:08:32 Jan 05 2021,90,40,0,0,0
19:08:34 Jan 05 2021,90,40,0,0,0
19:08:36 Jan 05 2021,90,40,0,0,0
19:08:38 Jan 05 2021,90,40,0,0,0
19:08:40 Jan 05 2021,90,40,0,0,0
19:08:42 Jan 05 2021,90,44,0,0,0
19:08:44 Jan 05 2021,92,48,0,0,0
19:08:46 Jan 05 2021,95,49,1,0,0
19:08:48 Jan 05 2021,97,55,0,0,0
19:08:50 Jan 05 2021,97,56,0,0,0
19:08:52 Jan 05 2021,97,57,0,0,0
19:08:54 Jan 05 2021,97,53,0,0,0
19:08:56 Jan 05 2021,97,53,0,0,0
19:08:58 Jan 05 2021,97,56,0,0,0
19:09:00 Jan 05 2021,97,56,0,0,0
19:09:02 Jan 05 2021,97,63,0,0,0
19:09:04 Jan 05 2021,97,63,0,0,0
19:09:06 Jan 05 2021,97,62,0,0,0
19:09:08 Jan 05 2021,97,64,0,0,0
19:09:10 Jan 05 2021,97,63,0,0,0
19:09:12 Jan 05 2021,96,62,0,0,0
19:09:14 Jan 05 2021,96,60,0,0,0
19:09:16 Jan 05 2021,96,56,1,0,0
19:09:18 Jan 05 2021,96,52,1,0,0
19:09:20 Jan 05 2021,96,51,0,0,0
19:09:22 Jan 05 2021,97,51,0,0,0
19:09:24 Jan 05 2021,96,53,0,0,0
19:09:26 Jan 05 2021,95,60,0,0,0
19:09:28 Jan 05 2021,93,68,1,0,0
19:09:30 Jan 05 2021,92,75,0,0,0
19:09:32 Jan 05 2021,92,75,0,0,0
19:09:34 Jan 05 2021,91,75,0,0,0
19:09:36 Jan 05 2021,91,72,0,0,0
19:09:38 Jan 05 2021,91,70,0,0,0
19:09:40 Jan 05 2021,91,65,0,0,0
19:09:42 Jan 05 2021,92,62,0,0,0
19:09:44 Jan 05 2021,92,60,0,0,0
19:09:46 Jan 05 2021,92,62,0,0,0
19:09:48 Jan 05 2021,93,62,0,0,0
19:09:50 Jan 05 2021,94,60,0,0,0
19:09:52 Jan 05 2021,96,65,0,0,0
19:09:54 Jan 05 2021,96,67,0,0,0
19:09:56 Jan 05 2021,96,72,0,0,0
19:09:58 Jan 05 2021,96,72,1,0,0
19:10:00 Jan 05 2021,96,70,0,0,0
19:10:02 Jan 05 2021,96,71,0,0,0
19:10:04 Jan 05 2021,97,71,0,0,0
19:10:06 Jan 05 2021,97,71,0,0,0
19:10:08 Jan 05 2021,97,71,0,0,0
19:10:10 Jan 05 2021,97,72,1,0,0
19:10:12 Jan 05 2021,97,72,0,0,0
19:10:14 Jan 05 2021,97,72,0,0,0
19:10:16 Jan 05 2021,97,72,0,0,0
19:10:18 Jan 05 2021,97,66,0,0,0
19:10:20 Jan 05 2021,97,67,0,0,0
19:10:22 Jan 05 2021,97,65,0,0,0
19:10:24 Jan 05 2021,97,66,0,0,0
19:10:26 Jan 05 2021,97,68,0,0,0
19:10:28 Jan 05 2021,97,68,0,0,0
19:10:30 Jan 05 2021,97,68,0,0,0
19:10:32 Jan 05 2021,97,69,1,0,0
19:10:34 Jan 05 2021,97,69,0,0,0
19:10:36 Jan 05 2021,97,69,0,0,0
19:10:38 Jan 05 2021,97,70,0,0,0
19:10:40 Jan 05 2021,97,70,0,0,0
19:10:42 Jan 05 2021,97,69,0,0,0
19:10:44 Jan 05 2021,97,69,0,0,0
19:10:46 Jan 05 2021,97,70,0,0,0
19:10:48 Jan 05 2021,96,65,1,0,0
19:10:50 Jan 05 2021,95,53,0,0,0
19:10:52 Jan 05 2021,95,43,0,0,0
19:10:54 Jan 05 2021,94,38,0,0,0
19:10:56 Jan 05 2021,94,38,0,0,0
19:10:58 Jan 05 2021,95,38,0,0,0
19:11:00 Jan 05 2021,95,37,0,0,0
19:11:02 Jan 05 2021,95,36,0,0,0
19:11:04 Jan 05 2021,96,36,0,0,0
19:11:06 Jan 05 2021,96,36,1,0,0
19:11:08 Jan 05 2021,95,36,0,0,0
19:11:10 Jan 05 2021,95,37,0,0,0
19:11:12 Jan 05 2021,95,37,0,0,0
19:11:14 Jan 05 2021,95,37,0,0,0
19:11:16 Jan 05 2021,95,37,0,0,0
19:11:18 Jan 05 2021,95,37,1,0,0
19:11:20 Jan 05 2021,95,37,0,0,0
19:11:22 Jan 05 2021,95,37,0,0,0
19:11:24 Jan 05 2021,95,37,1,0,0
19:11:26 Jan 05 2021,95,37,0,0,0
19:11:28 Jan 05 2021,95,37,0,0,0
19:11:30 Jan 05 2021,95,37,0,0,0
19:11:32 Jan 05 2021,94,36,0,0,0
19:11:34 Jan 05 2021,94,35,0,0,0
19:11:36 Jan 05 2021,93,36,2,0,0
19:11:38 Jan 05 2021,92,36,1,0,0
19:11:40 Jan 05 2021,92,36,1,0,0
19:11:42 Jan 05 2021,92,36,0,0,0
19:11:44 Jan 05 2021,92,36,8,0,0
19:11:46 Jan 05 2021,92,36,3,0,0
19:11:48 Jan 05 2021,92,36,1,0,0
19:11:50 Jan 05 2021,92,36,0,0,0
19:11:52 Jan 05 2021,92,36,0,0,0
19:11:54 Jan 05 2021,92,36,1,0,0
19:11:56 Jan 05 2021,92,36,0,0,0
19:11:58 Jan 05 2021,92,36,0,0,0
19:12:00 Jan 05 2021,92,36,0,0,0
19:12:02 Jan 05 2021,92,36,0,0,0
19:12:04 Jan 05 2021,92,36,0,0,0
19:12:06 Jan 05 2021,93,36,1,0,0
19:12:08 Jan 05 2021,94,35,0,0,0
19:12:10 Jan 05 2021,96,34,0,0,0
19:12:12 Jan 05 2021,97,34,0,0,0
19:12:14 Jan 05 2021,97,34,1,0,0
19:12:16 Jan 05 2021,97,34,1,0,0
19:12:18 Jan 05 2021,97,34,0,0,0
19:12:20 Jan 05 2021,97,33,0,0,0
19:12:22 Jan 05 2021,97,33,0,0,0
19:12:24 Jan 05 2021,97,32,0,0,0
19:12:26 Jan 05 2021,97,32,0,0,0
19:12:28 Jan 05 2021,97,33,0,0,0
19:12:30 Jan 05 2021,97,33,0,0,0
19:12:32 Jan 05 2021,96,34,0,0,0
19:12:34 Jan 05 2021,96,34,0,0,0
19:12:36 Jan 05 2021,96,34,0,0,0
19:12:38 Jan 05 2021,96,34,0,0,0
19:12:40 Jan 05 2021,96,34,0,0,0
19:12:42 Jan 05 2021,96,34,0,0,0
19:12:44 Jan 05 2021,96,34,3,0,0
19:12:46 Jan 05 2021,96,34,1,0,0
19:12:48 Jan 05 2021,96,34,1,0,0
19:12:50 Jan 05 2021,96,34,1,0,0
19:12:52 Jan 05 2021,96,34,0,0,0
19:12:54 Jan 05 2021,96,34,0,0,0
19:12:56 Jan 05 2021,96,34,0,0,0
19:12:58 Jan 05 2021,96,34,0,0,0
19:13:00 Jan 05 2021,96,34,0,0,0
19:13:02 Jan 05 2021,96,34,0,0,0
19:13:04 Jan 05 2021,96,34,0,0,0
19:13:06 Jan 05 2021,96,34,0,0,0
19:13:08 Jan 05 2021,96,34,0,0,0
19:13:10 Jan 05 2021,96,34,0,0,0
19:13:12 Jan 05 2021,96,34,1,0,0
19:13:14 Jan 05 2021,96,34,0,0,0
19:13:16 Jan 05 2021,96,34,0,0,0
19:13:18 Jan 05 2021,96,34,0,0,0
19:13:20 Jan 05 2021,96,34,0,0,0
19:13:22 Jan 05 2021,96,34,0,0,0
19:13:24 Jan 05 2021,96,34,1,0,0
19:13:26 Jan 05 2021,96,34,0,0,0
19:13:28 Jan 05 2021,96,34,0,0,0
19:13:30 Jan 05 2021,96,35,1,0,0
19:13:32 Jan 05 2021,96,37,0,0,0
19:13:34 Jan 05 2021,96,42,0,0,0
19:13:36 Jan 05 2021,96,46,0,0,0
19:13:38 Jan 05 2021,97,49,0,0,0
19:13:40 Jan 05 2021,97,45,1,0,0
19:13:42 Jan 05 2021,97,45,0,0,0
19:13:44 Jan 05 2021,97,45,0,0,0
19:13:46 Jan 05 2021,97,45,0,0,0
19:13:48 Jan 05 2021,97,44,1,0,0
19:13:50 Jan 05 2021,96,49,0,0,0
19:13:52 Jan 05 2021,96,54,0,0,0
19:13:54 Jan 05 2021,96,58,0,0,0
19:13:56 Jan 05 2021,97,62,0,0,0
19:13:58 Jan 05 2021,97,59,0,0,0
19:14:00 Jan 05 2021,97,60,0,0,0
19:14:02 Jan 05 2021,96,64,0,0,0
19:14:04 Jan 05 2021,96,64,0,0,0
19:14:06 Jan 05 2021,96,64,0,0,0
19:14:08 Jan 05 2021,97,64,0,0,0
19:14:10 Jan 05 2021,96,62,0,0,0
19:14:12 Jan 05 2021,95,51,0,0,0
19:14:14 Jan 05 2021,93,42,0,0,0
19:14:16 Jan 05 2021,90,37,1,0,0
19:14:18 Jan 05 2021,89,37,1,0,0
19:14:20 Jan 05 2021,89,37,0,0,0
19:14:22 Jan 05 2021,90,38,0,0,0
19:14:24 Jan 05 2021,91,38,0,0,0
19:14:26 Jan 05 2021,92,37,0,0,0
19:14:28 Jan 05 2021,92,36,0,0,0
19:14:30 Jan 05 2021,93,35,0,0,0
19:14:32 Jan 05 2021,94,35,0,0,0
19:14:34 Jan 05 2021,95,35,1,0,0
19:14:36 Jan 05 2021,95,35,0,0,0
19:14:38 Jan 05 2021,95,35,0,0,0
19:14:40 Jan 05 2021,95,35,0,0,0
19:14:42 Jan 05 2021,95,36,0,0,0
19:14:44 Jan 05 2021,95,38,1,0,0
19:14:46 Jan 05 2021,96,40,0,0,0
19:14:48 Jan 05 2021,96,43,0,0,0
19:14:50 Jan 05 2021,96,44,0,0,0
19:14:52 Jan 05 2021,96,45,1,0,0
19:14:54 Jan 05 2021,96,47,0,0,0
19:14:56 Jan 05 2021,96,48,1,0,0
19:14:58 Jan 05 2021,96,51,0,0,0
19:15:00 Jan 05 2021,96,51,0,0,0
19:15:02 Jan 05 2021,96,52,0,0,0
19:15:04 Jan 05 2021,95,54,0,0,0
19:15:06 Jan 05 2021,95,57,3,0,0
19:15:08 Jan 05 2021,94,59,1,0,0
19:15:10 Jan 05 2021,94,58,1,0,0
19:15:12 Jan 05 2021,94,59,0,0,0
19:15:14 Jan 05 2021,95,59,0,0,0
19:15:16 Jan 05 2021,95,57,0,0,0
19:15:18 Jan 05 2021,95,58,0,0,0
19:15:20 Jan 05 2021,95,58,0,0,0
19:15:22 Jan 05 2021,95,58,0,0,0
19:15:24 Jan 05 2021,95,58,0,0,0
19:15:26 Jan 05 2021,95,58,0,0,0
19:15:28 Jan 05 2021,95,58,0,0,0
19:15:30 Jan 05 2021,95,56,0,0,0
19:15:32 Jan 05 2021,94,54,0,0,0
19:15:34 Jan 05 2021,92,48,0,0,0
19:15:36 Jan 05 2021,91,45,1,0,0
19:15:38 Jan 05 2021,90,44,1,0,0
19:15:40 Jan 05 2021,90,44,0,0,0
19:15:42 Jan 05 2021,91,46,0,0,0
19:15:44 Jan 05 2021,92,45,1,0,0
19:15:46 Jan 05 2021,94,45,0,0,0
19:15:48 Jan 05 2021,96,43,1,0,0
19:15:50 Jan 05 2021,96,41,0,0,0
19:15:52 Jan 05 2021,96,39,0,0,0
19:15:54 Jan 05 2021,96,38,1,0,0
19:15:56 Jan 05 2021,96,38,0,0,0
19:15:58 Jan 05 2021,96,38,1,0,0
19:16:00 Jan 05 2021,96,38,0,0,0
19:16:02 Jan 05 2021,96,39,1,0,0
19:16:04 Jan 05 2021,96,40,0,0,0
19:16:06 Jan 05 2021,96,41,0,0,0
19:16:08 Jan 05 2021,96,40,0,0,0
19:16:10 Jan 05 2021,96,40,0,0,0
19:16:12 Jan 05 2021,96,39,0,0,0
19:16:14 Jan 05 2021,96,39,0,0,0
19:16:16 Jan 05 2021,96,40,1,0,0
19:16:18 Jan 05 2021,96,44,1,0,0
19:16:20 Jan 05 2021,96,46,0,0,0
19:16:22 Jan 05 2021,96,48,0,0,0
19:16:24 Jan 05 2021,96,47,0,0,0
19:16:26 Jan 05 2021,96,47,0,0,0
19:16:28 Jan 05 2021,96,47,0,0,0
19:16:30 Jan 05 2021,96,47,0,0,0
19:16:32 Jan 05 2021,96,51,0,0,0
19:16:34 Jan 05 2021,96,58,0,0,0
19:16:36 Jan 05 2021,96,61,0,0,0
19:16:38 Jan 05 2021,96,65,0,0,0
19:16:40 Jan 05 2021,96,63,1,0,0
19:16:42 Jan 05 2021,96,61,0,0,0
19:16:44 Jan 05 2021,95,61,0,0,0
19:16:46 Jan 05 2021,94,59,0,0,0
19:16:48 Jan 05 2021,93,62,0,0,0
19:16:50 Jan 05 2021,93,63,0,0,0
19:16:52 Jan 05 2021,93,67,0,0,0
19:16:54 Jan 05 2021,94,67,0,0,0
19:16:56 Jan 05 2021,94,68,0,0,0
19:16:58 Jan 05 2021,95,67,0,0,0
19:17:00 Jan 05 2021,95,68,0,0,0
19:17:02 Jan 05 2021,95,68,0,0,0
19:17:04 Jan 05 2021,95,67,0,0,0
19:17:06 Jan 05 2021,96,69,0,0,0
19:17:08 Jan 05 2021,96,69,0,0,0
19:17:10 Jan 05 2021,96,69,0,0,0
19:17:12 Jan 05 2021,96,69,0,0,0
19:17:14 Jan 05 2021,96,69,0,0,0
19:17:16 Jan 05 2021,96,68,0,0,0
19:17:18 Jan 05 2021,96,67,0,0,0
19:17:20 Jan 05 2021,96,68,0,0,0
19:17:22 Jan 05 2021,96,68,0,0,0
19:17:24 Jan 05 2021,96,70,0,0,0
19:17:26 Jan 05 2021,96,71,0,0,0
19:17:28 Jan 05 2021,96,70,0,0,0
19:17:30 Jan 05 2021,96,71,0,0,0
19:17:32 Jan 05 2021,96,70,0,0,0
19:17:34 Jan 05 2021,96,69,0,0,0
19:17:36 Jan 05 2021,96,67,0,0,0
19:17:38 Jan 05 2021,96,67,0,0,0
19:17:40 Jan 05 2021,95,69,0,0,0
19:17:42 Jan 05 2021,95,67,0,0,0
19:17:44 Jan 05 2021,95,65,0,0,0
19:17:46 Jan 05 2021,95,64,0,0,0
19:17:48 Jan 05 2021,94,59,0,0,0
19:17:50 Jan 05 2021,94,61,0,0,0
19:17:52 Jan 05 2021,93,66,0,0,0
19:17:54 Jan 05 2021,91,70,0,0,0
19:17:56 Jan 05 2021,91,72,0,0,0
19:17:58 Jan 05 2021,91,74,0,0,0
19:18:00 Jan 05 2021,91,75,0,0,0
19:18:02 Jan 05 2021,91,75,0,0,0
19:18:04 Jan 05 2021,92,75,0,0,0
19:18:06 Jan 05 2021,93,74,0,0,0
19:18:08 Jan 05 2021,93,73,0,0,0
19:18:10 Jan 05 2021,93,72,0,0,0
19:18:12 Jan 05 2021,94,72,0,0,0
19:18:14 Jan 05 2021,95,72,0,0,0
19:18:16 Jan 05 2021,96,71,0,0,0
19:18:18 Jan 05 2021,96,71,0,0,0
19:18:20 Jan 05 2021,96,71,0,0,0
19:18:22 Jan 05 2021,96,70,0,0,0
19:18:24 Jan 05 2021,96,72,0,0,0
19:18:26 Jan 05 2021,96,68,1,0,0
19:18:28 Jan 05 2021,96,71,0,0,0
19:18:30 Jan 05 2021,96,72,0,0,0
19:18:32 Jan 05 2021,96,70,0,0,0
19:18:34 Jan 05 2021,96,69,0,0,0
19:18:36 Jan 05 2021,96,72,0,0,0
19:18:38 Jan 05 2021,96,75,0,0,0
19:18:40 Jan 05 2021,96,70,0,0,0
19:18:42 Jan 05 2021,96,75,0,0,0
19:18:44 Jan 05 2021,96,73,0,0,0
19:18:46 Jan 05 2021,95,73,0,0,0
19:18:48 Jan 05 2021,93,76,0,0,0
19:18:50 Jan 05 2021,93,78,0,0,0
19:18:52 Jan 05 2021,92,80,0,0,0
19:18:54 Jan 05 2021,91,80,0,0,0
19:18:56 Jan 05 2021,91,77,0,0,0
19:18:58 Jan 05 2021,90,82,0,0,0
19:19:00 Jan 05 2021,90,80,0,0,0
19:19:02 Jan 05 2021,90,79,0,0,0
19:19:04 Jan 05 2021,90,81,0,0,0
19:19:06 Jan 05 2021,91,78,0,0,0
19:19:08 Jan 05 2021,91,81,0,0,0
19:19:10 Jan 05 2021,92,82,0,0,0
19:19:12 Jan 05 2021,92,81,0,0,0
19:19:14 Jan 05 2021,92,79,0,0,0
19:19:16 Jan 05 2021,92,78,0,0,0
19:19:18 Jan 05 2021,92,76,0,0,0
19:19:20 Jan 05 2021,92,75,0,0,0
19:19:22 Jan 05 2021,92,75,0,0,0
19:19:24 Jan 05 2021,92,74,0,0,0
19:19:26 Jan 05 2021,92,74,0,0,0
19:19:28 Jan 05 2021,92,74,0,0,0
19:19:30 Jan 05 2021,92,75,0,0,0
19:19:32 Jan 05 2021,92,75,0,0,0
19:19:34 Jan 05 2021,92,75,0,0,0
19:19:36 Jan 05 2021,92,75,1,0,0
19:19:38 Jan 05 2021,92,74,0,0,0
19:19:40 Jan 05 2021,92,72,0,0,0
19:19:42 Jan 05 2021,92,70,0,0,0
19:19:44 Jan 05 2021,92,72,0,0,0
19:19:46 Jan 05 2021,92,75,0,0,0
19:19:48 Jan 05 2021,93,76,0,0,0
19:19:50 Jan 05 2021,93,77,0,0,0
19:19:52 Jan 05 2021,93,76,0,0,0
19:19:54 Jan 05 2021,93,73,0,0,0
19:19:56 Jan 05 2021,92,75,0,0,0
19:19:58 Jan 05 2021,92,74,0,0,0
19:20:00 Jan 05 2021,92,76,0,0,0
19:20:02 Jan 05 2021,92,77,0,0,0
19:20:04 Jan 05 2021,92,75,0,0,0
19:20:06 Jan 05 2021,91,77,0,0,0
19:20:08 Jan 05 2021,90,77,0,0,0
19:20:10 Jan 05 2021,90,76,0,0,0
19:20:12 Jan 05 2021,90,76,0,0,0
19:20:14 Jan 05 2021,90,75,1,0,0
19:20:16 Jan 05 2021,90,76,0,0,0
19:20:18 Jan 05 2021,90,76,0,0,0
19:20:20 Jan 05 2021,90,77,1,0,0
19:20:22 Jan 05 2021,90,77,0,0,0
19:20:24 Jan 05 2021,90,76,0,0,0
19:20:26 Jan 05 2021,90,72,0,0,0
19:20:28 Jan 05 2021,90,69,0,0,0
19:20:30 Jan 05 2021,90,67,0,0,0
19:20:32 Jan 05 2021,90,66,0,0,0
19:20:34 Jan 05 2021,90,68,1,0,0
19:20:36 Jan 05 2021,90,66,0,0,0
19:20:38 Jan 05 2021,90,63,0,0,0
19:20:40 Jan 05 2021,90,64,0,0,0
19:20:42 Jan 05 2021,90,63,0,0,0
19:20:44 Jan 05 2021,90,67,0,0,0
19:20:46 Jan 05 2021,90,69,0,0,0
19:20:48 Jan 05 2021,90,66,0,0,0
19:20:50 Jan 05 2021,90,67,0,0,0
19:20:52 Jan 05 2021,90,67,0,0,0
19:20:54 Jan 05 2021,90,69,0,0,0
19:20:56 Jan 05 2021,90,69,0,0,0
19:20:58 Jan 05 2021,90,71,0,0,0
19:21:00 Jan 05 2021,90,72,0,0,0
19:21:02 Jan 05 2021,91,73,0,0,0
19:21:04 Jan 05 2021,92,76,1,0,0
19:21:06 Jan 05 2021,93,77,0,0,0
19:21:08 Jan 05 2021,94,77,0,0,0
19:21:10 Jan 05 2021,95,76,0,0,0
19:21:12 Jan 05 2021,95,76,0,0,0
19:21:14 Jan 05 2021,96,75,0,0,0
19:21:16 Jan 05 2021,96,72,0,0,0
19:21:18 Jan 05 2021,96,72,1,0,0
19:21:20 Jan 05 2021,96,71,0,0,0
19:21:22 Jan 05 2021,96,70,0,0,0
19:21:24 Jan 05 2021,96,77,0,0,0
19:21:26 Jan 05 2021,96,77,0,0,0
19:21:28 Jan 05 2021,96,74,0,0,0
19:21:30 Jan 05 2021,96,77,0,0,0
19:21:32 Jan 05 2021,96,76,1,0,0
19:21:34 Jan 05 2021,96,74,0,0,0
19:21:36 Jan 05 2021,96,75,0,0,0
19:21:38 Jan 05 2021,96,76,0,0,0
19:21:40 Jan 05 2021,96,73,0,0,0
19:21:42 Jan 05 2021,95,72,0,0,0
19:21:44 Jan 05 2021,94,70,0,0,0
19:21:46 Jan 05 2021,94,70,0,0,0
19:21:48 Jan 05 2021,93,70,0,0,0
19:21:50 Jan 05 2021,93,72,0,0,0
19:21:52 Jan 05 2021,93,72,0,0,0
19:21:54 Jan 05 2021,93,70,1,0,0
19:21:56 Jan 05 2021,93,70,0,0,0
19:21:58 Jan 05 2021,93,67,0,0,0
19:22:00 Jan 05 2021,93,67,0,0,0
19:22:02 Jan 05 2021,93,67,0,0,0
19:22:04 Jan 05 2021,93,68,0,0,0
19:22:06 Jan 05 2021,93,64,0,0,0
19:22:08 Jan 05 2021,93,61,0,0,0
19:22:10 Jan 05 2021,93,64,0,0,0
19:22:12 Jan 05 2021,93,65,0,0,0
19:22:14 Jan 05 2021,93,67,0,0,0
19:22:16 Jan 05 2021,93,70,0,0,0
19:22:18 Jan 05 2021,93,71,0,0,0
19:22:20 Jan 05 2021,93,73,0,0,0
19:22:22 Jan 05 2021,93,71,0,0,0
19:22:24 Jan 05 2021,93,71,0,0,0
19:22:26 Jan 05 2021,92,72,0,0,0
19:22:28 Jan 05 2021,91,73,0,0,0
19:22:30 Jan 05 2021,91,74,0,0,0
19:22:32 Jan 05 2021,91,73,0,0,0
19:22:34 Jan 05 2021,91,74,0,0,0
19:22:36 Jan 05 2021,92,72,1,0,0
19:22:38 Jan 05 2021,92,72,1,0,0
19:22:40 Jan 05 2021,92,73,0,0,0
19:22:42 Jan 05 2021,93,72,0,0,0
19:22:44 Jan 05 2021,94,74,1,0,0
19:22:46 Jan 05 2021,95,75,1,0,0
19:22:48 Jan 05 2021,95,73,0,0,0
19:22:50 Jan 05 2021,95,72,0,0,0
19:22:52 Jan 05 2021,95,71,0,0,0
19:22:54 Jan 05 2021,95,72,0,0,0
19:22:56 Jan 05 2021,95,72,0,0,0
19:22:58 Jan 05 2021,95,75,0,0,0
19:23:00 Jan 05 2021,95,72,0,0,0
19:23:02 Jan 05 2021,95,73,0,0,0
19:23:04 Jan 05 2021,95,75,0,0,0
19:23:06 Jan 05 2021,95,73,0,0,0
19:23:08 Jan 05 2021,95,75,0,0,0
19:23:10 Jan 05 2021,95,74,0,0,0
19:23:12 Jan 05 2021,95,72,1,0,0
19:23:14 Jan 05 2021,95,74,0,0,0
19:23:16 Jan 05 2021,95,73,0,0,0
19:23:18 Jan 05 2021,94,72,0,0,0
19:23:20 Jan 05 2021,94,72,0,0,0
19:23:22 Jan 05 2021,94,71,0,0,0
19:23:24 Jan 05 2021,94,71,0,0,0
19:23:26 Jan 05 2021,94,70,0,0,0
19:23:28 Jan 05 2021,94,69,0,0,0
19:23:30 Jan 05 2021,94,67,1,0,0
19:23:32 Jan 05 2021,94,67,0,0,0
19:23:34 Jan 05 2021,94,67,0,0,0
19:23:36 Jan 05 2021,95,67,0,0,0
19:23:38 Jan 05 2021,95,69,0,0,0
19:23:40 Jan 05 2021,95,72,0,0,0
19:23:42 Jan 05 2021,94,75,0,0,0
19:23:44 Jan 05 2021,93,78,0,0,0
19:23:46 Jan 05 2021,93,79,0,0,0
19:23:48 Jan 05 2021,94,77,0,0,0
19:23:50 Jan 05 2021,95,76,0,0,0
19:23:52 Jan 05 2021,95,79,0,0,0
19:23:54 Jan 05 2021,95,78,0,0,0
19:23:56 Jan 05 2021,94,78,0,0,0
19:23:58 Jan 05 2021,92,79,0,0,0
19:24:00 Jan 05 2021,92,74,0,0,0
19:24:02 Jan 05 2021,92,73,0,0,0
19:24:04 Jan 05 2021,91,75,0,0,0
19:24:06 Jan 05 2021,92,77,0,0,0
19:24:08 Jan 05 2021,91,78,0,0,0
19:24:10 Jan 05 2021,90,80,0,0,0
19:24:12 Jan 05 2021,91,82,0,0,0
19:24:14 Jan 05 2021,91,83,1,0,0
19:24:16 Jan 05 2021,90,81,0,0,0
19:24:18 Jan 05 2021,90,78,0,0,0
19:24:20 Jan 05 2021,90,76,0,0,0
19:24:22 Jan 05 2021,89,73,0,0,0
19:24:24 Jan 05 2021,89,77,1,0,0
19:24:26 Jan 05 2021,89,79,0,0,0
19:24:28 Jan 05 2021,88,79,0,0,0
19:24:30 Jan 05 2021,88,81,0,0,0
19:24:32 Jan 05 2021,88,82,0,0,0
19:24:34 Jan 05 2021,89,81,0,0,0
19:24:36 Jan 05 2021,90,81,1,0,0
19:24:38 Jan 05 2021,92,81,0,0,0
19:24:40 Jan 05 2021,93,80,0,0,0
19:24:42 Jan 05 2021,95,83,0,0,0
19:24:44 Jan 05 2021,95,81,0,0,0
19:24:46 Jan 05 2021,95,76,0,0,0
19:24:48 Jan 05 2021,95,74,1,0,0
19:24:50 Jan 05 2021,95,72,0,0,0
19:24:52 Jan 05 2021,96,66,0,0,0
19:24:54 Jan 05 2021,96,59,0,0,0
19:24:56 Jan 05 2021,97,62,1,0,0
19:24:58 Jan 05 2021,97,60,1,0,0
19:25:00 Jan 05 2021,97,66,0,0,0
19:25:02 Jan 05 2021,97,70,1,0,0
19:25:04 Jan 05 2021,97,71,0,0,0
19:25:06 Jan 05 2021,97,73,1,0,0
19:25:08 Jan 05 2021,97,73,0,0,0
19:25:10 Jan 05 2021,97,72,0,0,0
19:25:12 Jan 05 2021,97,72,0,0,0
19:25:14 Jan 05 2021,97,72,1,0,0
19:25:16 Jan 05 2021,97,72,0,0,0
19:25:18 Jan 05 2021,97,72,0,0,0
19:25:20 Jan 05 2021,97,72,1,0,0
19:25:22 Jan 05 2021,97,74,0,0,0
19:25:24 Jan 05 2021,97,72,0,0,0
19:25:26 Jan 05 2021,96,74,0,0,0
19:25:28 Jan 05 2021,96,73,0,0,0
19:25:30 Jan 05 2021,96,70,0,0,0
19:25:32 Jan 05 2021,96,70,0,0,0
19:25:34 Jan 05 2021,96,69,0,0,0
19:25:36 Jan 05 2021,96,70,0,0,0
19:25:38 Jan 05 2021,96,70,0,0,0
19:25:40 Jan 05 2021,96,71,0,0,0
19:25:42 Jan 05 2021,96,71,0,0,0
19:25:44 Jan 05 2021,96,76,0,0,0
19:25:46 Jan 05 2021,95,77,0,0,0
19:25:48 Jan 05 2021,94,79,0,0,0
19:25:50 Jan 05 2021,93,81,0,0,0
19:25:52 Jan 05 2021,93,81,0,0,0
19:25:54 Jan 05 2021,93,80,1,0,0
19:25:56 Jan 05 2021,93,82,0,0,0
19:25:58 Jan 05 2021,93,83,0,0,0
19:26:00 Jan 05 2021,93,83,1,0,0
19:26:02 Jan 05 2021,93,84,1,0,0
19:26:04 Jan 05 2021,92,82,1,0,0
19:26:06 Jan 05 2021,92,82,0,0,0
19:26:08 Jan 05 2021,92,82,1,0,0
19:26:10 Jan 05 2021,92,82,0,0,0
19:26:12 Jan 05 2021,93,83,1,0,0
19:26:14 Jan 05 2021,95,84,1,0,0
19:26:16 Jan 05 2021,96,82,0,0,0
19:26:18 Jan 05 2021,97,82,0,0,0
19:26:20 Jan 05 2021,96,79,0,0,0
19:26:22 Jan 05 2021,96,79,0,0,0
19:26:24 Jan 05 2021,96,80,0,0,0
19:26:26 Jan 05 2021,96,80,0,0,0
19:26:28 Jan 05 2021,96,80,1,0,0
19:26:30 Jan 05 2021,96,81,0,0,0
19:26:32 Jan 05 2021,96,81,0,0,0
19:26:34 Jan 05 2021,96,79,0,0,0
19:26:36 Jan 05 2021,96,80,0,0,0
19:26:38 Jan 05 2021,96,80,0,0,0
19:26:40 Jan 05 2021,96,80,0,0,0
19:26:42 Jan 05 2021,96,80,0,0,0
19:26:44 Jan 05 2021,96,80,0,0,0
19:26:46 Jan 05 2021,96,80,0,0,0
19:26:48 Jan 05 2021,96,80,0,0,0
19:26:50 Jan 05 2021,96,80,0,0,0
19:26:52 Jan 05 2021,96,80,1,0,0
19:26:54 Jan 05 2021,96,80,0,0,0
19:26:56 Jan 05 2021,96,80,0,0,0
19:26:58 Jan 05 2021,95,80,0,0,0
19:27:00 Jan 05 2021,95,80,0,0,0
19:27:02 Jan 05 2021,95,80,0,0,0
19:27:04 Jan 05 2021,94,80,0,0,0
19:27:06 Jan 05 2021,94,80,0,0,0
19:27:08 Jan 05 2021,93,80,1,0,0
19:27:10 Jan 05 2021,92,80,0,0,0
19:27:12 Jan 05 2021,92,80,0,0,0
19:27:14 Jan 05 2021,92,80,0,0,0
19:27:16 Jan 05 2021,92,79,1,0,0
19:27:18 Jan 05 2021,92,78,1,0,0
19:27:20 Jan 05 2021,92,78,0,0,0
19:27:22 Jan 05 2021,92,77,0,0,0
19:27:24 Jan 05 2021,92,77,1,0,0
19:27:26 Jan 05 2021,92,78,1,0,0
19:27:28 Jan 05 2021,92,78,0,0,0
19:27:30 Jan 05 2021,92,78,0,0,0
19:27:32 Jan 05 2021,92,78,1,0,0
19:27:34 Jan 05 2021,92,78,0,0,0
19:27:36 Jan 05 2021,92,77,1,0,0
19:27:38 Jan 05 2021,92,77,0,0,0
19:27:40 Jan 05 2021,93,77,0,0,0
19:27:42 Jan 05 2021,95,78,0,0,0
19:27:44 Jan 05 2021,95,82,0,0,0
19:27:46 Jan 05 2021,95,81,0,0,0
19:27:48 Jan 05 2021,95,82,0,0,0
19:27:50 Jan 05 2021,95,83,0,0,0
19:27:52 Jan 05 2021,96,83,0,0,0
19:27:54 Jan 05 2021,96,83,0,0,0
19:27:56 Jan 05 2021,96,83,0,0,0
19:27:58 Jan 05 2021,96,83,0,0,0
19:28:00 Jan 05 2021,96,80,0,0,0
19:28:02 Jan 05 2021,97,75,0,0,0
19:28:04 Jan 05 2021,97,71,0,0,0
19:28:06 Jan 05 2021,97,70,0,0,0
19:28:08 Jan 05 2021,97,70,0,0,0
19:28:10 Jan 05 2021,97,73,0,0,0
19:28:12 Jan 05 2021,97,73,0,0,0
19:28:14 Jan 05 2021,96,72,0,0,0
19:28:16 Jan 05 2021,96,72,0,0,0
19:28:18 Jan 05 2021,96,70,0,0,0
19:28:20 Jan 05 2021,96,71,0,0,0
19:28:22 Jan 05 2021,96,70,0,0,0
19:28:24 Jan 05 2021,95,70,0,0,0
19:28:26 Jan 05 2021,94,70,0,0,0
19:28:28 Jan 05 2021,92,69,0,0,0
19:28:30 Jan 05 2021,92,63,0,0,0
19:28:32 Jan 05 2021,92,63,0,0,0
19:28:34 Jan 05 2021,92,59,0,0,0
19:28:36 Jan 05 2021,92,62,0,0,0
19:28:38 Jan 05 2021,92,69,0,0,0
19:28:40 Jan 05 2021,92,71,0,0,0
19:28:42 Jan 05 2021,92,79,0,0,0
19:28:44 Jan 05 2021,92,78,0,0,0
19:28:46 Jan 05 2021,92,80,0,0,0
19:28:48 Jan 05 2021,92,78,0,0,0
19:28:50 Jan 05 2021,92,75,0,0,0
19:28:52 Jan 05 2021,92,75,0,0,0
19:28:54 Jan 05 2021,92,74,0,0,0
19:28:56 Jan 05 2021,92,72,0,0,0
19:28:58 Jan 05 2021,92,72,0,0,0
19:29:00 Jan 05 2021,92,71,0,0,0
19:29:02 Jan 05 2021,92,69,3,0,0
19:29:04 Jan 05 2021,93,70,1,0,0
19:29:06 Jan 05 2021,93,70,2,0,0
19:29:08 Jan 05 2021,94,70,4,0,0
19:29:10 Jan 05 2021,94,71,23,0,0
19:29:12 Jan 05 2021,94,71,0,0,0
19:29:14 Jan 05 2021,94,71,0,0,0
19:29:16 Jan 05 2021,94,71,0,0,0
19:29:18 Jan 05 2021,94,71,0,0,0
19:29:20 Jan 05 2021,94,71,0,0,0
19:29:22 Jan 05 2021,94,71,0,0,0
19:29:24 Jan 05 2021,94,70,0,0,0
19:29:26 Jan 05 2021,94,70,0,0,0
19:29:28 Jan 05 2021,94,70,0,0,0
19:29:30 Jan 05 2021,94,70,0,0,0
19:29:32 Jan 05 2021,94,70,0,0,0
19:29:34 Jan 05 2021,94,70,0,0,0
19:29:36 Jan 05 2021,94,60,0,0,0
19:29:38 Jan 05 2021,94,49,0,0,0
19:29:40 Jan 05 2021,94,43,0,0,0
19:29:42 Jan 05 2021,94,37,0,0,0
19:29:44 Jan 05 2021,94,37,0,0,0
19:29:46 Jan 05 2021,94,38,0,0,0
19:29:48 Jan 05 2021,94,38,0,0,0
19:29:50 Jan 05 2021,94,42,0,0,0
19:29:52 Jan 05 2021,94,47,0,0,0
19:29:54 Jan 05 2021,94,49,0,0,0
19:29:56 Jan 05 2021,94,53,0,0,0
19:29:58 Jan 05 2021,94,51,0,0,0
19:30:00 Jan 05 2021,94,50,0,0,0
19:30:02 Jan 05 2021,94,52,0,0,0
19:30:04 Jan 05 2021,94,52,0,0,0
19:30:06 Jan 05 2021,94,50,0,0,0
19:30:08 Jan 05 2021,93,49,0,0,0
19:30:10 Jan 05 2021,94,48,0,0,0
19:30:12 Jan 05 2021,94,48,0,0,0
19:30:14 Jan 05 2021,94,47,0,0,0
19:30:16 Jan 05 2021,94,47,0,0,0
19:30:18 Jan 05 2021,94,47,0,0,0
19:30:20 Jan 05 2021,94,47,0,0,0
19:30:22 Jan 05 2021,94,47,0,0,0
19:30:24 Jan 05 2021,93,49,0,0,0
19:30:26 Jan 05 2021,93,52,0,0,0
19:30:28 Jan 05 2021,93,54,0,0,0
19:30:30 Jan 05 2021,93,55,0,0,0
19:30:32 Jan 05 2021,93,54,0,0,0
19:30:34 Jan 05 2021,93,56,0,0,0
19:30:36 Jan 05 2021,93,59,0,0,0
19:30:38 Jan 05 2021,93,61,0,0,0
19:30:40 Jan 05 2021,93,60,0,0,0
19:30:42 Jan 05 2021,93,62,0,0,0
19:30:44 Jan 05 2021,93,62,0,0,0
19:30:46 Jan 05 2021,93,68,0,0,0
19:30:48 Jan 05 2021,93,70,0,0,0
19:30:50 Jan 05 2021,93,66,0,0,0
19:30:52 Jan 05 2021,93,64,0,0,0
19:30:54 Jan 05 2021,92,62,0,0,0
19:30:56 Jan 05 2021,92,58,0,0,0
19:30:58 Jan 05 2021,92,59,0,0,0
19:31:00 Jan 05 2021,92,67,0,0,0
19:31:02 Jan 05 2021,92,65,0,0,0
19:31:04 Jan 05 2021,92,71,0,0,0
19:31:06 Jan 05 2021,92,75,0,0,0
19:31:08 Jan 05 2021,92,74,0,0,0
19:31:10 Jan 05 2021,92,74,0,0,0
19:31:12 Jan 05 2021,92,68,0,0,0
19:31:14 Jan 05 2021,92,63,0,0,0
19:31:16 Jan 05 2021,92,59,0,0,0
19:31:18 Jan 05 2021,92,59,1,0,0
19:31:20 Jan 05 2021,92,60,0,0,0
19:31:22 Jan 05 2021,92,59,0,0,0
19:31:24 Jan 05 2021,92,59,0,0,0
19:31:26 Jan 05 2021,92,59,0,0,0
19:31:28 Jan 05 2021,92,62,1,0,0
19:31:30 Jan 05 2021,92,63,0,0,0
19:31:32 Jan 05 2021,92,62,1,0,0
19:31:34 Jan 05 2021,91,68,1,0,0
19:31:36 Jan 05 2021,91,72,0,0,0
19:31:38 Jan 05 2021,91,77,0,0,0
19:31:40 Jan 05 2021,91,79,0,0,0
19:31:42 Jan 05 2021,91,79,0,0,0
19:31:44 Jan 05 2021,92,75,0,0,0
19:31:46 Jan 05 2021,92,70,0,0,0
19:31:48 Jan 05 2021,93,69,0,0,0
19:31:50 Jan 05 2021,93,73,0,0,0
19:31:52 Jan 05 2021,93,74,0,0,0
19:31:54 Jan 05 2021,94,75,1,0,0
19:31:56 Jan 05 2021,94,72,1,0,0
19:31:58 Jan 05 2021,94,70,1,0,0
19:32:00 Jan 05 2021,95,70,0,0,0
19:32:02 Jan 05 2021,95,67,1,0,0
19:32:04 Jan 05 2021,95,69,0,0,0
19:32:06 Jan 05 2021,95,72,0,0,0
19:32:08 Jan 05 2021,95,74,0,0,0
19:32:10 Jan 05 2021,95,76,0,0,0
19:32:12 Jan 05 2021,95,77,0,0,0
19:32:14 Jan 05 2021,95,75,1,0,0
19:32:16 Jan 05 2021,94,74,0,0,0
19:32:18 Jan 05 2021,94,74,0,0,0
19:32:20 Jan 05 2021,93,74,1,0,0
19:32:22 Jan 05 2021,93,76,1,0,0
19:32:24 Jan 05 2021,92,75,0,0,0
19:32:26 Jan 05 2021,92,75,0,0,0
19:32:28 Jan 05 2021,92,75,0,0,0
19:32:30 Jan 05 2021,92,75,0,0,0
19:32:32 Jan 05 2021,92,75,0,0,0
19:32:34 Jan 05 2021,91,75,0,0,0
19:32:36 Jan 05 2021,91,74,0,0,0
19:32:38 Jan 05 2021,91,73,0,0,0
19:32:40 Jan 05 2021,91,73,1,0,0
19:32:42 Jan 05 2021,91,72,1,0,0
19:32:44 Jan 05 2021,91,72,0,0,0
19:32:46 Jan 05 2021,91,73,1,0,0
19:32:48 Jan 05 2021,91,75,0,0,0
19:32:50 Jan 05 2021,90,75,0,0,0
19:32:52 Jan 05 2021,90,76,0,0,0
19:32:54 Jan 05 2021,91,75,0,0,0
19:32:56 Jan 05 2021,91,74,0,0,0
19:32:58 Jan 05 2021,91,74,0,0,0
19:33:00 Jan 05 2021,91,73,0,0,0
19:33:02 Jan 05 2021,91,73,0,0,0
19:33:04 Jan 05 2021,91,73,0,0,0
19:33:06 Jan 05 2021,91,73,0,0,0
19:33:08 Jan 05 2021,91,75,0,0,0
19:33:10 Jan 05 2021,92,76,0,0,0
19:33:12 Jan 05 2021,93,76,0,0,0
19:33:14 Jan 05 2021,93,76,1,0,0
19:33:16 Jan 05 2021,93,75,1,0,0
19:33:18 Jan 05 2021,93,75,0,0,0
19:33:20 Jan 05 2021,93,76,0,0,0
19:33:22 Jan 05 2021,93,76,0,0,0
19:33:24 Jan 05 2021,93,74,0,0,0
19:33:26 Jan 05 2021,93,73,0,0,0
19:33:28 Jan 05 2021,93,72,0,0,0
19:33:30 Jan 05 2021,93,71,1,0,0
19:33:32 Jan 05 2021,93,70,0,0,0
19:33:34 Jan 05 2021,93,68,0,0,0
19:33:36 Jan 05 2021,92,67,0,0,0
19:33:38 Jan 05 2021,92,67,0,0,0
19:33:40 Jan 05 2021,92,67,0,0,0
19:33:42 Jan 05 2021,92,66,0,0,0
19:33:44 Jan 05 2021,91,68,0,0,0
19:33:46 Jan 05 2021,90,70,0,0,0
19:33:48 Jan 05 2021,90,74,0,0,0
19:33:50 Jan 05 2021,90,76,0,0,0
19:33:52 Jan 05 2021,90,75,0,0,0
19:33:54 Jan 05 2021,90,74,0,0,0
19:33:56 Jan 05 2021,90,75,0,0,0
19:33:58 Jan 05 2021,90,75,0,0,0
19:34:00 Jan 05 2021,90,70,0,0,0
19:34:02 Jan 05 2021,90,67,0,0,0
19:34:04 Jan 05 2021,90,63,0,0,0
19:34:06 Jan 05 2021,90,63,0,0,0
19:34:08 Jan 05 2021,90,69,0,0,0
19:34:10 Jan 05 2021,90,73,0,0,0
19:34:12 Jan 05 2021,90,74,0,0,0
19:34:14 Jan 05 2021,90,74,0,0,0
19:34:16 Jan 05 2021,90,76,0,0,0
19:34:18 Jan 05 2021,90,77,0,0,0
19:34:20 Jan 05 2021,91,78,1,0,0
19:34:22 Jan 05 2021,91,79,0,0,0
19:34:24 Jan 05 2021,91,79,0,0,0
19:34:26 Jan 05 2021,91,79,0,0,0
19:34:28 Jan 05 2021,91,79,1,0,0
19:34:30 Jan 05 2021,91,78,0,0,0
19:34:32 Jan 05 2021,91,78,0,0,0
19:34:34 Jan 05 2021,92,71,0,0,0
19:34:36 Jan 05 2021,92,72,0,0,0
19:34:38 Jan 05 2021,92,69,0,0,0
19:34:40 Jan 05 2021,92,62,1,0,0
19:34:42 Jan 05 2021,92,65,0,0,0
19:34:44 Jan 05 2021,91,65,0,0,0
19:34:46 Jan 05 2021,91,64,0,0,0
19:34:48 Jan 05 2021,91,66,0,0,0
19:34:50 Jan 05 2021,91,64,0,0,0
19:34:52 Jan 05 2021,92,56,0,0,0
19:34:54 Jan 05 2021,93,51,0,0,0
19:34:56 Jan 05 2021,93,49,0,0,0
19:34:58 Jan 05 2021,93,49,0,0,0
19:35:00 Jan 05 2021,93,50,0,0,0
19:35:02 Jan 05 2021,93,53,0,0,0
19:35:04 Jan 05 2021,93,50,0,0,0
19:35:06 Jan 05 2021,93,49,0,0,0
19:35:08 Jan 05 2021,93,48,0,0,0
19:35:10 Jan 05 2021,93,47,0,0,0
19:35:12 Jan 05 2021,93,46,1,0,0
19:35:14 Jan 05 2021,93,47,0,0,0
19:35:16 Jan 05 2021,93,47,0,0,0
19:35:18 Jan 05 2021,93,47,1,0,0
19:35:20 Jan 05 2021,93,47,0,0,0
19:35:22 Jan 05 2021,93,47,0,0,0
19:35:24 Jan 05 2021,93,47,0,0,0
19:35:26 Jan 05 2021,93,47,0,0,0
19:35:28 Jan 05 2021,93,47,1,0,0
19:35:30 Jan 05 2021,93,47,0,0,0
19:35:32 Jan 05 2021,93,47,1,0,0
19:35:34 Jan 05 2021,93,52,0,0,0
19:35:36 Jan 05 2021,93,54,0,0,0
19:35:38 Jan 05 2021,93,54,0,0,0
19:35:40 Jan 05 2021,93,55,0,0,0
19:35:42 Jan 05 2021,93,55,0,0,0
19:35:44 Jan 05 2021,93,55,1,0,0
19:35:46 Jan 05 2021,93,55,0,0,0
19:35:48 Jan 05 2021,93,55,0,0,0
19:35:50 Jan 05 2021,93,55,0,0,0
19:35:52 Jan 05 2021,93,53,0,0,0
19:35:54 Jan 05 2021,93,52,1,0,0
19:35:56 Jan 05 2021,93,52,1,0,0
19:35:58 Jan 05 2021,93,52,0,0,0
19:36:00 Jan 05 2021,93,52,0,0,0
19:36:02 Jan 05 2021,93,52,0,0,0
19:36:04 Jan 05 2021,93,52,1,0,0
19:36:06 Jan 05 2021,93,52,0,0,0
19:36:08 Jan 05 2021,93,52,0,0,0
19:36:10 Jan 05 2021,93,52,0,0,0
19:36:12 Jan 05 2021,93,52,0,0,0
19:36:14 Jan 05 2021,93,52,0,0,0
19:36:16 Jan 05 2021,93,52,0,0,0
19:36:18 Jan 05 2021,93,52,0,0,0
19:36:20 Jan 05 2021,93,52,0,0,0
19:36:22 Jan 05 2021,92,46,0,0,0
19:36:24 Jan 05 2021,91,40,0,0,0
19:36:26 Jan 05 2021,90,34,0,0,0
19:36:28 Jan 05 2021,91,34,1,0,0
19:36:30 Jan 05 2021,91,34,0,0,0
19:36:32 Jan 05 2021,91,34,0,0,0
19:36:34 Jan 05 2021,91,34,0,0,0
19:36:36 Jan 05 2021,91,34,0,0,0
19:36:38 Jan 05 2021,91,34,0,0,0
19:36:40 Jan 05 2021,91,34,0,0,0
19:36:42 Jan 05 2021,91,34,1,0,0
19:36:44 Jan 05 2021,91,34,0,0,0
19:36:46 Jan 05 2021,91,34,0,0,0
19:36:48 Jan 05 2021,91,34,1,0,0
19:36:50 Jan 05 2021,91,35,0,0,0
19:36:52 Jan 05 2021,91,35,0,0,0
19:36:54 Jan 05 2021,91,35,0,0,0
19:36:56 Jan 05 2021,91,35,0,0,0
19:36:58 Jan 05 2021,91,49,0,0,0
19:37:00 Jan 05 2021,91,58,1,0,0
19:37:02 Jan 05 2021,91,73,1,0,0
19:37:04 Jan 05 2021,91,75,0,0,0
19:37:06 Jan 05 2021,91,72,0,0,0
19:37:08 Jan 05 2021,91,74,0,0,0
19:37:10 Jan 05 2021,91,73,0,0,0
19:37:12 Jan 05 2021,91,73,0,0,0
19:37:14 Jan 05 2021,91,73,1,0,0
19:37:16 Jan 05 2021,91,74,0,0,0
19:37:18 Jan 05 2021,91,77,0,0,0
19:37:20 Jan 05 2021,91,78,0,0,0
19:37:22 Jan 05 2021,91,79,0,0,0
19:37:24 Jan 05 2021,91,79,1,0,0
19:37:26 Jan 05 2021,91,78,0,0,0
19:37:28 Jan 05 2021,91,75,0,0,0
19:37:30 Jan 05 2021,91,75,0,0,0
19:37:32 Jan 05 2021,91,76,0,0,0
19:37:34 Jan 05 2021,91,74,0,0,0
19:37:36 Jan 05 2021,92,74,0,0,0
19:37:38 Jan 05 2021,92,74,0,0,0
19:37:40 Jan 05 2021,93,73,0,0,0
19:37:42 Jan 05 2021,93,73,0,0,0
19:37:44 Jan 05 2021,93,74,1,0,0
19:37:46 Jan 05 2021,93,74,0,0,0
19:37:48 Jan 05 2021,93,74,0,0,0
19:37:50 Jan 05 2021,93,74,0,0,0
19:37:52 Jan 05 2021,93,74,1,0,0
19:37:54 Jan 05 2021,93,71,1,0,0
19:37:56 Jan 05 2021,93,70,0,0,0
19:37:58 Jan 05 2021,93,73,0,0,0
19:38:00 Jan 05 2021,93,73,0,0,0
19:38:02 Jan 05 2021,93,75,0,0,0
19:38:04 Jan 05 2021,93,76,0,0,0
19:38:06 Jan 05 2021,93,75,0,0,0
19:38:08 Jan 05 2021,93,74,1,0,0
19:38:10 Jan 05 2021,93,72,0,0,0
19:38:12 Jan 05 2021,93,71,0,0,0
19:38:14 Jan 05 2021,93,70,0,0,0
19:38:16 Jan 05 2021,93,71,0,0,0
19:38:18 Jan 05 2021,93,71,1,0,0
19:38:20 Jan 05 2021,93,71,0,0,0
19:38:22 Jan 05 2021,93,71,0,0,0
19:38:24 Jan 05 2021,93,71,1,0,0
19:38:26 Jan 05 2021,93,71,1,0,0
19:38:28 Jan 05 2021,93,71,1,0,0
19:38:30 Jan 05 2021,93,71,0,0,0
19:38:32 Jan 05 2021,93,71,0,0,0
19:38:34 Jan 05 2021,93,70,0,0,0
19:38:36 Jan 05 2021,93,69,1,0,0
19:38:38 Jan 05 2021,93,70,0,0,0
19:38:40 Jan 05 2021,92,70,0,0,0
19:38:42 Jan 05 2021,92,73,0,0,0
19:38:44 Jan 05 2021,92,74,1,0,0
19:38:46 Jan 05 2021,92,77,1,0,0
19:38:48 Jan 05 2021,92,76,0,0,0
19:38:50 Jan 05 2021,92,76,0,0,0
19:38:52 Jan 05 2021,92,74,0,0,0
19:38:54 Jan 05 2021,92,69,0,0,0
19:38:56 Jan 05 2021,92,68,0,0,0
19:38:58 Jan 05 2021,92,65,0,0,0
19:39:00 Jan 05 2021,92,67,0,0,0
19:39:02 Jan 05 2021,92,70,0,0,0
19:39:04 Jan 05 2021,92,70,0,0,0
19:39:06 Jan 05 2021,92,66,0,0,0
19:39:08 Jan 05 2021,92,67,0,0,0
19:39:10 Jan 05 2021,92,64,0,0,0
19:39:12 Jan 05 2021,92,63,0,0,0
19:39:14 Jan 05 2021,92,68,1,0,0
19:39:16 Jan 05 2021,92,66,0,0,0
19:39:18 Jan 05 2021,92,68,1,0,0
19:39:20 Jan 05 2021,92,71,0,0,0
19:39:22 Jan 05 2021,92,70,0,0,0
19:39:24 Jan 05 2021,92,72,0,0,0
19:39:26 Jan 05 2021,92,72,0,0,0
19:39:28 Jan 05 2021,92,71,0,0,0
19:39:30 Jan 05 2021,92,72,0,0,0
19:39:32 Jan 05 2021,92,71,0,0,0
19:39:34 Jan 05 2021,92,69,0,0,0
19:39:36 Jan 05 2021,92,69,0,0,0
19:39:38 Jan 05 2021,92,70,0,0,0
19:39:40 Jan 05 2021,92,70,1,0,0
19:39:42 Jan 05 2021,92,70,0,0,0
19:39:44 Jan 05 2021,93,70,0,0,0
19:39:46 Jan 05 2021,93,69,0,0,0
19:39:48 Jan 05 2021,93,68,0,0,0
19:39:50 Jan 05 2021,93,69,0,0,0
19:39:52 Jan 05 2021,93,70,0,0,0
19:39:54 Jan 05 2021,93,72,1,0,0
19:39:56 Jan 05 2021,93,71,0,0,0
19:39:58 Jan 05 2021,93,72,0,0,0
19:40:00 Jan 05 2021,93,71,0,0,0
19:40:02 Jan 05 2021,93,69,0,0,0
19:40:04 Jan 05 2021,92,70,1,0,0
19:40:06 Jan 05 2021,92,69,0,0,0
19:40:08 Jan 05 2021,91,71,0,0,0
19:40:10 Jan 05 2021,91,72,1,0,0
19:40:12 Jan 05 2021,92,75,1,0,0
19:40:14 Jan 05 2021,92,75,0,0,0
19:40:16 Jan 05 2021,92,74,1,0,0
19:40:18 Jan 05 2021,92,74,1,0,0
19:40:20 Jan 05 2021,92,72,0,0,0
19:40:22 Jan 05 2021,92,72,0,0,0
19:40:24 Jan 05 2021,91,74,0,0,0
19:40:26 Jan 05 2021,91,75,0,0,0
19:40:28 Jan 05 2021,92,76,1,0,0
19:40:30 Jan 05 2021,92,77,0,0,0
19:40:32 Jan 05 2021,92,75,0,0,0
19:40:34 Jan 05 2021,92,75,0,0,0
19:40:36 Jan 05 2021,92,75,0,0,0
19:40:38 Jan 05 2021,91,74,0,0,0
19:40:40 Jan 05 2021,92,74,1,0,0
19:40:42 Jan 05 2021,92,74,1,0,0
19:40:44 Jan 05 2021,92,74,0,0,0
19:40:46 Jan 05 2021,92,74,0,0,0
19:40:48 Jan 05 2021,92,74,0,0,0
19:40:50 Jan 05 2021,92,74,0,0,0
19:40:52 Jan 05 2021,92,74,0,0,0
19:40:54 Jan 05 2021,92,74,0,0,0
19:40:56 Jan 05 2021,92,73,0,0,0
19:40:58 Jan 05 2021,92,73,0,0,0
19:41:00 Jan 05 2021,92,73,0,0,0
19:41:02 Jan 05 2021,92,71,1,0,0
19:41:04 Jan 05 2021,92,72,0,0,0
19:41:06 Jan 05 2021,92,72,1,0,0
19:41:08 Jan 05 2021,92,74,1,0,0
19:41:10 Jan 05 2021,92,80,0,0,0
19:41:12 Jan 05 2021,92,81,0,0,0
19:41:14 Jan 05 2021,92,83,0,0,0
19:41:16 Jan 05 2021,92,83,0,0,0
19:41:18 Jan 05 2021,92,83,1,0,0
19:41:20 Jan 05 2021,91,81,0,0,0
19:41:22 Jan 05 2021,91,79,0,0,0
19:41:24 Jan 05 2021,90,78,1,0,0
19:41:26 Jan 05 2021,90,76,0,0,0
19:41:28 Jan 05 2021,90,76,0,0,0
19:41:30 Jan 05 2021,91,75,0,0,0
19:41:32 Jan 05 2021,91,76,1,0,0
19:41:34 Jan 05 2021,92,75,0,0,0
19:41:36 Jan 05 2021,93,77,0,0,0
19:41:38 Jan 05 2021,93,77,0,0,0
19:41:40 Jan 05 2021,94,77,1,0,0
19:41:42 Jan 05 2021,94,75,0,0,0
19:41:44 Jan 05 2021,94,73,1,0,0
19:41:46 Jan 05 2021,94,72,0,0,0
19:41:48 Jan 05 2021,94,69,0,0,0
19:41:50 Jan 05 2021,94,64,0,0,0
19:41:52 Jan 05 2021,94,68,0,0,0
19:41:54 Jan 05 2021,94,70,1,0,0
19:41:56 Jan 05 2021,94,72,1,0,0
19:41:58 Jan 05 2021,94,72,0,0,0
19:42:00 Jan 05 2021,94,73,0,0,0
19:42:02 Jan 05 2021,94,73,1,0,0
19:42:04 Jan 05 2021,93,74,1,0,0
19:42:06 Jan 05 2021,93,74,0,0,0
19:42:08 Jan 05 2021,93,75,0,0,0
19:42:10 Jan 05 2021,93,76,0,0,0
19:42:12 Jan 05 2021,92,77,0,0,0
19:42:14 Jan 05 2021,92,82,0,0,0
19:42:16 Jan 05 2021,92,85,3,0,0
19:42:18 Jan 05 2021,92,86,3,0,0
19:42:20 Jan 05 2021,92,85,2,0,0
19:42:22 Jan 05 2021,92,85,1,0,0
19:42:24 Jan 05 2021,92,85,1,0,0
19:42:26 Jan 05 2021,92,85,1,0,0
19:42:28 Jan 05 2021,92,85,1,0,0
19:42:30 Jan 05 2021,92,84,0,0,0
19:42:32 Jan 05 2021,92,84,0,0,0
19:42:34 Jan 05 2021,92,82,0,0,0
19:42:36 Jan 05 2021,92,74,0,0,0
19:42:38 Jan 05 2021,92,69,1,0,0
19:42:40 Jan 05 2021,92,64,0,0,0
19:42:42 Jan 05 2021,93,63,0,0,0
19:42:44 Jan 05 2021,93,65,0,0,0
19:42:46 Jan 05 2021,94,61,0,0,0
19:42:48 Jan 05 2021,94,61,0,0,0
19:42:50 Jan 05 2021,95,59,1,0,0
19:42:52 Jan 05 2021,96,54,1,0,0
19:42:54 Jan 05 2021,96,52,1,0,0
19:42:56 Jan 05 2021,96,48,0,0,0
19:42:58 Jan 05 2021,96,47,1,0,0
19:43:00 Jan 05 2021,95,45,0,0,0
19:43:02 Jan 05 2021,95,42,1,0,0
19:43:04 Jan 05 2021,95,42,1,0,0
19:43:06 Jan 05 2021,95,42,1,0,0
19:43:08 Jan 05 2021,95,42,1,0,0
19:43:10 Jan 05 2021,95,44,1,0,0
19:43:12 Jan 05 2021,95,43,1,0,0
19:43:14 Jan 05 2021,94,43,0,0,0
19:43:16 Jan 05 2021,93,43,0,0,0
19:43:18 Jan 05 2021,93,41,1,0,0
19:43:20 Jan 05 2021,93,41,1,0,0
19:43:22 Jan 05 2021,94,40,0,0,0
19:43:24 Jan 05 2021,95,41,1,0,0
19:43:26 Jan 05 2021,95,41,1,0,0
19:43:28 Jan 05 2021,95,41,1,0,0
19:43:30 Jan 05 2021,95,41,1,0,0
19:43:32 Jan 05 2021,95,41,1,0,0
19:43:34 Jan 05 2021,95,41,0,0,0
19:43:36 Jan 05 2021,95,41,0,0,0
19:43:38 Jan 05 2021,95,41,1,0,0
19:43:40 Jan 05 2021,95,41,1,0,0
19:43:42 Jan 05 2021,95,40,0,0,0
19:43:44 Jan 05 2021,95,40,1,0,0
19:43:46 Jan 05 2021,95,41,0,0,0
19:43:48 Jan 05 2021,96,41,0,0,0
19:43:50 Jan 05 2021,96,42,1,0,0
19:43:52 Jan 05 2021,96,42,1,0,0
19:43:54 Jan 05 2021,96,42,1,0,0
19:43:56 Jan 05 2021,96,43,1,0,0
19:43:58 Jan 05 2021,95,43,1,0,0
19:44:00 Jan 05 2021,95,42,1,0,0
19:44:02 Jan 05 2021,95,41,1,0,0
19:44:04 Jan 05 2021,94,40,1,0,0
19:44:06 Jan 05 2021,95,40,1,0,0
19:44:08 Jan 05 2021,94,39,0,0,0
19:44:10 Jan 05 2021,94,39,1,0,0
19:44:12 Jan 05 2021,95,39,0,0,0
19:44:14 Jan 05 2021,93,39,1,0,0
19:44:16 Jan 05 2021,93,39,1,0,0
19:44:18 Jan 05 2021,91,39,0,0,0
19:44:20 Jan 05 2021,91,39,1,0,0
19:44:22 Jan 05 2021,93,40,1,0,0
19:44:24 Jan 05 2021,94,43,0,0,0
19:44:26 Jan 05 2021,95,43,0,0,0
19:44:28 Jan 05 2021,95,45,0,0,0
19:44:30 Jan 05 2021,95,46,0,0,0
19:44:32 Jan 05 2021,95,45,1,0,0
19:44:34 Jan 05 2021,95,45,1,0,0
19:44:36 Jan 05 2021,95,46,0,0,0
19:44:38 Jan 05 2021,95,46,1,0,0
19:44:40 Jan 05 2021,95,46,1,0,0
19:44:42 Jan 05 2021,95,46,1,0,0
19:44:44 Jan 05 2021,95,46,1,0,0
19:44:46 Jan 05 2021,95,46,0,0,0
19:44:48 Jan 05 2021,95,46,0,0,0
19:44:50 Jan 05 2021,95,47,0,0,0
19:44:52 Jan 05 2021,96,47,1,0,0
19:44:54 Jan 05 2021,96,48,1,0,0
19:44:56 Jan 05 2021,95,48,0,0,0
19:44:58 Jan 05 2021,95,47,1,0,0
19:45:00 Jan 05 2021,94,44,1,0,0
19:45:02 Jan 05 2021,94,43,0,0,0
19:45:04 Jan 05 2021,94,42,1,0,0
19:45:06 Jan 05 2021,94,43,1,0,0
19:45:08 Jan 05 2021,94,43,0,0,0
19:45:10 Jan 05 2021,94,43,1,0,0
19:45:12 Jan 05 2021,94,43,1,0,0
19:45:14 Jan 05 2021,94,44,0,0,0
19:45:16 Jan 05 2021,94,44,1,0,0
19:45:18 Jan 05 2021,94,44,1,0,0
19:45:20 Jan 05 2021,94,44,1,0,0
19:45:22 Jan 05 2021,93,53,0,0,0
19:45:24 Jan 05 2021,93,59,1,0,0
19:45:26 Jan 05 2021,92,65,1,0,0
19:45:28 Jan 05 2021,93,66,0,0,0
19:45:30 Jan 05 2021,92,64,0,0,0
19:45:32 Jan 05 2021,92,66,1,0,0
19:45:34 Jan 05 2021,92,70,1,0,0
19:45:36 Jan 05 2021,92,71,0,0,0
19:45:38 Jan 05 2021,93,74,0,0,0
19:45:40 Jan 05 2021,93,76,0,0,0
19:45:42 Jan 05 2021,94,75,0,0,0
19:45:44 Jan 05 2021,94,76,0,0,0
19:45:46 Jan 05 2021,94,73,0,0,0
19:45:48 Jan 05 2021,94,71,0,0,0
19:45:50 Jan 05 2021,94,70,1,0,0
19:45:52 Jan 05 2021,94,68,1,0,0
19:45:54 Jan 05 2021,94,68,0,0,0
19:45:56 Jan 05 2021,94,67,1,0,0
19:45:58 Jan 05 2021,94,69,1,0,0
19:46:00 Jan 05 2021,94,69,1,0,0
19:46:02 Jan 05 2021,94,68,1,0,0
19:46:04 Jan 05 2021,94,67,1,0,0
19:46:06 Jan 05 2021,94,66,1,0,0
19:46:08 Jan 05 2021,94,69,0,0,0
19:46:10 Jan 05 2021,94,69,0,0,0
19:46:12 Jan 05 2021,94,69,0,0,0
19:46:14 Jan 05 2021,94,72,1,0,0
19:46:16 Jan 05 2021,94,72,0,0,0
19:46:18 Jan 05 2021,94,72,0,0,0
19:46:20 Jan 05 2021,94,72,1,0,0
19:46:22 Jan 05 2021,94,72,0,0,0
19:46:24 Jan 05 2021,94,72,1,0,0
19:46:26 Jan 05 2021,94,74,1,0,0
19:46:28 Jan 05 2021,94,75,1,0,0
19:46:30 Jan 05 2021,94,78,0,0,0
19:46:32 Jan 05 2021,94,78,1,0,0
19:46:34 Jan 05 2021,94,79,1,0,0
19:46:36 Jan 05 2021,93,80,0,0,0
19:46:38 Jan 05 2021,91,80,1,0,0
19:46:40 Jan 05 2021,91,79,1,0,0
19:46:42 Jan 05 2021,91,79,0,0,0
19:46:44 Jan 05 2021,92,79,1,0,0
19:46:46 Jan 05 2021,93,78,1,0,0
19:46:48 Jan 05 2021,94,78,1,0,0
19:46:50 Jan 05 2021,94,78,1,0,0
19:46:52 Jan 05 2021,94,77,1,0,0
19:46:54 Jan 05 2021,94,78,0,0,0
19:46:56 Jan 05 2021,93,78,0,0,0
19:46:58 Jan 05 2021,93,78,1,0,0
19:47:00 Jan 05 2021,93,78,0,0,0
19:47:02 Jan 05 2021,93,78,1,0,0
19:47:04 Jan 05 2021,93,78,1,0,0
19:47:06 Jan 05 2021,93,78,1,0,0
19:47:08 Jan 05 2021,93,78,0,0,0
19:47:10 Jan 05 2021,93,78,0,0,0
19:47:12 Jan 05 2021,93,78,1,0,0
19:47:14 Jan 05 2021,93,78,1,0,0
19:47:16 Jan 05 2021,92,78,1,0,0
19:47:18 Jan 05 2021,92,78,1,0,0
19:47:20 Jan 05 2021,92,78,0,0,0
19:47:22 Jan 05 2021,92,78,1,0,0
19:47:24 Jan 05 2021,92,77,1,0,0
19:47:26 Jan 05 2021,92,78,1,0,0
19:47:28 Jan 05 2021,91,78,0,0,0
19:47:30 Jan 05 2021,90,78,1,0,0
19:47:32 Jan 05 2021,88,78,1,0,0
19:47:34 Jan 05 2021,88,78,1,0,0
19:47:36 Jan 05 2021,88,78,1,0,0
19:47:38 Jan 05 2021,88,78,1,0,0
19:47:40 Jan 05 2021,88,78,0,0,0
19:47:42 Jan 05 2021,88,78,0,0,0
19:47:44 Jan 05 2021,89,78,1,0,0
19:47:46 Jan 05 2021,90,76,0,0,0
19:47:48 Jan 05 2021,90,76,0,0,0
19:47:50 Jan 05 2021,91,76,1,0,0
19:47:52 Jan 05 2021,92,76,1,0,0
19:47:54 Jan 05 2021,92,77,0,0,0
19:47:56 Jan 05 2021,93,77,1,0,0
19:47:58 Jan 05 2021,92,77,1,0,0
19:48:00 Jan 05 2021,92,77,0,0,0
19:48:02 Jan 05 2021,92,77,1,0,0
19:48:04 Jan 05 2021,92,77,0,0,0
19:48:06 Jan 05 2021,92,77,1,0,0
19:48:08 Jan 05 2021,92,77,1,0,0
19:48:10 Jan 05 2021,92,77,1,0,0
19:48:12 Jan 05 2021,92,77,1,0,0
19:48:14 Jan 05 2021,92,77,1,0,0
19:48:16 Jan 05 2021,92,77,1,0,0
19:48:18 Jan 05 2021,92,78,1,0,0
19:48:20 Jan 05 2021,92,78,0,0,0
19:48:22 Jan 05 2021,92,78,0,0,0
19:48:24 Jan 05 2021,92,78,0,0,0
19:48:26 Jan 05 2021,92,78,1,0,0
19:48:28 Jan 05 2021,92,78,1,0,0
19:48:30 Jan 05 2021,92,78,1,0,0
19:48:32 Jan 05 2021,92,78,0,0,0
19:48:34 Jan 05 2021,91,77,0,0,0
19:48:36 Jan 05 2021,91,75,0,0,0
19:48:38 Jan 05 2021,92,76,1,0,0
19:48:40 Jan 05 2021,92,76,1,0,0
19:48:42 Jan 05 2021,91,77,0,0,0
19:48:44 Jan 05 2021,90,77,0,0,0
19:48:46 Jan 05 2021,89,77,1,0,0
19:48:48 Jan 05 2021,88,77,1,0,0
19:48:50 Jan 05 2021,89,77,1,0,0
19:48:52 Jan 05 2021,89,76,0,0,0
19:48:54 Jan 05 2021,89,77,0,0,0
19:48:56 Jan 05 2021,90,77,1,0,0
19:48:58 Jan 05 2021,91,76,1,0,0
19:49:00 Jan 05 2021,91,76,1,0,0
19:49:02 Jan 05 2021,92,76,0,0,0
19:49:04 Jan 05 2021,92,75,1,0,0
19:49:06 Jan 05 2021,92,75,0,0,0
19:49:08 Jan 05 2021,92,75,1,0,0
19:49:10 Jan 05 2021,92,76,1,0,0
19:49:12 Jan 05 2021,93,76,0,0,0
19:49:14 Jan 05 2021,93,69,1,0,0
19:49:16 Jan 05 2021,94,58,0,0,0
19:49:18 Jan 05 2021,93,48,1,0,0
19:49:20 Jan 05 2021,93,42,1,0,0
19:49:22 Jan 05 2021,93,41,0,0,0
19:49:24 Jan 05 2021,93,40,1,0,0
19:49:26 Jan 05 2021,93,40,0,0,0
19:49:28 Jan 05 2021,93,39,1,0,0
19:49:30 Jan 05 2021,92,38,0,0,0
19:49:32 Jan 05 2021,92,38,1,0,0
19:49:34 Jan 05 2021,92,37,1,0,0
19:49:36 Jan 05 2021,91,37,0,0,0
19:49:38 Jan 05 2021,92,38,0,0,0
19:49:40 Jan 05 2021,93,38,1,0,0
19:49:42 Jan 05 2021,93,38,0,0,0
19:49:44 Jan 05 2021,93,38,1,0,0
19:49:46 Jan 05 2021,93,38,1,0,0
19:49:48 Jan 05 2021,93,38,1,0,0
19:49:50 Jan 05 2021,93,38,0,0,0
19:49:52 Jan 05 2021,93,38,0,0,0
19:49:54 Jan 05 2021,93,38,1,0,0
19:49:56 Jan 05 2021,93,38,0,0,0
19:49:58 Jan 05 2021,93,38,1,0,0
19:50:00 Jan 05 2021,92,38,1,0,0
19:50:02 Jan 05 2021,91,37,1,0,0
19:50:04 Jan 05 2021,91,37,0,0,0
19:50:06 Jan 05 2021,91,37,1,0,0
19:50:08 Jan 05 2021,91,36,1,0,0
19:50:10 Jan 05 2021,91,37,0,0,0
19:50:12 Jan 05 2021,91,37,0,0,0
19:50:14 Jan 05 2021,91,36,1,0,0
19:50:16 Jan 05 2021,92,36,1,0,0
19:50:18 Jan 05 2021,92,36,0,0,0
19:50:20 Jan 05 2021,92,36,1,0,0
19:50:22 Jan 05 2021,92,37,1,0,0
19:50:24 Jan 05 2021,92,37,1,0,0
19:50:26 Jan 05 2021,92,38,0,0,0
19:50:28 Jan 05 2021,92,38,1,0,0
19:50:30 Jan 05 2021,92,38,0,0,0
19:50:32 Jan 05 2021,92,38,1,0,0
19:50:34 Jan 05 2021,92,37,0,0,0
19:50:36 Jan 05 2021,92,37,1,0,0
19:50:38 Jan 05 2021,91,37,1,0,0
19:50:40 Jan 05 2021,91,37,1,0,0
19:50:42 Jan 05 2021,91,37,0,0,0
19:50:44 Jan 05 2021,91,37,1,0,0
19:50:46 Jan 05 2021,91,37,1,0,0
19:50:48 Jan 05 2021,91,39,1,0,0
19:50:50 Jan 05 2021,91,43,1,0,0
19:50:52 Jan 05 2021,91,44,1,0,0
19:50:54 Jan 05 2021,91,45,1,0,0
19:50:56 Jan 05 2021,91,43,0,0,0
19:50:58 Jan 05 2021,91,43,1,0,0
19:51:00 Jan 05 2021,91,43,0,0,0
19:51:02 Jan 05 2021,90,41,0,0,0
19:51:04 Jan 05 2021,89,40,1,0,0
19:51:06 Jan 05 2021,89,38,1,0,0
19:51:08 Jan 05 2021,89,37,1,0,0
19:51:10 Jan 05 2021,90,37,1,0,0
19:51:12 Jan 05 2021,90,36,0,0,0
19:51:14 Jan 05 2021,91,41,0,0,0
19:51:16 Jan 05 2021,91,46,1,0,0
19:51:18 Jan 05 2021,91,48,0,0,0
19:51:20 Jan 05 2021,92,53,1,0,0
19:51:22 Jan 05 2021,92,50,0,0,0
19:51:24 Jan 05 2021,91,49,1,0,0
19:51:26 Jan 05 2021,91,48,1,0,0
19:51:28 Jan 05 2021,91,45,1,0,0
19:51:30 Jan 05 2021,91,43,0,0,0
19:51:32 Jan 05 2021,91,45,1,0,0
19:51:34 Jan 05 2021,92,44,1,0,0
19:51:36 Jan 05 2021,92,43,0,0,0
19:51:38 Jan 05 2021,92,43,0,0,0
19:51:40 Jan 05 2021,92,41,1,0,0
19:51:42 Jan 05 2021,92,41,0,0,0
19:51:44 Jan 05 2021,92,42,0,0,0
19:51:46 Jan 05 2021,92,41,1,0,0
19:51:48 Jan 05 2021,92,41,1,0,0
19:51:50 Jan 05 2021,92,41,1,0,0
19:51:52 Jan 05 2021,91,40,1,0,0
19:51:54 Jan 05 2021,91,39,0,0,0
19:51:56 Jan 05 2021,90,38,1,0,0
19:51:58 Jan 05 2021,90,38,1,0,0
19:52:00 Jan 05 2021,90,38,0,0,0
19:52:02 Jan 05 2021,90,38,1,0,0
19:52:04 Jan 05 2021,90,38,1,0,0
19:52:06 Jan 05 2021,90,38,0,0,0
19:52:08 Jan 05 2021,90,38,0,0,0
19:52:10 Jan 05 2021,90,38,1,0,0
19:52:12 Jan 05 2021,90,38,1,0,0
19:52:14 Jan 05 2021,90,38,1,0,0
19:52:16 Jan 05 2021,90,38,1,0,0
19:52:18 Jan 05 2021,91,38,1,0,0
19:52:20 Jan 05 2021,91,37,0,0,0
19:52:22 Jan 05 2021,91,37,0,0,0
19:52:24 Jan 05 2021,91,36,0,0,0
19:52:26 Jan 05 2021,91,36,0,0,0
19:52:28 Jan 05 2021,91,36,1,0,0
19:52:30 Jan 05 2021,92,36,1,0,0
19:52:32 Jan 05 2021,92,36,0,0,0
19:52:34 Jan 05 2021,92,36,1,0,0
19:52:36 Jan 05 2021,92,36,0,0,0
19:52:38 Jan 05 2021,92,35,1,0,0
19:52:40 Jan 05 2021,92,35,0,0,0
19:52:42 Jan 05 2021,92,36,0,0,0
19:52:44 Jan 05 2021,92,36,0,0,0
19:52:46 Jan 05 2021,92,37,1,0,0
19:52:48 Jan 05 2021,92,36,1,0,0
19:52:50 Jan 05 2021,92,36,0,0,0
19:52:52 Jan 05 2021,92,36,1,0,0
19:52:54 Jan 05 2021,92,36,1,0,0
19:52:56 Jan 05 2021,92,36,0,0,0
19:52:58 Jan 05 2021,92,36,1,0,0
19:53:00 Jan 05 2021,92,36,0,0,0
19:53:02 Jan 05 2021,92,36,0,0,0
19:53:04 Jan 05 2021,92,36,1,0,0
19:53:06 Jan 05 2021,92,36,1,0,0
19:53:08 Jan 05 2021,92,36,1,0,0
19:53:10 Jan 05 2021,92,36,1,0,0
19:53:12 Jan 05 2021,92,36,0,0,0
19:53:14 Jan 05 2021,91,42,1,0,0
19:53:16 Jan 05 2021,91,45,1,0,0
19:53:18 Jan 05 2021,90,45,1,0,0
19:53:20 Jan 05 2021,90,47,1,0,0
19:53:22 Jan 05 2021,90,45,0,0,0
19:53:24 Jan 05 2021,90,46,0,0,0
19:53:26 Jan 05 2021,90,47,1,0,0
19:53:28 Jan 05 2021,90,47,1,0,0
19:53:30 Jan 05 2021,90,47,0,0,0
19:53:32 Jan 05 2021,90,47,0,0,0
19:53:34 Jan 05 2021,90,46,0,0,0
19:53:36 Jan 05 2021,91,47,1,0,0
19:53:38 Jan 05 2021,91,46,1,0,0
19:53:40 Jan 05 2021,91,50,0,0,0
19:53:42 Jan 05 2021,91,56,1,0,0
19:53:44 Jan 05 2021,91,55,0,0,0
19:53:46 Jan 05 2021,91,57,1,0,0
19:53:48 Jan 05 2021,91,56,0,0,0
19:53:50 Jan 05 2021,91,56,1,0,0
19:53:52 Jan 05 2021,91,60,1,0,0
19:53:54 Jan 05 2021,91,66,0,0,0
19:53:56 Jan 05 2021,91,70,1,0,0
19:53:58 Jan 05 2021,93,66,1,0,0
19:54:00 Jan 05 2021,94,62,0,0,0
19:54:02 Jan 05 2021,94,57,1,0,0
19:54:04 Jan 05 2021,94,57,1,0,0
19:54:06 Jan 05 2021,93,56,1,0,0
19:54:08 Jan 05 2021,94,56,0,0,0
19:54:10 Jan 05 2021,93,53,1,0,0
19:54:12 Jan 05 2021,93,51,1,0,0
19:54:14 Jan 05 2021,93,50,1,0,0
19:54:16 Jan 05 2021,92,49,0,0,0
19:54:18 Jan 05 2021,92,51,1,0,0
19:54:20 Jan 05 2021,91,51,1,0,0
19:54:22 Jan 05 2021,91,49,1,0,0
19:54:24 Jan 05 2021,90,49,0,0,0
19:54:26 Jan 05 2021,90,54,1,0,0
19:54:28 Jan 05 2021,90,53,1,0,0
19:54:30 Jan 05 2021,90,58,1,0,0
19:54:32 Jan 05 2021,90,56,1,0,0
19:54:34 Jan 05 2021,90,56,1,0,0
19:54:36 Jan 05 2021,90,56,1,0,0
19:54:38 Jan 05 2021,90,56,0,0,0
19:54:40 Jan 05 2021,90,56,0,0,0
19:54:42 Jan 05 2021,90,54,0,0,0
19:54:44 Jan 05 2021,90,48,0,0,0
19:54:46 Jan 05 2021,90,44,1,0,0
19:54:48 Jan 05 2021,90,41,1,0,0
19:54:50 Jan 05 2021,90,41,1,0,0
19:54:52 Jan 05 2021,90,43,0,0,0
19:54:54 Jan 05 2021,90,42,0,0,0
19:54:56 Jan 05 2021,90,41,1,0,0
19:54:58 Jan 05 2021,90,42,1,0,0
19:55:00 Jan 05 2021,90,42,1,0,0
19:55:02 Jan 05 2021,90,42,0,0,0
19:55:04 Jan 05 2021,90,42,0,0,0
19:55:06 Jan 05 2021,90,42,0,0,0
19:55:08 Jan 05 2021,90,41,1,0,0
19:55:10 Jan 05 2021,90,39,1,0,0
19:55:12 Jan 05 2021,90,38,1,0,0
19:55:14 Jan 05 2021,90,37,1,0,0
19:55:16 Jan 05 2021,90,38,0,0,0
19:55:18 Jan 05 2021,90,38,1,0,0
19:55:20 Jan 05 2021,90,37,1,0,0
19:55:22 Jan 05 2021,90,37,0,0,0
19:55:24 Jan 05 2021,90,37,1,0,0
19:55:26 Jan 05 2021,90,36,0,0,0
19:55:28 Jan 05 2021,90,36,1,0,0
19:55:30 Jan 05 2021,90,36,1,0,0
19:55:32 Jan 05 2021,90,36,0,0,0
19:55:34 Jan 05 2021,90,36,1,0,0
19:55:36 Jan 05 2021,90,36,1,0,0
19:55:38 Jan 05 2021,90,36,0,0,0
19:55:40 Jan 05 2021,90,36,1,0,0
19:55:42 Jan 05 2021,90,41,1,0,0
19:55:44 Jan 05 2021,90,43,1,0,0
19:55:46 Jan 05 2021,90,47,1,0,0
19:55:48 Jan 05 2021,90,47,0,0,0
19:55:50 Jan 05 2021,90,48,0,0,0
19:55:52 Jan 05 2021,90,50,1,0,0
19:55:54 Jan 05 2021,91,52,1,0,0
19:55:56 Jan 05 2021,91,53,1,0,0
19:55:58 Jan 05 2021,91,55,0,0,0
19:56:00 Jan 05 2021,91,60,1,0,0
19:56:02 Jan 05 2021,91,59,1,0,0
19:56:04 Jan 05 2021,92,65,1,0,0
19:56:06 Jan 05 2021,92,65,1,0,0
19:56:08 Jan 05 2021,92,64,1,0,0
19:56:10 Jan 05 2021,92,66,1,0,0
19:56:12 Jan 05 2021,92,65,0,0,0
19:56:14 Jan 05 2021,92,63,1,0,0
19:56:16 Jan 05 2021,92,63,1,0,0
19:56:18 Jan 05 2021,91,62,1,0,0
19:56:20 Jan 05 2021,91,61,1,0,0
19:56:22 Jan 05 2021,91,61,0,0,0
19:56:24 Jan 05 2021,91,61,1,0,0
19:56:26 Jan 05 2021,91,55,1,0,0
19:56:28 Jan 05 2021,91,57,1,0,0
19:56:30 Jan 05 2021,91,54,0,0,0
19:56:32 Jan 05 2021,91,54,0,0,0
19:56:34 Jan 05 2021,90,50,1,0,0
19:56:36 Jan 05 2021,90,44,1,0,0
19:56:38 Jan 05 2021,90,42,0,0,0
19:56:40 Jan 05 2021,90,40,1,0,0
19:56:42 Jan 05 2021,90,44,1,0,0
19:56:44 Jan 05 2021,90,45,0,0,0
19:56:46 Jan 05 2021,90,46,1,0,0
19:56:48 Jan 05 2021,90,51,1,0,0
19:56:50 Jan 05 2021,90,55,0,0,0
19:56:52 Jan 05 2021,90,58,0,0,0
19:56:54 Jan 05 2021,90,63,0,0,0
19:56:56 Jan 05 2021,90,62,1,0,0
19:56:58 Jan 05 2021,90,62,1,0,0
19:57:00 Jan 05 2021,90,63,0,0,0
19:57:02 Jan 05 2021,90,63,1,0,0
19:57:04 Jan 05 2021,91,54,1,0,0
19:57:06 Jan 05 2021,91,49,0,0,0
19:57:08 Jan 05 2021,91,44,1,0,0
19:57:10 Jan 05 2021,91,41,1,0,0
19:57:12 Jan 05 2021,91,38,1,0,0
19:57:14 Jan 05 2021,91,38,1,0,0
19:57:16 Jan 05 2021,91,37,1,0,0
19:57:18 Jan 05 2021,91,35,1,0,0
19:57:20 Jan 05 2021,91,32,0,0,0
19:57:22 Jan 05 2021,91,35,0,0,0
19:57:24 Jan 05 2021,91,35,1,0,0
19:57:26 Jan 05 2021,91,34,1,0,0
19:57:28 Jan 05 2021,91,35,1,0,0
19:57:30 Jan 05 2021,91,35,1,0,0
19:57:32 Jan 05 2021,91,35,1,0,0
19:57:34 Jan 05 2021,91,35,1,0,0
19:57:36 Jan 05 2021,91,34,1,0,0
19:57:38 Jan 05 2021,91,34,1,0,0
19:57:40 Jan 05 2021,91,34,1,0,0
19:57:42 Jan 05 2021,91,34,0,0,0
19:57:44 Jan 05 2021,91,34,1,0,0
19:57:46 Jan 05 2021,91,34,1,0,0
19:57:48 Jan 05 2021,91,34,1,0,0
19:57:50 Jan 05 2021,91,34,0,0,0
19:57:52 Jan 05 2021,91,34,0,0,0
19:57:54 Jan 05 2021,91,34,1,0,0
19:57:56 Jan 05 2021,91,34,1,0,0
19:57:58 Jan 05 2021,91,34,1,0,0
19:58:00 Jan 05 2021,91,34,1,0,0
19:58:02 Jan 05 2021,91,34,1,0,0
19:58:04 Jan 05 2021,91,34,1,0,0
19:58:06 Jan 05 2021,91,35,1,0,0
19:58:08 Jan 05 2021,91,34,1,0,0
19:58:10 Jan 05 2021,91,41,1,0,0
19:58:12 Jan 05 2021,91,48,1,0,0
19:58:14 Jan 05 2021,91,47,1,0,0
19:58:16 Jan 05 2021,91,54,1,0,0
19:58:18 Jan 05 2021,91,53,1,0,0
19:58:20 Jan 05 2021,91,51,1,0,0
19:58:22 Jan 05 2021,91,52,1,0,0
19:58:24 Jan 05 2021,91,52,1,0,0
19:58:26 Jan 05 2021,91,52,0,0,0
19:58:28 Jan 05 2021,91,53,0,0,0
19:58:30 Jan 05 2021,91,53,0,0,0
19:58:32 Jan 05 2021,91,53,1,0,0
19:58:34 Jan 05 2021,91,56,1,0,0
19:58:36 Jan 05 2021,91,60,1,0,0
19:58:38 Jan 05 2021,90,64,1,0,0
19:58:40 Jan 05 2021,90,66,0,0,0
19:58:42 Jan 05 2021,90,64,1,0,0
19:58:44 Jan 05 2021,90,64,1,0,0
19:58:46 Jan 05 2021,90,66,1,0,0
19:58:48 Jan 05 2021,90,66,0,0,0
19:58:50 Jan 05 2021,90,67,1,0,0
19:58:52 Jan 05 2021,90,66,1,0,0
19:58:54 Jan 05 2021,90,67,1,0,0
19:58:56 Jan 05 2021,90,68,1,0,0
19:58:58 Jan 05 2021,90,69,1,0,0
19:59:00 Jan 05 2021,90,71,1,0,0
19:59:02 Jan 05 2021,90,71,0,0,0
19:59:04 Jan 05 2021,90,72,0,0,0
19:59:06 Jan 05 2021,90,72,0,0,0
19:59:08 Jan 05 2021,90,72,1,0,0
19:59:10 Jan 05 2021,90,72,1,0,0
19:59:12 Jan 05 2021,91,72,1,0,0
19:59:14 Jan 05 2021,91,70,0,0,0
19:59:16 Jan 05 2021,91,65,0,0,0
19:59:18 Jan 05 2021,91,62,1,0,0
19:59:20 Jan 05 2021,91,59,1,0,0
19:59:22 Jan 05 2021,91,55,1,0,0
19:59:24 Jan 05 2021,91,54,1,0,0
19:59:26 Jan 05 2021,91,57,1,0,0
19:59:28 Jan 05 2021,91,51,1,0,0
19:59:30 Jan 05 2021,91,50,1,0,0
19:59:32 Jan 05 2021,91,49,1,0,0
19:59:34 Jan 05 2021,90,50,1,0,0
19:59:36 Jan 05 2021,91,57,0,0,0
19:59:38 Jan 05 2021,91,58,1,0,0
19:59:40 Jan 05 2021,91,60,1,0,0
19:59:42 Jan 05 2021,91,61,1,0,0
19:59:44 Jan 05 2021,91,61,1,0,0
19:59:46 Jan 05 2021,91,63,0,0,0
19:59:48 Jan 05 2021,91,64,1,0,0
19:59:50 Jan 05 2021,91,65,0,0,0
19:59:52 Jan 05 2021,91,65,0,0,0
19:59:54 Jan 05 2021,91,64,1,0,0
19:59:56 Jan 05 2021,91,64,0,0,0
19:59:58 Jan 05 2021,91,64,1,0,0
20:00:00 Jan 05 2021,91,64,1,0,0
20:00:02 Jan 05 2021,91,64,1,0,0
20:00:04 Jan 05 2021,91,64,0,0,0
20:00:06 Jan 05 2021,91,64,0,0,0
20:00:08 Jan 05 2021,90,65,1,0,0
20:00:10 Jan 05 2021,90,66,1,0,0
20:00:12 Jan 05 2021,89,66,0,0,0
20:00:14 Jan 05 2021,89,66,0,0,0
20:00:16 Jan 05 2021,89,63,1,0,0
20:00:18 Jan 05 2021,89,62,1,0,0
20:00:20 Jan 05 2021,89,61,1,0,0
20:00:22 Jan 05 2021,89,62,1,0,0
20:00:24 Jan 05 2021,89,61,1,0,0
20:00:26 Jan 05 2021,90,60,0,0,0
20:00:28 Jan 05 2021,90,63,1,0,0
20:00:30 Jan 05 2021,90,64,1,0,0
20:00:32 Jan 05 2021,90,66,1,0,0
20:00:34 Jan 05 2021,90,68,1,0,0
20:00:36 Jan 05 2021,90,63,0,0,0
20:00:38 Jan 05 2021,90,65,1,0,0
20:00:40 Jan 05 2021,90,60,1,0,0
20:00:42 Jan 05 2021,90,56,0,0,0
20:00:44 Jan 05 2021,90,55,1,0,0
20:00:46 Jan 05 2021,91,51,0,0,0
20:00:48 Jan 05 2021,92,59,1,0,0
20:00:50 Jan 05 2021,92,65,1,0,0
20:00:52 Jan 05 2021,92,71,0,0,0
20:00:54 Jan 05 2021,92,75,0,0,0
20:00:56 Jan 05 2021,92,74,1,0,0
20:00:58 Jan 05 2021,92,73,1,0,0
20:01:00 Jan 05 2021,92,73,0,0,0
20:01:02 Jan 05 2021,92,72,1,0,0
20:01:04 Jan 05 2021,92,71,1,0,0
20:01:06 Jan 05 2021,91,73,0,0,0
20:01:08 Jan 05 2021,91,72,1,0,0
20:01:10 Jan 05 2021,91,74,0,0,0
20:01:12 Jan 05 2021,90,74,0,0,0
20:01:14 Jan 05 2021,90,73,0,0,0
20:01:16 Jan 05 2021,90,73,1,0,0
20:01:18 Jan 05 2021,90,74,0,0,0
20:01:20 Jan 05 2021,90,74,1,0,0
20:01:22 Jan 05 2021,90,76,1,0,0
20:01:24 Jan 05 2021,90,76,1,0,0
20:01:26 Jan 05 2021,90,75,0,0,0
20:01:28 Jan 05 2021,90,77,1,0,0
20:01:30 Jan 05 2021,90,76,1,0,0
20:01:32 Jan 05 2021,90,73,0,0,0
20:01:34 Jan 05 2021,90,71,1,0,0
20:01:36 Jan 05 2021,90,67,1,0,0
20:01:38 Jan 05 2021,91,65,1,0,0
20:01:40 Jan 05 2021,91,65,0,0,0
20:01:42 Jan 05 2021,91,58,1,0,0
20:01:44 Jan 05 2021,91,56,1,0,0
20:01:46 Jan 05 2021,91,50,1,0,0
20:01:48 Jan 05 2021,91,56,1,0,0
20:01:50 Jan 05 2021,91,65,1,0,0
20:01:52 Jan 05 2021,91,67,0,0,0
20:01:54 Jan 05 2021,90,69,1,0,0
20:01:56 Jan 05 2021,90,66,0,0,0
20:01:58 Jan 05 2021,90,66,1,0,0
20:02:00 Jan 05 2021,90,66,0,0,0
20:02:02 Jan 05 2021,90,66,0,0,0
20:02:04 Jan 05 2021,90,66,0,0,0
20:02:06 Jan 05 2021,90,66,1,0,0
20:02:08 Jan 05 2021,90,66,1,0,0
20:02:10 Jan 05 2021,90,66,1,0,0
20:02:12 Jan 05 2021,90,66,1,0,0
20:02:14 Jan 05 2021,90,65,1,0,0
20:02:16 Jan 05 2021,90,65,0,0,0
20:02:18 Jan 05 2021,90,65,1,0,0
20:02:20 Jan 05 2021,90,64,1,0,0
20:02:22 Jan 05 2021,90,65,1,0,0
20:02:24 Jan 05 2021,90,65,1,0,0
20:02:26 Jan 05 2021,90,65,1,0,0
20:02:28 Jan 05 2021,90,68,0,0,0
20:02:30 Jan 05 2021,90,69,1,0,0
20:02:32 Jan 05 2021,90,72,0,0,0
20:02:34 Jan 05 2021,90,73,1,0,0
20:02:36 Jan 05 2021,90,73,1,0,0
20:02:38 Jan 05 2021,90,73,0,0,0
20:02:40 Jan 05 2021,90,73,0,0,0
20:02:42 Jan 05 2021,90,75,1,0,0
20:02:44 Jan 05 2021,90,75,1,0,0
20:02:46 Jan 05 2021,90,75,0,0,0
20:02:48 Jan 05 2021,90,75,1,0,0
20:02:50 Jan 05 2021,90,74,1,0,0
20:02:52 Jan 05 2021,90,74,1,0,0
20:02:54 Jan 05 2021,90,74,0,0,0
20:02:56 Jan 05 2021,90,74,0,0,0
20:02:58 Jan 05 2021,90,74,0,0,0
20:03:00 Jan 05 2021,90,74,1,0,0
20:03:02 Jan 05 2021,91,75,1,0,0
20:03:04 Jan 05 2021,91,75,0,0,0
20:03:06 Jan 05 2021,91,75,1,0,0
20:03:08 Jan 05 2021,91,76,1,0,0
20:03:10 Jan 05 2021,91,75,0,0,0
20:03:12 Jan 05 2021,91,69,0,0,0
20:03:14 Jan 05 2021,91,66,0,0,0
20:03:16 Jan 05 2021,91,63,1,0,0
20:03:18 Jan 05 2021,91,51,1,0,0
20:03:20 Jan 05 2021,91,52,1,0,0
20:03:22 Jan 05 2021,91,42,1,0,0
20:03:24 Jan 05 2021,91,37,1,0,0
20:03:26 Jan 05 2021,91,37,1,0,0
20:03:28 Jan 05 2021,91,36,1,0,0
20:03:30 Jan 05 2021,91,36,0,0,0
20:03:32 Jan 05 2021,91,35,1,0,0
20:03:34 Jan 05 2021,91,34,1,0,0
20:03:36 Jan 05 2021,91,35,1,0,0
20:03:38 Jan 05 2021,91,34,1,0,0
20:03:40 Jan 05 2021,91,34,1,0,0
20:03:42 Jan 05 2021,91,37,0,0,0
20:03:44 Jan 05 2021,91,38,1,0,0
20:03:46 Jan 05 2021,91,39,1,0,0
20:03:48 Jan 05 2021,91,38,1,0,0
20:03:50 Jan 05 2021,91,38,0,0,0
20:03:52 Jan 05 2021,91,38,0,0,0
20:03:54 Jan 05 2021,91,38,1,0,0
20:03:56 Jan 05 2021,91,38,1,0,0
20:03:58 Jan 05 2021,91,38,1,0,0
20:04:00 Jan 05 2021,90,38,0,0,0
20:04:02 Jan 05 2021,90,38,0,0,0
20:04:04 Jan 05 2021,90,38,1,0,0
20:04:06 Jan 05 2021,90,38,1,0,0
20:04:08 Jan 05 2021,90,38,0,0,0
20:04:10 Jan 05 2021,90,38,1,0,0
20:04:12 Jan 05 2021,90,38,1,0,0
20:04:14 Jan 05 2021,91,38,0,0,0
20:04:16 Jan 05 2021,91,38,1,0,0
20:04:18 Jan 05 2021,91,39,0,0,0
20:04:20 Jan 05 2021,91,39,1,0,0
20:04:22 Jan 05 2021,91,40,0,0,0
20:04:24 Jan 05 2021,91,40,1,0,0
20:04:26 Jan 05 2021,91,39,1,0,0
20:04:28 Jan 05 2021,91,39,1,0,0
20:04:30 Jan 05 2021,91,39,1,0,0
20:04:32 Jan 05 2021,91,39,0,0,0
20:04:34 Jan 05 2021,91,39,1,0,0
20:04:36 Jan 05 2021,91,40,1,0,0
20:04:38 Jan 05 2021,91,40,1,0,0
20:04:40 Jan 05 2021,91,45,1,0,0
20:04:42 Jan 05 2021,91,51,1,0,0
20:04:44 Jan 05 2021,91,48,0,0,0
20:04:46 Jan 05 2021,91,51,1,0,0
20:04:48 Jan 05 2021,91,52,1,0,0
20:04:50 Jan 05 2021,91,51,1,0,0
20:04:52 Jan 05 2021,91,51,1,0,0
20:04:54 Jan 05 2021,91,53,1,0,0
20:04:56 Jan 05 2021,91,53,0,0,0
20:04:58 Jan 05 2021,91,59,1,0,0
20:05:00 Jan 05 2021,91,63,1,0,0
20:05:02 Jan 05 2021,91,64,1,0,0
20:05:04 Jan 05 2021,91,66,0,0,0
20:05:06 Jan 05 2021,90,60,0,0,0
20:05:08 Jan 05 2021,90,55,1,0,0
20:05:10 Jan 05 2021,90,58,0,0,0
20:05:12 Jan 05 2021,90,63,1,0,0
20:05:14 Jan 05 2021,90,61,1,0,0
20:05:16 Jan 05 2021,90,66,0,0,0
20:05:18 Jan 05 2021,90,63,1,0,0
20:05:20 Jan 05 2021,90,64,1,0,0
20:05:22 Jan 05 2021,90,60,1,0,0
20:05:24 Jan 05 2021,90,60,0,0,0
20:05:26 Jan 05 2021,90,57,1,0,0
20:05:28 Jan 05 2021,90,54,0,0,0
20:05:30 Jan 05 2021,90,58,1,0,0
20:05:32 Jan 05 2021,90,61,1,0,0
20:05:34 Jan 05 2021,90,63,1,0,0
20:05:36 Jan 05 2021,90,62,0,0,0
20:05:38 Jan 05 2021,90,61,0,0,0
20:05:40 Jan 05 2021,90,61,0,0,0
20:05:42 Jan 05 2021,90,62,0,0,0
20:05:44 Jan 05 2021,90,65,1,0,0
20:05:46 Jan 05 2021,91,68,0,0,0
20:05:48 Jan 05 2021,91,70,1,0,0
20:05:50 Jan 05 2021,91,72,1,0,0
20:05:52 Jan 05 2021,91,72,0,0,0
20:05:54 Jan 05 2021,91,73,0,0,0
20:05:56 Jan 05 2021,91,75,0,0,0
20:05:58 Jan 05 2021,91,76,1,0,0
20:06:00 Jan 05 2021,91,76,1,0,0
20:06:02 Jan 05 2021,91,76,0,0,0
20:06:04 Jan 05 2021,91,76,1,0,0
20:06:06 Jan 05 2021,91,75,1,0,0
20:06:08 Jan 05 2021,91,75,1,0,0
20:06:10 Jan 05 2021,91,75,0,0,0
20:06:12 Jan 05 2021,91,75,0,0,0
20:06:14 Jan 05 2021,90,76,1,0,0
20:06:16 Jan 05 2021,90,77,1,0,0
20:06:18 Jan 05 2021,90,79,0,0,0
20:06:20 Jan 05 2021,90,80,1,0,0
20:06:22 Jan 05 2021,90,80,0,0,0
20:06:24 Jan 05 2021,90,81,1,0,0
20:06:26 Jan 05 2021,90,81,1,0,0
20:06:28 Jan 05 2021,90,80,1,0,0
20:06:30 Jan 05 2021,90,80,0,0,0
20:06:32 Jan 05 2021,90,78,1,0,0
20:06:34 Jan 05 2021,90,76,1,0,0
20:06:36 Jan 05 2021,90,75,1,0,0
20:06:38 Jan 05 2021,90,75,0,0,0
20:06:40 Jan 05 2021,90,77,1,0,0
20:06:42 Jan 05 2021,90,79,1,0,0
20:06:44 Jan 05 2021,91,80,1,0,0
20:06:46 Jan 05 2021,90,78,0,0,0
20:06:48 Jan 05 2021,90,78,1,0,0
20:06:50 Jan 05 2021,90,79,1,0,0
20:06:52 Jan 05 2021,90,78,0,0,0
20:06:54 Jan 05 2021,90,76,1,0,0
20:06:56 Jan 05 2021,90,68,1,0,0
20:06:58 Jan 05 2021,90,57,1,0,0
20:07:00 Jan 05 2021,91,50,0,0,0
20:07:02 Jan 05 2021,91,48,0,0,0
20:07:04 Jan 05 2021,90,53,1,0,0
20:07:06 Jan 05 2021,90,51,0,0,0
20:07:08 Jan 05 2021,90,56,1,0,0
20:07:10 Jan 05 2021,90,61,1,0,0
20:07:12 Jan 05 2021,90,59,1,0,0
20:07:14 Jan 05 2021,90,70,1,0,0
20:07:16 Jan 05 2021,90,65,1,0,0
20:07:18 Jan 05 2021,90,70,1,0,0
20:07:20 Jan 05 2021,91,73,1,0,0
20:07:22 Jan 05 2021,91,70,1,0,0
20:07:24 Jan 05 2021,91,74,0,0,0
20:07:26 Jan 05 2021,91,72,1,0,0
20:07:28 Jan 05 2021,91,71,1,0,0
20:07:30 Jan 05 2021,90,72,1,0,0
20:07:32 Jan 05 2021,90,74,1,0,0
20:07:34 Jan 05 2021,90,74,0,0,0
20:07:36 Jan 05 2021,90,72,1,0,0
20:07:38 Jan 05 2021,90,71,0,0,0
20:07:40 Jan 05 2021,90,71,1,0,0
20:07:42 Jan 05 2021,90,71,0,0,0
20:07:44 Jan 05 2021,90,72,1,0,0
20:07:46 Jan 05 2021,90,72,1,0,0
20:07:48 Jan 05 2021,90,75,0,0,0
20:07:50 Jan 05 2021,91,77,0,0,0
20:07:52 Jan 05 2021,91,78,0,0,0
20:07:54 Jan 05 2021,91,79,1,0,0
20:07:56 Jan 05 2021,92,79,1,0,0
20:07:58 Jan 05 2021,92,78,1,0,0
20:08:00 Jan 05 2021,92,78,1,0,0
20:08:02 Jan 05 2021,92,76,1,0,0
20:08:04 Jan 05 2021,92,72,1,0,0
20:08:06 Jan 05 2021,92,73,1,0,0
20:08:08 Jan 05 2021,92,72,1,0,0
20:08:10 Jan 05 2021,92,71,1,0,0
20:08:12 Jan 05 2021,92,72,1,0,0
20:08:14 Jan 05 2021,91,70,0,0,0
20:08:16 Jan 05 2021,91,69,1,0,0
20:08:18 Jan 05 2021,91,71,1,0,0
20:08:20 Jan 05 2021,91,73,1,0,0
20:08:22 Jan 05 2021,91,73,1,0,0
20:08:24 Jan 05 2021,92,74,1,0,0
20:08:26 Jan 05 2021,92,74,0,0,0
20:08:28 Jan 05 2021,91,74,1,0,0
20:08:30 Jan 05 2021,91,74,1,0,0
20:08:32 Jan 05 2021,90,74,1,0,0
20:08:34 Jan 05 2021,89,74,1,0,0
20:08:36 Jan 05 2021,90,74,1,0,0
20:08:38 Jan 05 2021,90,74,1,0,0
20:08:40 Jan 05 2021,90,73,1,0,0
20:08:42 Jan 05 2021,90,74,1,0,0
20:08:44 Jan 05 2021,90,74,1,0,0
20:08:46 Jan 05 2021,90,74,0,0,0
20:08:48 Jan 05 2021,90,74,0,0,0
20:08:50 Jan 05 2021,90,71,1,0,0
20:08:52 Jan 05 2021,90,73,0,0,0
20:08:54 Jan 05 2021,90,72,0,0,0
20:08:56 Jan 05 2021,90,72,0,0,0
20:08:58 Jan 05 2021,90,73,1,0,0
20:09:00 Jan 05 2021,90,73,1,0,0
20:09:02 Jan 05 2021,90,72,1,0,0
20:09:04 Jan 05 2021,90,77,1,0,0
20:09:06 Jan 05 2021,90,75,0,0,0
20:09:08 Jan 05 2021,90,77,0,0,0
20:09:10 Jan 05 2021,90,82,0,0,0
20:09:12 Jan 05 2021,90,78,1,0,0
20:09:14 Jan 05 2021,90,80,1,0,0
20:09:16 Jan 05 2021,90,78,1,0,0
20:09:18 Jan 05 2021,90,76,0,0,0
20:09:20 Jan 05 2021,90,77,1,0,0
20:09:22 Jan 05 2021,91,76,0,0,0
20:09:24 Jan 05 2021,91,76,1,0,0
20:09:26 Jan 05 2021,91,75,0,0,0
20:09:28 Jan 05 2021,91,74,0,0,0
20:09:30 Jan 05 2021,91,73,1,0,0
20:09:32 Jan 05 2021,91,71,1,0,0
20:09:34 Jan 05 2021,91,70,1,0,0
20:09:36 Jan 05 2021,90,70,0,0,0
20:09:38 Jan 05 2021,90,73,1,0,0
20:09:40 Jan 05 2021,90,77,1,0,0
20:09:42 Jan 05 2021,90,77,1,0,0
20:09:44 Jan 05 2021,90,78,1,0,0
20:09:46 Jan 05 2021,91,79,0,0,0
20:09:48 Jan 05 2021,91,80,0,0,0
20:09:50 Jan 05 2021,91,80,0,0,0
20:09:52 Jan 05 2021,91,81,1,0,0
20:09:54 Jan 05 2021,91,80,1,0,0
20:09:56 Jan 05 2021,91,80,1,0,0
20:09:58 Jan 05 2021,91,80,1,0,0
20:10:00 Jan 05 2021,92,79,1,0,0
20:10:02 Jan 05 2021,94,79,1,0,0
20:10:04 Jan 05 2021,95,78,1,0,0
20:10:06 Jan 05 2021,95,77,1,0,0
20:10:08 Jan 05 2021,95,76,1,0,0
20:10:10 Jan 05 2021,95,74,1,0,0
20:10:12 Jan 05 2021,94,75,1,0,0
20:10:14 Jan 05 2021,93,76,0,0,0
20:10:16 Jan 05 2021,93,77,1,0,0
20:10:18 Jan 05 2021,92,77,0,0,0
20:10:20 Jan 05 2021,90,76,1,0,0
20:10:22 Jan 05 2021,90,75,1,0,0
20:10:24 Jan 05 2021,90,74,1,0,0
20:10:26 Jan 05 2021,90,74,1,0,0
20:10:28 Jan 05 2021,90,75,1,0,0
20:10:30 Jan 05 2021,90,74,1,0,0
20:10:32 Jan 05 2021,90,73,1,0,0
20:10:34 Jan 05 2021,90,73,0,0,0
20:10:36 Jan 05 2021,90,73,1,0,0
20:10:38 Jan 05 2021,90,74,1,0,0
20:10:40 Jan 05 2021,90,68,1,0,0
20:10:42 Jan 05 2021,90,67,1,0,0
20:10:44 Jan 05 2021,90,72,1,0,0
20:10:46 Jan 05 2021,90,71,0,0,0
20:10:48 Jan 05 2021,90,72,0,0,0
20:10:50 Jan 05 2021,90,75,1,0,0
20:10:52 Jan 05 2021,90,78,1,0,0
20:10:54 Jan 05 2021,90,80,1,0,0
20:10:56 Jan 05 2021,91,80,1,0,0
20:10:58 Jan 05 2021,91,77,1,0,0
20:11:00 Jan 05 2021,92,74,1,0,0
20:11:02 Jan 05 2021,93,72,1,0,0
20:11:04 Jan 05 2021,93,71,0,0,0
20:11:06 Jan 05 2021,94,73,1,0,0
20:11:08 Jan 05 2021,94,71,1,0,0
20:11:10 Jan 05 2021,94,69,0,0,0
20:11:12 Jan 05 2021,94,66,1,0,0
20:11:14 Jan 05 2021,93,64,0,0,0
20:11:16 Jan 05 2021,93,64,1,0,0
20:11:18 Jan 05 2021,92,66,1,0,0
20:11:20 Jan 05 2021,92,66,1,0,0
20:11:22 Jan 05 2021,92,68,1,0,0
20:11:24 Jan 05 2021,92,70,1,0,0
20:11:26 Jan 05 2021,92,70,1,0,0
20:11:28 Jan 05 2021,92,72,0,0,0
20:11:30 Jan 05 2021,92,72,1,0,0
20:11:32 Jan 05 2021,92,74,1,0,0
20:11:34 Jan 05 2021,91,74,1,0,0
20:11:36 Jan 05 2021,90,74,1,0,0
20:11:38 Jan 05 2021,90,72,0,0,0
20:11:40 Jan 05 2021,90,71,1,0,0
20:11:42 Jan 05 2021,90,72,0,0,0
20:11:44 Jan 05 2021,90,68,0,0,0
20:11:46 Jan 05 2021,90,65,1,0,0
20:11:48 Jan 05 2021,89,58,1,0,0
20:11:50 Jan 05 2021,90,56,1,0,0
20:11:52 Jan 05 2021,90,56,1,0,0
20:11:54 Jan 05 2021,90,56,0,0,0
20:11:56 Jan 05 2021,90,47,1,0,0
20:11:58 Jan 05 2021,90,42,1,0,0
20:12:00 Jan 05 2021,90,39,0,0,0
20:12:02 Jan 05 2021,90,35,0,0,0
20:12:04 Jan 05 2021,90,35,0,0,0
20:12:06 Jan 05 2021,90,36,1,0,0
20:12:08 Jan 05 2021,90,35,1,0,0
20:12:10 Jan 05 2021,90,35,1,0,0
20:12:12 Jan 05 2021,90,35,1,0,0
20:12:14 Jan 05 2021,90,35,1,0,0
20:12:16 Jan 05 2021,90,35,0,0,0
20:12:18 Jan 05 2021,90,35,0,0,0
20:12:20 Jan 05 2021,90,35,0,0,0
20:12:22 Jan 05 2021,90,35,1,0,0
20:12:24 Jan 05 2021,90,35,1,0,0
20:12:26 Jan 05 2021,90,35,0,0,0
20:12:28 Jan 05 2021,90,35,1,0,0
20:12:30 Jan 05 2021,90,35,0,0,0
20:12:32 Jan 05 2021,90,35,0,0,0
20:12:34 Jan 05 2021,90,35,1,0,0
20:12:36 Jan 05 2021,90,34,1,0,0
20:12:38 Jan 05 2021,90,34,1,0,0
20:12:40 Jan 05 2021,91,33,1,0,0
20:12:42 Jan 05 2021,91,33,0,0,0
20:12:44 Jan 05 2021,91,33,0,0,0
20:12:46 Jan 05 2021,91,33,1,0,0
20:12:48 Jan 05 2021,91,33,0,0,0
20:12:50 Jan 05 2021,91,33,1,0,0
20:12:52 Jan 05 2021,91,33,0,0,0
20:12:54 Jan 05 2021,91,33,1,0,0
20:12:56 Jan 05 2021,91,33,1,0,0
20:12:58 Jan 05 2021,91,33,0,0,0
20:13:00 Jan 05 2021,91,34,1,0,0
20:13:02 Jan 05 2021,91,34,1,0,0
20:13:04 Jan 05 2021,91,34,1,0,0
20:13:06 Jan 05 2021,91,34,1,0,0
20:13:08 Jan 05 2021,91,34,1,0,0
20:13:10 Jan 05 2021,91,34,0,0,0
20:13:12 Jan 05 2021,91,34,0,0,0
20:13:14 Jan 05 2021,91,34,0,0,0
20:13:16 Jan 05 2021,91,47,1,0,0
20:13:18 Jan 05 2021,91,56,1,0,0
20:13:20 Jan 05 2021,91,64,0,0,0
20:13:22 Jan 05 2021,91,64,1,0,0
20:13:24 Jan 05 2021,90,63,1,0,0
20:13:26 Jan 05 2021,90,65,0,0,0
20:13:28 Jan 05 2021,90,67,0,0,0
20:13:30 Jan 05 2021,90,71,0,0,0
20:13:32 Jan 05 2021,91,71,1,0,0
20:13:34 Jan 05 2021,91,70,1,0,0
20:13:36 Jan 05 2021,91,71,1,0,0
20:13:38 Jan 05 2021,91,70,1,0,0
20:13:40 Jan 05 2021,91,72,1,0,0
20:13:42 Jan 05 2021,91,72,1,0,0
20:13:44 Jan 05 2021,91,71,0,0,0
20:13:46 Jan 05 2021,91,71,0,0,0
20:13:48 Jan 05 2021,91,74,0,0,0
20:13:50 Jan 05 2021,91,74,1,0,0
20:13:52 Jan 05 2021,91,77,1,0,0
20:13:54 Jan 05 2021,91,77,0,0,0
20:13:56 Jan 05 2021,91,76,1,0,0
20:13:58 Jan 05 2021,91,81,0,0,0
20:14:00 Jan 05 2021,91,81,1,0,0
20:14:02 Jan 05 2021,91,79,1,0,0
20:14:04 Jan 05 2021,91,79,1,0,0
20:14:06 Jan 05 2021,91,75,0,0,0
20:14:08 Jan 05 2021,91,76,1,0,0
20:14:10 Jan 05 2021,91,77,1,0,0
20:14:12 Jan 05 2021,91,77,0,0,0
20:14:14 Jan 05 2021,91,77,1,0,0
20:14:16 Jan 05 2021,91,77,0,0,0
20:14:18 Jan 05 2021,91,76,1,0,0
20:14:20 Jan 05 2021,91,75,0,0,0
20:14:22 Jan 05 2021,92,76,0,0,0
20:14:24 Jan 05 2021,92,74,1,0,0
20:14:26 Jan 05 2021,92,74,0,0,0
20:14:28 Jan 05 2021,92,74,0,0,0
20:14:30 Jan 05 2021,92,72,1,0,0
20:14:32 Jan 05 2021,92,71,1,0,0
20:14:34 Jan 05 2021,92,68,0,0,0
20:14:36 Jan 05 2021,92,62,0,0,0
20:14:38 Jan 05 2021,91,57,0,0,0
20:14:40 Jan 05 2021,91,56,1,0,0
20:14:42 Jan 05 2021,91,60,0,0,0
20:14:44 Jan 05 2021,92,67,1,0,0
20:14:46 Jan 05 2021,92,66,1,0,0
20:14:48 Jan 05 2021,92,62,0,0,0
20:14:50 Jan 05 2021,91,62,1,0,0
20:14:52 Jan 05 2021,91,62,1,0,0
20:14:54 Jan 05 2021,90,67,1,0,0
20:14:56 Jan 05 2021,90,68,1,0,0
20:14:58 Jan 05 2021,90,68,1,0,0
20:15:00 Jan 05 2021,90,67,1,0,0
20:15:02 Jan 05 2021,90,68,1,0,0
20:15:04 Jan 05 2021,90,68,0,0,0
20:15:06 Jan 05 2021,90,68,1,0,0
20:15:08 Jan 05 2021,90,68,1,0,0
20:15:10 Jan 05 2021,90,68,0,0,0
20:15:12 Jan 05 2021,91,69,0,0,0
20:15:14 Jan 05 2021,91,68,0,0,0
20:15:16 Jan 05 2021,91,64,1,0,0
20:15:18 Jan 05 2021,91,63,1,0,0
20:15:20 Jan 05 2021,91,62,1,0,0
20:15:22 Jan 05 2021,92,67,1,0,0
20:15:24 Jan 05 2021,92,67,0,0,0
20:15:26 Jan 05 2021,92,68,0,0,0
20:15:28 Jan 05 2021,92,68,0,0,0
20:15:30 Jan 05 2021,92,68,1,0,0
20:15:32 Jan 05 2021,92,68,1,0,0
20:15:34 Jan 05 2021,92,68,1,0,0
20:15:36 Jan 05 2021,92,68,1,0,0
20:15:38 Jan 05 2021,92,67,0,0,0
20:15:40 Jan 05 2021,92,67,1,0,0
20:15:42 Jan 05 2021,92,68,1,0,0
20:15:44 Jan 05 2021,92,65,1,0,0
20:15:46 Jan 05 2021,92,64,1,0,0
20:15:48 Jan 05 2021,92,63,1,0,0
20:15:50 Jan 05 2021,91,61,0,0,0
20:15:52 Jan 05 2021,92,62,0,0,0
20:15:54 Jan 05 2021,91,64,0,0,0
20:15:56 Jan 05 2021,91,65,0,0,0
20:15:58 Jan 05 2021,91,68,0,0,0
20:16:00 Jan 05 2021,91,68,0,0,0
20:16:02 Jan 05 2021,91,68,1,0,0
20:16:04 Jan 05 2021,91,69,1,0,0
20:16:06 Jan 05 2021,91,69,1,0,0
20:16:08 Jan 05 2021,91,69,1,0,0
20:16:10 Jan 05 2021,90,69,1,0,0
20:16:12 Jan 05 2021,90,68,0,0,0
20:16:14 Jan 05 2021,90,67,1,0,0
20:16:16 Jan 05 2021,90,66,1,0,0
20:16:18 Jan 05 2021,90,66,1,0,0
20:16:20 Jan 05 2021,90,66,1,0,0
20:16:22 Jan 05 2021,90,66,1,0,0
20:16:24 Jan 05 2021,90,66,1,0,0
20:16:26 Jan 05 2021,90,66,0,0,0
20:16:28 Jan 05 2021,91,68,1,0,0
20:16:30 Jan 05 2021,91,71,1,0,0
20:16:32 Jan 05 2021,92,75,1,0,0
20:16:34 Jan 05 2021,92,76,1,0,0
20:16:36 Jan 05 2021,92,79,1,0,0
20:16:38 Jan 05 2021,92,79,1,0,0
20:16:40 Jan 05 2021,92,80,0,0,0
20:16:42 Jan 05 2021,92,79,1,0,0
20:16:44 Jan 05 2021,92,80,0,0,0
20:16:46 Jan 05 2021,92,80,1,0,0
20:16:48 Jan 05 2021,92,79,1,0,0
20:16:50 Jan 05 2021,91,78,1,0,0
20:16:52 Jan 05 2021,92,78,0,0,0
20:16:54 Jan 05 2021,92,78,1,0,0
20:16:56 Jan 05 2021,91,71,1,0,0
20:16:58 Jan 05 2021,91,70,1,0,0
20:17:00 Jan 05 2021,91,67,0,0,0
20:17:02 Jan 05 2021,90,61,1,0,0
20:17:04 Jan 05 2021,90,69,1,0,0
20:17:06 Jan 05 2021,90,69,0,0,0
20:17:08 Jan 05 2021,90,71,1,0,0
20:17:10 Jan 05 2021,90,72,0,0,0
20:17:12 Jan 05 2021,90,73,1,0,0
20:17:14 Jan 05 2021,90,75,0,0,0
20:17:16 Jan 05 2021,90,69,1,0,0
20:17:18 Jan 05 2021,90,68,0,0,0
20:17:20 Jan 05 2021,91,62,1,0,0
20:17:22 Jan 05 2021,91,61,1,0,0
20:17:24 Jan 05 2021,91,61,1,0,0
20:17:26 Jan 05 2021,91,68,0,0,0
20:17:28 Jan 05 2021,91,69,1,0,0
20:17:30 Jan 05 2021,93,67,0,0,0
20:17:32 Jan 05 2021,95,69,1,0,0
20:17:34 Jan 05 2021,96,68,1,0,0
20:17:36 Jan 05 2021,96,68,1,0,0
20:17:38 Jan 05 2021,95,69,1,0,0
20:17:40 Jan 05 2021,94,69,0,0,0
20:17:42 Jan 05 2021,94,67,1,0,0
20:17:44 Jan 05 2021,95,68,1,0,0
20:17:46 Jan 05 2021,95,67,0,0,0
20:17:48 Jan 05 2021,94,64,0,0,0
20:17:50 Jan 05 2021,94,64,0,0,0
20:17:52 Jan 05 2021,94,62,0,0,0
20:17:54 Jan 05 2021,93,58,1,0,0
20:17:56 Jan 05 2021,93,59,1,0,0
20:17:58 Jan 05 2021,92,59,1,0,0
20:18:00 Jan 05 2021,92,62,1,0,0
20:18:02 Jan 05 2021,92,60,1,0,0
20:18:04 Jan 05 2021,91,59,1,0,0
20:18:06 Jan 05 2021,91,59,1,0,0
20:18:08 Jan 05 2021,90,59,0,0,0
20:18:10 Jan 05 2021,90,51,0,0,0
20:18:12 Jan 05 2021,89,43,1,0,0
20:18:14 Jan 05 2021,89,37,1,0,0
20:18:16 Jan 05 2021,89,36,0,0,0
20:18:18 Jan 05 2021,89,36,1,0,0
20:18:20 Jan 05 2021,89,37,1,0,0
20:18:22 Jan 05 2021,89,37,1,0,0
20:18:24 Jan 05 2021,89,37,0,0,0
20:18:26 Jan 05 2021,89,37,1,0,0
20:18:28 Jan 05 2021,89,38,1,0,0
20:18:30 Jan 05 2021,89,38,1,0,0
20:18:32 Jan 05 2021,89,38,1,0,0
20:18:34 Jan 05 2021,89,38,0,0,0
20:18:36 Jan 05 2021,89,38,1,0,0
20:18:38 Jan 05 2021,89,38,1,0,0
20:18:40 Jan 05 2021,90,37,1,0,0
20:18:42 Jan 05 2021,91,37,1,0,0
20:18:44 Jan 05 2021,92,37,0,0,0
20:18:46 Jan 05 2021,92,37,0,0,0
20:18:48 Jan 05 2021,92,37,0,0,0
20:18:50 Jan 05 2021,92,37,1,0,0
20:18:52 Jan 05 2021,92,37,0,0,0
20:18:54 Jan 05 2021,92,37,0,0,0
20:18:56 Jan 05 2021,92,37,1,0,0
20:18:58 Jan 05 2021,92,37,0,0,0
20:19:00 Jan 05 2021,91,37,0,0,0
20:19:02 Jan 05 2021,91,37,1,0,0
20:19:04 Jan 05 2021,91,37,0,0,0
20:19:06 Jan 05 2021,92,37,1,0,0
20:19:08 Jan 05 2021,92,37,1,0,0
20:19:10 Jan 05 2021,92,37,0,0,0
20:19:12 Jan 05 2021,92,37,0,0,0
20:19:14 Jan 05 2021,92,37,1,0,0
20:19:16 Jan 05 2021,92,37,1,0,0
20:19:18 Jan 05 2021,92,37,1,0,0
20:19:20 Jan 05 2021,92,37,1,0,0
20:19:22 Jan 05 2021,92,37,0,0,0
20:19:24 Jan 05 2021,92,37,0,0,0
20:19:26 Jan 05 2021,92,37,1,0,0
20:19:28 Jan 05 2021,92,37,1,0,0
20:19:30 Jan 05 2021,92,37,1,0,0
20:19:32 Jan 05 2021,91,36,0,0,0
20:19:34 Jan 05 2021,91,35,1,0,0
20:19:36 Jan 05 2021,90,35,1,0,0
20:19:38 Jan 05 2021,91,35,1,0,0
20:19:40 Jan 05 2021,91,35,1,0,0
20:19:42 Jan 05 2021,91,35,1,0,0
20:19:44 Jan 05 2021,91,35,1,0,0
20:19:46 Jan 05 2021,91,35,1,0,0
20:19:48 Jan 05 2021,91,35,1,0,0
20:19:50 Jan 05 2021,91,35,0,0,0
20:19:52 Jan 05 2021,91,35,1,0,0
20:19:54 Jan 05 2021,91,35,1,0,0
20:19:56 Jan 05 2021,91,35,1,0,0
20:19:58 Jan 05 2021,91,35,1,0,0
20:20:00 Jan 05 2021,91,35,1,0,0
20:20:02 Jan 05 2021,91,35,1,0,0
20:20:04 Jan 05 2021,91,35,0,0,0
20:20:06 Jan 05 2021,91,35,0,0,0
20:20:08 Jan 05 2021,91,35,0,0,0
20:20:10 Jan 05 2021,91,35,1,0,0
20:20:12 Jan 05 2021,91,35,1,0,0
20:20:14 Jan 05 2021,91,35,1,0,0
20:20:16 Jan 05 2021,91,35,1,0,0
20:20:18 Jan 05 2021,91,35,1,0,0
20:20:20 Jan 05 2021,91,35,1,0,0
20:20:22 Jan 05 2021,91,35,0,0,0
20:20:24 Jan 05 2021,91,35,0,0,0
20:20:26 Jan 05 2021,91,35,1,0,0
20:20:28 Jan 05 2021,91,35,0,0,0
20:20:30 Jan 05 2021,91,35,1,0,0
20:20:32 Jan 05 2021,91,35,1,0,0
20:20:34 Jan 05 2021,91,35,0,0,0
20:20:36 Jan 05 2021,91,35,1,0,0
20:20:38 Jan 05 2021,91,35,1,0,0
20:20:40 Jan 05 2021,91,35,1,0,0
20:20:42 Jan 05 2021,91,34,1,0,0
20:20:44 Jan 05 2021,91,34,0,0,0
20:20:46 Jan 05 2021,91,34,1,0,0
20:20:48 Jan 05 2021,91,34,0,0,0
20:20:50 Jan 05 2021,91,33,1,0,0
20:20:52 Jan 05 2021,91,33,0,0,0
20:20:54 Jan 05 2021,91,33,0,0,0
20:20:56 Jan 05 2021,91,33,1,0,0
20:20:58 Jan 05 2021,91,33,0,0,0
20:21:00 Jan 05 2021,91,33,0,0,0
20:21:02 Jan 05 2021,91,33,1,0,0
20:21:04 Jan 05 2021,91,33,0,0,0
20:21:06 Jan 05 2021,91,34,1,0,0
20:21:08 Jan 05 2021,91,34,0,0,0
20:21:10 Jan 05 2021,91,34,1,0,0
20:21:12 Jan 05 2021,91,37,1,0,0
20:21:14 Jan 05 2021,91,41,1,0,0
20:21:16 Jan 05 2021,91,43,0,0,0
20:21:18 Jan 05 2021,91,45,0,0,0
20:21:20 Jan 05 2021,91,50,1,0,0
20:21:22 Jan 05 2021,91,51,0,0,0
20:21:24 Jan 05 2021,91,55,0,0,0
20:21:26 Jan 05 2021,91,56,1,0,0
20:21:28 Jan 05 2021,91,58,1,0,0
20:21:30 Jan 05 2021,91,62,1,0,0
20:21:32 Jan 05 2021,91,63,1,0,0
20:21:34 Jan 05 2021,91,65,1,0,0
20:21:36 Jan 05 2021,91,65,0,0,0
20:21:38 Jan 05 2021,91,64,1,0,0
20:21:40 Jan 05 2021,91,61,0,0,0
20:21:42 Jan 05 2021,91,61,0,0,0
20:21:44 Jan 05 2021,91,61,0,0,0
20:21:46 Jan 05 2021,91,61,1,0,0
20:21:48 Jan 05 2021,91,61,0,0,0
20:21:50 Jan 05 2021,91,61,1,0,0
20:21:52 Jan 05 2021,91,61,0,0,0
20:21:54 Jan 05 2021,91,62,1,0,0
20:21:56 Jan 05 2021,91,62,1,0,0
20:21:58 Jan 05 2021,92,63,1,0,0
20:22:00 Jan 05 2021,92,63,1,0,0
20:22:02 Jan 05 2021,92,59,0,0,0
20:22:04 Jan 05 2021,92,57,0,0,0
20:22:06 Jan 05 2021,92,55,1,0,0
20:22:08 Jan 05 2021,92,57,1,0,0
20:22:10 Jan 05 2021,92,56,0,0,0
20:22:12 Jan 05 2021,92,56,0,0,0
20:22:14 Jan 05 2021,92,55,1,0,0
20:22:16 Jan 05 2021,92,55,1,0,0
20:22:18 Jan 05 2021,92,55,1,0,0
20:22:20 Jan 05 2021,92,55,1,0,0
20:22:22 Jan 05 2021,92,50,0,0,0
20:22:24 Jan 05 2021,91,47,1,0,0
20:22:26 Jan 05 2021,91,50,0,0,0
20:22:28 Jan 05 2021,91,55,1,0,0
20:22:30 Jan 05 2021,91,65,1,0,0
20:22:32 Jan 05 2021,91,70,0,0,0
20:22:34 Jan 05 2021,91,69,0,0,0
20:22:36 Jan 05 2021,91,72,1,0,0
20:22:38 Jan 05 2021,92,76,1,0,0
20:22:40 Jan 05 2021,92,78,1,0,0
20:22:42 Jan 05 2021,92,79,1,0,0
20:22:44 Jan 05 2021,92,78,0,0,0
20:22:46 Jan 05 2021,92,78,0,0,0
20:22:48 Jan 05 2021,91,78,1,0,0
20:22:50 Jan 05 2021,91,78,0,0,0
20:22:52 Jan 05 2021,90,78,0,0,0
20:22:54 Jan 05 2021,91,76,1,0,0
20:22:56 Jan 05 2021,91,76,1,0,0
20:22:58 Jan 05 2021,91,75,1,0,0
20:23:00 Jan 05 2021,92,75,1,0,0
20:23:02 Jan 05 2021,92,75,1,0,0
20:23:04 Jan 05 2021,92,75,0,0,0
20:23:06 Jan 05 2021,92,75,0,0,0
20:23:08 Jan 05 2021,92,75,1,0,0
20:23:10 Jan 05 2021,92,73,0,0,0
20:23:12 Jan 05 2021,91,70,0,0,0
20:23:14 Jan 05 2021,91,69,1,0,0
20:23:16 Jan 05 2021,91,71,0,0,0
20:23:18 Jan 05 2021,91,73,1,0,0
20:23:20 Jan 05 2021,91,72,1,0,0
20:23:22 Jan 05 2021,91,72,0,0,0
20:23:24 Jan 05 2021,91,71,1,0,0
20:23:26 Jan 05 2021,91,65,0,0,0
20:23:28 Jan 05 2021,91,68,1,0,0
20:23:30 Jan 05 2021,91,68,1,0,0
20:23:32 Jan 05 2021,91,74,1,0,0
20:23:34 Jan 05 2021,90,76,0,0,0
20:23:36 Jan 05 2021,90,76,1,0,0
20:23:38 Jan 05 2021,90,75,1,0,0
20:23:40 Jan 05 2021,90,75,1,0,0
20:23:42 Jan 05 2021,90,75,1,0,0
20:23:44 Jan 05 2021,90,76,1,0,0
20:23:46 Jan 05 2021,90,76,1,0,0
20:23:48 Jan 05 2021,90,77,1,0,0
20:23:50 Jan 05 2021,90,75,1,0,0
20:23:52 Jan 05 2021,90,75,1,0,0
20:23:54 Jan 05 2021,90,74,1,0,0
20:23:56 Jan 05 2021,91,73,1,0,0
20:23:58 Jan 05 2021,91,73,0,0,0
20:24:00 Jan 05 2021,91,72,0,0,0
20:24:02 Jan 05 2021,91,72,0,0,0
20:24:04 Jan 05 2021,91,71,1,0,0
20:24:06 Jan 05 2021,91,68,0,0,0
20:24:08 Jan 05 2021,92,69,1,0,0
20:24:10 Jan 05 2021,92,68,0,0,0
20:24:12 Jan 05 2021,92,68,0,0,0
20:24:14 Jan 05 2021,92,68,0,0,0
20:24:16 Jan 05 2021,92,69,0,0,0
20:24:18 Jan 05 2021,92,70,0,0,0
20:24:20 Jan 05 2021,92,71,0,0,0
20:24:22 Jan 05 2021,92,71,1,0,0
20:24:24 Jan 05 2021,92,71,6,0,0
20:24:26 Jan 05 2021,92,71,0,0,0
20:24:28 Jan 05 2021,92,71,0,0,0
20:24:30 Jan 05 2021,92,71,0,0,0
20:24:32 Jan 05 2021,92,71,0,0,0
20:24:34 Jan 05 2021,92,72,0,0,0
20:24:36 Jan 05 2021,91,71,0,0,0
20:24:38 Jan 05 2021,91,72,0,0,0
20:24:40 Jan 05 2021,91,75,0,0,0
20:24:42 Jan 05 2021,91,74,0,0,0
20:24:44 Jan 05 2021,91,75,0,0,0
20:24:46 Jan 05 2021,91,74,0,0,0
20:24:48 Jan 05 2021,91,73,0,0,0
20:24:50 Jan 05 2021,91,72,0,0,0
20:24:52 Jan 05 2021,91,72,0,0,0
20:24:54 Jan 05 2021,91,73,0,0,0
20:24:56 Jan 05 2021,91,74,0,0,0
20:24:58 Jan 05 2021,91,74,0,0,0
20:25:00 Jan 05 2021,91,74,0,0,0
20:25:02 Jan 05 2021,91,74,0,0,0
20:25:04 Jan 05 2021,91,74,1,0,0
20:25:06 Jan 05 2021,91,74,0,0,0
20:25:08 Jan 05 2021,91,74,0,0,0
20:25:10 Jan 05 2021,91,74,0,0,0
20:25:12 Jan 05 2021,91,74,0,0,0
20:25:14 Jan 05 2021,91,74,0,0,0
20:25:16 Jan 05 2021,91,74,0,0,0
20:25:18 Jan 05 2021,91,75,0,0,0
20:25:20 Jan 05 2021,91,76,0,0,0
20:25:22 Jan 05 2021,91,69,0,0,0
20:25:24 Jan 05 2021,91,68,0,0,0
20:25:26 Jan 05 2021,91,61,0,0,0
20:25:28 Jan 05 2021,91,60,0,0,0
20:25:30 Jan 05 2021,91,61,0,0,0
20:25:32 Jan 05 2021,91,53,0,0,0
20:25:34 Jan 05 2021,91,51,1,0,0
20:25:36 Jan 05 2021,91,51,0,0,0
20:25:38 Jan 05 2021,90,54,0,0,0
20:25:40 Jan 05 2021,89,64,0,0,0
20:25:42 Jan 05 2021,89,69,1,0,0
20:25:44 Jan 05 2021,89,69,0,0,0
20:25:46 Jan 05 2021,89,69,1,0,0
20:25:48 Jan 05 2021,89,68,0,0,0
20:25:50 Jan 05 2021,89,69,0,0,0
20:25:52 Jan 05 2021,89,69,0,0,0
20:25:54 Jan 05 2021,89,70,0,0,0
20:25:56 Jan 05 2021,89,70,0,0,0
20:25:58 Jan 05 2021,89,71,0,0,0
20:26:00 Jan 05 2021,89,72,0,0,0
20:26:02 Jan 05 2021,89,73,0,0,0
20:26:04 Jan 05 2021,89,74,0,0,0
20:26:06 Jan 05 2021,89,74,0,0,0
20:26:08 Jan 05 2021,89,74,0,0,0
20:26:10 Jan 05 2021,89,74,0,0,0
20:26:12 Jan 05 2021,89,74,0,0,0
20:26:14 Jan 05 2021,89,74,1,0,0
20:26:16 Jan 05 2021,91,74,0,0,0
20:26:18 Jan 05 2021,92,75,0,0,0
20:26:20 Jan 05 2021,92,76,1,0,0
20:26:22 Jan 05 2021,92,76,0,0,0
20:26:24 Jan 05 2021,92,77,0,0,0
20:26:26 Jan 05 2021,92,76,0,0,0
20:26:28 Jan 05 2021,92,77,0,0,0
20:26:30 Jan 05 2021,92,77,0,0,0
20:26:32 Jan 05 2021,92,77,0,0,0
20:26:34 Jan 05 2021,92,78,0,0,0
20:26:36 Jan 05 2021,92,77,0,0,0
20:26:38 Jan 05 2021,92,75,0,0,0
20:26:40 Jan 05 2021,92,78,0,0,0
20:26:42 Jan 05 2021,92,76,0,0,0
20:26:44 Jan 05 2021,92,76,0,0,0
20:26:46 Jan 05 2021,92,77,0,0,0
20:26:48 Jan 05 2021,92,77,0,0,0
20:26:50 Jan 05 2021,92,72,0,0,0
20:26:52 Jan 05 2021,91,62,1,0,0
20:26:54 Jan 05 2021,91,61,0,0,0
20:26:56 Jan 05 2021,91,55,0,0,0
20:26:58 Jan 05 2021,91,55,0,0,0
20:27:00 Jan 05 2021,91,58,0,0,0
20:27:02 Jan 05 2021,91,58,0,0,0
20:27:04 Jan 05 2021,91,57,1,0,0
20:27:06 Jan 05 2021,91,57,0,0,0
20:27:08 Jan 05 2021,91,57,0,0,0
20:27:10 Jan 05 2021,91,57,0,0,0
20:27:12 Jan 05 2021,91,57,1,0,0
20:27:14 Jan 05 2021,91,57,0,0,0
20:27:16 Jan 05 2021,91,56,0,0,0
20:27:18 Jan 05 2021,91,56,0,0,0
20:27:20 Jan 05 2021,91,59,0,0,0
20:27:22 Jan 05 2021,91,62,0,0,0
20:27:24 Jan 05 2021,91,63,0,0,0
20:27:26 Jan 05 2021,91,65,0,0,0
20:27:28 Jan 05 2021,91,64,1,0,0
20:27:30 Jan 05 2021,91,64,0,0,0
20:27:32 Jan 05 2021,91,64,0,0,0
20:27:34 Jan 05 2021,91,64,0,0,0
20:27:36 Jan 05 2021,91,64,0,0,0
20:27:38 Jan 05 2021,91,65,0,0,0
20:27:40 Jan 05 2021,91,65,0,0,0
20:27:42 Jan 05 2021,91,65,0,0,0
20:27:44 Jan 05 2021,91,65,0,0,0
20:27:46 Jan 05 2021,91,65,0,0,0
20:27:48 Jan 05 2021,91,65,0,0,0
20:27:50 Jan 05 2021,91,65,0,0,0
20:27:52 Jan 05 2021,91,66,0,0,0
20:27:54 Jan 05 2021,91,65,0,0,0
20:27:56 Jan 05 2021,91,65,0,0,0
20:27:58 Jan 05 2021,90,65,1,0,0
20:28:00 Jan 05 2021,90,65,0,0,0
20:28:02 Jan 05 2021,90,65,0,0,0
20:28:04 Jan 05 2021,91,65,0,0,0
20:28:06 Jan 05 2021,91,65,0,0,0
20:28:08 Jan 05 2021,91,64,0,0,0
20:28:10 Jan 05 2021,91,64,0,0,0
20:28:12 Jan 05 2021,91,64,0,0,0
20:28:14 Jan 05 2021,91,64,0,0,0
20:28:16 Jan 05 2021,91,64,0,0,0
20:28:18 Jan 05 2021,91,65,0,0,0
20:28:20 Jan 05 2021,91,65,0,0,0
20:28:22 Jan 05 2021,91,65,0,0,0
20:28:24 Jan 05 2021,91,65,0,0,0
20:28:26 Jan 05 2021,91,65,0,0,0
20:28:28 Jan 05 2021,91,66,0,0,0
20:28:30 Jan 05 2021,90,67,0,0,0
20:28:32 Jan 05 2021,90,69,0,0,0
20:28:34 Jan 05 2021,90,68,1,0,0
20:28:36 Jan 05 2021,90,67,0,0,0
20:28:38 Jan 05 2021,90,67,0,0,0
20:28:40 Jan 05 2021,90,64,0,0,0
20:28:42 Jan 05 2021,90,64,1,0,0
20:28:44 Jan 05 2021,90,65,0,0,0
20:28:46 Jan 05 2021,90,65,0,0,0
20:28:48 Jan 05 2021,90,64,0,0,0
20:28:50 Jan 05 2021,90,66,0,0,0
20:28:52 Jan 05 2021,90,62,0,0,0
20:28:54 Jan 05 2021,90,61,0,0,0
20:28:56 Jan 05 2021,90,63,0,0,0
20:28:58 Jan 05 2021,90,61,0,0,0
20:29:00 Jan 05 2021,90,65,0,0,0
20:29:02 Jan 05 2021,90,66,0,0,0
20:29:04 Jan 05 2021,90,67,1,0,0
20:29:06 Jan 05 2021,90,69,1,0,0
20:29:08 Jan 05 2021,90,70,1,0,0
20:29:10 Jan 05 2021,90,71,0,0,0
20:29:12 Jan 05 2021,89,73,0,0,0
20:29:14 Jan 05 2021,89,74,0,0,0
20:29:16 Jan 05 2021,88,75,0,0,0
20:29:18 Jan 05 2021,88,75,0,0,0
20:29:20 Jan 05 2021,88,74,0,0,0
20:29:22 Jan 05 2021,88,73,0,0,0
20:29:24 Jan 05 2021,88,74,0,0,0
20:29:26 Jan 05 2021,88,73,0,0,0
20:29:28 Jan 05 2021,89,72,0,0,0
20:29:30 Jan 05 2021,89,73,0,0,0
20:29:32 Jan 05 2021,89,71,0,0,0
20:29:34 Jan 05 2021,89,72,0,0,0
20:29:36 Jan 05 2021,89,73,0,0,0
20:29:38 Jan 05 2021,89,74,0,0,0
20:29:40 Jan 05 2021,89,73,0,0,0
20:29:42 Jan 05 2021,89,73,0,0,0
20:29:44 Jan 05 2021,89,71,0,0,0
20:29:46 Jan 05 2021,89,70,3,0,0
20:29:48 Jan 05 2021,89,70,0,0,0
20:29:50 Jan 05 2021,89,70,0,0,0
20:29:52 Jan 05 2021,89,68,0,0,0
20:29:54 Jan 05 2021,89,68,0,0,0
20:29:56 Jan 05 2021,89,67,0,0,0
20:29:58 Jan 05 2021,89,66,0,0,0
20:30:00 Jan 05 2021,90,68,0,0,0
20:30:02 Jan 05 2021,90,68,0,0,0
20:30:04 Jan 05 2021,90,68,0,0,0
20:30:06 Jan 05 2021,90,69,0,0,0
20:30:08 Jan 05 2021,90,69,0,0,0
20:30:10 Jan 05 2021,90,70,1,0,0
20:30:12 Jan 05 2021,90,68,0,0,0
20:30:14 Jan 05 2021,90,68,0,0,0
20:30:16 Jan 05 2021,90,66,0,0,0
20:30:18 Jan 05 2021,90,67,0,0,0
20:30:20 Jan 05 2021,90,67,0,0,0
20:30:22 Jan 05 2021,90,67,0,0,0
20:30:24 Jan 05 2021,90,67,0,0,0
20:30:26 Jan 05 2021,90,68,0,0,0
20:30:28 Jan 05 2021,89,68,0,0,0
20:30:30 Jan 05 2021,88,68,0,0,0
20:30:32 Jan 05 2021,88,67,0,0,0
20:30:34 Jan 05 2021,88,65,0,0,0
20:30:36 Jan 05 2021,88,64,0,0,0
20:30:38 Jan 05 2021,88,65,0,0,0
20:30:40 Jan 05 2021,88,65,0,0,0
20:30:42 Jan 05 2021,88,65,0,0,0
20:30:44 Jan 05 2021,88,65,0,0,0
20:30:46 Jan 05 2021,88,66,1,0,0
20:30:48 Jan 05 2021,88,66,0,0,0
20:30:50 Jan 05 2021,88,60,1,0,0
20:30:52 Jan 05 2021,88,58,0,0,0
20:30:54 Jan 05 2021,89,56,0,0,0
20:30:56 Jan 05 2021,89,58,0,0,0
20:30:58 Jan 05 2021,89,57,0,0,0
20:31:00 Jan 05 2021,90,55,0,0,0
20:31:02 Jan 05 2021,90,54,0,0,0
20:31:04 Jan 05 2021,90,55,0,0,0
20:31:06 Jan 05 2021,90,56,0,0,0
20:31:08 Jan 05 2021,91,55,0,0,0
20:31:10 Jan 05 2021,91,56,0,0,0
20:31:12 Jan 05 2021,91,59,1,0,0
20:31:14 Jan 05 2021,91,65,0,0,0
20:31:16 Jan 05 2021,91,72,0,0,0
20:31:18 Jan 05 2021,91,71,1,0,0
20:31:20 Jan 05 2021,91,73,1,0,0
20:31:22 Jan 05 2021,91,73,0,0,0
20:31:24 Jan 05 2021,91,73,0,0,0
20:31:26 Jan 05 2021,91,72,1,0,0
20:31:28 Jan 05 2021,90,71,1,0,0
20:31:30 Jan 05 2021,90,69,1,0,0
20:31:32 Jan 05 2021,90,68,0,0,0
20:31:34 Jan 05 2021,91,68,0,0,0
20:31:36 Jan 05 2021,91,66,1,0,0
20:31:38 Jan 05 2021,90,56,1,0,0
20:31:40 Jan 05 2021,90,48,1,0,0
20:31:42 Jan 05 2021,90,38,0,0,0
20:31:44 Jan 05 2021,90,36,1,0,0
20:31:46 Jan 05 2021,90,36,1,0,0
20:31:48 Jan 05 2021,90,36,0,0,0
20:31:50 Jan 05 2021,90,37,0,0,0
20:31:52 Jan 05 2021,90,36,1,0,0
20:31:54 Jan 05 2021,90,36,0,0,0
20:31:56 Jan 05 2021,90,36,1,0,0
20:31:58 Jan 05 2021,90,36,1,0,0
20:32:00 Jan 05 2021,90,36,1,0,0
20:32:02 Jan 05 2021,90,36,1,0,0
20:32:04 Jan 05 2021,90,36,1,0,0
20:32:06 Jan 05 2021,90,36,1,0,0
20:32:08 Jan 05 2021,90,36,0,0,0
20:32:10 Jan 05 2021,90,36,0,0,0
20:32:12 Jan 05 2021,90,36,1,0,0
20:32:14 Jan 05 2021,90,37,1,0,0
20:32:16 Jan 05 2021,90,36,1,0,0
20:32:18 Jan 05 2021,90,36,0,0,0
20:32:20 Jan 05 2021,90,36,1,0,0
20:32:22 Jan 05 2021,90,36,1,0,0
20:32:24 Jan 05 2021,90,36,1,0,0
20:32:26 Jan 05 2021,90,36,1,0,0
20:32:28 Jan 05 2021,90,36,1,0,0
20:32:30 Jan 05 2021,89,36,0,0,0
20:32:32 Jan 05 2021,89,36,0,0,0
20:32:34 Jan 05 2021,89,37,1,0,0
20:32:36 Jan 05 2021,89,37,1,0,0
20:32:38 Jan 05 2021,89,37,1,0,0
20:32:40 Jan 05 2021,89,37,1,0,0
20:32:42 Jan 05 2021,89,37,1,0,0
20:32:44 Jan 05 2021,89,37,1,0,0
20:32:46 Jan 05 2021,89,37,0,0,0
20:32:48 Jan 05 2021,89,36,1,0,0
20:32:50 Jan 05 2021,89,36,1,0,0
20:32:52 Jan 05 2021,89,37,1,0,0
20:32:54 Jan 05 2021,89,37,1,0,0
20:32:56 Jan 05 2021,89,37,0,0,0
20:32:58 Jan 05 2021,89,37,1,0,0
20:33:00 Jan 05 2021,89,37,1,0,0
20:33:02 Jan 05 2021,89,37,1,0,0
20:33:04 Jan 05 2021,89,37,1,0,0
20:33:06 Jan 05 2021,89,37,0,0,0
20:33:08 Jan 05 2021,89,38,0,0,0
20:33:10 Jan 05 2021,89,39,0,0,0
20:33:12 Jan 05 2021,89,38,1,0,0
20:33:14 Jan 05 2021,89,39,1,0,0
20:33:16 Jan 05 2021,89,39,1,0,0
20:33:18 Jan 05 2021,89,39,0,0,0
20:33:20 Jan 05 2021,89,40,1,0,0
20:33:22 Jan 05 2021,89,43,0,0,0
20:33:24 Jan 05 2021,89,50,0,0,0
20:33:26 Jan 05 2021,89,54,1,0,0
20:33:28 Jan 05 2021,89,55,1,0,0
20:33:30 Jan 05 2021,89,53,1,0,0
20:33:32 Jan 05 2021,89,53,1,0,0
20:33:34 Jan 05 2021,89,53,1,0,0
20:33:36 Jan 05 2021,89,53,0,0,0
20:33:38 Jan 05 2021,89,52,0,0,0
20:33:40 Jan 05 2021,90,53,1,0,0
20:33:42 Jan 05 2021,90,52,0,0,0
20:33:44 Jan 05 2021,90,52,0,0,0
20:33:46 Jan 05 2021,90,55,0,0,0
20:33:48 Jan 05 2021,89,52,1,0,0
20:33:50 Jan 05 2021,89,53,0,0,0
20:33:52 Jan 05 2021,89,54,1,0,0
20:33:54 Jan 05 2021,89,52,0,0,0
20:33:56 Jan 05 2021,89,52,1,0,0
20:33:58 Jan 05 2021,89,52,0,0,0
20:34:00 Jan 05 2021,89,52,0,0,0
20:34:02 Jan 05 2021,89,54,1,0,0
20:34:04 Jan 05 2021,89,55,1,0,0
20:34:06 Jan 05 2021,89,54,0,0,0
20:34:08 Jan 05 2021,89,55,1,0,0
20:34:10 Jan 05 2021,89,55,1,0,0
20:34:12 Jan 05 2021,89,53,1,0,0
20:34:14 Jan 05 2021,90,53,1,0,0
20:34:16 Jan 05 2021,90,53,1,0,0
20:34:18 Jan 05 2021,90,52,0,0,0
20:34:20 Jan 05 2021,90,52,0,0,0
20:34:22 Jan 05 2021,90,52,0,0,0
20:34:24 Jan 05 2021,90,52,0,0,0
20:34:26 Jan 05 2021,90,52,0,0,0
20:34:28 Jan 05 2021,90,51,0,0,0
20:34:30 Jan 05 2021,91,50,0,0,0
20:34:32 Jan 05 2021,91,56,0,0,0
20:34:34 Jan 05 2021,92,61,0,0,0
20:34:36 Jan 05 2021,92,70,1,0,0
20:34:38 Jan 05 2021,92,67,0,0,0
20:34:40 Jan 05 2021,92,71,0,0,0
20:34:42 Jan 05 2021,92,74,0,0,0
20:34:44 Jan 05 2021,92,73,0,0,0
20:34:46 Jan 05 2021,92,74,0,0,0
20:34:48 Jan 05 2021,92,74,0,0,0
20:34:50 Jan 05 2021,91,74,0,0,0
20:34:52 Jan 05 2021,91,75,0,0,0
20:34:54 Jan 05 2021,91,75,1,0,0
20:34:56 Jan 05 2021,91,75,0,0,0
20:34:58 Jan 05 2021,91,75,0,0,0
20:35:00 Jan 05 2021,91,75,0,0,0
20:35:02 Jan 05 2021,91,75,1,0,0
20:35:04 Jan 05 2021,91,75,0,0,0
20:35:06 Jan 05 2021,91,74,0,0,0
20:35:08 Jan 05 2021,90,74,0,0,0
20:35:10 Jan 05 2021,90,72,0,0,0
20:35:12 Jan 05 2021,90,71,0,0,0
20:35:14 Jan 05 2021,89,71,0,0,0
20:35:16 Jan 05 2021,89,71,0,0,0
20:35:18 Jan 05 2021,90,72,0,0,0
20:35:20 Jan 05 2021,90,74,0,0,0
20:35:22 Jan 05 2021,90,74,0,0,0
20:35:24 Jan 05 2021,90,74,0,0,0
20:35:26 Jan 05 2021,90,72,0,0,0
20:35:28 Jan 05 2021,90,71,0,0,0
20:35:30 Jan 05 2021,90,71,1,0,0
20:35:32 Jan 05 2021,90,71,0,0,0
20:35:34 Jan 05 2021,90,71,0,0,0
20:35:36 Jan 05 2021,90,74,0,0,0
20:35:38 Jan 05 2021,90,75,0,0,0
20:35:40 Jan 05 2021,89,77,0,0,0
20:35:42 Jan 05 2021,89,77,0,0,0
20:35:44 Jan 05 2021,89,75,0,0,0
20:35:46 Jan 05 2021,89,74,0,0,0
20:35:48 Jan 05 2021,89,73,0,0,0
20:35:50 Jan 05 2021,89,73,1,0,0
20:35:52 Jan 05 2021,89,72,0,0,0
20:35:54 Jan 05 2021,89,73,1,0,0
20:35:56 Jan 05 2021,89,73,0,0,0
20:35:58 Jan 05 2021,89,73,0,0,0
20:36:00 Jan 05 2021,89,73,0,0,0
20:36:02 Jan 05 2021,89,73,0,0,0
20:36:04 Jan 05 2021,89,72,0,0,0
20:36:06 Jan 05 2021,88,71,1,0,0
20:36:08 Jan 05 2021,88,71,0,0,0
20:36:10 Jan 05 2021,88,70,0,0,0
20:36:12 Jan 05 2021,88,70,1,0,0
20:36:14 Jan 05 2021,88,70,0,0,0
20:36:16 Jan 05 2021,88,70,1,0,0
20:36:18 Jan 05 2021,88,72,0,0,0
20:36:20 Jan 05 2021,89,72,0,0,0
20:36:22 Jan 05 2021,89,71,0,0,0
20:36:24 Jan 05 2021,89,71,0,0,0
20:36:26 Jan 05 2021,89,71,0,0,0
20:36:28 Jan 05 2021,89,71,0,0,0
20:36:30 Jan 05 2021,89,71,0,0,0
20:36:32 Jan 05 2021,89,71,0,0,0
20:36:34 Jan 05 2021,89,71,0,0,0
20:36:36 Jan 05 2021,89,69,1,0,0
20:36:38 Jan 05 2021,90,68,0,0,0
20:36:40 Jan 05 2021,90,68,1,0,0
20:36:42 Jan 05 2021,90,66,0,0,0
20:36:44 Jan 05 2021,90,70,1,0,0
20:36:46 Jan 05 2021,90,70,1,0,0
20:36:48 Jan 05 2021,90,70,0,0,0
20:36:50 Jan 05 2021,90,72,0,0,0
20:36:52 Jan 05 2021,90,72,0,0,0
20:36:54 Jan 05 2021,90,72,0,0,0
20:36:56 Jan 05 2021,90,71,0,0,0
20:36:58 Jan 05 2021,90,70,1,0,0
20:37:00 Jan 05 2021,90,71,0,0,0
20:37:02 Jan 05 2021,90,71,0,0,0
20:37:04 Jan 05 2021,90,74,1,0,0
20:37:06 Jan 05 2021,90,74,0,0,0
20:37:08 Jan 05 2021,91,71,0,0,0
20:37:10 Jan 05 2021,91,71,1,0,0
20:37:12 Jan 05 2021,91,70,0,0,0
20:37:14 Jan 05 2021,91,64,0,0,0
20:37:16 Jan 05 2021,91,63,0,0,0
20:37:18 Jan 05 2021,91,58,1,0,0
20:37:20 Jan 05 2021,91,52,0,0,0
20:37:22 Jan 05 2021,91,52,0,0,0
20:37:24 Jan 05 2021,92,54,1,0,0
20:37:26 Jan 05 2021,92,53,0,0,0
20:37:28 Jan 05 2021,92,55,1,0,0
20:37:30 Jan 05 2021,92,55,0,0,0
20:37:32 Jan 05 2021,92,55,0,0,0
20:37:34 Jan 05 2021,92,55,0,0,0
20:37:36 Jan 05 2021,92,55,0,0,0
20:37:38 Jan 05 2021,92,55,0,0,0
20:37:40 Jan 05 2021,92,55,0,0,0
20:37:42 Jan 05 2021,92,55,0,0,0
20:37:44 Jan 05 2021,92,55,0,0,0
20:37:46 Jan 05 2021,92,55,0,0,0
20:37:48 Jan 05 2021,92,55,0,0,0
20:37:50 Jan 05 2021,92,55,0,0,0
20:37:52 Jan 05 2021,91,53,0,0,0
20:37:54 Jan 05 2021,91,53,0,0,0
20:37:56 Jan 05 2021,91,52,0,0,0
20:37:58 Jan 05 2021,90,53,1,0,0
20:38:00 Jan 05 2021,90,53,0,0,0
20:38:02 Jan 05 2021,90,53,0,0,0
20:38:04 Jan 05 2021,90,53,0,0,0
20:38:06 Jan 05 2021,90,50,0,0,0
20:38:08 Jan 05 2021,91,48,0,0,0
20:38:10 Jan 05 2021,91,46,1,0,0
20:38:12 Jan 05 2021,91,46,0,0,0
20:38:14 Jan 05 2021,91,47,0,0,0
20:38:16 Jan 05 2021,91,47,0,0,0
20:38:18 Jan 05 2021,91,47,0,0,0
20:38:20 Jan 05 2021,91,47,0,0,0
20:38:22 Jan 05 2021,91,47,0,0,0
20:38:24 Jan 05 2021,91,47,0,0,0
20:38:26 Jan 05 2021,92,46,0,0,0
20:38:28 Jan 05 2021,93,47,0,0,0
20:38:30 Jan 05 2021,93,47,0,0,0
20:38:32 Jan 05 2021,93,47,0,0,0
20:38:34 Jan 05 2021,93,47,0,0,0
20:38:36 Jan 05 2021,93,47,0,0,0
20:38:38 Jan 05 2021,93,47,0,0,0
20:38:40 Jan 05 2021,93,47,0,0,0
20:38:42 Jan 05 2021,93,47,0,0,0
20:38:44 Jan 05 2021,93,47,0,0,0
20:38:46 Jan 05 2021,93,45,0,0,0
20:38:48 Jan 05 2021,93,45,0,0,0
20:38:50 Jan 05 2021,93,45,0,0,0
20:38:52 Jan 05 2021,93,44,0,0,0
20:38:54 Jan 05 2021,93,51,0,0,0
20:38:56 Jan 05 2021,93,53,0,0,0
20:38:58 Jan 05 2021,93,56,0,0,0
20:39:00 Jan 05 2021,93,59,0,0,0
20:39:02 Jan 05 2021,93,54,0,0,0
20:39:04 Jan 05 2021,93,55,0,0,0
20:39:06 Jan 05 2021,93,56,1,0,0
20:39:08 Jan 05 2021,93,56,0,0,0
20:39:10 Jan 05 2021,93,56,0,0,0
20:39:12 Jan 05 2021,93,57,0,0,0
20:39:14 Jan 05 2021,93,59,0,0,0
20:39:16 Jan 05 2021,93,60,0,0,0
20:39:18 Jan 05 2021,93,63,0,0,0
20:39:20 Jan 05 2021,93,66,0,0,0
20:39:22 Jan 05 2021,93,70,0,0,0
20:39:24 Jan 05 2021,93,73,0,0,0
20:39:26 Jan 05 2021,93,73,0,0,0
20:39:28 Jan 05 2021,93,71,0,0,0
20:39:30 Jan 05 2021,93,71,0,0,0
20:39:32 Jan 05 2021,93,72,0,0,0
20:39:34 Jan 05 2021,93,71,0,0,0
20:39:36 Jan 05 2021,93,72,1,0,0
20:39:38 Jan 05 2021,93,73,0,0,0
20:39:40 Jan 05 2021,93,72,0,0,0
20:39:42 Jan 05 2021,93,74,0,0,0
20:39:44 Jan 05 2021,93,75,0,0,0
20:39:46 Jan 05 2021,93,73,0,0,0
20:39:48 Jan 05 2021,93,75,1,0,0
20:39:50 Jan 05 2021,93,75,0,0,0
20:39:52 Jan 05 2021,93,73,0,0,0
20:39:54 Jan 05 2021,93,75,0,0,0
20:39:56 Jan 05 2021,93,75,0,0,0
20:39:58 Jan 05 2021,93,75,0,0,0
20:40:00 Jan 05 2021,93,75,0,0,0
20:40:02 Jan 05 2021,93,74,0,0,0
20:40:04 Jan 05 2021,93,74,0,0,0
20:40:06 Jan 05 2021,93,73,0,0,0
20:40:08 Jan 05 2021,93,72,0,0,0
20:40:10 Jan 05 2021,93,72,0,0,0
20:40:12 Jan 05 2021,93,74,0,0,0
20:40:14 Jan 05 2021,93,75,0,0,0
20:40:16 Jan 05 2021,93,76,1,0,0
20:40:18 Jan 05 2021,93,76,0,0,0
20:40:20 Jan 05 2021,93,75,0,0,0
20:40:22 Jan 05 2021,92,74,0,0,0
20:40:24 Jan 05 2021,91,76,0,0,0
20:40:26 Jan 05 2021,91,79,0,0,0
20:40:28 Jan 05 2021,91,82,0,0,0
20:40:30 Jan 05 2021,91,84,0,0,0
20:40:32 Jan 05 2021,90,83,0,0,0
20:40:34 Jan 05 2021,90,82,1,0,0
20:40:36 Jan 05 2021,89,80,0,0,0
20:40:38 Jan 05 2021,89,79,0,0,0
20:40:40 Jan 05 2021,89,79,1,0,0
20:40:42 Jan 05 2021,89,79,1,0,0
20:40:44 Jan 05 2021,90,79,0,0,0
20:40:46 Jan 05 2021,90,78,0,0,0
20:40:48 Jan 05 2021,90,77,1,0,0
20:40:50 Jan 05 2021,90,76,1,0,0
20:40:52 Jan 05 2021,91,76,0,0,0
20:40:54 Jan 05 2021,91,76,1,0,0
20:40:56 Jan 05 2021,91,76,0,0,0
20:40:58 Jan 05 2021,92,78,0,0,0
20:41:00 Jan 05 2021,92,78,0,0,0
20:41:02 Jan 05 2021,92,78,0,0,0
20:41:04 Jan 05 2021,93,77,0,0,0
20:41:06 Jan 05 2021,93,77,0,0,0
20:41:08 Jan 05 2021,93,76,0,0,0
20:41:10 Jan 05 2021,93,72,0,0,0
20:41:12 Jan 05 2021,93,74,0,0,0
20:41:14 Jan 05 2021,93,74,0,0,0
20:41:16 Jan 05 2021,93,76,0,0,0
20:41:18 Jan 05 2021,93,76,0,0,0
20:41:20 Jan 05 2021,93,78,0,0,0
20:41:22 Jan 05 2021,93,77,0,0,0
20:41:24 Jan 05 2021,93,77,0,0,0
20:41:26 Jan 05 2021,93,77,1,0,0
20:41:28 Jan 05 2021,93,77,0,0,0
20:41:30 Jan 05 2021,93,77,0,0,0
20:41:32 Jan 05 2021,93,77,0,0,0
20:41:34 Jan 05 2021,93,77,0,0,0
20:41:36 Jan 05 2021,92,77,0,0,0
20:41:38 Jan 05 2021,92,78,0,0,0
20:41:40 Jan 05 2021,91,77,0,0,0
20:41:42 Jan 05 2021,91,77,0,0,0
20:41:44 Jan 05 2021,91,77,0,0,0
20:41:46 Jan 05 2021,91,76,0,0,0
20:41:48 Jan 05 2021,91,76,0,0,0
20:41:50 Jan 05 2021,91,75,0,0,0
20:41:52 Jan 05 2021,91,75,0,0,0
20:41:54 Jan 05 2021,91,75,0,0,0
20:41:56 Jan 05 2021,91,75,0,0,0
20:41:58 Jan 05 2021,91,75,0,0,0
20:42:00 Jan 05 2021,91,75,0,0,0
20:42:02 Jan 05 2021,91,74,0,0,0
20:42:04 Jan 05 2021,92,74,0,0,0
20:42:06 Jan 05 2021,92,75,0,0,0
20:42:08 Jan 05 2021,92,74,0,0,0
20:42:10 Jan 05 2021,92,74,1,0,0
20:42:12 Jan 05 2021,92,68,0,0,0
20:42:14 Jan 05 2021,93,57,0,0,0
20:42:16 Jan 05 2021,93,44,0,0,0
20:42:18 Jan 05 2021,93,38,0,0,0
20:42:20 Jan 05 2021,93,38,0,0,0
20:42:22 Jan 05 2021,93,37,0,0,0
20:42:24 Jan 05 2021,93,37,0,0,0
20:42:26 Jan 05 2021,93,37,0,0,0
20:42:28 Jan 05 2021,92,36,0,0,0
20:42:30 Jan 05 2021,92,36,0,0,0
20:42:32 Jan 05 2021,92,36,0,0,0
20:42:34 Jan 05 2021,92,36,0,0,0
20:42:36 Jan 05 2021,92,36,0,0,0
20:42:38 Jan 05 2021,92,36,0,0,0
20:42:40 Jan 05 2021,92,36,0,0,0
20:42:42 Jan 05 2021,92,36,0,0,0
20:42:44 Jan 05 2021,92,36,0,0,0
20:42:46 Jan 05 2021,92,36,0,0,0
20:42:48 Jan 05 2021,91,36,0,0,0
20:42:50 Jan 05 2021,90,36,0,0,0
20:42:52 Jan 05 2021,90,36,0,0,0
20:42:54 Jan 05 2021,92,36,0,0,0
20:42:56 Jan 05 2021,92,36,0,0,0
20:42:58 Jan 05 2021,92,36,0,0,0
20:43:00 Jan 05 2021,92,36,0,0,0
20:43:02 Jan 05 2021,92,36,0,0,0
20:43:04 Jan 05 2021,92,36,0,0,0
20:43:06 Jan 05 2021,91,39,0,0,0
20:43:08 Jan 05 2021,91,47,0,0,0
20:43:10 Jan 05 2021,91,56,0,0,0
20:43:12 Jan 05 2021,91,63,0,0,0
20:43:14 Jan 05 2021,91,65,0,0,0
20:43:16 Jan 05 2021,91,63,0,0,0
20:43:18 Jan 05 2021,91,61,0,0,0
20:43:20 Jan 05 2021,91,59,0,0,0
20:43:22 Jan 05 2021,91,57,0,0,0
20:43:24 Jan 05 2021,91,57,0,0,0
20:43:26 Jan 05 2021,91,57,1,0,0
20:43:28 Jan 05 2021,91,57,0,0,0
20:43:30 Jan 05 2021,91,56,0,0,0
20:43:32 Jan 05 2021,91,56,0,0,0
20:43:34 Jan 05 2021,91,56,0,0,0
20:43:36 Jan 05 2021,91,56,0,0,0
20:43:38 Jan 05 2021,91,56,0,0,0
20:43:40 Jan 05 2021,91,56,0,0,0
20:43:42 Jan 05 2021,91,56,0,0,0
20:43:44 Jan 05 2021,91,54,0,0,0
20:43:46 Jan 05 2021,91,52,0,0,0
20:43:48 Jan 05 2021,91,52,0,0,0
20:43:50 Jan 05 2021,91,50,0,0,0
20:43:52 Jan 05 2021,91,50,0,0,0
20:43:54 Jan 05 2021,91,50,0,0,0
20:43:56 Jan 05 2021,91,50,0,0,0
20:43:58 Jan 05 2021,91,50,0,0,0
20:44:00 Jan 05 2021,91,50,0,0,0
20:44:02 Jan 05 2021,90,49,4,0,0
20:44:04 Jan 05 2021,90,51,4,0,0
20:44:06 Jan 05 2021,90,51,0,0,0
20:44:08 Jan 05 2021,90,51,0,0,0
20:44:10 Jan 05 2021,90,51,0,0,0
20:44:12 Jan 05 2021,90,51,0,0,0
20:44:14 Jan 05 2021,90,51,0,0,0
20:44:16 Jan 05 2021,90,51,0,0,0
20:44:18 Jan 05 2021,90,51,1,0,0
20:44:20 Jan 05 2021,90,51,0,0,0
20:44:22 Jan 05 2021,90,51,0,0,0
20:44:24 Jan 05 2021,90,51,1,0,0
20:44:26 Jan 05 2021,90,51,0,0,0
20:44:28 Jan 05 2021,90,51,0,0,0
20:44:30 Jan 05 2021,90,50,0,0,0
20:44:32 Jan 05 2021,90,50,0,0,0
20:44:34 Jan 05 2021,90,50,0,0,0
20:44:36 Jan 05 2021,89,50,0,0,0
20:44:38 Jan 05 2021,89,49,0,0,0
20:44:40 Jan 05 2021,89,50,0,0,0
20:44:42 Jan 05 2021,89,50,0,0,0
20:44:44 Jan 05 2021,89,48,0,0,0
20:44:46 Jan 05 2021,89,48,0,0,0
20:44:48 Jan 05 2021,90,49,1,0,0
20:44:50 Jan 05 2021,92,48,0,0,0
20:44:52 Jan 05 2021,93,48,0,0,0
20:44:54 Jan 05 2021,93,48,0,0,0
20:44:56 Jan 05 2021,93,48,1,0,0
20:44:58 Jan 05 2021,93,48,0,0,0
20:45:00 Jan 05 2021,93,48,0,0,0
20:45:02 Jan 05 2021,93,48,0,0,0
20:45:04 Jan 05 2021,93,48,0,0,0
20:45:06 Jan 05 2021,93,48,0,0,0
20:45:08 Jan 05 2021,93,48,0,0,0
20:45:10 Jan 05 2021,93,48,0,0,0
20:45:12 Jan 05 2021,93,48,1,0,0
20:45:14 Jan 05 2021,93,48,0,0,0
20:45:16 Jan 05 2021,93,48,0,0,0
20:45:18 Jan 05 2021,93,48,0,0,0
20:45:20 Jan 05 2021,93,48,0,0,0
20:45:22 Jan 05 2021,93,48,0,0,0
20:45:24 Jan 05 2021,93,48,0,0,0
20:45:26 Jan 05 2021,93,48,0,0,0
20:45:28 Jan 05 2021,93,48,0,0,0
20:45:30 Jan 05 2021,93,48,0,0,0
20:45:32 Jan 05 2021,93,48,0,0,0
20:45:34 Jan 05 2021,93,48,0,0,0
20:45:36 Jan 05 2021,93,46,0,0,0
20:45:38 Jan 05 2021,93,46,1,0,0
20:45:40 Jan 05 2021,93,46,0,0,0
20:45:42 Jan 05 2021,93,42,0,0,0
20:45:44 Jan 05 2021,93,39,0,0,0
20:45:46 Jan 05 2021,93,38,0,0,0
20:45:48 Jan 05 2021,94,38,0,0,0
20:45:50 Jan 05 2021,94,38,0,0,0
20:45:52 Jan 05 2021,94,38,0,0,0
20:45:54 Jan 05 2021,94,37,0,0,0
20:45:56 Jan 05 2021,94,37,0,0,0
20:45:58 Jan 05 2021,94,37,0,0,0
20:46:00 Jan 05 2021,94,37,0,0,0
20:46:02 Jan 05 2021,94,38,0,0,0
20:46:04 Jan 05 2021,94,37,0,0,0
20:46:06 Jan 05 2021,93,37,0,0,0
20:46:08 Jan 05 2021,93,36,0,0,0
20:46:10 Jan 05 2021,93,36,0,0,0
20:46:12 Jan 05 2021,93,36,0,0,0
20:46:14 Jan 05 2021,93,36,0,0,0
20:46:16 Jan 05 2021,93,37,0,0,0
20:46:18 Jan 05 2021,93,37,0,0,0
20:46:20 Jan 05 2021,93,38,0,0,0
20:46:22 Jan 05 2021,93,38,0,0,0
20:46:24 Jan 05 2021,93,38,0,0,0
20:46:26 Jan 05 2021,93,38,0,0,0
20:46:28 Jan 05 2021,93,38,0,0,0
20:46:30 Jan 05 2021,93,38,0,0,0
20:46:32 Jan 05 2021,93,38,0,0,0
20:46:34 Jan 05 2021,93,38,0,0,0
20:46:36 Jan 05 2021,93,38,0,0,0
20:46:38 Jan 05 2021,93,39,0,0,0
20:46:40 Jan 05 2021,93,39,0,0,0
20:46:42 Jan 05 2021,93,40,0,0,0
20:46:44 Jan 05 2021,93,40,0,0,0
20:46:46 Jan 05 2021,93,40,0,0,0
20:46:48 Jan 05 2021,93,40,0,0,0
20:46:50 Jan 05 2021,93,40,0,0,0
20:46:52 Jan 05 2021,93,39,0,0,0
20:46:54 Jan 05 2021,94,38,0,0,0
20:46:56 Jan 05 2021,95,37,0,0,0
20:46:58 Jan 05 2021,95,37,0,0,0
20:47:00 Jan 05 2021,95,37,0,0,0
20:47:02 Jan 05 2021,95,37,1,0,0
20:47:04 Jan 05 2021,95,37,0,0,0
20:47:06 Jan 05 2021,95,37,0,0,0
20:47:08 Jan 05 2021,95,37,0,0,0
20:47:10 Jan 05 2021,95,37,0,0,0
20:47:12 Jan 05 2021,95,37,0,0,0
20:47:14 Jan 05 2021,95,37,0,0,0
20:47:16 Jan 05 2021,94,37,0,0,0
20:47:18 Jan 05 2021,94,37,0,0,0
20:47:20 Jan 05 2021,94,37,0,0,0
20:47:22 Jan 05 2021,94,37,0,0,0
20:47:24 Jan 05 2021,95,37,0,0,0
20:47:26 Jan 05 2021,95,37,0,0,0
20:47:28 Jan 05 2021,95,37,0,0,0
20:47:30 Jan 05 2021,95,37,0,0,0
20:47:32 Jan 05 2021,95,37,1,0,0
20:47:34 Jan 05 2021,95,45,0,0,0
20:47:36 Jan 05 2021,95,49,0,0,0
20:47:38 Jan 05 2021,95,56,0,0,0
20:47:40 Jan 05 2021,95,56,0,0,0
20:47:42 Jan 05 2021,94,59,0,0,0
20:47:44 Jan 05 2021,93,65,0,0,0
20:47:46 Jan 05 2021,93,67,0,0,0
20:47:48 Jan 05 2021,93,67,0,0,0
20:47:50 Jan 05 2021,93,66,0,0,0
20:47:52 Jan 05 2021,93,66,0,0,0
20:47:54 Jan 05 2021,93,66,0,0,0
20:47:56 Jan 05 2021,93,66,0,0,0
20:47:58 Jan 05 2021,93,66,0,0,0
20:48:00 Jan 05 2021,93,66,0,0,0
20:48:02 Jan 05 2021,93,67,0,0,0
20:48:04 Jan 05 2021,94,64,0,0,0
20:48:06 Jan 05 2021,94,63,0,0,0
20:48:08 Jan 05 2021,94,63,0,0,0
20:48:10 Jan 05 2021,94,60,0,0,0
20:48:12 Jan 05 2021,94,61,0,0,0
20:48:14 Jan 05 2021,95,61,0,0,0
20:48:16 Jan 05 2021,95,63,0,0,0
20:48:18 Jan 05 2021,95,65,0,0,0
20:48:20 Jan 05 2021,95,68,0,0,0
20:48:22 Jan 05 2021,95,62,0,0,0
20:48:24 Jan 05 2021,95,64,0,0,0
20:48:26 Jan 05 2021,96,62,0,0,0
20:48:28 Jan 05 2021,96,59,0,0,0
20:48:30 Jan 05 2021,96,65,0,0,0
20:48:32 Jan 05 2021,95,68,0,0,0
20:48:34 Jan 05 2021,95,68,0,0,0
20:48:36 Jan 05 2021,94,69,0,0,0
20:48:38 Jan 05 2021,95,70,0,0,0
20:48:40 Jan 05 2021,94,66,0,0,0
20:48:42 Jan 05 2021,93,71,0,0,0
20:48:44 Jan 05 2021,93,77,0,0,0
20:48:46 Jan 05 2021,92,82,0,0,0
20:48:48 Jan 05 2021,93,82,0,0,0
20:48:50 Jan 05 2021,94,81,0,0,0
20:48:52 Jan 05 2021,94,80,0,0,0
20:48:54 Jan 05 2021,94,79,0,0,0
20:48:56 Jan 05 2021,94,80,0,0,0
20:48:58 Jan 05 2021,94,80,0,0,0
20:49:00 Jan 05 2021,94,80,0,0,0
20:49:02 Jan 05 2021,94,80,0,0,0
20:49:04 Jan 05 2021,94,80,0,0,0
20:49:06 Jan 05 2021,94,80,0,0,0
20:49:08 Jan 05 2021,94,80,0,0,0
20:49:10 Jan 05 2021,95,80,0,0,0
20:49:12 Jan 05 2021,95,79,0,0,0
20:49:14 Jan 05 2021,95,79,0,0,0
20:49:16 Jan 05 2021,95,79,0,0,0
20:49:18 Jan 05 2021,95,78,0,0,0
20:49:20 Jan 05 2021,95,78,0,0,0
20:49:22 Jan 05 2021,95,77,0,0,0
20:49:24 Jan 05 2021,95,76,0,0,0
20:49:26 Jan 05 2021,95,77,0,0,0
20:49:28 Jan 05 2021,95,78,0,0,0
20:49:30 Jan 05 2021,95,79,0,0,0
20:49:32 Jan 05 2021,96,80,0,0,0
20:49:34 Jan 05 2021,96,80,0,0,0
20:49:36 Jan 05 2021,96,80,0,0,0
20:49:38 Jan 05 2021,96,79,0,0,0
20:49:40 Jan 05 2021,95,80,0,0,0
20:49:42 Jan 05 2021,95,83,0,0,0
20:49:44 Jan 05 2021,94,84,0,0,0
20:49:46 Jan 05 2021,94,84,0,0,0
20:49:48 Jan 05 2021,94,84,0,0,0
20:49:50 Jan 05 2021,94,84,0,0,0
20:49:52 Jan 05 2021,94,84,0,0,0
20:49:54 Jan 05 2021,94,84,0,0,0
20:49:56 Jan 05 2021,94,83,0,0,0
20:49:58 Jan 05 2021,93,83,0,0,0
20:50:00 Jan 05 2021,93,83,1,0,0
20:50:02 Jan 05 2021,93,83,0,0,0
20:50:04 Jan 05 2021,92,84,0,0,0
20:50:06 Jan 05 2021,93,84,0,0,0
20:50:08 Jan 05 2021,93,81,0,0,0
20:50:10 Jan 05 2021,93,78,1,0,0
20:50:12 Jan 05 2021,93,77,0,0,0
20:50:14 Jan 05 2021,93,76,0,0,0
20:50:16 Jan 05 2021,93,75,0,0,0
20:50:18 Jan 05 2021,94,76,0,0,0
20:50:20 Jan 05 2021,94,76,0,0,0
20:50:22 Jan 05 2021,95,77,0,0,0
20:50:24 Jan 05 2021,95,77,0,0,0
20:50:26 Jan 05 2021,95,79,0,0,0
20:50:28 Jan 05 2021,95,79,0,0,0
20:50:30 Jan 05 2021,95,79,0,0,0
20:50:32 Jan 05 2021,95,77,0,0,0
20:50:34 Jan 05 2021,95,77,0,0,0
20:50:36 Jan 05 2021,95,77,0,0,0
20:50:38 Jan 05 2021,96,76,5,0,0
20:50:40 Jan 05 2021,96,74,1,0,0
20:50:42 Jan 05 2021,96,72,12,0,0
20:50:44 Jan 05 2021,96,71,13,0,0
20:50:46 Jan 05 2021,96,71,6,0,0
20:50:48 Jan 05 2021,96,72,1,0,0
20:50:50 Jan 05 2021,96,72,1,0,0
20:50:52 Jan 05 2021,96,72,2,0,0
20:50:54 Jan 05 2021,96,72,1,0,0
20:50:56 Jan 05 2021,96,72,3,0,0
20:50:58 Jan 05 2021,96,72,1,0,0
20:51:00 Jan 05 2021,96,72,0,0,0
20:51:02 Jan 05 2021,96,72,1,0,0
20:51:04 Jan 05 2021,96,72,0,0,0
20:51:06 Jan 05 2021,96,72,1,0,0
20:51:08 Jan 05 2021,95,72,0,0,0
20:51:10 Jan 05 2021,95,72,0,0,0
20:51:12 Jan 05 2021,94,72,0,0,0
20:51:14 Jan 05 2021,95,71,0,0,0
20:51:16 Jan 05 2021,95,71,0,0,0
20:51:18 Jan 05 2021,95,71,1,0,0
20:51:20 Jan 05 2021,96,71,0,0,0
20:51:22 Jan 05 2021,96,71,1,0,0
20:51:24 Jan 05 2021,96,70,1,0,0
20:51:26 Jan 05 2021,96,65,1,0,0
20:51:28 Jan 05 2021,96,65,1,0,0
20:51:30 Jan 05 2021,96,60,1,0,0
20:51:32 Jan 05 2021,96,58,1,0,0
20:51:34 Jan 05 2021,96,57,1,0,0
20:51:36 Jan 05 2021,96,57,1,0,0
20:51:38 Jan 05 2021,96,64,0,0,0
20:51:40 Jan 05 2021,96,74,1,0,0
20:51:42 Jan 05 2021,96,75,1,0,0
20:51:44 Jan 05 2021,96,74,0,0,0
20:51:46 Jan 05 2021,96,74,0,0,0
20:51:48 Jan 05 2021,96,73,1,0,0
20:51:50 Jan 05 2021,96,74,0,0,0
20:51:52 Jan 05 2021,96,78,1,0,0
20:51:54 Jan 05 2021,96,80,1,0,0
20:51:56 Jan 05 2021,96,81,1,0,0
20:51:58 Jan 05 2021,95,78,1,0,0
20:52:00 Jan 05 2021,95,76,1,0,0
20:52:02 Jan 05 2021,94,75,0,0,0
20:52:04 Jan 05 2021,93,76,1,0,0
20:52:06 Jan 05 2021,93,77,0,0,0
20:52:08 Jan 05 2021,93,77,1,0,0
20:52:10 Jan 05 2021,93,77,0,0,0
20:52:12 Jan 05 2021,93,77,0,0,0
20:52:14 Jan 05 2021,93,77,0,0,0
20:52:16 Jan 05 2021,93,77,0,0,0
20:52:18 Jan 05 2021,93,77,1,0,0
20:52:20 Jan 05 2021,93,76,0,0,0
20:52:22 Jan 05 2021,93,75,0,0,0
20:52:24 Jan 05 2021,93,75,0,0,0
20:52:26 Jan 05 2021,94,68,0,0,0
20:52:28 Jan 05 2021,94,66,0,0,0
20:52:30 Jan 05 2021,95,62,0,0,0
20:52:32 Jan 05 2021,95,58,0,0,0
20:52:34 Jan 05 2021,95,62,0,0,0
20:52:36 Jan 05 2021,95,61,0,0,0
20:52:38 Jan 05 2021,95,64,0,0,0
20:52:40 Jan 05 2021,95,62,2,0,0
20:52:42 Jan 05 2021,95,64,7,0,0
20:52:44 Jan 05 2021,95,65,1,0,0
20:52:46 Jan 05 2021,95,69,1,0,0
20:52:48 Jan 05 2021,95,71,1,0,0
20:52:50 Jan 05 2021,95,72,1,0,0
20:52:52 Jan 05 2021,95,74,0,0,0
20:52:54 Jan 05 2021,95,71,0,0,0
20:52:56 Jan 05 2021,95,72,0,0,0
20:52:58 Jan 05 2021,95,71,0,0,0
20:53:00 Jan 05 2021,95,66,1,0,0
20:53:02 Jan 05 2021,94,65,1,0,0
20:53:04 Jan 05 2021,94,64,1,0,0
20:53:06 Jan 05 2021,93,67,0,0,0
20:53:08 Jan 05 2021,93,69,1,0,0
20:53:10 Jan 05 2021,93,75,1,0,0
20:53:12 Jan 05 2021,93,77,1,0,0
20:53:14 Jan 05 2021,93,77,1,0,0
20:53:16 Jan 05 2021,93,80,1,0,0
20:53:18 Jan 05 2021,93,80,0,0,0
20:53:20 Jan 05 2021,94,79,1,0,0
20:53:22 Jan 05 2021,94,76,1,0,0
20:53:24 Jan 05 2021,94,76,1,0,0
20:53:26 Jan 05 2021,94,77,0,0,0
20:53:28 Jan 05 2021,95,78,1,0,0
20:53:30 Jan 05 2021,95,79,1,0,0
20:53:32 Jan 05 2021,95,78,1,0,0
20:53:34 Jan 05 2021,95,76,0,0,0
20:53:36 Jan 05 2021,95,76,1,0,0
20:53:38 Jan 05 2021,95,75,0,0,0
20:53:40 Jan 05 2021,95,75,1,0,0
20:53:42 Jan 05 2021,95,75,0,0,0
20:53:44 Jan 05 2021,95,75,0,0,0
20:53:46 Jan 05 2021,95,78,1,0,0
20:53:48 Jan 05 2021,95,79,0,0,0
20:53:50 Jan 05 2021,95,80,13,0,0
20:53:52 Jan 05 2021,95,79,0,0,0
20:53:54 Jan 05 2021,95,79,0,0,0
20:53:56 Jan 05 2021,95,79,0,0,0
20:53:58 Jan 05 2021,95,79,0,0,0
20:54:00 Jan 05 2021,95,80,0,0,0
20:54:02 Jan 05 2021,94,82,0,0,0
20:54:04 Jan 05 2021,94,82,0,0,0
20:54:06 Jan 05 2021,94,82,0,0,0
20:54:08 Jan 05 2021,94,80,1,0,0
20:54:10 Jan 05 2021,95,79,0,0,0
20:54:12 Jan 05 2021,95,79,0,0,0
20:54:14 Jan 05 2021,95,80,0,0,0
20:54:16 Jan 05 2021,96,81,1,0,0
20:54:18 Jan 05 2021,95,81,0,0,0
20:54:20 Jan 05 2021,94,82,1,0,0
20:54:22 Jan 05 2021,95,83,0,0,0
20:54:24 Jan 05 2021,95,83,1,0,0
20:54:26 Jan 05 2021,95,83,0,0,0
20:54:28 Jan 05 2021,95,83,0,0,0
20:54:30 Jan 05 2021,95,82,0,0,0
20:54:32 Jan 05 2021,95,82,1,0,0
20:54:34 Jan 05 2021,95,83,0,0,0
20:54:36 Jan 05 2021,95,83,0,0,0
20:54:38 Jan 05 2021,95,83,0,0,0
20:54:40 Jan 05 2021,95,83,0,0,0
20:54:42 Jan 05 2021,95,83,1,0,0
20:54:44 Jan 05 2021,95,82,0,0,0
20:54:46 Jan 05 2021,95,80,0,0,0
20:54:48 Jan 05 2021,95,81,0,0,0
20:54:50 Jan 05 2021,95,76,0,0,0
20:54:52 Jan 05 2021,95,72,1,0,0
20:54:54 Jan 05 2021,95,67,1,0,0
20:54:56 Jan 05 2021,95,64,0,0,0
20:54:58 Jan 05 2021,95,64,0,0,0
20:55:00 Jan 05 2021,95,63,1,0,0
20:55:02 Jan 05 2021,95,64,0,0,0
20:55:04 Jan 05 2021,95,65,0,0,0
20:55:06 Jan 05 2021,94,65,0,0,0
20:55:08 Jan 05 2021,94,65,1,0,0
20:55:10 Jan 05 2021,93,65,0,0,0
20:55:12 Jan 05 2021,93,64,0,0,0
20:55:14 Jan 05 2021,93,64,0,0,0
20:55:16 Jan 05 2021,93,65,0,0,0
20:55:18 Jan 05 2021,93,67,0,0,0
20:55:20 Jan 05 2021,93,68,0,0,0
20:55:22 Jan 05 2021,93,70,0,0,0
20:55:24 Jan 05 2021,93,70,0,0,0
20:55:26 Jan 05 2021,93,69,0,0,0
20:55:28 Jan 05 2021,93,72,0,0,0
20:55:30 Jan 05 2021,93,70,0,0,0
20:55:32 Jan 05 2021,93,69,0,0,0
20:55:34 Jan 05 2021,93,67,1,0,0
20:55:36 Jan 05 2021,94,67,0,0,0
20:55:38 Jan 05 2021,94,67,0,0,0
20:55:40 Jan 05 2021,94,66,0,0,0
20:55:42 Jan 05 2021,95,61,0,0,0
20:55:44 Jan 05 2021,95,56,0,0,0
20:55:46 Jan 05 2021,96,57,0,0,0
20:55:48 Jan 05 2021,96,57,0,0,0
20:55:50 Jan 05 2021,96,68,0,0,0
20:55:52 Jan 05 2021,96,68,0,0,0
20:55:54 Jan 05 2021,96,64,0,0,0
20:55:56 Jan 05 2021,95,60,0,0,0
20:55:58 Jan 05 2021,95,60,0,0,0
20:56:00 Jan 05 2021,95,62,0,0,0
20:56:02 Jan 05 2021,96,66,0,0,0
20:56:04 Jan 05 2021,96,72,0,0,0
20:56:06 Jan 05 2021,96,77,1,0,0
20:56:08 Jan 05 2021,96,77,0,0,0
20:56:10 Jan 05 2021,96,80,0,0,0
20:56:12 Jan 05 2021,96,80,1,0,0
20:56:14 Jan 05 2021,96,75,0,0,0
20:56:16 Jan 05 2021,96,73,0,0,0
20:56:18 Jan 05 2021,96,73,1,0,0
20:56:20 Jan 05 2021,96,71,0,0,0
20:56:22 Jan 05 2021,96,74,1,0,0
20:56:24 Jan 05 2021,96,74,0,0,0
20:56:26 Jan 05 2021,96,74,0,0,0
20:56:28 Jan 05 2021,96,74,1,0,0
20:56:30 Jan 05 2021,96,74,0,0,0
20:56:32 Jan 05 2021,96,74,0,0,0
20:56:34 Jan 05 2021,96,74,0,0,0
20:56:36 Jan 05 2021,96,74,0,0,0
20:56:38 Jan 05 2021,96,74,0,0,0
20:56:40 Jan 05 2021,96,74,0,0,0
20:56:42 Jan 05 2021,96,74,0,0,0
20:56:44 Jan 05 2021,96,71,0,0,0
20:56:46 Jan 05 2021,96,69,0,0,0
20:56:48 Jan 05 2021,95,64,0,0,0
20:56:50 Jan 05 2021,95,65,0,0,0
20:56:52 Jan 05 2021,95,65,0,0,0
20:56:54 Jan 05 2021,95,65,0,0,0
20:56:56 Jan 05 2021,95,68,0,0,0
20:56:58 Jan 05 2021,96,71,0,0,0
20:57:00 Jan 05 2021,96,73,0,0,0
20:57:02 Jan 05 2021,96,73,0,0,0
20:57:04 Jan 05 2021,96,73,0,0,0
20:57:06 Jan 05 2021,96,73,0,0,0
20:57:08 Jan 05 2021,96,69,0,0,0
20:57:10 Jan 05 2021,96,68,0,0,0
20:57:12 Jan 05 2021,96,67,0,0,0
20:57:14 Jan 05 2021,96,61,1,0,0
20:57:16 Jan 05 2021,96,71,6,0,0
20:57:18 Jan 05 2021,96,74,3,0,0
20:57:20 Jan 05 2021,96,75,3,0,0
20:57:22 Jan 05 2021,97,77,0,0,0
20:57:24 Jan 05 2021,97,76,0,0,0
20:57:26 Jan 05 2021,97,76,0,0,0
20:57:28 Jan 05 2021,96,75,0,0,0
20:57:30 Jan 05 2021,96,75,0,0,0
20:57:32 Jan 05 2021,95,76,1,0,0
20:57:34 Jan 05 2021,94,78,0,0,0
20:57:36 Jan 05 2021,94,79,0,0,0
20:57:38 Jan 05 2021,93,79,0,0,0
20:57:40 Jan 05 2021,93,81,0,0,0
20:57:42 Jan 05 2021,93,80,0,0,0
20:57:44 Jan 05 2021,93,82,0,0,0
20:57:46 Jan 05 2021,93,81,0,0,0
20:57:48 Jan 05 2021,93,80,0,0,0
20:57:50 Jan 05 2021,94,81,0,0,0
20:57:52 Jan 05 2021,95,81,0,0,0
20:57:54 Jan 05 2021,95,82,0,0,0
20:57:56 Jan 05 2021,95,82,0,0,0
20:57:58 Jan 05 2021,96,80,0,0,0
20:58:00 Jan 05 2021,96,74,1,0,0
20:58:02 Jan 05 2021,96,73,0,0,0
20:58:04 Jan 05 2021,96,71,0,0,0
20:58:06 Jan 05 2021,96,71,0,0,0
20:58:08 Jan 05 2021,96,73,0,0,0
20:58:10 Jan 05 2021,96,72,0,0,0
20:58:12 Jan 05 2021,96,72,0,0,0
20:58:14 Jan 05 2021,96,73,0,0,0
20:58:16 Jan 05 2021,96,67,0,0,0
20:58:18 Jan 05 2021,96,62,0,0,0
20:58:20 Jan 05 2021,96,64,0,0,0
20:58:22 Jan 05 2021,96,61,0,0,0
20:58:24 Jan 05 2021,96,67,0,0,0
20:58:26 Jan 05 2021,96,71,0,0,0
20:58:28 Jan 05 2021,95,70,0,0,0
20:58:30 Jan 05 2021,95,72,0,0,0
20:58:32 Jan 05 2021,94,75,0,0,0
20:58:34 Jan 05 2021,94,75,0,0,0
20:58:36 Jan 05 2021,93,76,0,0,0
20:58:38 Jan 05 2021,92,79,0,0,0
20:58:40 Jan 05 2021,92,79,0,0,0
20:58:42 Jan 05 2021,92,80,0,0,0
20:58:44 Jan 05 2021,92,79,0,0,0
20:58:46 Jan 05 2021,92,79,0,0,0
20:58:48 Jan 05 2021,92,79,0,0,0
20:58:50 Jan 05 2021,91,81,0,0,0
20:58:52 Jan 05 2021,90,81,0,0,0
20:58:54 Jan 05 2021,90,82,0,0,0
20:58:56 Jan 05 2021,90,83,0,0,0
20:58:58 Jan 05 2021,91,83,0,0,0
20:59:00 Jan 05 2021,93,84,0,0,0
20:59:02 Jan 05 2021,94,83,0,0,0
20:59:04 Jan 05 2021,95,82,0,0,0
20:59:06 Jan 05 2021,96,81,0,0,0
20:59:08 Jan 05 2021,96,79,0,0,0
20:59:10 Jan 05 2021,96,80,0,0,0
20:59:12 Jan 05 2021,97,78,0,0,0
20:59:14 Jan 05 2021,97,76,0,0,0
20:59:16 Jan 05 2021,97,76,1,0,0
20:59:18 Jan 05 2021,97,75,0,0,0
20:59:20 Jan 05 2021,97,76,0,0,0
20:59:22 Jan 05 2021,97,78,0,0,0
20:59:24 Jan 05 2021,97,78,0,0,0
20:59:26 Jan 05 2021,97,76,0,0,0
20:59:28 Jan 05 2021,97,77,0,0,0
20:59:30 Jan 05 2021,96,76,0,0,0
20:59:32 Jan 05 2021,96,73,0,0,0
20:59:34 Jan 05 2021,95,73,0,0,0
20:59:36 Jan 05 2021,95,74,0,0,0
20:59:38 Jan 05 2021,95,70,0,0,0
20:59:40 Jan 05 2021,95,71,0,0,0
20:59:42 Jan 05 2021,95,73,0,0,0
20:59:44 Jan 05 2021,95,72,0,0,0
20:59:46 Jan 05 2021,95,74,0,0,0
20:59:48 Jan 05 2021,94,74,0,0,0
20:59:50 Jan 05 2021,93,76,0,0,0
20:59:52 Jan 05 2021,93,75,0,0,0
20:59:54 Jan 05 2021,93,75,1,0,0
20:59:56 Jan 05 2021,93,75,0,0,0
20:59:58 Jan 05 2021,93,74,0,0,0
21:00:00 Jan 05 2021,92,73,0,0,0
21:00:02 Jan 05 2021,93,73,0,0,0
21:00:04 Jan 05 2021,93,73,0,0,0
21:00:06 Jan 05 2021,93,72,0,0,0
21:00:08 Jan 05 2021,94,73,0,0,0
21:00:10 Jan 05 2021,94,73,0,0,0
21:00:12 Jan 05 2021,94,72,0,0,0
21:00:14 Jan 05 2021,95,73,0,0,0
21:00:16 Jan 05 2021,95,68,0,0,0
21:00:18 Jan 05 2021,95,66,0,0,0
21:00:20 Jan 05 2021,95,66,0,0,0
21:00:22 Jan 05 2021,95,68,0,0,0
21:00:24 Jan 05 2021,95,69,0,0,0
21:00:26 Jan 05 2021,95,70,0,0,0
21:00:28 Jan 05 2021,95,71,0,0,0
21:00:30 Jan 05 2021,95,72,0,0,0
21:00:32 Jan 05 2021,95,73,1,0,0
21:00:34 Jan 05 2021,95,74,3,0,0
21:00:36 Jan 05 2021,95,74,0,0,0
21:00:38 Jan 05 2021,95,73,1,0,0
21:00:40 Jan 05 2021,95,74,0,0,0
21:00:42 Jan 05 2021,94,74,1,0,0
21:00:44 Jan 05 2021,94,76,0,0,0
21:00:46 Jan 05 2021,93,79,0,0,0
21:00:48 Jan 05 2021,93,80,0,0,0
21:00:50 Jan 05 2021,93,81,0,0,0
21:00:52 Jan 05 2021,93,78,0,0,0
21:00:54 Jan 05 2021,93,77,1,0,0
21:00:56 Jan 05 2021,93,78,1,0,0
21:00:58 Jan 05 2021,93,76,1,0,0
21:01:00 Jan 05 2021,92,77,1,0,0
21:01:02 Jan 05 2021,92,76,0,0,0
21:01:04 Jan 05 2021,91,76,1,0,0
21:01:06 Jan 05 2021,92,77,1,0,0
21:01:08 Jan 05 2021,92,76,1,0,0
21:01:10 Jan 05 2021,92,76,1,0,0
21:01:12 Jan 05 2021,92,77,1,0,0
21:01:14 Jan 05 2021,94,72,0,0,0
21:01:16 Jan 05 2021,95,75,0,0,0
21:01:18 Jan 05 2021,96,76,1,0,0
21:01:20 Jan 05 2021,96,74,1,0,0
21:01:22 Jan 05 2021,96,77,1,0,0
21:01:24 Jan 05 2021,96,77,0,0,0
21:01:26 Jan 05 2021,97,79,0,0,0
21:01:28 Jan 05 2021,97,80,0,0,0
21:01:30 Jan 05 2021,97,82,0,0,0
21:01:32 Jan 05 2021,97,82,1,0,0
21:01:34 Jan 05 2021,97,80,0,0,0
21:01:36 Jan 05 2021,97,80,1,0,0
21:01:38 Jan 05 2021,97,77,0,0,0
21:01:40 Jan 05 2021,97,79,1,0,0
21:01:42 Jan 05 2021,97,77,0,0,0
21:01:44 Jan 05 2021,96,75,0,0,0
21:01:46 Jan 05 2021,96,75,0,0,0
21:01:48 Jan 05 2021,96,73,0,0,0
21:01:50 Jan 05 2021,95,73,1,0,0
21:01:52 Jan 05 2021,95,72,0,0,0
21:01:54 Jan 05 2021,96,71,1,0,0
21:01:56 Jan 05 2021,95,69,0,0,0
21:01:58 Jan 05 2021,95,65,0,0,0
21:02:00 Jan 05 2021,94,67,1,0,0
21:02:02 Jan 05 2021,93,69,3,0,0
21:02:04 Jan 05 2021,93,73,4,0,0
21:02:06 Jan 05 2021,93,78,4,0,0
21:02:08 Jan 05 2021,93,78,3,0,0
21:02:10 Jan 05 2021,93,78,4,0,0
21:02:12 Jan 05 2021,93,78,10,0,0
21:02:14 Jan 05 2021,93,78,0,0,0
21:02:16 Jan 05 2021,93,78,1,0,0
21:02:18 Jan 05 2021,93,77,0,0,0
21:02:20 Jan 05 2021,94,76,1,0,0
21:02:22 Jan 05 2021,95,74,1,0,0
21:02:24 Jan 05 2021,95,75,0,0,0
21:02:26 Jan 05 2021,96,76,1,0,0
21:02:28 Jan 05 2021,96,76,0,0,0
21:02:30 Jan 05 2021,97,77,0,0,0
21:02:32 Jan 05 2021,97,78,1,0,0
21:02:34 Jan 05 2021,97,79,0,0,0
21:02:36 Jan 05 2021,97,80,1,0,0
21:02:38 Jan 05 2021,97,80,1,0,0
21:02:40 Jan 05 2021,97,81,1,0,0
21:02:42 Jan 05 2021,97,81,1,0,0
21:02:44 Jan 05 2021,97,80,1,0,0
21:02:46 Jan 05 2021,97,80,0,0,0
21:02:48 Jan 05 2021,97,81,1,0,0
21:02:50 Jan 05 2021,97,81,1,0,0
21:02:52 Jan 05 2021,96,81,1,0,0
21:02:54 Jan 05 2021,96,81,0,0,0
21:02:56 Jan 05 2021,96,81,0,0,0
21:02:58 Jan 05 2021,96,81,1,0,0
21:03:00 Jan 05 2021,96,82,1,0,0
21:03:02 Jan 05 2021,96,82,1,0,0
21:03:04 Jan 05 2021,96,81,1,0,0
21:03:06 Jan 05 2021,96,82,1,0,0
21:03:08 Jan 05 2021,95,82,1,0,0
21:03:10 Jan 05 2021,95,81,1,0,0
21:03:12 Jan 05 2021,95,83,1,0,0
21:03:14 Jan 05 2021,96,83,1,0,0
21:03:16 Jan 05 2021,95,82,1,0,0
21:03:18 Jan 05 2021,95,82,1,0,0
21:03:20 Jan 05 2021,95,82,0,0,0
21:03:22 Jan 05 2021,95,82,0,0,0
21:03:24 Jan 05 2021,96,82,0,0,0
21:03:26 Jan 05 2021,96,81,1,0,0
21:03:28 Jan 05 2021,96,81,1,0,0
21:03:30 Jan 05 2021,96,81,1,0,0
21:03:32 Jan 05 2021,96,81,1,0,0
21:03:34 Jan 05 2021,96,82,1,0,0
21:03:36 Jan 05 2021,96,81,1,0,0
21:03:38 Jan 05 2021,96,81,1,0,0
21:03:40 Jan 05 2021,96,81,0,0,0
21:03:42 Jan 05 2021,96,81,0,0,0
21:03:44 Jan 05 2021,96,81,1,0,0
21:03:46 Jan 05 2021,97,81,0,0,0
21:03:48 Jan 05 2021,96,67,1,0,0
21:03:50 Jan 05 2021,96,57,0,0,0
21:03:52 Jan 05 2021,96,45,1,0,0
21:03:54 Jan 05 2021,96,48,1,0,0
21:03:56 Jan 05 2021,96,51,0,0,0
21:03:58 Jan 05 2021,96,51,1,0,0
21:04:00 Jan 05 2021,96,52,1,0,0
21:04:02 Jan 05 2021,96,50,1,0,0
21:04:04 Jan 05 2021,95,45,0,0,0
21:04:06 Jan 05 2021,94,40,1,0,0
21:04:08 Jan 05 2021,94,36,1,0,0
21:04:10 Jan 05 2021,94,35,1,0,0
21:04:12 Jan 05 2021,94,36,1,0,0
21:04:14 Jan 05 2021,93,37,1,0,0
21:04:16 Jan 05 2021,93,37,0,0,0
21:04:18 Jan 05 2021,92,38,1,0,0
21:04:20 Jan 05 2021,91,38,0,0,0
21:04:22 Jan 05 2021,91,38,1,0,0
21:04:24 Jan 05 2021,91,39,1,0,0
21:04:26 Jan 05 2021,92,39,0,0,0
21:04:28 Jan 05 2021,92,39,1,0,0
21:04:30 Jan 05 2021,92,39,1,0,0
21:04:32 Jan 05 2021,92,39,1,0,0
21:04:34 Jan 05 2021,92,39,1,0,0
21:04:36 Jan 05 2021,92,39,0,0,0
21:04:38 Jan 05 2021,93,39,1,0,0
21:04:40 Jan 05 2021,94,39,0,0,0
21:04:42 Jan 05 2021,96,39,1,0,0
21:04:44 Jan 05 2021,96,39,1,0,0
21:04:46 Jan 05 2021,96,39,0,0,0
21:04:48 Jan 05 2021,96,39,1,0,0
21:04:50 Jan 05 2021,96,39,0,0,0
21:04:52 Jan 05 2021,96,39,1,0,0
21:04:54 Jan 05 2021,96,39,1,0,0
21:04:56 Jan 05 2021,96,39,1,0,0
21:04:58 Jan 05 2021,96,39,1,0,0
21:05:00 Jan 05 2021,96,39,0,0,0
21:05:02 Jan 05 2021,96,38,1,0,0
21:05:04 Jan 05 2021,96,39,0,0,0
21:05:06 Jan 05 2021,96,39,1,0,0
21:05:08 Jan 05 2021,95,39,1,0,0
21:05:10 Jan 05 2021,95,40,1,0,0
21:05:12 Jan 05 2021,94,40,1,0,0
21:05:14 Jan 05 2021,93,40,1,0,0
21:05:16 Jan 05 2021,93,40,0,0,0
21:05:18 Jan 05 2021,93,39,1,0,0
21:05:20 Jan 05 2021,92,38,1,0,0
21:05:22 Jan 05 2021,92,38,1,0,0
21:05:24 Jan 05 2021,92,38,1,0,0
21:05:26 Jan 05 2021,91,44,1,0,0
21:05:28 Jan 05 2021,91,45,1,0,0
21:05:30 Jan 05 2021,91,48,0,0,0
21:05:32 Jan 05 2021,91,48,0,0,0
21:05:34 Jan 05 2021,91,45,0,0,0
21:05:36 Jan 05 2021,91,44,1,0,0
21:05:38 Jan 05 2021,91,42,0,0,0
21:05:40 Jan 05 2021,92,40,0,0,0
21:05:42 Jan 05 2021,92,40,1,0,0
21:05:44 Jan 05 2021,93,40,0,0,0
21:05:46 Jan 05 2021,94,39,1,0,0
21:05:48 Jan 05 2021,95,39,1,0,0
21:05:50 Jan 05 2021,95,38,1,0,0
21:05:52 Jan 05 2021,96,38,0,0,0
21:05:54 Jan 05 2021,96,37,0,0,0
21:05:56 Jan 05 2021,96,36,1,0,0
21:05:58 Jan 05 2021,96,36,0,0,0
21:06:00 Jan 05 2021,96,36,1,0,0
21:06:02 Jan 05 2021,96,36,0,0,0
21:06:04 Jan 05 2021,96,36,0,0,0
21:06:06 Jan 05 2021,96,36,1,0,0
21:06:08 Jan 05 2021,96,36,1,0,0
21:06:10 Jan 05 2021,96,36,1,0,0
21:06:12 Jan 05 2021,96,36,0,0,0
21:06:14 Jan 05 2021,96,36,1,0,0
21:06:16 Jan 05 2021,96,37,0,0,0
21:06:18 Jan 05 2021,96,37,1,0,0
21:06:20 Jan 05 2021,96,37,1,0,0
21:06:22 Jan 05 2021,96,37,1,0,0
21:06:24 Jan 05 2021,96,37,1,0,0
21:06:26 Jan 05 2021,96,37,1,0,0
21:06:28 Jan 05 2021,96,37,1,0,0
21:06:30 Jan 05 2021,95,37,0,0,0
21:06:32 Jan 05 2021,94,37,1,0,0
21:06:34 Jan 05 2021,95,37,0,0,0
21:06:36 Jan 05 2021,95,37,0,0,0
21:06:38 Jan 05 2021,95,37,1,0,0
21:06:40 Jan 05 2021,95,37,1,0,0
21:06:42 Jan 05 2021,95,37,1,0,0
21:06:44 Jan 05 2021,95,37,1,0,0
21:06:46 Jan 05 2021,91,36,1,0,0
21:06:48 Jan 05 2021,92,36,0,0,0
21:06:50 Jan 05 2021,91,36,1,0,0
21:06:52 Jan 05 2021,92,36,1,0,0
21:06:54 Jan 05 2021,92,35,1,0,0
21:06:56 Jan 05 2021,92,35,1,0,0
21:06:58 Jan 05 2021,92,35,0,0,0
21:07:00 Jan 05 2021,92,35,1,0,0
21:07:02 Jan 05 2021,92,35,0,0,0
21:07:04 Jan 05 2021,92,35,1,0,0
21:07:06 Jan 05 2021,93,42,1,0,0
21:07:08 Jan 05 2021,94,44,1,0,0
21:07:10 Jan 05 2021,95,48,1,0,0
21:07:12 Jan 05 2021,96,44,1,0,0
21:07:14 Jan 05 2021,96,44,0,0,0
21:07:16 Jan 05 2021,96,45,1,0,0
21:07:18 Jan 05 2021,96,50,1,0,0
21:07:20 Jan 05 2021,96,60,1,0,0
21:07:22 Jan 05 2021,96,62,3,0,0
21:07:24 Jan 05 2021,96,68,0,0,0
21:07:26 Jan 05 2021,96,68,1,0,0
21:07:28 Jan 05 2021,96,66,0,0,0
21:07:30 Jan 05 2021,96,68,0,0,0
21:07:32 Jan 05 2021,96,68,0,0,0
21:07:34 Jan 05 2021,96,68,1,0,0
21:07:36 Jan 05 2021,95,69,1,0,0
21:07:38 Jan 05 2021,96,69,0,0,0
21:07:40 Jan 05 2021,93,67,1,0,0
21:07:42 Jan 05 2021,92,69,1,0,0
21:07:44 Jan 05 2021,92,72,1,0,0
21:07:46 Jan 05 2021,90,72,1,0,0
21:07:48 Jan 05 2021,91,71,1,0,0
21:07:50 Jan 05 2021,90,70,0,0,0
21:07:52 Jan 05 2021,90,71,0,0,0
21:07:54 Jan 05 2021,91,64,1,0,0
21:07:56 Jan 05 2021,92,57,1,0,0
21:07:58 Jan 05 2021,93,53,0,0,0
21:08:00 Jan 05 2021,93,54,0,0,0
21:08:02 Jan 05 2021,94,61,0,0,0
21:08:04 Jan 05 2021,94,67,0,0,0
21:08:06 Jan 05 2021,95,72,0,0,0
21:08:08 Jan 05 2021,96,66,1,0,0
21:08:10 Jan 05 2021,96,73,0,0,0
21:08:12 Jan 05 2021,96,67,1,0,0
21:08:14 Jan 05 2021,96,65,0,0,0
21:08:16 Jan 05 2021,96,66,1,0,0
21:08:18 Jan 05 2021,96,63,0,0,0
21:08:20 Jan 05 2021,96,63,1,0,0
21:08:22 Jan 05 2021,96,60,0,0,0
21:08:24 Jan 05 2021,96,60,9,0,0
21:08:26 Jan 05 2021,96,59,12,0,0
21:08:28 Jan 05 2021,96,64,0,0,0
21:08:30 Jan 05 2021,96,64,0,0,0
21:08:32 Jan 05 2021,95,65,0,0,0
21:08:34 Jan 05 2021,94,65,0,0,0
21:08:36 Jan 05 2021,92,68,0,0,0
21:08:38 Jan 05 2021,92,73,0,0,0
21:08:40 Jan 05 2021,91,76,0,0,0
21:08:42 Jan 05 2021,91,77,1,0,0
21:08:44 Jan 05 2021,90,76,0,0,0
21:08:46 Jan 05 2021,90,75,0,0,0
21:08:48 Jan 05 2021,90,75,0,0,0
21:08:50 Jan 05 2021,89,75,0,0,0
21:08:52 Jan 05 2021,89,75,0,0,0
21:08:54 Jan 05 2021,88,75,0,0,0
21:08:56 Jan 05 2021,88,75,0,0,0
21:08:58 Jan 05 2021,88,75,0,0,0
21:09:00 Jan 05 2021,88,76,0,0,0
21:09:02 Jan 05 2021,88,75,0,0,0
21:09:04 Jan 05 2021,90,76,0,0,0
21:09:06 Jan 05 2021,91,76,0,0,0
21:09:08 Jan 05 2021,93,78,0,0,0
21:09:10 Jan 05 2021,95,79,0,0,0
21:09:12 Jan 05 2021,95,79,0,0,0
21:09:14 Jan 05 2021,96,79,1,0,0
21:09:16 Jan 05 2021,96,80,0,0,0
21:09:18 Jan 05 2021,96,78,0,0,0
21:09:20 Jan 05 2021,96,78,0,0,0
21:09:22 Jan 05 2021,96,78,0,0,0
21:09:24 Jan 05 2021,96,76,0,0,0
21:09:26 Jan 05 2021,96,74,0,0,0
21:09:28 Jan 05 2021,95,72,0,0,0
21:09:30 Jan 05 2021,95,72,0,0,0
21:09:32 Jan 05 2021,94,72,0,0,0
21:09:34 Jan 05 2021,94,73,0,0,0
21:09:36 Jan 05 2021,95,73,0,0,0
21:09:38 Jan 05 2021,95,74,0,0,0
21:09:40 Jan 05 2021,95,74,0,0,0
21:09:42 Jan 05 2021,95,68,0,0,0
21:09:44 Jan 05 2021,94,58,0,0,0
21:09:46 Jan 05 2021,94,50,0,0,0
21:09:48 Jan 05 2021,94,46,0,0,0
21:09:50 Jan 05 2021,94,47,0,0,0
21:09:52 Jan 05 2021,94,46,0,0,0
21:09:54 Jan 05 2021,92,46,0,0,0
21:09:56 Jan 05 2021,95,46,0,0,0
21:09:58 Jan 05 2021,95,46,0,0,0
21:10:00 Jan 05 2021,91,45,0,0,0
21:10:02 Jan 05 2021,88,46,0,0,0
21:10:04 Jan 05 2021,89,47,0,0,0
21:10:06 Jan 05 2021,87,47,0,0,0
21:10:08 Jan 05 2021,88,47,1,0,0
21:10:10 Jan 05 2021,88,47,0,0,0
21:10:12 Jan 05 2021,88,47,0,0,0
21:10:14 Jan 05 2021,88,47,1,0,0
21:10:16 Jan 05 2021,88,47,0,0,0
21:10:18 Jan 05 2021,88,47,0,0,0
21:10:20 Jan 05 2021,88,47,0,0,0
21:10:22 Jan 05 2021,88,47,0,0,0
21:10:24 Jan 05 2021,88,47,0,0,0
21:10:26 Jan 05 2021,88,47,0,0,0
21:10:28 Jan 05 2021,90,45,0,0,0
21:10:30 Jan 05 2021,93,45,0,0,0
21:10:32 Jan 05 2021,94,46,0,0,0
21:10:34 Jan 05 2021,95,46,0,0,0
21:10:36 Jan 05 2021,95,46,0,0,0
21:10:38 Jan 05 2021,95,47,0,0,0
21:10:40 Jan 05 2021,95,47,0,0,0
21:10:42 Jan 05 2021,95,47,0,0,0
21:10:44 Jan 05 2021,95,47,0,0,0
21:10:46 Jan 05 2021,95,45,0,0,0
21:10:48 Jan 05 2021,94,42,0,0,0
21:10:50 Jan 05 2021,93,39,0,0,0
21:10:52 Jan 05 2021,92,38,0,0,0
21:10:54 Jan 05 2021,92,39,0,0,0
21:10:56 Jan 05 2021,91,39,0,0,0
21:10:58 Jan 05 2021,91,39,0,0,0
21:11:00 Jan 05 2021,91,39,0,0,0
21:11:02 Jan 05 2021,91,39,0,0,0
21:11:04 Jan 05 2021,92,39,0,0,0
21:11:06 Jan 05 2021,92,39,0,0,0
21:11:08 Jan 05 2021,93,39,0,0,0
21:11:10 Jan 05 2021,93,39,0,0,0
21:11:12 Jan 05 2021,93,39,0,0,0
21:11:14 Jan 05 2021,93,39,0,0,0
21:11:16 Jan 05 2021,93,39,0,0,0
21:11:18 Jan 05 2021,94,39,0,0,0
21:11:20 Jan 05 2021,94,39,0,0,0
21:11:22 Jan 05 2021,95,39,0,0,0
21:11:24 Jan 05 2021,96,40,0,0,0
21:11:26 Jan 05 2021,96,40,0,0,0
21:11:28 Jan 05 2021,96,40,0,0,0
21:11:30 Jan 05 2021,96,40,0,0,0
21:11:32 Jan 05 2021,96,40,0,0,0
21:11:34 Jan 05 2021,96,40,0,0,0
21:11:36 Jan 05 2021,96,40,0,0,0
21:11:38 Jan 05 2021,96,40,0,0,0
21:11:40 Jan 05 2021,96,39,0,0,0
21:11:42 Jan 05 2021,96,38,1,0,0
21:11:44 Jan 05 2021,95,37,1,0,0
21:11:46 Jan 05 2021,95,38,1,0,0
21:11:48 Jan 05 2021,95,38,0,0,0
21:11:50 Jan 05 2021,95,38,0,0,0
21:11:52 Jan 05 2021,94,39,1,0,0
21:11:54 Jan 05 2021,93,39,0,0,0
21:11:56 Jan 05 2021,92,39,0,0,0
21:11:58 Jan 05 2021,92,40,0,0,0
21:12:00 Jan 05 2021,92,39,0,0,0
21:12:02 Jan 05 2021,90,40,1,0,0
21:12:04 Jan 05 2021,89,40,1,0,0
21:12:06 Jan 05 2021,88,40,1,0,0
21:12:08 Jan 05 2021,89,40,0,0,0
21:12:10 Jan 05 2021,90,40,0,0,0
21:12:12 Jan 05 2021,89,40,1,0,0
21:12:14 Jan 05 2021,88,39,1,0,0
21:12:16 Jan 05 2021,87,39,0,0,0
21:12:18 Jan 05 2021,86,38,1,0,0
21:12:20 Jan 05 2021,87,38,1,0,0
21:12:22 Jan 05 2021,87,39,1,0,0
21:12:24 Jan 05 2021,88,39,0,0,0
21:12:26 Jan 05 2021,88,39,1,0,0
21:12:28 Jan 05 2021,88,39,1,0,0
21:12:30 Jan 05 2021,88,39,0,0,0
21:12:32 Jan 05 2021,88,39,0,0,0
21:12:34 Jan 05 2021,88,39,0,0,0
21:12:36 Jan 05 2021,88,39,1,0,0
21:12:38 Jan 05 2021,89,39,0,0,0
21:12:40 Jan 05 2021,89,39,1,0,0
21:12:42 Jan 05 2021,90,44,0,0,0
21:12:44 Jan 05 2021,92,49,0,0,0
21:12:46 Jan 05 2021,93,55,0,0,0
21:12:48 Jan 05 2021,94,59,0,0,0
21:12:50 Jan 05 2021,94,59,15,0,0
21:12:52 Jan 05 2021,94,61,22,0,0
21:12:54 Jan 05 2021,94,61,3,0,0
21:12:56 Jan 05 2021,94,62,9,0,0
21:12:58 Jan 05 2021,94,61,1,0,0
21:13:00 Jan 05 2021,94,61,4,0,0
21:13:02 Jan 05 2021,94,61,0,0,0
21:13:04 Jan 05 2021,94,61,1,0,0
21:13:06 Jan 05 2021,94,61,1,0,0
21:13:08 Jan 05 2021,94,61,0,0,0
21:13:10 Jan 05 2021,94,61,1,0,0
21:13:12 Jan 05 2021,93,57,1,0,0
21:13:14 Jan 05 2021,92,56,1,0,0
21:13:16 Jan 05 2021,91,57,1,0,0
21:13:18 Jan 05 2021,91,57,0,0,0
21:13:20 Jan 05 2021,91,64,0,0,0
21:13:22 Jan 05 2021,91,64,0,0,0
21:13:24 Jan 05 2021,92,66,0,0,0
21:13:26 Jan 05 2021,92,68,0,0,0
21:13:28 Jan 05 2021,93,66,0,0,0
21:13:30 Jan 05 2021,93,67,0,0,0
21:13:32 Jan 05 2021,94,65,1,0,0
21:13:34 Jan 05 2021,95,57,1,0,0
21:13:36 Jan 05 2021,95,53,0,0,0
21:13:38 Jan 05 2021,95,51,1,0,0
21:13:40 Jan 05 2021,96,45,1,0,0
21:13:42 Jan 05 2021,96,47,0,0,0
21:13:44 Jan 05 2021,96,53,0,0,0
21:13:46 Jan 05 2021,96,53,0,0,0
21:13:48 Jan 05 2021,96,53,1,0,0
21:13:50 Jan 05 2021,96,53,1,0,0
21:13:52 Jan 05 2021,96,53,1,0,0
21:13:54 Jan 05 2021,96,53,0,0,0
21:13:56 Jan 05 2021,96,53,0,0,0
21:13:58 Jan 05 2021,96,53,0,0,0
21:14:00 Jan 05 2021,96,53,1,0,0
21:14:02 Jan 05 2021,95,49,0,0,0
21:14:04 Jan 05 2021,94,44,0,0,0
21:14:06 Jan 05 2021,93,43,0,0,0
21:14:08 Jan 05 2021,92,42,0,0,0
21:14:10 Jan 05 2021,92,42,0,0,0
21:14:12 Jan 05 2021,92,42,0,0,0
21:14:14 Jan 05 2021,91,41,1,0,0
21:14:16 Jan 05 2021,90,42,1,0,0
21:14:18 Jan 05 2021,91,43,1,0,0
21:14:20 Jan 05 2021,90,43,0,0,0
21:14:22 Jan 05 2021,90,43,1,0,0
21:14:24 Jan 05 2021,90,41,0,0,0
21:14:26 Jan 05 2021,90,40,0,0,0
21:14:28 Jan 05 2021,90,38,0,0,0
21:14:30 Jan 05 2021,91,38,0,0,0
21:14:32 Jan 05 2021,92,38,0,0,0
21:14:34 Jan 05 2021,93,38,0,0,0
21:14:36 Jan 05 2021,93,38,1,0,0
21:14:38 Jan 05 2021,93,39,0,0,0
21:14:40 Jan 05 2021,94,39,0,0,0
21:14:42 Jan 05 2021,95,39,0,0,0
21:14:44 Jan 05 2021,95,38,1,0,0
21:14:46 Jan 05 2021,95,38,2,0,0
21:14:48 Jan 05 2021,95,38,5,0,0
21:14:50 Jan 05 2021,95,38,4,0,0
21:14:52 Jan 05 2021,95,38,0,0,0
21:14:54 Jan 05 2021,95,38,1,0,0
21:14:56 Jan 05 2021,95,38,0,0,0
21:14:58 Jan 05 2021,95,38,1,0,0
21:15:00 Jan 05 2021,95,38,0,0,0
21:15:02 Jan 05 2021,95,38,0,0,0
21:15:04 Jan 05 2021,95,38,0,0,0
21:15:06 Jan 05 2021,95,38,1,0,0
21:15:08 Jan 05 2021,95,38,0,0,0
21:15:10 Jan 05 2021,95,38,1,0,0
21:15:12 Jan 05 2021,95,38,1,0,0
21:15:14 Jan 05 2021,93,38,0,0,0
21:15:16 Jan 05 2021,95,39,0,0,0
21:15:18 Jan 05 2021,95,39,0,0,0
21:15:20 Jan 05 2021,95,39,0,0,0
21:15:22 Jan 05 2021,95,39,0,0,0
21:15:24 Jan 05 2021,95,39,0,0,0
21:15:26 Jan 05 2021,95,39,0,0,0
21:15:28 Jan 05 2021,92,39,0,0,0
21:15:30 Jan 05 2021,91,40,0,0,0
21:15:32 Jan 05 2021,92,40,0,0,0
21:15:34 Jan 05 2021,93,41,0,0,0
21:15:36 Jan 05 2021,93,41,0,0,0
21:15:38 Jan 05 2021,93,41,1,0,0
21:15:40 Jan 05 2021,93,42,1,0,0
21:15:42 Jan 05 2021,93,42,0,0,0
21:15:44 Jan 05 2021,93,43,1,0,0
21:15:46 Jan 05 2021,93,42,0,0,0
21:15:48 Jan 05 2021,93,42,0,0,0
21:15:50 Jan 05 2021,93,42,0,0,0
21:15:52 Jan 05 2021,93,42,0,0,0
21:15:54 Jan 05 2021,93,43,0,0,0
21:15:56 Jan 05 2021,94,43,1,0,0
21:15:58 Jan 05 2021,94,42,0,0,0
21:16:00 Jan 05 2021,94,42,0,0,0
21:16:02 Jan 05 2021,94,41,0,0,0
21:16:04 Jan 05 2021,94,40,0,0,0
21:16:06 Jan 05 2021,94,41,0,0,0
21:16:08 Jan 05 2021,94,41,0,0,0
21:16:10 Jan 05 2021,93,41,0,0,0
21:16:12 Jan 05 2021,94,41,1,0,0
21:16:14 Jan 05 2021,94,41,0,0,0
21:16:16 Jan 05 2021,94,41,0,0,0
21:16:18 Jan 05 2021,94,41,1,0,0
21:16:20 Jan 05 2021,93,40,0,0,0
21:16:22 Jan 05 2021,91,40,0,0,0
21:16:24 Jan 05 2021,90,39,1,0,0
21:16:26 Jan 05 2021,92,40,0,0,0
21:16:28 Jan 05 2021,94,40,0,0,0
21:16:30 Jan 05 2021,94,40,0,0,0
21:16:32 Jan 05 2021,92,39,1,0,0
21:16:34 Jan 05 2021,94,39,0,0,0
21:16:36 Jan 05 2021,94,39,0,0,0
21:16:38 Jan 05 2021,94,39,0,0,0
21:16:40 Jan 05 2021,95,39,0,0,0
21:16:42 Jan 05 2021,96,39,1,0,0
21:16:44 Jan 05 2021,96,39,0,0,0
21:16:46 Jan 05 2021,96,39,1,0,0
21:16:48 Jan 05 2021,96,39,1,0,0
21:16:50 Jan 05 2021,96,38,1,0,0
21:16:52 Jan 05 2021,96,38,0,0,0
21:16:54 Jan 05 2021,96,38,0,0,0
21:16:56 Jan 05 2021,95,39,1,0,0
21:16:58 Jan 05 2021,95,39,0,0,0
21:17:00 Jan 05 2021,95,39,0,0,0
21:17:02 Jan 05 2021,95,40,0,0,0
21:17:04 Jan 05 2021,95,39,0,0,0
21:17:06 Jan 05 2021,95,39,0,0,0
21:17:08 Jan 05 2021,95,39,1,0,0
21:17:10 Jan 05 2021,95,39,0,0,0
21:17:12 Jan 05 2021,95,39,0,0,0
21:17:14 Jan 05 2021,95,39,0,0,0
21:17:16 Jan 05 2021,95,40,0,0,0
21:17:18 Jan 05 2021,95,40,1,0,0
21:17:20 Jan 05 2021,95,40,0,0,0
21:17:22 Jan 05 2021,95,40,0,0,0
21:17:24 Jan 05 2021,95,40,0,0,0
21:17:26 Jan 05 2021,95,40,0,0,0
21:17:28 Jan 05 2021,95,40,0,0,0
21:17:30 Jan 05 2021,95,40,1,0,0
21:17:32 Jan 05 2021,95,40,1,0,0
21:17:34 Jan 05 2021,95,40,0,0,0
21:17:36 Jan 05 2021,95,40,0,0,0
21:17:38 Jan 05 2021,95,40,0,0,0
21:17:40 Jan 05 2021,95,40,0,0,0
21:17:42 Jan 05 2021,95,39,1,0,0
21:17:44 Jan 05 2021,95,39,0,0,0
21:17:46 Jan 05 2021,95,39,0,0,0
21:17:48 Jan 05 2021,95,39,0,0,0
21:17:50 Jan 05 2021,95,39,0,0,0
21:17:52 Jan 05 2021,95,39,0,0,0
21:17:54 Jan 05 2021,95,39,0,0,0
21:17:56 Jan 05 2021,95,39,0,0,0
21:17:58 Jan 05 2021,95,38,1,0,0
21:18:00 Jan 05 2021,95,37,0,0,0
21:18:02 Jan 05 2021,95,36,0,0,0
21:18:04 Jan 05 2021,95,36,0,0,0
21:18:06 Jan 05 2021,95,37,0,0,0
21:18:08 Jan 05 2021,95,37,0,0,0
21:18:10 Jan 05 2021,95,37,0,0,0
21:18:12 Jan 05 2021,95,37,0,0,0
21:18:14 Jan 05 2021,95,40,0,0,0
21:18:16 Jan 05 2021,95,41,0,0,0
21:18:18 Jan 05 2021,95,42,0,0,0
21:18:20 Jan 05 2021,93,42,1,0,0
21:18:22 Jan 05 2021,92,40,1,0,0
21:18:24 Jan 05 2021,89,39,0,0,0
21:18:26 Jan 05 2021,88,39,0,0,0
21:18:28 Jan 05 2021,88,39,0,0,0
21:18:30 Jan 05 2021,89,39,0,0,0
21:18:32 Jan 05 2021,90,40,0,0,0
21:18:34 Jan 05 2021,90,39,0,0,0
21:18:36 Jan 05 2021,91,40,0,0,0
21:18:38 Jan 05 2021,92,39,0,0,0
21:18:40 Jan 05 2021,93,40,0,0,0
21:18:42 Jan 05 2021,93,39,0,0,0
21:18:44 Jan 05 2021,93,39,0,0,0
21:18:46 Jan 05 2021,93,39,0,0,0
21:18:48 Jan 05 2021,94,40,0,0,0
21:18:50 Jan 05 2021,95,41,0,0,0
21:18:52 Jan 05 2021,95,41,0,0,0
21:18:54 Jan 05 2021,95,41,0,0,0
21:18:56 Jan 05 2021,95,40,0,0,0
21:18:58 Jan 05 2021,95,39,0,0,0
21:19:00 Jan 05 2021,95,38,0,0,0
21:19:02 Jan 05 2021,96,38,2,0,0
21:19:04 Jan 05 2021,96,38,1,0,0
21:19:06 Jan 05 2021,96,38,1,0,0
21:19:08 Jan 05 2021,96,38,0,0,0
21:19:10 Jan 05 2021,96,38,0,0,0
21:19:12 Jan 05 2021,96,38,0,0,0
21:19:14 Jan 05 2021,96,38,1,0,0
21:19:16 Jan 05 2021,96,38,0,0,0
21:19:18 Jan 05 2021,96,38,0,0,0
21:19:20 Jan 05 2021,96,38,0,0,0
21:19:22 Jan 05 2021,96,38,0,0,0
21:19:24 Jan 05 2021,96,38,0,0,0
21:19:26 Jan 05 2021,96,38,0,0,0
21:19:28 Jan 05 2021,96,38,0,0,0
21:19:30 Jan 05 2021,96,38,0,0,0
21:19:32 Jan 05 2021,96,38,0,0,0
21:19:34 Jan 05 2021,96,40,0,0,0
21:19:36 Jan 05 2021,96,40,0,0,0
21:19:38 Jan 05 2021,96,43,0,0,0
21:19:40 Jan 05 2021,96,43,0,0,0
21:19:42 Jan 05 2021,96,41,0,0,0
21:19:44 Jan 05 2021,95,49,0,0,0
21:19:46 Jan 05 2021,95,50,0,0,0
21:19:48 Jan 05 2021,95,58,0,0,0
21:19:50 Jan 05 2021,95,66,0,0,0
21:19:52 Jan 05 2021,95,64,0,0,0
21:19:54 Jan 05 2021,95,65,0,0,0
21:19:56 Jan 05 2021,95,65,0,0,0
21:19:58 Jan 05 2021,96,67,0,0,0
21:20:00 Jan 05 2021,96,68,0,0,0
21:20:02 Jan 05 2021,96,68,0,0,0
21:20:04 Jan 05 2021,96,68,0,0,0
21:20:06 Jan 05 2021,96,68,0,0,0
21:20:08 Jan 05 2021,96,68,0,0,0
21:20:10 Jan 05 2021,96,68,0,0,0
21:20:12 Jan 05 2021,96,69,0,0,0
21:20:14 Jan 05 2021,95,67,0,0,0
21:20:16 Jan 05 2021,95,70,0,0,0
21:20:18 Jan 05 2021,95,71,0,0,0
21:20:20 Jan 05 2021,95,73,0,0,0
21:20:22 Jan 05 2021,95,75,0,0,0
21:20:24 Jan 05 2021,95,76,1,0,0
21:20:26 Jan 05 2021,95,75,0,0,0
21:20:28 Jan 05 2021,95,75,0,0,0
21:20:30 Jan 05 2021,95,76,0,0,0
21:20:32 Jan 05 2021,95,76,0,0,0
21:20:34 Jan 05 2021,95,78,0,0,0
21:20:36 Jan 05 2021,95,75,0,0,0
21:20:38 Jan 05 2021,94,71,0,0,0
21:20:40 Jan 05 2021,93,72,0,0,0
21:20:42 Jan 05 2021,92,69,0,0,0
21:20:44 Jan 05 2021,92,69,0,0,0
21:20:46 Jan 05 2021,92,70,0,0,0
21:20:48 Jan 05 2021,91,70,0,0,0
21:20:50 Jan 05 2021,92,72,0,0,0
21:20:52 Jan 05 2021,93,74,0,0,0
21:20:54 Jan 05 2021,94,76,0,0,0
21:20:56 Jan 05 2021,94,76,0,0,0
21:20:58 Jan 05 2021,95,74,0,0,0
21:21:00 Jan 05 2021,95,75,0,0,0
21:21:02 Jan 05 2021,95,73,0,0,0
21:21:04 Jan 05 2021,95,73,0,0,0
21:21:06 Jan 05 2021,95,72,0,0,0
21:21:08 Jan 05 2021,96,69,0,0,0
21:21:10 Jan 05 2021,96,70,0,0,0
21:21:12 Jan 05 2021,96,70,0,0,0
21:21:14 Jan 05 2021,96,73,0,0,0
21:21:16 Jan 05 2021,96,74,0,0,0
21:21:18 Jan 05 2021,96,73,0,0,0
21:21:20 Jan 05 2021,95,74,0,0,0
21:21:22 Jan 05 2021,95,73,0,0,0
21:21:24 Jan 05 2021,95,73,0,0,0
21:21:26 Jan 05 2021,95,74,0,0,0
21:21:28 Jan 05 2021,95,72,0,0,0
21:21:30 Jan 05 2021,95,71,0,0,0
21:21:32 Jan 05 2021,95,71,3,0,0
21:21:34 Jan 05 2021,95,69,25,0,0
21:21:36 Jan 05 2021,95,67,6,0,0
21:21:38 Jan 05 2021,95,67,0,0,0
21:21:40 Jan 05 2021,95,66,0,0,0
21:21:42 Jan 05 2021,95,66,0,0,0
21:21:44 Jan 05 2021,95,67,0,0,0
21:21:46 Jan 05 2021,95,67,0,0,0
21:21:48 Jan 05 2021,94,67,1,0,0
21:21:50 Jan 05 2021,94,63,0,0,0
21:21:52 Jan 05 2021,93,59,0,0,0
21:21:54 Jan 05 2021,94,55,0,0,0
21:21:56 Jan 05 2021,94,60,0,0,0
21:21:58 Jan 05 2021,94,65,0,0,0
21:22:00 Jan 05 2021,95,66,0,0,0
21:22:02 Jan 05 2021,95,72,1,0,0
21:22:04 Jan 05 2021,95,71,0,0,0
21:22:06 Jan 05 2021,95,70,0,0,0
21:22:08 Jan 05 2021,95,72,0,0,0
21:22:10 Jan 05 2021,96,69,0,0,0
21:22:12 Jan 05 2021,96,67,0,0,0
21:22:14 Jan 05 2021,96,64,0,0,0
21:22:16 Jan 05 2021,96,62,0,0,0
21:22:18 Jan 05 2021,95,62,0,0,0
21:22:20 Jan 05 2021,95,59,19,0,0
21:22:22 Jan 05 2021,95,57,3,0,0
21:22:24 Jan 05 2021,94,54,3,0,0
21:22:26 Jan 05 2021,95,54,2,0,0
21:22:28 Jan 05 2021,95,54,3,0,0
21:22:30 Jan 05 2021,95,53,2,0,0
21:22:32 Jan 05 2021,95,54,1,0,0
21:22:34 Jan 05 2021,95,54,0,0,0
21:22:36 Jan 05 2021,95,53,1,0,0
21:22:38 Jan 05 2021,96,52,0,0,0
21:22:40 Jan 05 2021,95,53,1,0,0
21:22:42 Jan 05 2021,94,63,1,0,0
21:22:44 Jan 05 2021,91,75,0,0,0
21:22:46 Jan 05 2021,89,87,0,0,0
21:22:48 Jan 05 2021,89,88,0,0,0
21:22:50 Jan 05 2021,90,88,1,0,0
21:22:52 Jan 05 2021,92,88,0,0,0
21:22:54 Jan 05 2021,92,88,0,0,0
21:22:56 Jan 05 2021,93,86,0,0,0
21:22:58 Jan 05 2021,93,84,1,0,0
21:23:00 Jan 05 2021,94,82,1,0,0
21:23:02 Jan 05 2021,95,82,1,0,0
21:23:04 Jan 05 2021,95,83,0,0,0
21:23:06 Jan 05 2021,96,82,1,0,0
21:23:08 Jan 05 2021,96,80,0,0,0
21:23:10 Jan 05 2021,97,80,0,0,0
21:23:12 Jan 05 2021,97,79,0,0,0
21:23:14 Jan 05 2021,97,77,0,0,0
21:23:16 Jan 05 2021,97,77,0,0,0
21:23:18 Jan 05 2021,97,76,0,0,0
21:23:20 Jan 05 2021,97,76,0,0,0
21:23:22 Jan 05 2021,97,76,0,0,0
21:23:24 Jan 05 2021,97,79,0,0,0
21:23:26 Jan 05 2021,97,78,0,0,0
21:23:28 Jan 05 2021,97,76,0,0,0
21:23:30 Jan 05 2021,96,76,0,0,0
21:23:32 Jan 05 2021,96,77,1,0,0
21:23:34 Jan 05 2021,96,77,0,0,0
21:23:36 Jan 05 2021,95,77,1,0,0
21:23:38 Jan 05 2021,95,77,0,0,0
21:23:40 Jan 05 2021,95,77,0,0,0
21:23:42 Jan 05 2021,95,77,0,0,0
21:23:44 Jan 05 2021,94,76,0,0,0
21:23:46 Jan 05 2021,93,74,0,0,0
21:23:48 Jan 05 2021,92,73,0,0,0
21:23:50 Jan 05 2021,92,73,0,0,0
21:23:52 Jan 05 2021,92,73,0,0,0
21:23:54 Jan 05 2021,92,74,0,0,0
21:23:56 Jan 05 2021,92,68,1,0,0
21:23:58 Jan 05 2021,92,57,0,0,0
21:24:00 Jan 05 2021,92,45,0,0,0
21:24:02 Jan 05 2021,93,41,0,0,0
21:24:04 Jan 05 2021,94,40,0,0,0
21:24:06 Jan 05 2021,95,40,0,0,0
21:24:08 Jan 05 2021,95,40,0,0,0
21:24:10 Jan 05 2021,95,38,1,0,0
21:24:12 Jan 05 2021,95,38,1,0,0
21:24:14 Jan 05 2021,96,38,0,0,0
21:24:16 Jan 05 2021,96,38,0,0,0
21:24:18 Jan 05 2021,96,38,0,0,0
21:24:20 Jan 05 2021,96,38,0,0,0
21:24:22 Jan 05 2021,96,38,0,0,0
21:24:24 Jan 05 2021,96,38,1,0,0
21:24:26 Jan 05 2021,96,38,1,0,0
21:24:28 Jan 05 2021,96,38,0,0,0
21:24:30 Jan 05 2021,96,38,1,0,0
21:24:32 Jan 05 2021,96,38,0,0,0
21:24:34 Jan 05 2021,96,38,0,0,0
21:24:36 Jan 05 2021,95,39,1,0,0
21:24:38 Jan 05 2021,95,41,0,0,0
21:24:40 Jan 05 2021,95,42,0,0,0
21:24:42 Jan 05 2021,95,42,0,0,0
21:24:44 Jan 05 2021,95,42,0,0,0
21:24:46 Jan 05 2021,95,42,1,0,0
21:24:48 Jan 05 2021,95,42,0,0,0
21:24:50 Jan 05 2021,94,42,0,0,0
21:24:52 Jan 05 2021,93,42,0,0,0
21:24:54 Jan 05 2021,92,43,1,0,0
21:24:56 Jan 05 2021,91,42,0,0,0
21:24:58 Jan 05 2021,91,42,0,0,0
21:25:00 Jan 05 2021,89,41,0,0,0
21:25:02 Jan 05 2021,89,41,0,0,0
21:25:04 Jan 05 2021,90,42,1,0,0
21:25:06 Jan 05 2021,90,42,0,0,0
21:25:08 Jan 05 2021,91,41,1,0,0
21:25:10 Jan 05 2021,93,40,1,0,0
21:25:12 Jan 05 2021,94,39,1,0,0
21:25:14 Jan 05 2021,94,39,1,0,0
21:25:16 Jan 05 2021,94,39,1,0,0
21:25:18 Jan 05 2021,94,37,1,0,0
21:25:20 Jan 05 2021,95,36,1,0,0
21:25:22 Jan 05 2021,95,36,1,0,0
21:25:24 Jan 05 2021,95,36,0,0,0
21:25:26 Jan 05 2021,95,37,1,0,0
21:25:28 Jan 05 2021,95,37,0,0,0
21:25:30 Jan 05 2021,95,37,0,0,0
21:25:32 Jan 05 2021,95,37,1,0,0
21:25:34 Jan 05 2021,94,37,1,0,0
21:25:36 Jan 05 2021,93,37,1,0,0
21:25:38 Jan 05 2021,93,37,0,0,0
21:25:40 Jan 05 2021,94,37,0,0,0
21:25:42 Jan 05 2021,93,42,1,0,0
21:25:44 Jan 05 2021,94,43,0,0,0
21:25:46 Jan 05 2021,94,45,0,0,0
21:25:48 Jan 05 2021,94,46,1,0,0
21:25:50 Jan 05 2021,94,46,0,0,0
21:25:52 Jan 05 2021,94,47,1,0,0
21:25:54 Jan 05 2021,93,47,0,0,0
21:25:56 Jan 05 2021,93,47,0,0,0
21:25:58 Jan 05 2021,92,46,1,0,0
21:26:00 Jan 05 2021,90,43,0,0,0
21:26:02 Jan 05 2021,90,43,0,0,0
21:26:04 Jan 05 2021,89,42,0,0,0
21:26:06 Jan 05 2021,89,41,1,0,0
21:26:08 Jan 05 2021,91,41,1,0,0
21:26:10 Jan 05 2021,91,38,1,0,0
21:26:12 Jan 05 2021,92,37,1,0,0
21:26:14 Jan 05 2021,93,38,1,0,0
21:26:16 Jan 05 2021,94,39,1,0,0
21:26:18 Jan 05 2021,95,39,1,0,0
21:26:20 Jan 05 2021,95,39,0,0,0
21:26:22 Jan 05 2021,95,38,0,0,0
21:26:24 Jan 05 2021,95,37,1,0,0
21:26:26 Jan 05 2021,95,36,0,0,0
21:26:28 Jan 05 2021,95,36,0,0,0
21:26:30 Jan 05 2021,95,37,0,0,0
21:26:32 Jan 05 2021,95,37,0,0,0
21:26:34 Jan 05 2021,95,37,0,0,0
21:26:36 Jan 05 2021,95,38,0,0,0
21:26:38 Jan 05 2021,95,37,1,0,0
21:26:40 Jan 05 2021,95,37,0,0,0
21:26:42 Jan 05 2021,95,38,1,0,0
21:26:44 Jan 05 2021,94,38,1,0,0
21:26:46 Jan 05 2021,93,37,4,0,0
21:26:48 Jan 05 2021,92,37,2,0,0
21:26:50 Jan 05 2021,92,37,4,0,0
21:26:52 Jan 05 2021,92,37,1,0,0
21:26:54 Jan 05 2021,92,37,0,0,0
21:26:56 Jan 05 2021,92,37,0,0,0
21:26:58 Jan 05 2021,92,37,0,0,0
21:27:00 Jan 05 2021,92,37,0,0,0
21:27:02 Jan 05 2021,92,37,0,0,0
21:27:04 Jan 05 2021,92,37,0,0,0
21:27:06 Jan 05 2021,92,37,0,0,0
21:27:08 Jan 05 2021,92,37,0,0,0
21:27:10 Jan 05 2021,92,37,0,0,0
21:27:12 Jan 05 2021,92,37,0,0,0
21:27:14 Jan 05 2021,92,37,0,0,0
21:27:16 Jan 05 2021,92,52,0,0,0
21:27:18 Jan 05 2021,92,64,0,0,0
21:27:20 Jan 05 2021,92,64,0,0,0
21:27:22 Jan 05 2021,93,71,0,0,0
21:27:24 Jan 05 2021,94,69,0,0,0
21:27:26 Jan 05 2021,94,70,0,0,0
21:27:28 Jan 05 2021,95,78,0,0,0
21:27:30 Jan 05 2021,95,78,0,0,0
21:27:32 Jan 05 2021,96,79,0,0,0
21:27:34 Jan 05 2021,96,79,0,0,0
21:27:36 Jan 05 2021,96,79,0,0,0
21:27:38 Jan 05 2021,96,78,0,0,0
21:27:40 Jan 05 2021,96,78,0,0,0
21:27:42 Jan 05 2021,96,77,0,0,0
21:27:44 Jan 05 2021,95,76,0,0,0
21:27:46 Jan 05 2021,95,76,0,0,0
21:27:48 Jan 05 2021,95,74,0,0,0
21:27:50 Jan 05 2021,95,74,0,0,0
21:27:52 Jan 05 2021,96,74,0,0,0
21:27:54 Jan 05 2021,96,73,0,0,0
21:27:56 Jan 05 2021,96,73,0,0,0
21:27:58 Jan 05 2021,96,71,0,0,0
21:28:00 Jan 05 2021,95,74,0,0,0
21:28:02 Jan 05 2021,95,77,0,0,0
21:28:04 Jan 05 2021,95,78,0,0,0
21:28:06 Jan 05 2021,96,81,0,0,0
21:28:08 Jan 05 2021,96,82,0,0,0
21:28:10 Jan 05 2021,96,83,0,0,0
21:28:12 Jan 05 2021,96,82,0,0,0
21:28:14 Jan 05 2021,96,81,0,0,0
21:28:16 Jan 05 2021,96,78,1,0,0
21:28:18 Jan 05 2021,96,77,0,0,0
21:28:20 Jan 05 2021,95,77,0,0,0
21:28:22 Jan 05 2021,93,78,0,0,0
21:28:24 Jan 05 2021,94,79,1,0,0
21:28:26 Jan 05 2021,93,80,0,0,0
21:28:28 Jan 05 2021,94,79,2,0,0
21:28:30 Jan 05 2021,94,79,2,0,0
21:28:32 Jan 05 2021,94,79,2,0,0
21:28:34 Jan 05 2021,94,79,8,0,0
21:28:36 Jan 05 2021,94,79,1,0,0
21:28:38 Jan 05 2021,94,79,4,0,0
21:28:40 Jan 05 2021,94,79,2,0,0
21:28:42 Jan 05 2021,94,79,0,0,0
21:28:44 Jan 05 2021,94,79,0,0,0
21:28:46 Jan 05 2021,94,76,0,0,0
21:28:48 Jan 05 2021,94,77,1,0,0
21:28:50 Jan 05 2021,94,76,0,0,0
21:28:52 Jan 05 2021,94,75,0,0,0
21:28:54 Jan 05 2021,94,75,0,0,0
21:28:56 Jan 05 2021,94,75,0,0,0
21:28:58 Jan 05 2021,94,75,0,0,0
21:29:00 Jan 05 2021,93,77,0,0,0
21:29:02 Jan 05 2021,93,79,0,0,0
21:29:04 Jan 05 2021,92,80,1,0,0
21:29:06 Jan 05 2021,91,80,0,0,0
21:29:08 Jan 05 2021,91,77,0,0,0
21:29:10 Jan 05 2021,90,76,1,0,0
21:29:12 Jan 05 2021,90,77,0,0,0
21:29:14 Jan 05 2021,90,77,0,0,0
21:29:16 Jan 05 2021,90,77,0,0,0
21:29:18 Jan 05 2021,89,78,0,0,0
21:29:20 Jan 05 2021,89,78,0,0,0
21:29:22 Jan 05 2021,89,78,0,0,0
21:29:24 Jan 05 2021,89,77,0,0,0
21:29:26 Jan 05 2021,90,76,0,0,0
21:29:28 Jan 05 2021,91,75,0,0,0
21:29:30 Jan 05 2021,92,75,0,0,0
21:29:32 Jan 05 2021,92,75,0,0,0
21:29:34 Jan 05 2021,92,75,1,0,0
21:29:36 Jan 05 2021,93,69,0,0,0
21:29:38 Jan 05 2021,93,61,0,0,0
21:29:40 Jan 05 2021,93,55,1,0,0
21:29:42 Jan 05 2021,93,48,0,0,0
21:29:44 Jan 05 2021,93,46,0,0,0
21:29:46 Jan 05 2021,93,46,1,0,0
21:29:48 Jan 05 2021,93,48,1,0,0
21:29:50 Jan 05 2021,93,47,1,0,0
21:29:52 Jan 05 2021,93,47,1,0,0
21:29:54 Jan 05 2021,93,47,7,0,0
21:29:56 Jan 05 2021,93,47,2,0,0
21:29:58 Jan 05 2021,93,47,1,0,0
21:30:00 Jan 05 2021,94,49,2,0,0
21:30:02 Jan 05 2021,94,49,2,0,0
21:30:04 Jan 05 2021,94,49,0,0,0
21:30:06 Jan 05 2021,94,49,0,0,0
21:30:08 Jan 05 2021,94,49,0,0,0
21:30:10 Jan 05 2021,94,49,0,0,0
21:30:12 Jan 05 2021,94,49,0,0,0
21:30:14 Jan 05 2021,93,46,0,0,0
21:30:16 Jan 05 2021,93,44,0,0,0
21:30:18 Jan 05 2021,91,41,0,0,0
21:30:20 Jan 05 2021,91,38,0,0,0
21:30:22 Jan 05 2021,91,39,0,0,0
21:30:24 Jan 05 2021,92,39,1,0,0
21:30:26 Jan 05 2021,92,39,0,0,0
21:30:28 Jan 05 2021,92,39,0,0,0
21:30:30 Jan 05 2021,92,39,0,0,0
21:30:32 Jan 05 2021,92,39,0,0,0
21:30:34 Jan 05 2021,92,39,0,0,0
21:30:36 Jan 05 2021,92,39,0,0,0
21:30:38 Jan 05 2021,92,39,0,0,0
21:30:40 Jan 05 2021,93,44,1,0,0
21:30:42 Jan 05 2021,95,55,0,0,0
21:30:44 Jan 05 2021,95,60,0,0,0
21:30:46 Jan 05 2021,96,61,0,0,0
21:30:48 Jan 05 2021,95,51,0,0,0
21:30:50 Jan 05 2021,95,44,1,0,0
21:30:52 Jan 05 2021,95,42,1,0,0
21:30:54 Jan 05 2021,95,42,0,0,0
21:30:56 Jan 05 2021,95,42,0,0,0
21:30:58 Jan 05 2021,95,42,0,0,0
21:31:00 Jan 05 2021,95,42,0,0,0
21:31:02 Jan 05 2021,95,42,0,0,0
21:31:04 Jan 05 2021,94,42,0,0,0
21:31:06 Jan 05 2021,94,42,0,0,0
21:31:08 Jan 05 2021,94,43,0,0,0
21:31:10 Jan 05 2021,95,45,0,0,0
21:31:12 Jan 05 2021,95,45,0,0,0
21:31:14 Jan 05 2021,95,45,0,0,0
21:31:16 Jan 05 2021,95,45,0,0,0
21:31:18 Jan 05 2021,95,45,0,0,0
21:31:20 Jan 05 2021,95,46,0,0,0
21:31:22 Jan 05 2021,95,47,0,0,0
21:31:24 Jan 05 2021,95,47,0,0,0
21:31:26 Jan 05 2021,95,47,0,0,0
21:31:28 Jan 05 2021,95,47,0,0,0
21:31:30 Jan 05 2021,95,47,0,0,0
21:31:32 Jan 05 2021,95,48,0,0,0
21:31:34 Jan 05 2021,95,48,0,0,0
21:31:36 Jan 05 2021,95,48,1,0,0
21:31:38 Jan 05 2021,95,48,0,0,0
21:31:40 Jan 05 2021,95,47,0,0,0
21:31:42 Jan 05 2021,95,45,0,0,0
21:31:44 Jan 05 2021,95,44,0,0,0
21:31:46 Jan 05 2021,95,43,1,0,0
21:31:48 Jan 05 2021,95,45,0,0,0
21:31:50 Jan 05 2021,95,45,1,0,0
21:31:52 Jan 05 2021,95,45,1,0,0
21:31:54 Jan 05 2021,95,45,0,0,0
21:31:56 Jan 05 2021,95,45,9,0,0
21:31:58 Jan 05 2021,95,44,2,0,0
21:32:00 Jan 05 2021,95,45,0,0,0
21:32:02 Jan 05 2021,95,45,0,0,0
21:32:04 Jan 05 2021,95,45,0,0,0
21:32:06 Jan 05 2021,95,45,0,0,0
21:32:08 Jan 05 2021,95,45,0,0,0
21:32:10 Jan 05 2021,94,43,0,0,0
21:32:12 Jan 05 2021,92,40,0,0,0
21:32:14 Jan 05 2021,90,38,0,0,0
21:32:16 Jan 05 2021,89,37,0,0,0
21:32:18 Jan 05 2021,89,37,0,0,0
21:32:20 Jan 05 2021,89,38,0,0,0
21:32:22 Jan 05 2021,89,38,0,0,0
21:32:24 Jan 05 2021,89,38,0,0,0
21:32:26 Jan 05 2021,89,38,0,0,0
21:32:28 Jan 05 2021,89,38,0,0,0
21:32:30 Jan 05 2021,90,38,0,0,0
21:32:32 Jan 05 2021,91,38,0,0,0
21:32:34 Jan 05 2021,92,38,0,0,0
21:32:36 Jan 05 2021,93,38,0,0,0
21:32:38 Jan 05 2021,93,37,0,0,0
21:32:40 Jan 05 2021,94,37,0,0,0
21:32:42 Jan 05 2021,95,37,0,0,0
21:32:44 Jan 05 2021,95,37,0,0,0
21:32:46 Jan 05 2021,95,37,0,0,0
21:32:48 Jan 05 2021,95,37,0,0,0
21:32:50 Jan 05 2021,95,37,0,0,0
21:32:52 Jan 05 2021,95,38,0,0,0
21:32:54 Jan 05 2021,95,38,0,0,0
21:32:56 Jan 05 2021,95,38,0,0,0
21:32:58 Jan 05 2021,95,38,0,0,0
21:33:00 Jan 05 2021,95,38,0,0,0
21:33:02 Jan 05 2021,95,38,0,0,0
21:33:04 Jan 05 2021,95,38,0,0,0
21:33:06 Jan 05 2021,94,36,0,0,0
21:33:08 Jan 05 2021,94,36,0,0,0
21:33:10 Jan 05 2021,94,35,4,0,0
21:33:12 Jan 05 2021,94,36,0,0,0
21:33:14 Jan 05 2021,94,36,8,0,0
21:33:16 Jan 05 2021,94,36,4,0,0
21:33:18 Jan 05 2021,94,36,1,0,0
21:33:20 Jan 05 2021,94,36,0,0,0
21:33:22 Jan 05 2021,94,36,0,0,0
21:33:24 Jan 05 2021,94,36,0,0,0
21:33:26 Jan 05 2021,94,36,0,0,0
21:33:28 Jan 05 2021,94,36,0,0,0
21:33:30 Jan 05 2021,94,36,0,0,0
21:33:32 Jan 05 2021,94,36,0,0,0
21:33:34 Jan 05 2021,94,36,0,0,0
21:33:36 Jan 05 2021,94,36,0,0,0
21:33:38 Jan 05 2021,94,36,0,0,0
21:33:40 Jan 05 2021,94,38,0,0,0
21:33:42 Jan 05 2021,94,38,0,0,0
21:33:44 Jan 05 2021,94,48,0,0,0
21:33:46 Jan 05 2021,94,52,0,0,0
21:33:48 Jan 05 2021,94,47,0,0,0
21:33:50 Jan 05 2021,94,50,0,0,0
21:33:52 Jan 05 2021,94,50,0,0,0
21:33:54 Jan 05 2021,94,50,0,0,0
21:33:56 Jan 05 2021,94,50,0,0,0
21:33:58 Jan 05 2021,94,50,0,0,0
21:34:00 Jan 05 2021,94,50,0,0,0
21:34:02 Jan 05 2021,94,50,13,0,0
21:34:04 Jan 05 2021,94,50,4,0,0
21:34:06 Jan 05 2021,94,50,16,0,0
21:34:08 Jan 05 2021,94,50,2,0,0
21:34:10 Jan 05 2021,94,50,0,0,0
21:34:12 Jan 05 2021,94,50,0,0,0
21:34:14 Jan 05 2021,94,50,0,0,0
21:34:16 Jan 05 2021,94,50,2,0,0
21:34:18 Jan 05 2021,94,50,1,0,0
21:34:20 Jan 05 2021,94,50,1,0,0
21:34:22 Jan 05 2021,94,50,0,0,0
21:34:24 Jan 05 2021,94,50,1,0,0
21:34:26 Jan 05 2021,94,50,0,0,0
21:34:28 Jan 05 2021,94,50,1,0,0
21:34:30 Jan 05 2021,94,50,0,0,0
21:34:32 Jan 05 2021,94,50,0,0,0
21:34:34 Jan 05 2021,93,49,0,0,0
21:34:36 Jan 05 2021,93,48,1,0,0
21:34:38 Jan 05 2021,93,48,0,0,0
21:34:40 Jan 05 2021,93,48,0,0,0
21:34:42 Jan 05 2021,93,48,3,0,0
21:34:44 Jan 05 2021,93,48,0,0,0
21:34:46 Jan 05 2021,93,48,0,0,0
21:34:48 Jan 05 2021,93,48,0,0,0
21:34:50 Jan 05 2021,93,48,0,0,0
21:34:52 Jan 05 2021,93,48,0,0,0
21:34:54 Jan 05 2021,93,48,1,0,0
21:34:56 Jan 05 2021,93,48,0,0,0
21:34:58 Jan 05 2021,93,47,0,0,0
21:35:00 Jan 05 2021,94,49,0,0,0
21:35:02 Jan 05 2021,95,55,3,0,0
21:35:04 Jan 05 2021,95,54,1,0,0
21:35:06 Jan 05 2021,95,57,0,0,0
21:35:08 Jan 05 2021,95,59,1,0,0
21:35:10 Jan 05 2021,95,57,0,0,0
21:35:12 Jan 05 2021,95,57,0,0,0
21:35:14 Jan 05 2021,94,60,0,0,0
21:35:16 Jan 05 2021,94,61,1,0,0
21:35:18 Jan 05 2021,93,65,1,0,0
21:35:20 Jan 05 2021,92,63,1,0,0
21:35:22 Jan 05 2021,92,65,1,0,0
21:35:24 Jan 05 2021,92,61,1,0,0
21:35:26 Jan 05 2021,92,60,1,0,0
21:35:28 Jan 05 2021,92,60,0,0,0
21:35:30 Jan 05 2021,92,61,0,0,0
21:35:32 Jan 05 2021,92,61,1,0,0
21:35:34 Jan 05 2021,92,61,1,0,0
21:35:36 Jan 05 2021,92,61,1,0,0
21:35:38 Jan 05 2021,92,61,1,0,0
21:35:40 Jan 05 2021,92,61,1,0,0
21:35:42 Jan 05 2021,92,58,0,0,0
21:35:44 Jan 05 2021,92,59,0,0,0
21:35:46 Jan 05 2021,92,56,1,0,0
21:35:48 Jan 05 2021,93,49,1,0,0
21:35:50 Jan 05 2021,94,49,0,0,0
21:35:52 Jan 05 2021,94,47,1,0,0
21:35:54 Jan 05 2021,94,45,0,0,0
21:35:56 Jan 05 2021,94,45,0,0,0
21:35:58 Jan 05 2021,94,43,1,0,0
21:36:00 Jan 05 2021,94,42,0,0,0
21:36:02 Jan 05 2021,94,44,0,0,0
21:36:04 Jan 05 2021,94,45,0,0,0
21:36:06 Jan 05 2021,94,45,0,0,0
21:36:08 Jan 05 2021,95,45,1,0,0
21:36:10 Jan 05 2021,95,44,1,0,0
21:36:12 Jan 05 2021,95,40,1,0,0
21:36:14 Jan 05 2021,95,37,7,0,0
21:36:16 Jan 05 2021,95,35,1,0,0
21:36:18 Jan 05 2021,95,35,1,0,0
21:36:20 Jan 05 2021,95,36,1,0,0
21:36:22 Jan 05 2021,95,36,0,0,0
21:36:24 Jan 05 2021,94,36,1,0,0
21:36:26 Jan 05 2021,94,48,1,0,0
21:36:28 Jan 05 2021,93,57,1,0,0
21:36:30 Jan 05 2021,94,67,0,0,0
21:36:32 Jan 05 2021,94,69,1,0,0
21:36:34 Jan 05 2021,94,66,1,0,0
21:36:36 Jan 05 2021,94,66,1,0,0
21:36:38 Jan 05 2021,94,65,1,0,0
21:36:40 Jan 05 2021,94,65,1,0,0
21:36:42 Jan 05 2021,94,65,1,0,0
21:36:44 Jan 05 2021,94,65,1,0,0
21:36:46 Jan 05 2021,94,65,1,0,0
21:36:48 Jan 05 2021,94,65,0,0,0
21:36:50 Jan 05 2021,94,65,0,0,0
21:36:52 Jan 05 2021,94,64,1,0,0
21:36:54 Jan 05 2021,94,64,1,0,0
21:36:56 Jan 05 2021,94,60,1,0,0
21:36:58 Jan 05 2021,93,50,1,0,0
21:37:00 Jan 05 2021,93,46,1,0,0
21:37:02 Jan 05 2021,93,37,1,0,0
21:37:04 Jan 05 2021,93,37,1,0,0
21:37:06 Jan 05 2021,93,37,1,0,0
21:37:08 Jan 05 2021,93,37,1,0,0
21:37:10 Jan 05 2021,93,37,1,0,0
21:37:12 Jan 05 2021,93,37,1,0,0
21:37:14 Jan 05 2021,93,37,1,0,0
21:37:16 Jan 05 2021,93,37,0,0,0
21:37:18 Jan 05 2021,93,37,1,0,0
21:37:20 Jan 05 2021,93,38,1,0,0
21:37:22 Jan 05 2021,93,38,1,0,0
21:37:24 Jan 05 2021,93,38,1,0,0
21:37:26 Jan 05 2021,93,38,1,0,0
21:37:28 Jan 05 2021,93,38,1,0,0
21:37:30 Jan 05 2021,93,38,1,0,0
21:37:32 Jan 05 2021,93,38,1,0,0
21:37:34 Jan 05 2021,93,38,0,0,0
21:37:36 Jan 05 2021,93,38,1,0,0
21:37:38 Jan 05 2021,93,38,0,0,0
21:37:40 Jan 05 2021,93,38,1,0,0
21:37:42 Jan 05 2021,91,39,1,0,0
21:37:44 Jan 05 2021,89,40,1,0,0
21:37:46 Jan 05 2021,87,41,1,0,0
21:37:48 Jan 05 2021,85,43,1,0,0
21:37:50 Jan 05 2021,85,44,1,0,0
21:37:52 Jan 05 2021,83,45,1,0,0
21:37:54 Jan 05 2021,84,46,1,0,0
21:37:56 Jan 05 2021,84,45,0,0,0
21:37:58 Jan 05 2021,87,44,0,0,0
21:38:00 Jan 05 2021,90,44,1,0,0
21:38:02 Jan 05 2021,91,43,1,0,0
21:38:04 Jan 05 2021,91,44,0,0,0
21:38:06 Jan 05 2021,91,44,1,0,0
21:38:08 Jan 05 2021,91,44,0,0,0
21:38:10 Jan 05 2021,91,44,1,0,0
21:38:12 Jan 05 2021,91,44,1,0,0
21:38:14 Jan 05 2021,91,44,1,0,0
21:38:16 Jan 05 2021,92,43,1,0,0
21:38:18 Jan 05 2021,93,42,1,0,0
21:38:20 Jan 05 2021,93,40,1,0,0
21:38:22 Jan 05 2021,94,40,1,0,0
21:38:24 Jan 05 2021,93,40,1,0,0
21:38:26 Jan 05 2021,93,41,0,0,0
21:38:28 Jan 05 2021,93,41,4,0,0
21:38:30 Jan 05 2021,92,41,1,0,0
21:38:32 Jan 05 2021,92,41,0,0,0
21:38:34 Jan 05 2021,92,40,1,0,0
21:38:36 Jan 05 2021,93,41,1,0,0
21:38:38 Jan 05 2021,93,41,1,0,0
21:38:40 Jan 05 2021,93,41,1,0,0
21:38:42 Jan 05 2021,93,41,1,0,0
21:38:44 Jan 05 2021,91,40,1,0,0
21:38:46 Jan 05 2021,89,40,0,0,0
21:38:48 Jan 05 2021,87,40,1,0,0
21:38:50 Jan 05 2021,87,41,1,0,0
21:38:52 Jan 05 2021,86,42,1,0,0
21:38:54 Jan 05 2021,86,44,1,0,0
21:38:56 Jan 05 2021,86,44,1,0,0
21:38:58 Jan 05 2021,86,45,1,0,0
21:39:00 Jan 05 2021,86,45,1,0,0
21:39:02 Jan 05 2021,86,45,1,0,0
21:39:04 Jan 05 2021,86,49,1,0,0
21:39:06 Jan 05 2021,87,50,1,0,0
21:39:08 Jan 05 2021,90,49,1,0,0
21:39:10 Jan 05 2021,92,49,1,0,0
21:39:12 Jan 05 2021,94,45,1,0,0
21:39:14 Jan 05 2021,94,44,1,0,0
21:39:16 Jan 05 2021,94,46,1,0,0
21:39:18 Jan 05 2021,94,44,1,0,0
21:39:20 Jan 05 2021,95,44,1,0,0
21:39:22 Jan 05 2021,95,43,1,0,0
21:39:24 Jan 05 2021,95,43,1,0,0
21:39:26 Jan 05 2021,95,43,0,0,0
21:39:28 Jan 05 2021,95,43,0,0,0
21:39:30 Jan 05 2021,95,43,1,0,0
21:39:32 Jan 05 2021,95,43,1,0,0
21:39:34 Jan 05 2021,95,43,1,0,0
21:39:36 Jan 05 2021,95,43,1,0,0
21:39:38 Jan 05 2021,95,43,1,0,0
21:39:40 Jan 05 2021,95,43,0,0,0
21:39:42 Jan 05 2021,95,43,1,0,0
21:39:44 Jan 05 2021,95,42,1,0,0
21:39:46 Jan 05 2021,95,42,1,0,0
21:39:48 Jan 05 2021,94,43,1,0,0
21:39:50 Jan 05 2021,94,43,1,0,0
21:39:52 Jan 05 2021,94,44,1,0,0
21:39:54 Jan 05 2021,94,45,1,0,0
21:39:56 Jan 05 2021,93,43,1,0,0
21:39:58 Jan 05 2021,90,41,1,0,0
21:40:00 Jan 05 2021,86,40,1,0,0
21:40:02 Jan 05 2021,85,39,0,0,0
21:40:04 Jan 05 2021,85,40,1,0,0
21:40:06 Jan 05 2021,85,40,1,0,0
21:40:08 Jan 05 2021,85,40,1,0,0
21:40:10 Jan 05 2021,86,40,1,0,0
21:40:12 Jan 05 2021,88,39,1,0,0
21:40:14 Jan 05 2021,90,38,1,0,0
21:40:16 Jan 05 2021,91,38,1,0,0
21:40:18 Jan 05 2021,92,41,0,0,0
21:40:20 Jan 05 2021,92,43,1,0,0
21:40:22 Jan 05 2021,92,45,1,0,0
21:40:24 Jan 05 2021,92,43,0,0,0
21:40:26 Jan 05 2021,92,43,1,0,0
21:40:28 Jan 05 2021,93,43,0,0,0
21:40:30 Jan 05 2021,94,42,1,0,0
21:40:32 Jan 05 2021,94,41,1,0,0
21:40:34 Jan 05 2021,94,39,0,0,0
21:40:36 Jan 05 2021,94,38,1,0,0
21:40:38 Jan 05 2021,94,38,1,0,0
21:40:40 Jan 05 2021,94,38,1,0,0
21:40:42 Jan 05 2021,93,39,1,0,0
21:40:44 Jan 05 2021,93,39,1,0,0
21:40:46 Jan 05 2021,93,39,25,0,0
21:40:48 Jan 05 2021,93,39,4,0,0
21:40:50 Jan 05 2021,93,39,0,0,0
21:40:52 Jan 05 2021,93,39,0,0,0
21:40:54 Jan 05 2021,93,39,1,0,0
21:40:56 Jan 05 2021,93,39,0,0,0
21:40:58 Jan 05 2021,93,44,0,0,0
21:41:00 Jan 05 2021,92,45,1,0,0
21:41:02 Jan 05 2021,92,48,0,0,0
21:41:04 Jan 05 2021,92,47,0,0,0
21:41:06 Jan 05 2021,90,45,0,0,0
21:41:08 Jan 05 2021,90,46,0,0,0
21:41:10 Jan 05 2021,89,45,0,0,0
21:41:12 Jan 05 2021,88,44,1,0,0
21:41:14 Jan 05 2021,89,44,0,0,0
21:41:16 Jan 05 2021,89,44,1,0,0
21:41:18 Jan 05 2021,89,44,0,0,0
21:41:20 Jan 05 2021,90,44,0,0,0
21:41:22 Jan 05 2021,90,44,0,0,0
21:41:24 Jan 05 2021,90,43,1,0,0
21:41:26 Jan 05 2021,91,42,1,0,0
21:41:28 Jan 05 2021,92,41,0,0,0
21:41:30 Jan 05 2021,92,40,0,0,0
21:41:32 Jan 05 2021,92,41,1,0,0
21:41:34 Jan 05 2021,92,41,1,0,0
21:41:36 Jan 05 2021,92,41,1,0,0
21:41:38 Jan 05 2021,92,41,0,0,0
21:41:40 Jan 05 2021,93,41,0,0,0
21:41:42 Jan 05 2021,93,41,0,0,0
21:41:44 Jan 05 2021,94,41,0,0,0
21:41:46 Jan 05 2021,94,40,0,0,0
21:41:48 Jan 05 2021,94,40,1,0,0
21:41:50 Jan 05 2021,94,40,0,0,0
21:41:52 Jan 05 2021,94,39,0,0,0
21:41:54 Jan 05 2021,93,38,0,0,0
21:41:56 Jan 05 2021,93,38,0,0,0
21:41:58 Jan 05 2021,92,37,1,0,0
21:42:00 Jan 05 2021,92,38,1,0,0
21:42:02 Jan 05 2021,92,38,1,0,0
21:42:04 Jan 05 2021,92,38,1,0,0
21:42:06 Jan 05 2021,92,38,1,0,0
21:42:08 Jan 05 2021,91,41,1,0,0
21:42:10 Jan 05 2021,89,40,0,0,0
21:42:12 Jan 05 2021,89,40,0,0,0
21:42:14 Jan 05 2021,89,41,0,0,0
21:42:16 Jan 05 2021,90,40,1,0,0
21:42:18 Jan 05 2021,91,40,1,0,0
21:42:20 Jan 05 2021,91,40,1,0,0
21:42:22 Jan 05 2021,91,40,1,0,0
21:42:24 Jan 05 2021,90,40,1,0,0
21:42:26 Jan 05 2021,90,40,1,0,0
21:42:28 Jan 05 2021,91,41,0,0,0
21:42:30 Jan 05 2021,92,41,1,0,0
21:42:32 Jan 05 2021,92,41,0,0,0
21:42:34 Jan 05 2021,92,41,1,0,0
21:42:36 Jan 05 2021,92,41,0,0,0
21:42:38 Jan 05 2021,92,41,0,0,0
21:42:40 Jan 05 2021,92,41,0,0,0
21:42:42 Jan 05 2021,93,41,1,0,0
21:42:44 Jan 05 2021,93,41,0,0,0
21:42:46 Jan 05 2021,94,41,1,0,0
21:42:48 Jan 05 2021,94,41,0,0,0
21:42:50 Jan 05 2021,94,41,4,0,0
21:42:52 Jan 05 2021,94,41,2,0,0
21:42:54 Jan 05 2021,94,41,1,0,0
21:42:56 Jan 05 2021,94,41,0,0,0
21:42:58 Jan 05 2021,94,41,0,0,0
21:43:00 Jan 05 2021,94,41,0,0,0
21:43:02 Jan 05 2021,94,41,0,0,0
21:43:04 Jan 05 2021,94,41,0,0,0
21:43:06 Jan 05 2021,94,41,0,0,0
21:43:08 Jan 05 2021,93,48,0,0,0
21:43:10 Jan 05 2021,93,50,0,0,0
21:43:12 Jan 05 2021,93,60,0,0,0
21:43:14 Jan 05 2021,93,67,1,0,0
21:43:16 Jan 05 2021,93,63,1,0,0
21:43:18 Jan 05 2021,93,72,1,0,0
21:43:20 Jan 05 2021,92,73,0,0,0
21:43:22 Jan 05 2021,91,67,0,0,0
21:43:24 Jan 05 2021,89,63,0,0,0
21:43:26 Jan 05 2021,90,65,1,0,0
21:43:28 Jan 05 2021,90,64,0,0,0
21:43:30 Jan 05 2021,91,73,0,0,0
21:43:32 Jan 05 2021,91,72,1,0,0
21:43:34 Jan 05 2021,91,71,0,0,0
21:43:36 Jan 05 2021,92,71,0,0,0
21:43:38 Jan 05 2021,92,73,0,0,0
21:43:40 Jan 05 2021,93,74,0,0,0
21:43:42 Jan 05 2021,94,75,0,0,0
21:43:44 Jan 05 2021,94,76,1,0,0
21:43:46 Jan 05 2021,94,76,0,0,0
21:43:48 Jan 05 2021,94,77,0,0,0
21:43:50 Jan 05 2021,94,76,1,0,0
21:43:52 Jan 05 2021,94,76,0,0,0
21:43:54 Jan 05 2021,94,76,1,0,0
21:43:56 Jan 05 2021,94,77,0,0,0
21:43:58 Jan 05 2021,94,81,0,0,0
21:44:00 Jan 05 2021,94,82,1,0,0
21:44:02 Jan 05 2021,93,84,0,0,0
21:44:04 Jan 05 2021,93,84,0,0,0
21:44:06 Jan 05 2021,94,82,0,0,0
21:44:08 Jan 05 2021,93,83,0,0,0
21:44:10 Jan 05 2021,92,81,0,0,0
21:44:12 Jan 05 2021,92,80,0,0,0
21:44:14 Jan 05 2021,91,80,0,0,0
21:44:16 Jan 05 2021,91,79,1,0,0
21:44:18 Jan 05 2021,89,81,0,0,0
21:44:20 Jan 05 2021,88,80,0,0,0
21:44:22 Jan 05 2021,85,80,0,0,0
21:44:24 Jan 05 2021,85,79,0,0,0
21:44:26 Jan 05 2021,85,75,0,0,0
21:44:28 Jan 05 2021,86,74,0,0,0
21:44:30 Jan 05 2021,86,74,0,0,0
21:44:32 Jan 05 2021,87,74,0,0,0
21:44:34 Jan 05 2021,88,75,0,0,0
21:44:36 Jan 05 2021,89,76,1,0,0
21:44:38 Jan 05 2021,90,77,0,0,0
21:44:40 Jan 05 2021,90,79,0,0,0
21:44:42 Jan 05 2021,91,80,0,0,0
21:44:44 Jan 05 2021,90,81,0,0,0
21:44:46 Jan 05 2021,92,81,0,0,0
21:44:48 Jan 05 2021,93,80,0,0,0
21:44:50 Jan 05 2021,93,81,0,0,0
21:44:52 Jan 05 2021,94,78,0,0,0
21:44:54 Jan 05 2021,93,78,0,0,0
21:44:56 Jan 05 2021,93,77,0,0,0
21:44:58 Jan 05 2021,93,77,0,0,0
21:45:00 Jan 05 2021,93,77,0,0,0
21:45:02 Jan 05 2021,93,78,0,0,0
21:45:04 Jan 05 2021,93,78,0,0,0
21:45:06 Jan 05 2021,93,79,0,0,0
21:45:08 Jan 05 2021,93,80,0,0,0
21:45:10 Jan 05 2021,93,80,0,0,0
21:45:12 Jan 05 2021,92,81,1,0,0
21:45:14 Jan 05 2021,92,80,0,0,0
21:45:16 Jan 05 2021,92,81,1,0,0
21:45:18 Jan 05 2021,91,80,0,0,0
21:45:20 Jan 05 2021,90,81,1,0,0
21:45:22 Jan 05 2021,89,80,0,0,0
21:45:24 Jan 05 2021,88,82,1,0,0
21:45:26 Jan 05 2021,88,82,0,0,0
21:45:28 Jan 05 2021,88,82,0,0,0
21:45:30 Jan 05 2021,88,82,1,0,0
21:45:32 Jan 05 2021,87,79,0,0,0
21:45:34 Jan 05 2021,87,76,1,0,0
21:45:36 Jan 05 2021,87,74,1,0,0
21:45:38 Jan 05 2021,87,75,1,0,0
21:45:40 Jan 05 2021,88,75,1,0,0
21:45:42 Jan 05 2021,89,77,0,0,0
21:45:44 Jan 05 2021,90,78,1,0,0
21:45:46 Jan 05 2021,91,80,1,0,0
21:45:48 Jan 05 2021,93,83,0,0,0
21:45:50 Jan 05 2021,93,85,1,0,0
21:45:52 Jan 05 2021,93,85,0,0,0
21:45:54 Jan 05 2021,93,84,0,0,0
21:45:56 Jan 05 2021,93,84,1,0,0
21:45:58 Jan 05 2021,93,83,0,0,0
21:46:00 Jan 05 2021,93,81,0,0,0
21:46:02 Jan 05 2021,93,77,10,0,0
21:46:04 Jan 05 2021,93,72,1,0,0
21:46:06 Jan 05 2021,93,70,5,0,0
21:46:08 Jan 05 2021,93,70,0,0,0
21:46:10 Jan 05 2021,93,70,0,0,0
21:46:12 Jan 05 2021,93,70,0,0,0
21:46:14 Jan 05 2021,93,70,0,0,0
21:46:16 Jan 05 2021,93,70,0,0,0
21:46:18 Jan 05 2021,92,72,0,0,0
21:46:20 Jan 05 2021,90,68,0,0,0
21:46:22 Jan 05 2021,89,60,0,0,0
21:46:24 Jan 05 2021,88,68,0,0,0
21:46:26 Jan 05 2021,87,65,1,0,0
21:46:28 Jan 05 2021,87,67,1,0,0
21:46:30 Jan 05 2021,87,68,0,0,0
21:46:32 Jan 05 2021,87,67,0,0,0
21:46:34 Jan 05 2021,87,71,0,0,0
21:46:36 Jan 05 2021,88,72,0,0,0
21:46:38 Jan 05 2021,88,75,0,0,0
21:46:40 Jan 05 2021,88,77,0,0,0
21:46:42 Jan 05 2021,88,75,0,0,0
21:46:44 Jan 05 2021,88,75,0,0,0
21:46:46 Jan 05 2021,90,76,0,0,0
21:46:48 Jan 05 2021,91,77,0,0,0
21:46:50 Jan 05 2021,93,78,0,0,0
21:46:52 Jan 05 2021,94,80,0,0,0
21:46:54 Jan 05 2021,95,78,1,0,0
21:46:56 Jan 05 2021,95,78,0,0,0
21:46:58 Jan 05 2021,95,78,0,0,0
21:47:00 Jan 05 2021,95,76,0,0,0
21:47:02 Jan 05 2021,95,77,0,0,0
21:47:04 Jan 05 2021,95,78,0,0,0
21:47:06 Jan 05 2021,94,78,1,0,0
21:47:08 Jan 05 2021,94,78,1,0,0
21:47:10 Jan 05 2021,94,79,17,0,0
21:47:12 Jan 05 2021,94,80,0,0,0
21:47:14 Jan 05 2021,94,81,0,0,0
21:47:16 Jan 05 2021,94,81,0,0,0
21:47:18 Jan 05 2021,94,79,0,0,0
21:47:20 Jan 05 2021,94,79,0,0,0
21:47:22 Jan 05 2021,93,79,0,0,0
21:47:24 Jan 05 2021,92,79,0,0,0
21:47:26 Jan 05 2021,92,80,0,0,0
21:47:28 Jan 05 2021,92,82,0,0,0
21:47:30 Jan 05 2021,92,82,0,0,0
21:47:32 Jan 05 2021,92,83,0,0,0
21:47:34 Jan 05 2021,92,84,0,0,0
21:47:36 Jan 05 2021,92,82,0,0,0
21:47:38 Jan 05 2021,92,82,0,0,0
21:47:40 Jan 05 2021,92,81,0,0,0
21:47:42 Jan 05 2021,92,81,1,0,0
21:47:44 Jan 05 2021,92,80,1,0,0
21:47:46 Jan 05 2021,92,79,4,0,0
21:47:48 Jan 05 2021,92,79,1,0,0
21:47:50 Jan 05 2021,92,78,0,0,0
21:47:52 Jan 05 2021,92,79,1,0,0
21:47:54 Jan 05 2021,93,79,0,0,0
21:47:56 Jan 05 2021,94,73,0,0,0
21:47:58 Jan 05 2021,96,71,0,0,0
21:48:00 Jan 05 2021,96,67,1,0,0
21:48:02 Jan 05 2021,96,69,1,0,0
21:48:04 Jan 05 2021,96,68,0,0,0
21:48:06 Jan 05 2021,96,66,1,0,0
21:48:08 Jan 05 2021,96,66,0,0,0
21:48:10 Jan 05 2021,96,67,0,0,0
21:48:12 Jan 05 2021,95,67,0,0,0
21:48:14 Jan 05 2021,95,67,1,0,0
21:48:16 Jan 05 2021,95,67,0,0,0
21:48:18 Jan 05 2021,95,68,0,0,0
21:48:20 Jan 05 2021,95,68,0,0,0
21:48:22 Jan 05 2021,95,69,1,0,0
21:48:24 Jan 05 2021,94,71,1,0,0
21:48:26 Jan 05 2021,94,70,1,0,0
21:48:28 Jan 05 2021,92,70,1,0,0
21:48:30 Jan 05 2021,91,69,0,0,0
21:48:32 Jan 05 2021,92,66,0,0,0
21:48:34 Jan 05 2021,89,68,1,0,0
21:48:36 Jan 05 2021,89,71,0,0,0
21:48:38 Jan 05 2021,88,74,0,0,0
21:48:40 Jan 05 2021,88,74,1,0,0
21:48:42 Jan 05 2021,89,68,1,0,0
21:48:44 Jan 05 2021,89,67,1,0,0
21:48:46 Jan 05 2021,89,67,1,0,0
21:48:48 Jan 05 2021,89,69,0,0,0
21:48:50 Jan 05 2021,90,69,1,0,0
21:48:52 Jan 05 2021,90,70,0,0,0
21:48:54 Jan 05 2021,90,69,1,0,0
21:48:56 Jan 05 2021,91,70,1,0,0
21:48:58 Jan 05 2021,92,71,0,0,0
21:49:00 Jan 05 2021,92,71,1,0,0
21:49:02 Jan 05 2021,93,72,1,0,0
21:49:04 Jan 05 2021,93,72,1,0,0
21:49:06 Jan 05 2021,93,72,0,0,0
21:49:08 Jan 05 2021,94,71,1,0,0
21:49:10 Jan 05 2021,94,68,1,0,0
21:49:12 Jan 05 2021,94,66,0,0,0
21:49:14 Jan 05 2021,94,65,1,0,0
21:49:16 Jan 05 2021,94,68,1,0,0
21:49:18 Jan 05 2021,94,69,0,0,0
21:49:20 Jan 05 2021,94,65,0,0,0
21:49:22 Jan 05 2021,93,60,1,0,0
21:49:24 Jan 05 2021,93,58,1,0,0
21:49:26 Jan 05 2021,93,56,0,0,0
21:49:28 Jan 05 2021,93,56,1,0,0
21:49:30 Jan 05 2021,93,56,0,0,0
21:49:32 Jan 05 2021,93,56,2,0,0
21:49:34 Jan 05 2021,93,56,3,0,0
21:49:36 Jan 05 2021,93,56,0,0,0
21:49:38 Jan 05 2021,93,56,1,0,0
21:49:40 Jan 05 2021,93,56,0,0,0
21:49:42 Jan 05 2021,93,56,1,0,0
21:49:44 Jan 05 2021,93,55,1,0,0
21:49:46 Jan 05 2021,93,55,1,0,0
21:49:48 Jan 05 2021,91,55,1,0,0
21:49:50 Jan 05 2021,91,54,1,0,0
21:49:52 Jan 05 2021,93,54,1,0,0
21:49:54 Jan 05 2021,93,54,0,0,0
21:49:56 Jan 05 2021,93,53,1,0,0
21:49:58 Jan 05 2021,93,53,1,0,0
21:50:00 Jan 05 2021,93,55,1,0,0
21:50:02 Jan 05 2021,93,55,1,0,0
21:50:04 Jan 05 2021,93,53,1,0,0
21:50:06 Jan 05 2021,93,52,1,0,0
21:50:08 Jan 05 2021,94,51,0,0,0
21:50:10 Jan 05 2021,95,52,1,0,0
21:50:12 Jan 05 2021,95,54,1,0,0
21:50:14 Jan 05 2021,95,54,1,0,0
21:50:16 Jan 05 2021,95,54,1,0,0
21:50:18 Jan 05 2021,95,54,1,0,0
21:50:20 Jan 05 2021,95,55,1,0,0
21:50:22 Jan 05 2021,95,55,1,0,0
21:50:24 Jan 05 2021,95,55,1,0,0
21:50:26 Jan 05 2021,95,55,1,0,0
21:50:28 Jan 05 2021,95,55,1,0,0
21:50:30 Jan 05 2021,94,52,1,0,0
21:50:32 Jan 05 2021,93,47,1,0,0
21:50:34 Jan 05 2021,92,42,1,0,0
21:50:36 Jan 05 2021,91,39,1,0,0
21:50:38 Jan 05 2021,91,40,0,0,0
21:50:40 Jan 05 2021,91,40,1,0,0
21:50:42 Jan 05 2021,91,40,1,0,0
21:50:44 Jan 05 2021,91,40,1,0,0
21:50:46 Jan 05 2021,91,40,1,0,0
21:50:48 Jan 05 2021,91,40,1,0,0
21:50:50 Jan 05 2021,91,40,1,0,0
21:50:52 Jan 05 2021,91,40,34,0,0
21:50:54 Jan 05 2021,91,40,3,0,0
21:50:56 Jan 05 2021,91,40,2,0,0
21:50:58 Jan 05 2021,91,40,3,0,0
21:51:00 Jan 05 2021,91,40,0,0,0
21:51:02 Jan 05 2021,91,40,0,0,0
21:51:04 Jan 05 2021,91,40,1,0,0
21:51:06 Jan 05 2021,91,40,13,0,0
21:51:08 Jan 05 2021,91,40,1,0,0
21:51:10 Jan 05 2021,91,40,0,0,0
21:51:12 Jan 05 2021,91,40,1,0,0
21:51:14 Jan 05 2021,91,40,1,0,0
21:51:16 Jan 05 2021,91,40,1,0,0
21:51:18 Jan 05 2021,91,40,0,0,0
21:51:20 Jan 05 2021,91,46,0,0,0
21:51:22 Jan 05 2021,92,52,1,0,0
21:51:24 Jan 05 2021,92,55,0,0,0
21:51:26 Jan 05 2021,93,61,0,0,0
21:51:28 Jan 05 2021,93,63,1,0,0
21:51:30 Jan 05 2021,93,64,0,0,0
21:51:32 Jan 05 2021,94,66,1,0,0
21:51:34 Jan 05 2021,94,71,1,0,0
21:51:36 Jan 05 2021,93,74,0,0,0
21:51:38 Jan 05 2021,93,70,1,0,0
21:51:40 Jan 05 2021,92,69,0,0,0
21:51:42 Jan 05 2021,92,62,1,0,0
21:51:44 Jan 05 2021,92,67,0,0,0
21:51:46 Jan 05 2021,92,68,1,0,0
21:51:48 Jan 05 2021,93,66,0,0,0
21:51:50 Jan 05 2021,93,72,0,0,0
21:51:52 Jan 05 2021,92,75,1,0,0
21:51:54 Jan 05 2021,90,79,1,0,0
21:51:56 Jan 05 2021,88,82,0,0,0
21:51:58 Jan 05 2021,86,79,1,0,0
21:52:00 Jan 05 2021,84,72,0,0,0
21:52:02 Jan 05 2021,83,73,0,0,0
21:52:04 Jan 05 2021,83,70,0,0,0
21:52:06 Jan 05 2021,83,69,0,0,0
21:52:08 Jan 05 2021,84,75,0,0,0
21:52:10 Jan 05 2021,84,74,0,0,0
21:52:12 Jan 05 2021,85,72,0,0,0
21:52:14 Jan 05 2021,87,73,0,0,0
21:52:16 Jan 05 2021,88,73,0,0,0
21:52:18 Jan 05 2021,88,72,0,0,0
21:52:20 Jan 05 2021,90,68,0,0,0
21:52:22 Jan 05 2021,91,64,0,0,0
21:52:24 Jan 05 2021,93,65,0,0,0
21:52:26 Jan 05 2021,94,64,1,0,0
21:52:28 Jan 05 2021,94,67,1,0,0
21:52:30 Jan 05 2021,94,69,1,0,0
21:52:32 Jan 05 2021,94,66,0,0,0
21:52:34 Jan 05 2021,95,62,0,0,0
21:52:36 Jan 05 2021,95,71,1,0,0
21:52:38 Jan 05 2021,95,73,0,0,0
21:52:40 Jan 05 2021,94,75,1,0,0
21:52:42 Jan 05 2021,94,74,0,0,0
21:52:44 Jan 05 2021,94,74,0,0,0
21:52:46 Jan 05 2021,93,73,0,0,0
21:52:48 Jan 05 2021,93,74,0,0,0
21:52:50 Jan 05 2021,93,76,1,0,0
21:52:52 Jan 05 2021,93,75,1,0,0
21:52:54 Jan 05 2021,93,75,1,0,0
21:52:56 Jan 05 2021,92,65,0,0,0
21:52:58 Jan 05 2021,91,56,0,0,0
21:53:00 Jan 05 2021,90,51,0,0,0
21:53:02 Jan 05 2021,90,45,1,0,0
21:53:04 Jan 05 2021,90,47,1,0,0
21:53:06 Jan 05 2021,90,48,1,0,0
21:53:08 Jan 05 2021,90,48,1,0,0
21:53:10 Jan 05 2021,90,48,0,0,0
21:53:12 Jan 05 2021,90,48,0,0,0
21:53:14 Jan 05 2021,90,49,0,0,0
21:53:16 Jan 05 2021,89,47,0,0,0
21:53:18 Jan 05 2021,86,45,0,0,0
21:53:20 Jan 05 2021,84,41,0,0,0
21:53:22 Jan 05 2021,83,40,1,0,0
21:53:24 Jan 05 2021,84,40,0,0,0
21:53:26 Jan 05 2021,84,40,1,0,0
21:53:28 Jan 05 2021,85,41,0,0,0
21:53:30 Jan 05 2021,88,41,1,0,0
21:53:32 Jan 05 2021,90,41,1,0,0
21:53:34 Jan 05 2021,91,41,1,0,0
21:53:36 Jan 05 2021,93,43,0,0,0
21:53:38 Jan 05 2021,93,43,0,0,0
21:53:40 Jan 05 2021,93,44,1,0,0
21:53:42 Jan 05 2021,94,45,0,0,0
21:53:44 Jan 05 2021,94,42,0,0,0
21:53:46 Jan 05 2021,94,40,0,0,0
21:53:48 Jan 05 2021,95,38,0,0,0
21:53:50 Jan 05 2021,95,38,0,0,0
21:53:52 Jan 05 2021,95,38,1,0,0
21:53:54 Jan 05 2021,95,38,0,0,0
21:53:56 Jan 05 2021,94,38,1,0,0
21:53:58 Jan 05 2021,93,38,13,0,0
21:54:00 Jan 05 2021,93,38,3,0,0
21:54:02 Jan 05 2021,92,38,0,0,0
21:54:04 Jan 05 2021,92,38,0,0,0
21:54:06 Jan 05 2021,92,38,0,0,0
21:54:08 Jan 05 2021,91,37,0,0,0
21:54:10 Jan 05 2021,90,37,1,0,0
21:54:12 Jan 05 2021,89,36,0,0,0
21:54:14 Jan 05 2021,88,36,0,0,0
21:54:16 Jan 05 2021,88,36,0,0,0
21:54:18 Jan 05 2021,88,45,0,0,0
21:54:20 Jan 05 2021,88,38,0,0,0
21:54:22 Jan 05 2021,87,40,1,0,0
21:54:24 Jan 05 2021,86,42,0,0,0
21:54:26 Jan 05 2021,86,41,0,0,0
21:54:28 Jan 05 2021,87,42,0,0,0
21:54:30 Jan 05 2021,88,42,0,0,0
21:54:32 Jan 05 2021,88,41,0,0,0
21:54:34 Jan 05 2021,88,46,0,0,0
21:54:36 Jan 05 2021,88,47,0,0,0
21:54:38 Jan 05 2021,88,49,0,0,0
21:54:40 Jan 05 2021,90,52,0,0,0
21:54:42 Jan 05 2021,92,48,0,0,0
21:54:44 Jan 05 2021,94,49,0,0,0
21:54:46 Jan 05 2021,95,55,0,0,0
21:54:48 Jan 05 2021,95,55,0,0,0
21:54:50 Jan 05 2021,96,54,0,0,0
21:54:52 Jan 05 2021,96,49,0,0,0
21:54:54 Jan 05 2021,96,44,0,0,0
21:54:56 Jan 05 2021,96,43,0,0,0
21:54:58 Jan 05 2021,96,43,0,0,0
21:55:00 Jan 05 2021,96,40,0,0,0
21:55:02 Jan 05 2021,96,41,0,0,0
21:55:04 Jan 05 2021,96,42,0,0,0
21:55:06 Jan 05 2021,96,42,0,0,0
21:55:08 Jan 05 2021,96,42,0,0,0
21:55:10 Jan 05 2021,96,44,0,0,0
21:55:12 Jan 05 2021,96,44,0,0,0
21:55:14 Jan 05 2021,95,43,0,0,0
21:55:16 Jan 05 2021,94,43,0,0,0
21:55:18 Jan 05 2021,94,42,0,0,0
21:55:20 Jan 05 2021,93,41,0,0,0
21:55:22 Jan 05 2021,93,41,0,0,0
21:55:24 Jan 05 2021,96,41,0,0,0
21:55:26 Jan 05 2021,96,41,0,0,0
21:55:28 Jan 05 2021,96,41,0,0,0
21:55:30 Jan 05 2021,96,41,0,0,0
21:55:32 Jan 05 2021,93,41,0,0,0
21:55:34 Jan 05 2021,90,42,1,0,0
21:55:36 Jan 05 2021,88,44,0,0,0
21:55:38 Jan 05 2021,87,45,0,0,0
21:55:40 Jan 05 2021,87,46,0,0,0
21:55:42 Jan 05 2021,89,45,0,0,0
21:55:44 Jan 05 2021,90,43,0,0,0
21:55:46 Jan 05 2021,92,44,0,0,0
21:55:48 Jan 05 2021,93,51,1,0,0
21:55:50 Jan 05 2021,93,54,0,0,0
21:55:52 Jan 05 2021,93,57,0,0,0
21:55:54 Jan 05 2021,94,53,0,0,0
21:55:56 Jan 05 2021,94,45,0,0,0
21:55:58 Jan 05 2021,95,43,0,0,0
21:56:00 Jan 05 2021,95,41,0,0,0
21:56:02 Jan 05 2021,95,42,0,0,0
21:56:04 Jan 05 2021,95,42,0,0,0
21:56:06 Jan 05 2021,95,42,0,0,0
21:56:08 Jan 05 2021,95,41,0,0,0
21:56:10 Jan 05 2021,95,41,0,0,0
21:56:12 Jan 05 2021,95,42,0,0,0
21:56:14 Jan 05 2021,95,42,0,0,0
21:56:16 Jan 05 2021,95,42,0,0,0
21:56:18 Jan 05 2021,95,42,0,0,0
21:56:20 Jan 05 2021,94,41,0,0,0
21:56:22 Jan 05 2021,94,41,0,0,0
21:56:24 Jan 05 2021,92,46,0,0,0
21:56:26 Jan 05 2021,91,47,0,0,0
21:56:28 Jan 05 2021,92,51,1,0,0
21:56:30 Jan 05 2021,92,54,0,0,0
21:56:32 Jan 05 2021,93,51,0,0,0
21:56:34 Jan 05 2021,93,50,0,0,0
21:56:36 Jan 05 2021,93,51,0,0,0
21:56:38 Jan 05 2021,93,51,0,0,0
21:56:40 Jan 05 2021,93,51,0,0,0
21:56:42 Jan 05 2021,93,51,0,0,0
21:56:44 Jan 05 2021,93,51,0,0,0
21:56:46 Jan 05 2021,93,51,0,0,0
21:56:48 Jan 05 2021,93,49,0,0,0
21:56:50 Jan 05 2021,93,48,0,0,0
21:56:52 Jan 05 2021,93,48,0,0,0
21:56:54 Jan 05 2021,93,48,0,0,0
21:56:56 Jan 05 2021,93,48,1,0,0
21:56:58 Jan 05 2021,93,48,0,0,0
21:57:00 Jan 05 2021,93,50,0,0,0
21:57:02 Jan 05 2021,93,50,0,0,0
21:57:04 Jan 05 2021,93,51,1,0,0
21:57:06 Jan 05 2021,94,46,0,0,0
21:57:08 Jan 05 2021,95,43,1,0,0
21:57:10 Jan 05 2021,95,44,0,0,0
21:57:12 Jan 05 2021,96,41,0,0,0
21:57:14 Jan 05 2021,96,42,0,0,0
21:57:16 Jan 05 2021,96,44,0,0,0
21:57:18 Jan 05 2021,96,44,0,0,0
21:57:20 Jan 05 2021,96,44,0,0,0
21:57:22 Jan 05 2021,95,44,0,0,0
21:57:24 Jan 05 2021,95,44,0,0,0
21:57:26 Jan 05 2021,95,43,0,0,0
21:57:28 Jan 05 2021,94,43,0,0,0
21:57:30 Jan 05 2021,94,42,0,0,0
21:57:32 Jan 05 2021,94,41,0,0,0
21:57:34 Jan 05 2021,93,40,0,0,0
21:57:36 Jan 05 2021,93,39,0,0,0
21:57:38 Jan 05 2021,91,38,0,0,0
21:57:40 Jan 05 2021,90,37,0,0,0
21:57:42 Jan 05 2021,89,37,0,0,0
21:57:44 Jan 05 2021,89,38,0,0,0
21:57:46 Jan 05 2021,89,38,0,0,0
21:57:48 Jan 05 2021,89,38,0,0,0
21:57:50 Jan 05 2021,89,38,0,0,0
21:57:52 Jan 05 2021,89,38,0,0,0
21:57:54 Jan 05 2021,89,38,0,0,0
21:57:56 Jan 05 2021,89,38,1,0,0
21:57:58 Jan 05 2021,89,38,0,0,0
21:58:00 Jan 05 2021,89,38,0,0,0
21:58:02 Jan 05 2021,89,38,0,0,0
21:58:04 Jan 05 2021,89,42,0,0,0
21:58:06 Jan 05 2021,89,49,0,0,0
21:58:08 Jan 05 2021,90,55,1,0,0
21:58:10 Jan 05 2021,91,54,0,0,0
21:58:12 Jan 05 2021,92,53,0,0,0
21:58:14 Jan 05 2021,92,51,0,0,0
21:58:16 Jan 05 2021,93,54,0,0,0
21:58:18 Jan 05 2021,94,58,0,0,0
21:58:20 Jan 05 2021,95,55,0,0,0
21:58:22 Jan 05 2021,95,56,0,0,0
21:58:24 Jan 05 2021,95,54,0,0,0
21:58:26 Jan 05 2021,95,53,0,0,0
21:58:28 Jan 05 2021,95,55,1,0,0
21:58:30 Jan 05 2021,95,57,0,0,0
21:58:32 Jan 05 2021,95,60,0,0,0
21:58:34 Jan 05 2021,95,57,0,0,0
21:58:36 Jan 05 2021,95,63,0,0,0
21:58:38 Jan 05 2021,95,64,1,0,0
21:58:40 Jan 05 2021,95,64,0,0,0
21:58:42 Jan 05 2021,95,63,0,0,0
21:58:44 Jan 05 2021,94,65,0,0,0
21:58:46 Jan 05 2021,94,68,0,0,0
21:58:48 Jan 05 2021,93,69,0,0,0
21:58:50 Jan 05 2021,91,73,0,0,0
21:58:52 Jan 05 2021,91,75,0,0,0
21:58:54 Jan 05 2021,90,76,1,0,0
21:58:56 Jan 05 2021,89,77,0,0,0
21:58:58 Jan 05 2021,89,78,1,0,0
21:59:00 Jan 05 2021,87,80,0,0,0
21:59:02 Jan 05 2021,86,85,1,0,0
21:59:04 Jan 05 2021,86,86,0,0,0
21:59:06 Jan 05 2021,85,88,0,0,0
21:59:08 Jan 05 2021,86,85,0,0,0
21:59:10 Jan 05 2021,86,83,0,0,0
21:59:12 Jan 05 2021,86,84,0,0,0
21:59:14 Jan 05 2021,87,81,0,0,0
21:59:16 Jan 05 2021,88,81,0,0,0
21:59:18 Jan 05 2021,89,82,0,0,0
21:59:20 Jan 05 2021,91,80,0,0,0
21:59:22 Jan 05 2021,93,79,0,0,0
21:59:24 Jan 05 2021,95,77,0,0,0
21:59:26 Jan 05 2021,95,76,0,0,0
21:59:28 Jan 05 2021,96,77,0,0,0
21:59:30 Jan 05 2021,96,78,0,0,0
21:59:32 Jan 05 2021,96,78,0,0,0
21:59:34 Jan 05 2021,96,78,0,0,0
21:59:36 Jan 05 2021,97,78,1,0,0
21:59:38 Jan 05 2021,97,78,0,0,0
21:59:40 Jan 05 2021,97,81,0,0,0
21:59:42 Jan 05 2021,97,82,0,0,0
21:59:44 Jan 05 2021,97,82,0,0,0
21:59:46 Jan 05 2021,96,81,0,0,0
21:59:48 Jan 05 2021,95,80,0,0,0
21:59:50 Jan 05 2021,95,79,1,0,0
21:59:52 Jan 05 2021,94,81,0,0,0
21:59:54 Jan 05 2021,94,81,0,0,0
21:59:56 Jan 05 2021,95,79,1,0,0
21:59:58 Jan 05 2021,93,80,0,0,0
22:00:00 Jan 05 2021,93,79,0,0,0
22:00:02 Jan 05 2021,94,79,0,0,0
22:00:04 Jan 05 2021,92,81,0,0,0
22:00:06 Jan 05 2021,91,80,0,0,0
22:00:08 Jan 05 2021,90,77,1,0,0
22:00:10 Jan 05 2021,88,76,1,0,0
22:00:12 Jan 05 2021,88,76,1,0,0
22:00:14 Jan 05 2021,87,79,0,0,0
22:00:16 Jan 05 2021,86,78,0,0,0
22:00:18 Jan 05 2021,86,75,0,0,0
22:00:20 Jan 05 2021,85,73,0,0,0
22:00:22 Jan 05 2021,85,72,0,0,0
22:00:24 Jan 05 2021,85,71,1,0,0
22:00:26 Jan 05 2021,85,73,0,0,0
22:00:28 Jan 05 2021,85,74,0,0,0
22:00:30 Jan 05 2021,85,71,0,0,0
22:00:32 Jan 05 2021,85,71,0,0,0
22:00:34 Jan 05 2021,85,70,0,0,0
22:00:36 Jan 05 2021,86,69,0,0,0
22:00:38 Jan 05 2021,88,68,0,0,0
22:00:40 Jan 05 2021,91,69,0,0,0
22:00:42 Jan 05 2021,94,72,0,0,0
22:00:44 Jan 05 2021,94,69,0,0,0
22:00:46 Jan 05 2021,95,72,1,0,0
22:00:48 Jan 05 2021,96,79,0,0,0
22:00:50 Jan 05 2021,97,74,0,0,0
22:00:52 Jan 05 2021,97,77,0,0,0
22:00:54 Jan 05 2021,97,72,0,0,0
22:00:56 Jan 05 2021,97,69,0,0,0
22:00:58 Jan 05 2021,97,70,1,0,0
22:01:00 Jan 05 2021,97,69,0,0,0
22:01:02 Jan 05 2021,97,69,0,0,0
22:01:04 Jan 05 2021,97,69,0,0,0
22:01:06 Jan 05 2021,96,70,0,0,0
22:01:08 Jan 05 2021,96,64,0,0,0
22:01:10 Jan 05 2021,95,68,0,0,0
22:01:12 Jan 05 2021,95,64,0,0,0
22:01:14 Jan 05 2021,95,72,0,0,0
22:01:16 Jan 05 2021,94,75,0,0,0
22:01:18 Jan 05 2021,94,72,1,0,0
22:01:20 Jan 05 2021,93,72,0,0,0
22:01:22 Jan 05 2021,95,70,1,0,0
22:01:24 Jan 05 2021,96,76,0,0,0
22:01:26 Jan 05 2021,97,75,1,0,0
22:01:28 Jan 05 2021,97,76,0,0,0
22:01:30 Jan 05 2021,97,76,0,0,0
22:01:32 Jan 05 2021,96,76,0,0,0
22:01:34 Jan 05 2021,95,76,0,0,0
22:01:36 Jan 05 2021,96,76,0,0,0
22:01:38 Jan 05 2021,96,76,3,0,0
22:01:40 Jan 05 2021,96,76,1,0,0
22:01:42 Jan 05 2021,96,76,0,0,0
22:01:44 Jan 05 2021,96,76,0,0,0
22:01:46 Jan 05 2021,96,77,0,0,0
22:01:48 Jan 05 2021,96,77,0,0,0
22:01:50 Jan 05 2021,96,71,0,0,0
22:01:52 Jan 05 2021,96,67,1,0,0
22:01:54 Jan 05 2021,96,69,0,0,0
22:01:56 Jan 05 2021,96,68,0,0,0
22:01:58 Jan 05 2021,96,67,1,0,0
22:02:00 Jan 05 2021,96,69,0,0,0
22:02:02 Jan 05 2021,96,70,0,0,0
22:02:04 Jan 05 2021,94,70,0,0,0
22:02:06 Jan 05 2021,92,59,0,0,0
22:02:08 Jan 05 2021,90,54,0,0,0
22:02:10 Jan 05 2021,90,55,0,0,0
22:02:12 Jan 05 2021,89,62,1,0,0
22:02:14 Jan 05 2021,89,75,0,0,0
22:02:16 Jan 05 2021,89,75,0,0,0
22:02:18 Jan 05 2021,89,74,1,0,0
22:02:20 Jan 05 2021,89,74,0,0,0
22:02:22 Jan 05 2021,89,72,0,0,0
22:02:24 Jan 05 2021,89,72,1,0,0
22:02:26 Jan 05 2021,89,72,0,0,0
22:02:28 Jan 05 2021,89,72,0,0,0
22:02:30 Jan 05 2021,89,75,0,0,0
22:02:32 Jan 05 2021,90,77,0,0,0
22:02:34 Jan 05 2021,90,78,0,0,0
22:02:36 Jan 05 2021,91,77,0,0,0
22:02:38 Jan 05 2021,92,76,0,0,0
22:02:40 Jan 05 2021,92,76,0,0,0
22:02:42 Jan 05 2021,92,76,0,0,0
22:02:44 Jan 05 2021,92,76,0,0,0
22:02:46 Jan 05 2021,92,77,0,0,0
22:02:48 Jan 05 2021,92,77,0,0,0
22:02:50 Jan 05 2021,93,78,0,0,0
22:02:52 Jan 05 2021,93,78,1,0,0
22:02:54 Jan 05 2021,93,77,0,0,0
22:02:56 Jan 05 2021,93,77,0,0,0
22:02:58 Jan 05 2021,94,77,0,0,0
22:03:00 Jan 05 2021,94,77,0,0,0
22:03:02 Jan 05 2021,93,75,0,0,0
22:03:04 Jan 05 2021,93,75,0,0,0
22:03:06 Jan 05 2021,93,75,0,0,0
22:03:08 Jan 05 2021,93,73,0,0,0
22:03:10 Jan 05 2021,93,73,0,0,0
22:03:12 Jan 05 2021,92,74,0,0,0
22:03:14 Jan 05 2021,92,76,0,0,0
22:03:16 Jan 05 2021,91,75,0,0,0
22:03:18 Jan 05 2021,90,76,0,0,0
22:03:20 Jan 05 2021,91,76,0,0,0
22:03:22 Jan 05 2021,90,71,1,0,0
22:03:24 Jan 05 2021,89,71,1,0,0
22:03:26 Jan 05 2021,89,71,0,0,0
22:03:28 Jan 05 2021,90,68,0,0,0
22:03:30 Jan 05 2021,89,67,0,0,0
22:03:32 Jan 05 2021,89,69,1,0,0
22:03:34 Jan 05 2021,90,70,0,0,0
22:03:36 Jan 05 2021,89,70,1,0,0
22:03:38 Jan 05 2021,89,71,0,0,0
22:03:40 Jan 05 2021,89,71,0,0,0
22:03:42 Jan 05 2021,89,71,0,0,0
22:03:44 Jan 05 2021,89,71,1,0,0
22:03:46 Jan 05 2021,89,72,0,0,0
22:03:48 Jan 05 2021,90,73,0,0,0
22:03:50 Jan 05 2021,92,73,0,0,0
22:03:52 Jan 05 2021,93,71,1,0,0
22:03:54 Jan 05 2021,94,72,0,0,0
22:03:56 Jan 05 2021,95,71,0,0,0
22:03:58 Jan 05 2021,95,71,0,0,0
22:04:00 Jan 05 2021,95,72,1,0,0
22:04:02 Jan 05 2021,95,70,0,0,0
22:04:04 Jan 05 2021,95,70,1,0,0
22:04:06 Jan 05 2021,95,71,1,0,0
22:04:08 Jan 05 2021,95,71,0,0,0
22:04:10 Jan 05 2021,95,71,0,0,0
22:04:12 Jan 05 2021,95,71,0,0,0
22:04:14 Jan 05 2021,95,71,0,0,0
22:04:16 Jan 05 2021,95,70,0,0,0
22:04:18 Jan 05 2021,95,70,0,0,0
22:04:20 Jan 05 2021,95,71,0,0,0
22:04:22 Jan 05 2021,95,71,1,0,0
22:04:24 Jan 05 2021,95,71,0,0,0
22:04:26 Jan 05 2021,95,71,0,0,0
22:04:28 Jan 05 2021,92,66,1,0,0
22:04:30 Jan 05 2021,89,61,0,0,0
22:04:32 Jan 05 2021,86,56,0,0,0
22:04:34 Jan 05 2021,86,64,0,0,0
22:04:36 Jan 05 2021,86,66,1,0,0
22:04:38 Jan 05 2021,86,72,0,0,0
22:04:40 Jan 05 2021,86,76,0,0,0
22:04:42 Jan 05 2021,86,77,0,0,0
22:04:44 Jan 05 2021,86,80,0,0,0
22:04:46 Jan 05 2021,86,81,1,0,0
22:04:48 Jan 05 2021,86,78,1,0,0
22:04:50 Jan 05 2021,86,78,0,0,0
22:04:52 Jan 05 2021,86,78,1,0,0
22:04:54 Jan 05 2021,86,77,0,0,0
22:04:56 Jan 05 2021,87,76,1,0,0
22:04:58 Jan 05 2021,89,76,0,0,0
22:05:00 Jan 05 2021,90,76,0,0,0
22:05:02 Jan 05 2021,92,74,0,0,0
22:05:04 Jan 05 2021,92,75,0,0,0
22:05:06 Jan 05 2021,92,74,1,0,0
22:05:08 Jan 05 2021,93,73,0,0,0
22:05:10 Jan 05 2021,93,66,0,0,0
22:05:12 Jan 05 2021,94,59,1,0,0
22:05:14 Jan 05 2021,94,54,0,0,0
22:05:16 Jan 05 2021,94,55,1,0,0
22:05:18 Jan 05 2021,94,60,0,0,0
22:05:20 Jan 05 2021,94,70,0,0,0
22:05:22 Jan 05 2021,94,73,0,0,0
22:05:24 Jan 05 2021,94,78,0,0,0
22:05:26 Jan 05 2021,94,81,0,0,0
22:05:28 Jan 05 2021,94,81,0,0,0
22:05:30 Jan 05 2021,94,81,0,0,0
22:05:32 Jan 05 2021,94,81,0,0,0
22:05:34 Jan 05 2021,94,80,0,0,0
22:05:36 Jan 05 2021,94,78,0,0,0
22:05:38 Jan 05 2021,94,74,0,0,0
22:05:40 Jan 05 2021,93,72,0,0,0
22:05:42 Jan 05 2021,93,74,0,0,0
22:05:44 Jan 05 2021,91,75,0,0,0
22:05:46 Jan 05 2021,92,77,0,0,0
22:05:48 Jan 05 2021,90,80,0,0,0
22:05:50 Jan 05 2021,89,79,0,0,0
22:05:52 Jan 05 2021,88,80,0,0,0
22:05:54 Jan 05 2021,86,81,0,0,0
22:05:56 Jan 05 2021,86,80,0,0,0
22:05:58 Jan 05 2021,84,82,0,0,0
22:06:00 Jan 05 2021,84,82,0,0,0
22:06:02 Jan 05 2021,83,82,0,0,0
22:06:04 Jan 05 2021,83,83,0,0,0
22:06:06 Jan 05 2021,83,82,1,0,0
22:06:08 Jan 05 2021,82,82,0,0,0
22:06:10 Jan 05 2021,83,82,0,0,0
22:06:12 Jan 05 2021,83,82,0,0,0
22:06:14 Jan 05 2021,84,80,1,0,0
22:06:16 Jan 05 2021,86,79,0,0,0
22:06:18 Jan 05 2021,87,77,1,0,0
22:06:20 Jan 05 2021,88,75,1,0,0
22:06:22 Jan 05 2021,91,74,1,0,0
22:06:24 Jan 05 2021,93,73,0,0,0
22:06:26 Jan 05 2021,94,73,0,0,0
22:06:28 Jan 05 2021,94,74,0,0,0
22:06:30 Jan 05 2021,94,75,0,0,0
22:06:32 Jan 05 2021,94,75,0,0,0
22:06:34 Jan 05 2021,94,75,0,0,0
22:06:36 Jan 05 2021,94,72,0,0,0
22:06:38 Jan 05 2021,93,71,0,0,0
22:06:40 Jan 05 2021,93,71,0,0,0
22:06:42 Jan 05 2021,93,73,0,0,0
22:06:44 Jan 05 2021,92,74,1,0,0
22:06:46 Jan 05 2021,91,73,0,0,0
22:06:48 Jan 05 2021,91,73,1,0,0
22:06:50 Jan 05 2021,90,72,1,0,0
22:06:52 Jan 05 2021,90,72,0,0,0
22:06:54 Jan 05 2021,90,72,1,0,0
22:06:56 Jan 05 2021,90,72,1,0,0
22:06:58 Jan 05 2021,90,72,1,0,0
22:07:00 Jan 05 2021,90,71,1,0,0
22:07:02 Jan 05 2021,89,73,0,0,0
22:07:04 Jan 05 2021,89,73,0,0,0
22:07:06 Jan 05 2021,88,73,0,0,0
22:07:08 Jan 05 2021,87,76,1,0,0
22:07:10 Jan 05 2021,87,76,0,0,0
22:07:12 Jan 05 2021,86,79,0,0,0
22:07:14 Jan 05 2021,85,80,0,0,0
22:07:16 Jan 05 2021,85,80,0,0,0
22:07:18 Jan 05 2021,85,79,0,0,0
22:07:20 Jan 05 2021,86,78,1,0,0
22:07:22 Jan 05 2021,87,79,0,0,0
22:07:24 Jan 05 2021,88,79,0,0,0
22:07:26 Jan 05 2021,90,79,1,0,0
22:07:28 Jan 05 2021,91,79,0,0,0
22:07:30 Jan 05 2021,92,79,0,0,0
22:07:32 Jan 05 2021,92,78,0,0,0
22:07:34 Jan 05 2021,93,77,0,0,0
22:07:36 Jan 05 2021,93,77,0,0,0
22:07:38 Jan 05 2021,93,77,1,0,0
22:07:40 Jan 05 2021,93,78,1,0,0
22:07:42 Jan 05 2021,93,80,0,0,0
22:07:44 Jan 05 2021,93,78,0,0,0
22:07:46 Jan 05 2021,93,78,0,0,0
22:07:48 Jan 05 2021,93,78,0,0,0
22:07:50 Jan 05 2021,93,77,0,0,0
22:07:52 Jan 05 2021,93,78,1,0,0
22:07:54 Jan 05 2021,93,78,0,0,0
22:07:56 Jan 05 2021,93,78,1,0,0
22:07:58 Jan 05 2021,93,79,1,0,0
22:08:00 Jan 05 2021,93,79,0,0,0
22:08:02 Jan 05 2021,93,77,0,0,0
22:08:04 Jan 05 2021,93,77,0,0,0
22:08:06 Jan 05 2021,92,76,0,0,0
22:08:08 Jan 05 2021,91,76,1,0,0
22:08:10 Jan 05 2021,90,78,0,0,0
22:08:12 Jan 05 2021,89,77,1,0,0
22:08:14 Jan 05 2021,89,77,1,0,0
22:08:16 Jan 05 2021,88,79,0,0,0
22:08:18 Jan 05 2021,88,78,0,0,0
22:08:20 Jan 05 2021,88,79,1,0,0
22:08:22 Jan 05 2021,88,78,0,0,0
22:08:24 Jan 05 2021,88,77,0,0,0
22:08:26 Jan 05 2021,88,77,1,0,0
22:08:28 Jan 05 2021,89,77,0,0,0
22:08:30 Jan 05 2021,89,77,1,0,0
22:08:32 Jan 05 2021,90,78,0,0,0
22:08:34 Jan 05 2021,91,78,0,0,0
22:08:36 Jan 05 2021,91,78,1,0,0
22:08:38 Jan 05 2021,91,77,1,0,0
22:08:40 Jan 05 2021,92,77,1,0,0
22:08:42 Jan 05 2021,92,76,0,0,0
22:08:44 Jan 05 2021,92,76,0,0,0
22:08:46 Jan 05 2021,92,76,0,0,0
22:08:48 Jan 05 2021,92,76,0,0,0
22:08:50 Jan 05 2021,92,76,1,0,0
22:08:52 Jan 05 2021,92,76,0,0,0
22:08:54 Jan 05 2021,93,76,0,0,0
22:08:56 Jan 05 2021,93,75,1,0,0
22:08:58 Jan 05 2021,93,75,0,0,0
22:09:00 Jan 05 2021,93,77,1,0,0
22:09:02 Jan 05 2021,93,79,0,0,0
22:09:04 Jan 05 2021,93,80,0,0,0
22:09:06 Jan 05 2021,93,78,0,0,0
22:09:08 Jan 05 2021,93,74,1,0,0
22:09:10 Jan 05 2021,93,71,11,0,0
22:09:12 Jan 05 2021,93,68,0,0,0
22:09:14 Jan 05 2021,93,68,0,0,0
22:09:16 Jan 05 2021,93,69,0,0,0
22:09:18 Jan 05 2021,93,69,0,0,0
22:09:20 Jan 05 2021,93,68,0,0,0
22:09:22 Jan 05 2021,93,69,0,0,0
22:09:24 Jan 05 2021,91,68,0,0,0
22:09:26 Jan 05 2021,92,68,0,0,0
22:09:28 Jan 05 2021,92,69,0,0,0
22:09:30 Jan 05 2021,90,68,0,0,0
22:09:32 Jan 05 2021,91,69,0,0,0
22:09:34 Jan 05 2021,88,68,0,0,0
22:09:36 Jan 05 2021,83,70,0,0,0
22:09:38 Jan 05 2021,82,71,0,0,0
22:09:40 Jan 05 2021,81,74,0,0,0
22:09:42 Jan 05 2021,82,73,0,0,0
22:09:44 Jan 05 2021,83,70,0,0,0
22:09:46 Jan 05 2021,84,71,0,0,0
22:09:48 Jan 05 2021,85,68,0,0,0
22:09:50 Jan 05 2021,87,65,0,0,0
22:09:52 Jan 05 2021,88,64,0,0,0
22:09:54 Jan 05 2021,90,57,0,0,0
22:09:56 Jan 05 2021,90,63,0,0,0
22:09:58 Jan 05 2021,90,65,0,0,0
22:10:00 Jan 05 2021,91,68,0,0,0
22:10:02 Jan 05 2021,91,71,0,0,0
22:10:04 Jan 05 2021,92,70,0,0,0
22:10:06 Jan 05 2021,92,72,0,0,0
22:10:08 Jan 05 2021,92,71,0,0,0
22:10:10 Jan 05 2021,92,71,0,0,0
22:10:12 Jan 05 2021,92,70,0,0,0
22:10:14 Jan 05 2021,92,70,0,0,0
22:10:16 Jan 05 2021,92,69,0,0,0
22:10:18 Jan 05 2021,92,68,0,0,0
22:10:20 Jan 05 2021,92,69,0,0,0
22:10:22 Jan 05 2021,92,69,0,0,0
22:10:24 Jan 05 2021,92,70,0,0,0
22:10:26 Jan 05 2021,92,73,0,0,0
22:10:28 Jan 05 2021,90,76,0,0,0
22:10:30 Jan 05 2021,88,79,0,0,0
22:10:32 Jan 05 2021,86,79,0,0,0
22:10:34 Jan 05 2021,86,78,0,0,0
22:10:36 Jan 05 2021,85,80,0,0,0
22:10:38 Jan 05 2021,84,78,0,0,0
22:10:40 Jan 05 2021,84,79,0,0,0
22:10:42 Jan 05 2021,84,79,0,0,0
22:10:44 Jan 05 2021,83,78,0,0,0
22:10:46 Jan 05 2021,83,79,0,0,0
22:10:48 Jan 05 2021,83,76,0,0,0
22:10:50 Jan 05 2021,82,79,0,0,0
22:10:52 Jan 05 2021,82,77,0,0,0
22:10:54 Jan 05 2021,83,73,0,0,0
22:10:56 Jan 05 2021,83,76,0,0,0
22:10:58 Jan 05 2021,84,74,1,0,0
22:11:00 Jan 05 2021,86,77,0,0,0
22:11:02 Jan 05 2021,88,77,0,0,0
22:11:04 Jan 05 2021,89,73,1,0,0
22:11:06 Jan 05 2021,90,73,1,0,0
22:11:08 Jan 05 2021,90,73,0,0,0
22:11:10 Jan 05 2021,90,73,0,0,0
22:11:12 Jan 05 2021,90,73,0,0,0
22:11:14 Jan 05 2021,92,70,0,0,0
22:11:16 Jan 05 2021,92,67,0,0,0
22:11:18 Jan 05 2021,93,67,0,0,0
22:11:20 Jan 05 2021,93,69,0,0,0
22:11:22 Jan 05 2021,93,72,0,0,0
22:11:24 Jan 05 2021,93,73,0,0,0
22:11:26 Jan 05 2021,93,74,0,0,0
22:11:28 Jan 05 2021,93,74,0,0,0
22:11:30 Jan 05 2021,93,75,0,0,0
22:11:32 Jan 05 2021,93,76,0,0,0
22:11:34 Jan 05 2021,93,75,0,0,0
22:11:36 Jan 05 2021,93,75,0,0,0
22:11:38 Jan 05 2021,92,74,0,0,0
22:11:40 Jan 05 2021,92,73,0,0,0
22:11:42 Jan 05 2021,91,75,0,0,0
22:11:44 Jan 05 2021,91,75,0,0,0
22:11:46 Jan 05 2021,91,75,0,0,0
22:11:48 Jan 05 2021,90,76,0,0,0
22:11:50 Jan 05 2021,91,76,0,0,0
22:11:52 Jan 05 2021,90,78,1,0,0
22:11:54 Jan 05 2021,90,79,0,0,0
22:11:56 Jan 05 2021,90,80,0,0,0
22:11:58 Jan 05 2021,90,80,0,0,0
22:12:00 Jan 05 2021,90,81,0,0,0
22:12:02 Jan 05 2021,90,80,0,0,0
22:12:04 Jan 05 2021,90,80,0,0,0
22:12:06 Jan 05 2021,88,75,0,0,0
22:12:08 Jan 05 2021,86,66,0,0,0
22:12:10 Jan 05 2021,84,59,0,0,0
22:12:12 Jan 05 2021,84,59,0,0,0
22:12:14 Jan 05 2021,84,61,0,0,0
22:12:16 Jan 05 2021,85,61,0,0,0
22:12:18 Jan 05 2021,86,58,0,0,0
22:12:20 Jan 05 2021,87,52,0,0,0
22:12:22 Jan 05 2021,88,49,0,0,0
22:12:24 Jan 05 2021,89,50,0,0,0
22:12:26 Jan 05 2021,90,53,0,0,0
22:12:28 Jan 05 2021,92,53,0,0,0
22:12:30 Jan 05 2021,93,53,0,0,0
22:12:32 Jan 05 2021,93,53,0,0,0
22:12:34 Jan 05 2021,93,53,0,0,0
22:12:36 Jan 05 2021,93,53,0,0,0
22:12:38 Jan 05 2021,93,53,0,0,0
22:12:40 Jan 05 2021,93,53,0,0,0
22:12:42 Jan 05 2021,93,52,0,0,0
22:12:44 Jan 05 2021,93,52,0,0,0
22:12:46 Jan 05 2021,93,52,1,0,0
22:12:48 Jan 05 2021,93,52,0,0,0
22:12:50 Jan 05 2021,93,52,0,0,0
22:12:52 Jan 05 2021,93,58,1,0,0
22:12:54 Jan 05 2021,93,60,0,0,0
22:12:56 Jan 05 2021,93,65,0,0,0
22:12:58 Jan 05 2021,93,66,0,0,0
22:13:00 Jan 05 2021,93,65,0,0,0
22:13:02 Jan 05 2021,93,70,0,0,0
22:13:04 Jan 05 2021,90,72,0,0,0
22:13:06 Jan 05 2021,87,75,0,0,0
22:13:08 Jan 05 2021,84,77,0,0,0
22:13:10 Jan 05 2021,83,78,0,0,0
22:13:12 Jan 05 2021,82,78,0,0,0
22:13:14 Jan 05 2021,82,79,0,0,0
22:13:16 Jan 05 2021,83,77,0,0,0
22:13:18 Jan 05 2021,84,76,0,0,0
22:13:20 Jan 05 2021,85,76,0,0,0
22:13:22 Jan 05 2021,85,76,0,0,0
22:13:24 Jan 05 2021,85,76,0,0,0
22:13:26 Jan 05 2021,85,76,0,0,0
22:13:28 Jan 05 2021,86,75,0,0,0
22:13:30 Jan 05 2021,86,71,0,0,0
22:13:32 Jan 05 2021,88,71,0,0,0
22:13:34 Jan 05 2021,91,70,0,0,0
22:13:36 Jan 05 2021,91,70,0,0,0
22:13:38 Jan 05 2021,92,72,0,0,0
22:13:40 Jan 05 2021,92,67,0,0,0
22:13:42 Jan 05 2021,92,68,0,0,0
22:13:44 Jan 05 2021,93,68,0,0,0
22:13:46 Jan 05 2021,93,69,0,0,0
22:13:48 Jan 05 2021,93,69,0,0,0
22:13:50 Jan 05 2021,93,69,0,0,0
22:13:52 Jan 05 2021,93,69,0,0,0
22:13:54 Jan 05 2021,93,69,0,0,0
22:13:56 Jan 05 2021,92,69,1,0,0
22:13:58 Jan 05 2021,92,73,0,0,0
22:14:00 Jan 05 2021,91,75,1,0,0
22:14:02 Jan 05 2021,91,77,0,0,0
22:14:04 Jan 05 2021,90,75,0,0,0
22:14:06 Jan 05 2021,88,73,0,0,0
22:14:08 Jan 05 2021,88,73,0,0,0
22:14:10 Jan 05 2021,87,74,1,0,0
22:14:12 Jan 05 2021,87,74,1,0,0
22:14:14 Jan 05 2021,87,74,1,0,0
22:14:16 Jan 05 2021,86,73,0,0,0
22:14:18 Jan 05 2021,86,69,0,0,0
22:14:20 Jan 05 2021,86,69,0,0,0
22:14:22 Jan 05 2021,85,70,0,0,0
22:14:24 Jan 05 2021,86,69,0,0,0
22:14:26 Jan 05 2021,86,70,0,0,0
22:14:28 Jan 05 2021,86,71,0,0,0
22:14:30 Jan 05 2021,86,72,0,0,0
22:14:32 Jan 05 2021,86,74,0,0,0
22:14:34 Jan 05 2021,86,74,0,0,0
22:14:36 Jan 05 2021,86,74,0,0,0
22:14:38 Jan 05 2021,86,74,0,0,0
22:14:40 Jan 05 2021,87,74,0,0,0
22:14:42 Jan 05 2021,87,74,0,0,0
22:14:44 Jan 05 2021,88,75,1,0,0
22:14:46 Jan 05 2021,89,73,0,0,0
22:14:48 Jan 05 2021,90,73,0,0,0
22:14:50 Jan 05 2021,90,73,0,0,0
22:14:52 Jan 05 2021,91,75,1,0,0
22:14:54 Jan 05 2021,91,75,0,0,0
22:14:56 Jan 05 2021,91,75,1,0,0
22:14:58 Jan 05 2021,93,76,0,0,0
22:15:00 Jan 05 2021,93,77,0,0,0
22:15:02 Jan 05 2021,93,77,0,0,0
22:15:04 Jan 05 2021,94,76,0,0,0
22:15:06 Jan 05 2021,94,76,0,0,0
22:15:08 Jan 05 2021,93,74,1,0,0
22:15:10 Jan 05 2021,93,74,1,0,0
22:15:12 Jan 05 2021,92,75,0,0,0
22:15:14 Jan 05 2021,91,76,0,0,0
22:15:16 Jan 05 2021,91,77,1,0,0
22:15:18 Jan 05 2021,91,80,0,0,0
22:15:20 Jan 05 2021,91,81,1,0,0
22:15:22 Jan 05 2021,91,80,0,0,0
22:15:24 Jan 05 2021,91,82,0,0,0
22:15:26 Jan 05 2021,91,81,1,0,0
22:15:28 Jan 05 2021,91,81,0,0,0
22:15:30 Jan 05 2021,90,79,0,0,0
22:15:32 Jan 05 2021,91,77,0,0,0
22:15:34 Jan 05 2021,90,76,0,0,0
22:15:36 Jan 05 2021,89,74,1,0,0
22:15:38 Jan 05 2021,90,76,1,0,0
22:15:40 Jan 05 2021,90,76,0,0,0
22:15:42 Jan 05 2021,90,76,0,0,0
22:15:44 Jan 05 2021,90,76,0,0,0
22:15:46 Jan 05 2021,89,76,0,0,0
22:15:48 Jan 05 2021,87,77,1,0,0
22:15:50 Jan 05 2021,87,75,1,0,0
22:15:52 Jan 05 2021,84,74,1,0,0
22:15:54 Jan 05 2021,85,73,0,0,0
22:15:56 Jan 05 2021,85,67,0,0,0
22:15:58 Jan 05 2021,86,70,1,0,0
22:16:00 Jan 05 2021,87,70,0,0,0
22:16:02 Jan 05 2021,89,69,1,0,0
22:16:04 Jan 05 2021,90,74,0,0,0
22:16:06 Jan 05 2021,91,72,1,0,0
22:16:08 Jan 05 2021,93,72,0,0,0
22:16:10 Jan 05 2021,94,73,0,0,0
22:16:12 Jan 05 2021,95,73,1,0,0
22:16:14 Jan 05 2021,95,75,0,0,0
22:16:16 Jan 05 2021,95,75,0,0,0
22:16:18 Jan 05 2021,95,74,0,0,0
22:16:20 Jan 05 2021,95,74,0,0,0
22:16:22 Jan 05 2021,94,74,1,0,0
22:16:24 Jan 05 2021,94,74,1,0,0
22:16:26 Jan 05 2021,94,75,0,0,0
22:16:28 Jan 05 2021,93,73,1,0,0
22:16:30 Jan 05 2021,93,75,0,0,0
22:16:32 Jan 05 2021,92,76,1,0,0
22:16:34 Jan 05 2021,91,75,0,0,0
22:16:36 Jan 05 2021,91,77,3,0,0
22:16:38 Jan 05 2021,91,79,8,0,0
22:16:40 Jan 05 2021,91,79,4,0,0
22:16:42 Jan 05 2021,91,78,19,0,0
22:16:44 Jan 05 2021,91,79,19,0,0
22:16:46 Jan 05 2021,91,79,7,0,0
22:16:48 Jan 05 2021,91,79,5,0,0
22:16:50 Jan 05 2021,91,79,1,0,0
22:16:52 Jan 05 2021,91,79,0,0,0
22:16:54 Jan 05 2021,91,80,0,0,0
22:16:56 Jan 05 2021,91,82,0,0,0
22:16:58 Jan 05 2021,91,83,1,0,0
22:17:00 Jan 05 2021,91,85,1,0,0
22:17:02 Jan 05 2021,91,85,1,0,0
22:17:04 Jan 05 2021,91,84,1,0,0
22:17:06 Jan 05 2021,92,81,0,0,0
22:17:08 Jan 05 2021,93,81,1,0,0
22:17:10 Jan 05 2021,93,80,1,0,0
22:17:12 Jan 05 2021,94,79,1,0,0
22:17:14 Jan 05 2021,94,80,1,0,0
22:17:16 Jan 05 2021,94,79,1,0,0
22:17:18 Jan 05 2021,94,79,1,0,0
22:17:20 Jan 05 2021,94,79,0,0,0
22:17:22 Jan 05 2021,94,79,1,0,0
22:17:24 Jan 05 2021,95,80,0,0,0
22:17:26 Jan 05 2021,96,80,0,0,0
22:17:28 Jan 05 2021,96,81,1,0,0
22:17:30 Jan 05 2021,96,80,0,0,0
22:17:32 Jan 05 2021,95,78,1,0,0
22:17:34 Jan 05 2021,95,79,1,0,0
22:17:36 Jan 05 2021,95,79,0,0,0
22:17:38 Jan 05 2021,95,79,0,0,0
22:17:40 Jan 05 2021,94,79,1,0,0
22:17:42 Jan 05 2021,94,78,0,0,0
22:17:44 Jan 05 2021,94,78,1,0,0
22:17:46 Jan 05 2021,94,78,1,0,0
22:17:48 Jan 05 2021,95,78,1,0,0
22:17:50 Jan 05 2021,95,78,1,0,0
22:17:52 Jan 05 2021,95,79,1,0,0
22:17:54 Jan 05 2021,93,79,1,0,0
22:17:56 Jan 05 2021,91,78,0,0,0
22:17:58 Jan 05 2021,89,78,1,0,0
22:18:00 Jan 05 2021,88,78,1,0,0
22:18:02 Jan 05 2021,89,78,0,0,0
22:18:04 Jan 05 2021,89,78,0,0,0
22:18:06 Jan 05 2021,88,76,1,0,0
22:18:08 Jan 05 2021,89,76,1,0,0
22:18:10 Jan 05 2021,89,77,1,0,0
22:18:12 Jan 05 2021,89,76,0,0,0
22:18:14 Jan 05 2021,89,77,1,0,0
22:18:16 Jan 05 2021,90,76,1,0,0
22:18:18 Jan 05 2021,91,77,0,0,0
22:18:20 Jan 05 2021,92,77,0,0,0
22:18:22 Jan 05 2021,92,79,1,0,0
22:18:24 Jan 05 2021,93,78,1,0,0
22:18:26 Jan 05 2021,93,78,1,0,0
22:18:28 Jan 05 2021,95,78,1,0,0
22:18:30 Jan 05 2021,96,78,1,0,0
22:18:32 Jan 05 2021,97,78,1,0,0
22:18:34 Jan 05 2021,97,78,0,0,0
22:18:36 Jan 05 2021,97,78,1,0,0
22:18:38 Jan 05 2021,97,78,1,0,0
22:18:40 Jan 05 2021,97,78,1,0,0
22:18:42 Jan 05 2021,97,77,1,0,0
22:18:44 Jan 05 2021,97,77,1,0,0
22:18:46 Jan 05 2021,95,76,1,0,0
22:18:48 Jan 05 2021,95,76,1,0,0
22:18:50 Jan 05 2021,95,77,1,0,0
22:18:52 Jan 05 2021,96,76,1,0,0
22:18:54 Jan 05 2021,97,76,1,0,0
22:18:56 Jan 05 2021,97,76,1,0,0
22:18:58 Jan 05 2021,97,76,1,0,0
22:19:00 Jan 05 2021,97,76,1,0,0
22:19:02 Jan 05 2021,97,76,1,0,0
22:19:04 Jan 05 2021,97,76,1,0,0
22:19:06 Jan 05 2021,95,78,1,0,0
22:19:08 Jan 05 2021,91,79,1,0,0
22:19:10 Jan 05 2021,89,81,0,0,0
22:19:12 Jan 05 2021,87,80,1,0,0
22:19:14 Jan 05 2021,87,75,1,0,0
22:19:16 Jan 05 2021,86,76,1,0,0
22:19:18 Jan 05 2021,85,74,1,0,0
22:19:20 Jan 05 2021,84,75,1,0,0
22:19:22 Jan 05 2021,84,75,1,0,0
22:19:24 Jan 05 2021,84,75,1,0,0
22:19:26 Jan 05 2021,84,75,0,0,0
22:19:28 Jan 05 2021,84,75,1,0,0
22:19:30 Jan 05 2021,84,75,1,0,0
22:19:32 Jan 05 2021,85,74,0,0,0
22:19:34 Jan 05 2021,88,76,1,0,0
22:19:36 Jan 05 2021,90,77,1,0,0
22:19:38 Jan 05 2021,94,77,1,0,0
22:19:40 Jan 05 2021,94,76,1,0,0
22:19:42 Jan 05 2021,94,76,1,0,0
22:19:44 Jan 05 2021,95,76,1,0,0
22:19:46 Jan 05 2021,95,77,0,0,0
22:19:48 Jan 05 2021,95,77,1,0,0
22:19:50 Jan 05 2021,95,77,1,0,0
22:19:52 Jan 05 2021,95,76,1,0,0
22:19:54 Jan 05 2021,95,74,1,0,0
22:19:56 Jan 05 2021,95,76,1,0,0
22:19:58 Jan 05 2021,95,76,1,0,0
22:20:00 Jan 05 2021,94,75,0,0,0
22:20:02 Jan 05 2021,94,75,0,0,0
22:20:04 Jan 05 2021,93,75,1,0,0
22:20:06 Jan 05 2021,93,69,1,0,0
22:20:08 Jan 05 2021,92,57,1,0,0
22:20:10 Jan 05 2021,91,50,1,0,0
22:20:12 Jan 05 2021,91,44,1,0,0
22:20:14 Jan 05 2021,91,46,1,0,0
22:20:16 Jan 05 2021,90,46,0,0,0
22:20:18 Jan 05 2021,90,44,0,0,0
22:20:20 Jan 05 2021,90,44,1,0,0
22:20:22 Jan 05 2021,89,44,1,0,0
22:20:24 Jan 05 2021,90,45,0,0,0
22:20:26 Jan 05 2021,90,45,1,0,0
22:20:28 Jan 05 2021,90,45,1,0,0
22:20:30 Jan 05 2021,90,45,1,0,0
22:20:32 Jan 05 2021,90,45,0,0,0
22:20:34 Jan 05 2021,90,45,0,0,0
22:20:36 Jan 05 2021,90,45,1,0,0
22:20:38 Jan 05 2021,90,45,1,0,0
22:20:40 Jan 05 2021,90,45,1,0,0
22:20:42 Jan 05 2021,90,45,0,0,0
22:20:44 Jan 05 2021,90,45,1,0,0
22:20:46 Jan 05 2021,90,45,1,0,0
22:20:48 Jan 05 2021,90,45,1,0,0
22:20:50 Jan 05 2021,90,45,1,0,0
22:20:52 Jan 05 2021,90,45,1,0,0
22:20:54 Jan 05 2021,91,57,1,0,0
22:20:56 Jan 05 2021,93,55,1,0,0
22:20:58 Jan 05 2021,95,53,1,0,0
22:21:00 Jan 05 2021,95,49,1,0,0
22:21:02 Jan 05 2021,95,37,1,0,0
22:21:04 Jan 05 2021,95,36,1,0,0
22:21:06 Jan 05 2021,95,36,1,0,0
22:21:08 Jan 05 2021,95,36,0,0,0
22:21:10 Jan 05 2021,95,36,1,0,0
22:21:12 Jan 05 2021,95,36,1,0,0
22:21:14 Jan 05 2021,95,42,1,0,0
22:21:16 Jan 05 2021,95,44,1,0,0
22:21:18 Jan 05 2021,95,47,1,0,0
22:21:20 Jan 05 2021,94,42,0,0,0
22:21:22 Jan 05 2021,94,40,1,0,0
22:21:24 Jan 05 2021,92,38,1,0,0
22:21:26 Jan 05 2021,92,37,1,0,0
22:21:28 Jan 05 2021,91,38,1,0,0
22:21:30 Jan 05 2021,91,37,1,0,0
22:21:32 Jan 05 2021,91,39,1,0,0
22:21:34 Jan 05 2021,90,37,1,0,0
22:21:36 Jan 05 2021,89,36,1,0,0
22:21:38 Jan 05 2021,89,37,0,0,0
22:21:40 Jan 05 2021,88,37,0,0,0
22:21:42 Jan 05 2021,88,37,1,0,0
22:21:44 Jan 05 2021,88,37,0,0,0
22:21:46 Jan 05 2021,88,37,1,0,0
22:21:48 Jan 05 2021,88,37,1,0,0
22:21:50 Jan 05 2021,88,37,1,0,0
22:21:52 Jan 05 2021,88,37,1,0,0
22:21:54 Jan 05 2021,88,37,1,0,0
22:21:56 Jan 05 2021,88,37,1,0,0
22:21:58 Jan 05 2021,88,37,1,0,0
22:22:00 Jan 05 2021,88,37,1,0,0
22:22:02 Jan 05 2021,88,37,0,0,0
22:22:04 Jan 05 2021,88,37,1,0,0
22:22:06 Jan 05 2021,88,37,1,0,0
22:22:08 Jan 05 2021,88,37,1,0,0
22:22:10 Jan 05 2021,88,37,1,0,0
22:22:12 Jan 05 2021,90,37,1,0,0
22:22:14 Jan 05 2021,92,36,1,0,0
22:22:16 Jan 05 2021,94,36,1,0,0
22:22:18 Jan 05 2021,95,36,1,0,0
22:22:20 Jan 05 2021,95,36,1,0,0
22:22:22 Jan 05 2021,95,36,1,0,0
22:22:24 Jan 05 2021,95,37,1,0,0
22:22:26 Jan 05 2021,95,37,1,0,0
22:22:28 Jan 05 2021,95,39,1,0,0
22:22:30 Jan 05 2021,95,39,1,0,0
22:22:32 Jan 05 2021,95,39,0,0,0
22:22:34 Jan 05 2021,95,39,1,0,0
22:22:36 Jan 05 2021,95,39,1,0,0
22:22:38 Jan 05 2021,95,39,1,0,0
22:22:40 Jan 05 2021,95,39,0,0,0
22:22:42 Jan 05 2021,95,40,0,0,0
22:22:44 Jan 05 2021,94,41,0,0,0
22:22:46 Jan 05 2021,94,42,1,0,0
22:22:48 Jan 05 2021,93,43,5,0,0
22:22:50 Jan 05 2021,93,47,11,0,0
22:22:52 Jan 05 2021,93,43,11,0,0
22:22:54 Jan 05 2021,93,44,6,0,0
22:22:56 Jan 05 2021,93,44,7,0,0
22:22:58 Jan 05 2021,93,44,4,0,0
22:23:00 Jan 05 2021,93,44,0,0,0
22:23:02 Jan 05 2021,93,44,0,0,0
22:23:04 Jan 05 2021,93,44,0,0,0
22:23:06 Jan 05 2021,93,44,0,0,0
22:23:08 Jan 05 2021,93,44,0,0,0
22:23:10 Jan 05 2021,93,44,1,0,0
22:23:12 Jan 05 2021,93,44,1,0,0
22:23:14 Jan 05 2021,93,44,1,0,0
22:23:16 Jan 05 2021,93,53,0,0,0
22:23:18 Jan 05 2021,90,59,1,0,0
22:23:20 Jan 05 2021,89,68,1,0,0
22:23:22 Jan 05 2021,86,71,0,0,0
22:23:24 Jan 05 2021,87,66,1,0,0
22:23:26 Jan 05 2021,88,68,1,0,0
22:23:28 Jan 05 2021,88,66,0,0,0
22:23:30 Jan 05 2021,88,63,0,0,0
22:23:32 Jan 05 2021,88,66,0,0,0
22:23:34 Jan 05 2021,88,66,1,0,0
22:23:36 Jan 05 2021,89,68,0,0,0
22:23:38 Jan 05 2021,90,71,1,0,0
22:23:40 Jan 05 2021,90,71,0,0,0
22:23:42 Jan 05 2021,91,73,0,0,0
22:23:44 Jan 05 2021,91,73,0,0,0
22:23:46 Jan 05 2021,91,73,1,0,0
22:23:48 Jan 05 2021,92,73,0,0,0
22:23:50 Jan 05 2021,93,71,0,0,0
22:23:52 Jan 05 2021,94,69,1,0,0
22:23:54 Jan 05 2021,95,71,1,0,0
22:23:56 Jan 05 2021,94,69,0,0,0
22:23:58 Jan 05 2021,94,72,0,0,0
22:24:00 Jan 05 2021,95,78,0,0,0
22:24:02 Jan 05 2021,94,78,1,0,0
22:24:04 Jan 05 2021,92,76,0,0,0
22:24:06 Jan 05 2021,91,77,1,0,0
22:24:08 Jan 05 2021,90,75,0,0,0
22:24:10 Jan 05 2021,89,74,1,0,0
22:24:12 Jan 05 2021,88,76,1,0,0
22:24:14 Jan 05 2021,88,76,0,0,0
22:24:16 Jan 05 2021,87,76,1,0,0
22:24:18 Jan 05 2021,87,75,0,0,0
22:24:20 Jan 05 2021,87,75,0,0,0
22:24:22 Jan 05 2021,87,74,1,0,0
22:24:24 Jan 05 2021,86,77,1,0,0
22:24:26 Jan 05 2021,86,78,0,0,0
22:24:28 Jan 05 2021,86,78,1,0,0
22:24:30 Jan 05 2021,86,77,1,0,0
22:24:32 Jan 05 2021,86,77,0,0,0
22:24:34 Jan 05 2021,86,77,0,0,0
22:24:36 Jan 05 2021,86,76,0,0,0
22:24:38 Jan 05 2021,86,76,0,0,0
22:24:40 Jan 05 2021,86,75,0,0,0
22:24:42 Jan 05 2021,86,75,1,0,0
22:24:44 Jan 05 2021,86,75,0,0,0
22:24:46 Jan 05 2021,87,74,1,0,0
22:24:48 Jan 05 2021,89,77,0,0,0
22:24:50 Jan 05 2021,89,77,1,0,0
22:24:52 Jan 05 2021,91,72,0,0,0
22:24:54 Jan 05 2021,92,70,1,0,0
22:24:56 Jan 05 2021,92,66,1,0,0
22:24:58 Jan 05 2021,92,57,0,0,0
22:25:00 Jan 05 2021,92,58,1,0,0
22:25:02 Jan 05 2021,92,54,0,0,0
22:25:04 Jan 05 2021,92,57,1,0,0
22:25:06 Jan 05 2021,92,57,0,0,0
22:25:08 Jan 05 2021,92,56,0,0,0
22:25:10 Jan 05 2021,92,54,0,0,0
22:25:12 Jan 05 2021,92,54,0,0,0
22:25:14 Jan 05 2021,92,54,0,0,0
22:25:16 Jan 05 2021,92,55,1,0,0
22:25:18 Jan 05 2021,92,56,0,0,0
22:25:20 Jan 05 2021,92,58,0,0,0
22:25:22 Jan 05 2021,92,56,0,0,0
22:25:24 Jan 05 2021,92,56,1,0,0
22:25:26 Jan 05 2021,91,61,1,0,0
22:25:28 Jan 05 2021,90,63,1,0,0
22:25:30 Jan 05 2021,90,65,1,0,0
22:25:32 Jan 05 2021,89,70,0,0,0
22:25:34 Jan 05 2021,89,70,0,0,0
22:25:36 Jan 05 2021,89,65,1,0,0
22:25:38 Jan 05 2021,89,66,0,0,0
22:25:40 Jan 05 2021,89,67,1,0,0
22:25:42 Jan 05 2021,89,67,0,0,0
22:25:44 Jan 05 2021,89,65,1,0,0
22:25:46 Jan 05 2021,89,65,0,0,0
22:25:48 Jan 05 2021,89,65,1,0,0
22:25:50 Jan 05 2021,89,64,1,0,0
22:25:52 Jan 05 2021,89,64,0,0,0
22:25:54 Jan 05 2021,89,64,0,0,0
22:25:56 Jan 05 2021,90,55,0,0,0
22:25:58 Jan 05 2021,91,51,0,0,0
22:26:00 Jan 05 2021,91,47,1,0,0
22:26:02 Jan 05 2021,91,47,0,0,0
22:26:04 Jan 05 2021,91,49,0,0,0
22:26:06 Jan 05 2021,91,47,0,0,0
22:26:08 Jan 05 2021,91,47,0,0,0
22:26:10 Jan 05 2021,92,48,0,0,0
22:26:12 Jan 05 2021,93,51,0,0,0
22:26:14 Jan 05 2021,93,51,0,0,0
22:26:16 Jan 05 2021,94,53,1,0,0
22:26:18 Jan 05 2021,93,50,0,0,0
22:26:20 Jan 05 2021,93,46,0,0,0
22:26:22 Jan 05 2021,93,43,0,0,0
22:26:24 Jan 05 2021,93,39,0,0,0
22:26:26 Jan 05 2021,93,40,1,0,0
22:26:28 Jan 05 2021,93,40,0,0,0
22:26:30 Jan 05 2021,93,41,0,0,0
22:26:32 Jan 05 2021,93,40,0,0,0
22:26:34 Jan 05 2021,92,40,1,0,0
22:26:36 Jan 05 2021,92,40,0,0,0
22:26:38 Jan 05 2021,92,40,0,0,0
22:26:40 Jan 05 2021,93,40,0,0,0
22:26:42 Jan 05 2021,93,40,1,0,0
22:26:44 Jan 05 2021,92,39,0,0,0
22:26:46 Jan 05 2021,92,39,0,0,0
22:26:48 Jan 05 2021,91,39,0,0,0
22:26:50 Jan 05 2021,90,39,0,0,0
22:26:52 Jan 05 2021,89,40,1,0,0
22:26:54 Jan 05 2021,87,41,0,0,0
22:26:56 Jan 05 2021,86,42,1,0,0
22:26:58 Jan 05 2021,86,43,0,0,0
22:27:00 Jan 05 2021,87,43,0,0,0
22:27:02 Jan 05 2021,87,43,1,0,0
22:27:04 Jan 05 2021,88,49,0,0,0
22:27:06 Jan 05 2021,88,51,1,0,0
22:27:08 Jan 05 2021,88,54,1,0,0
22:27:10 Jan 05 2021,89,50,0,0,0
22:27:12 Jan 05 2021,90,45,1,0,0
22:27:14 Jan 05 2021,92,42,1,0,0
22:27:16 Jan 05 2021,94,38,0,0,0
22:27:18 Jan 05 2021,94,39,1,0,0
22:27:20 Jan 05 2021,94,40,0,0,0
22:27:22 Jan 05 2021,94,40,0,0,0
22:27:24 Jan 05 2021,94,41,0,0,0
22:27:26 Jan 05 2021,94,41,0,0,0
22:27:28 Jan 05 2021,94,41,0,0,0
22:27:30 Jan 05 2021,94,40,1,0,0
22:27:32 Jan 05 2021,93,39,1,0,0
22:27:34 Jan 05 2021,92,38,0,0,0
22:27:36 Jan 05 2021,92,38,1,0,0
22:27:38 Jan 05 2021,92,38,1,0,0
22:27:40 Jan 05 2021,92,38,0,0,0
22:27:42 Jan 05 2021,92,38,0,0,0
22:27:44 Jan 05 2021,92,38,0,0,0
22:27:46 Jan 05 2021,92,38,0,0,0
22:27:48 Jan 05 2021,92,39,0,0,0
22:27:50 Jan 05 2021,92,39,1,0,0
22:27:52 Jan 05 2021,92,39,1,0,0
22:27:54 Jan 05 2021,91,40,0,0,0
22:27:56 Jan 05 2021,90,39,0,0,0
22:27:58 Jan 05 2021,89,39,0,0,0
22:28:00 Jan 05 2021,88,39,1,0,0
22:28:02 Jan 05 2021,87,39,1,0,0
22:28:04 Jan 05 2021,86,39,1,0,0
22:28:06 Jan 05 2021,85,39,0,0,0
22:28:08 Jan 05 2021,86,39,1,0,0
22:28:10 Jan 05 2021,86,39,0,0,0
22:28:12 Jan 05 2021,86,39,1,0,0
22:28:14 Jan 05 2021,86,39,1,0,0
22:28:16 Jan 05 2021,86,39,0,0,0
22:28:18 Jan 05 2021,86,39,0,0,0
22:28:20 Jan 05 2021,86,39,0,0,0
22:28:22 Jan 05 2021,86,39,1,0,0
22:28:24 Jan 05 2021,86,39,1,0,0
22:28:26 Jan 05 2021,86,39,0,0,0
22:28:28 Jan 05 2021,86,39,1,0,0
22:28:30 Jan 05 2021,86,39,0,0,0
22:28:32 Jan 05 2021,86,39,1,0,0
22:28:34 Jan 05 2021,86,39,0,0,0
22:28:36 Jan 05 2021,88,38,1,0,0
22:28:38 Jan 05 2021,91,38,0,0,0
22:28:40 Jan 05 2021,93,37,0,0,0
22:28:42 Jan 05 2021,93,37,1,0,0
22:28:44 Jan 05 2021,93,37,1,0,0
22:28:46 Jan 05 2021,93,37,0,0,0
22:28:48 Jan 05 2021,93,37,0,0,0
22:28:50 Jan 05 2021,93,37,1,0,0
22:28:52 Jan 05 2021,93,37,0,0,0
22:28:54 Jan 05 2021,93,37,1,0,0
22:28:56 Jan 05 2021,93,37,0,0,0
22:28:58 Jan 05 2021,93,37,1,0,0
22:29:00 Jan 05 2021,93,37,0,0,0
22:29:02 Jan 05 2021,93,37,0,0,0
22:29:04 Jan 05 2021,93,37,0,0,0
22:29:06 Jan 05 2021,93,37,0,0,0
22:29:08 Jan 05 2021,93,37,1,0,0
22:29:10 Jan 05 2021,93,37,1,0,0
22:29:12 Jan 05 2021,93,37,0,0,0
22:29:14 Jan 05 2021,93,37,0,0,0
22:29:16 Jan 05 2021,93,37,1,0,0
22:29:18 Jan 05 2021,92,37,0,0,0
22:29:20 Jan 05 2021,92,37,0,0,0
22:29:22 Jan 05 2021,92,37,0,0,0
22:29:24 Jan 05 2021,90,37,0,0,0
22:29:26 Jan 05 2021,91,37,0,0,0
22:29:28 Jan 05 2021,91,37,0,0,0
22:29:30 Jan 05 2021,91,37,1,0,0
22:29:32 Jan 05 2021,91,37,0,0,0
22:29:34 Jan 05 2021,91,37,0,0,0
22:29:36 Jan 05 2021,90,37,1,0,0
22:29:38 Jan 05 2021,90,38,0,0,0
22:29:40 Jan 05 2021,90,39,1,0,0
22:29:42 Jan 05 2021,90,39,1,0,0
22:29:44 Jan 05 2021,90,39,0,0,0
22:29:46 Jan 05 2021,90,39,1,0,0
22:29:48 Jan 05 2021,90,40,0,0,0
22:29:50 Jan 05 2021,90,40,0,0,0
22:29:52 Jan 05 2021,90,40,0,0,0
22:29:54 Jan 05 2021,92,41,0,0,0
22:29:56 Jan 05 2021,93,40,0,0,0
22:29:58 Jan 05 2021,94,40,0,0,0
22:30:00 Jan 05 2021,94,40,0,0,0
22:30:02 Jan 05 2021,94,40,0,0,0
22:30:04 Jan 05 2021,93,39,1,0,0
22:30:06 Jan 05 2021,92,38,1,0,0
22:30:08 Jan 05 2021,92,37,0,0,0
22:30:10 Jan 05 2021,91,37,0,0,0
22:30:12 Jan 05 2021,91,41,0,0,0
22:30:14 Jan 05 2021,91,43,0,0,0
22:30:16 Jan 05 2021,91,46,1,0,0
22:30:18 Jan 05 2021,90,47,0,0,0
22:30:20 Jan 05 2021,90,46,0,0,0
22:30:22 Jan 05 2021,90,46,1,0,0
22:30:24 Jan 05 2021,89,43,0,0,0
22:30:26 Jan 05 2021,88,40,0,0,0
22:30:28 Jan 05 2021,86,38,1,0,0
22:30:30 Jan 05 2021,86,37,0,0,0
22:30:32 Jan 05 2021,86,37,1,0,0
22:30:34 Jan 05 2021,86,38,1,0,0
22:30:36 Jan 05 2021,85,38,0,0,0
22:30:38 Jan 05 2021,85,38,0,0,0
22:30:40 Jan 05 2021,85,39,0,0,0
22:30:42 Jan 05 2021,85,39,1,0,0
22:30:44 Jan 05 2021,86,39,0,0,0
22:30:46 Jan 05 2021,86,39,0,0,0
22:30:48 Jan 05 2021,86,39,1,0,0
22:30:50 Jan 05 2021,86,39,0,0,0
22:30:52 Jan 05 2021,86,39,0,0,0
22:30:54 Jan 05 2021,87,40,0,0,0
22:30:56 Jan 05 2021,88,45,0,0,0
22:30:58 Jan 05 2021,88,47,0,0,0
22:31:00 Jan 05 2021,88,47,0,0,0
22:31:02 Jan 05 2021,88,47,0,0,0
22:31:04 Jan 05 2021,88,47,1,0,0
22:31:06 Jan 05 2021,88,47,0,0,0
22:31:08 Jan 05 2021,90,49,0,0,0
22:31:10 Jan 05 2021,91,50,1,0,0
22:31:12 Jan 05 2021,91,49,0,0,0
22:31:14 Jan 05 2021,92,51,0,0,0
22:31:16 Jan 05 2021,92,52,0,0,0
22:31:18 Jan 05 2021,92,52,0,0,0
22:31:20 Jan 05 2021,92,52,0,0,0
22:31:22 Jan 05 2021,92,51,1,0,0
22:31:24 Jan 05 2021,91,46,1,0,0
22:31:26 Jan 05 2021,89,43,0,0,0
22:31:28 Jan 05 2021,88,38,1,0,0
22:31:30 Jan 05 2021,87,38,0,0,0
22:31:32 Jan 05 2021,87,38,0,0,0
22:31:34 Jan 05 2021,86,38,0,0,0
22:31:36 Jan 05 2021,86,39,0,0,0
22:31:38 Jan 05 2021,86,38,0,0,0
22:31:40 Jan 05 2021,86,38,0,0,0
22:31:42 Jan 05 2021,85,38,1,0,0
22:31:44 Jan 05 2021,85,40,1,0,0
22:31:46 Jan 05 2021,85,40,0,0,0
22:31:48 Jan 05 2021,84,41,0,0,0
22:31:50 Jan 05 2021,84,40,1,0,0
22:31:52 Jan 05 2021,83,40,0,0,0
22:31:54 Jan 05 2021,83,40,0,0,0
22:31:56 Jan 05 2021,83,40,1,0,0
22:31:58 Jan 05 2021,83,41,0,0,0
22:32:00 Jan 05 2021,83,41,1,0,0
22:32:02 Jan 05 2021,84,45,0,0,0
22:32:04 Jan 05 2021,84,47,0,0,0
22:32:06 Jan 05 2021,84,47,1,0,0
22:32:08 Jan 05 2021,85,51,0,0,0
22:32:10 Jan 05 2021,86,45,0,0,0
22:32:12 Jan 05 2021,89,43,0,0,0
22:32:14 Jan 05 2021,91,42,0,0,0
22:32:16 Jan 05 2021,92,39,1,0,0
22:32:18 Jan 05 2021,92,41,0,0,0
22:32:20 Jan 05 2021,92,41,0,0,0
22:32:22 Jan 05 2021,92,40,1,0,0
22:32:24 Jan 05 2021,92,39,1,0,0
22:32:26 Jan 05 2021,92,39,1,0,0
22:32:28 Jan 05 2021,92,39,1,0,0
22:32:30 Jan 05 2021,92,38,1,0,0
22:32:32 Jan 05 2021,91,39,1,0,0
22:32:34 Jan 05 2021,91,39,0,0,0
22:32:36 Jan 05 2021,91,39,1,0,0
22:32:38 Jan 05 2021,91,39,0,0,0
22:32:40 Jan 05 2021,91,39,1,0,0
22:32:42 Jan 05 2021,92,39,1,0,0
22:32:44 Jan 05 2021,92,39,1,0,0
22:32:46 Jan 05 2021,92,39,0,0,0
22:32:48 Jan 05 2021,92,39,0,0,0
22:32:50 Jan 05 2021,92,39,1,0,0
22:32:52 Jan 05 2021,92,39,1,0,0
22:32:54 Jan 05 2021,92,39,1,0,0
22:32:56 Jan 05 2021,92,39,1,0,0
22:32:58 Jan 05 2021,92,39,0,0,0
22:33:00 Jan 05 2021,91,40,0,0,0
22:33:02 Jan 05 2021,90,41,0,0,0
22:33:04 Jan 05 2021,90,41,1,0,0
22:33:06 Jan 05 2021,89,43,0,0,0
22:33:08 Jan 05 2021,89,46,1,0,0
22:33:10 Jan 05 2021,89,46,0,0,0
22:33:12 Jan 05 2021,89,48,0,0,0
22:33:14 Jan 05 2021,89,49,0,0,0
22:33:16 Jan 05 2021,89,48,0,0,0
22:33:18 Jan 05 2021,89,48,0,0,0
22:33:20 Jan 05 2021,89,48,0,0,0
22:33:22 Jan 05 2021,89,48,0,0,0
22:33:24 Jan 05 2021,89,48,1,0,0
22:33:26 Jan 05 2021,90,48,0,0,0
22:33:28 Jan 05 2021,90,46,1,0,0
22:33:30 Jan 05 2021,91,45,1,0,0
22:33:32 Jan 05 2021,92,44,0,0,0
22:33:34 Jan 05 2021,92,44,1,0,0
22:33:36 Jan 05 2021,92,44,0,0,0
22:33:38 Jan 05 2021,92,43,1,0,0
22:33:40 Jan 05 2021,92,42,0,0,0
22:33:42 Jan 05 2021,92,42,1,0,0
22:33:44 Jan 05 2021,92,42,1,0,0
22:33:46 Jan 05 2021,92,42,1,0,0
22:33:48 Jan 05 2021,91,41,0,0,0
22:33:50 Jan 05 2021,90,40,0,0,0
22:33:52 Jan 05 2021,89,38,1,0,0
22:33:54 Jan 05 2021,88,37,0,0,0
22:33:56 Jan 05 2021,88,37,1,0,0
22:33:58 Jan 05 2021,88,37,0,0,0
22:34:00 Jan 05 2021,88,42,0,0,0
22:34:02 Jan 05 2021,88,43,0,0,0
22:34:04 Jan 05 2021,87,44,0,0,0
22:34:06 Jan 05 2021,87,41,1,0,0
22:34:08 Jan 05 2021,87,40,0,0,0
22:34:10 Jan 05 2021,86,40,0,0,0
22:34:12 Jan 05 2021,86,40,1,0,0
22:34:14 Jan 05 2021,86,40,1,0,0
22:34:16 Jan 05 2021,86,40,0,0,0
22:34:18 Jan 05 2021,86,40,1,0,0
22:34:20 Jan 05 2021,86,40,1,0,0
22:34:22 Jan 05 2021,86,40,1,0,0
22:34:24 Jan 05 2021,86,40,0,0,0
22:34:26 Jan 05 2021,86,40,1,0,0
22:34:28 Jan 05 2021,86,47,1,0,0
22:34:30 Jan 05 2021,86,49,0,0,0
22:34:32 Jan 05 2021,86,52,1,0,0
22:34:34 Jan 05 2021,86,46,1,0,0
22:34:36 Jan 05 2021,88,44,0,0,0
22:34:38 Jan 05 2021,90,42,1,0,0
22:34:40 Jan 05 2021,92,42,1,0,0
22:34:42 Jan 05 2021,92,42,1,0,0
22:34:44 Jan 05 2021,92,43,0,0,0
22:34:46 Jan 05 2021,92,44,0,0,0
22:34:48 Jan 05 2021,92,44,0,0,0
22:34:50 Jan 05 2021,92,44,1,0,0
22:34:52 Jan 05 2021,92,44,0,0,0
22:34:54 Jan 05 2021,92,44,0,0,0
22:34:56 Jan 05 2021,92,44,1,0,0
22:34:58 Jan 05 2021,92,44,1,0,0
22:35:00 Jan 05 2021,92,44,0,0,0
22:35:02 Jan 05 2021,92,44,0,0,0
22:35:04 Jan 05 2021,92,44,0,0,0
22:35:06 Jan 05 2021,92,44,1,0,0
22:35:08 Jan 05 2021,91,43,1,0,0
22:35:10 Jan 05 2021,91,42,0,0,0
22:35:12 Jan 05 2021,91,42,0,0,0
22:35:14 Jan 05 2021,91,41,0,0,0
22:35:16 Jan 05 2021,91,48,0,0,0
22:35:18 Jan 05 2021,91,50,1,0,0
22:35:20 Jan 05 2021,91,53,0,0,0
22:35:22 Jan 05 2021,91,51,0,0,0
22:35:24 Jan 05 2021,91,51,0,0,0
22:35:26 Jan 05 2021,91,52,0,0,0
22:35:28 Jan 05 2021,91,52,1,0,0
22:35:30 Jan 05 2021,91,52,0,0,0
22:35:32 Jan 05 2021,91,54,0,0,0
22:35:34 Jan 05 2021,90,56,0,0,0
22:35:36 Jan 05 2021,89,59,0,0,0
22:35:38 Jan 05 2021,88,61,1,0,0
22:35:40 Jan 05 2021,89,61,0,0,0
22:35:42 Jan 05 2021,89,62,1,0,0
22:35:44 Jan 05 2021,89,62,1,0,0
22:35:46 Jan 05 2021,89,62,0,0,0
22:35:48 Jan 05 2021,89,62,1,0,0
22:35:50 Jan 05 2021,89,62,0,0,0
22:35:52 Jan 05 2021,89,62,0,0,0
22:35:54 Jan 05 2021,89,62,1,0,0
22:35:56 Jan 05 2021,90,62,0,0,0
22:35:58 Jan 05 2021,90,61,0,0,0
22:36:00 Jan 05 2021,91,60,0,0,0
22:36:02 Jan 05 2021,91,59,1,0,0
22:36:04 Jan 05 2021,91,55,0,0,0
22:36:06 Jan 05 2021,91,51,1,0,0
22:36:08 Jan 05 2021,91,49,1,0,0
22:36:10 Jan 05 2021,92,51,1,0,0
22:36:12 Jan 05 2021,92,55,0,0,0
22:36:14 Jan 05 2021,92,57,0,0,0
22:36:16 Jan 05 2021,92,57,0,0,0
22:36:18 Jan 05 2021,92,57,0,0,0
22:36:20 Jan 05 2021,92,57,0,0,0
22:36:22 Jan 05 2021,92,59,1,0,0
22:36:24 Jan 05 2021,92,60,1,0,0
22:36:26 Jan 05 2021,92,60,0,0,0
22:36:28 Jan 05 2021,92,60,0,0,0
22:36:30 Jan 05 2021,92,60,0,0,0
22:36:32 Jan 05 2021,92,60,0,0,0
22:36:34 Jan 05 2021,91,57,0,0,0
22:36:36 Jan 05 2021,90,55,1,0,0
22:36:38 Jan 05 2021,89,54,0,0,0
22:36:40 Jan 05 2021,88,51,0,0,0
22:36:42 Jan 05 2021,89,53,0,0,0
22:36:44 Jan 05 2021,89,53,0,0,0
22:36:46 Jan 05 2021,89,53,1,0,0
22:36:48 Jan 05 2021,89,53,0,0,0
22:36:50 Jan 05 2021,89,54,1,0,0
22:36:52 Jan 05 2021,89,54,0,0,0
22:36:54 Jan 05 2021,89,53,0,0,0
22:36:56 Jan 05 2021,90,50,0,0,0
22:36:58 Jan 05 2021,91,45,1,0,0
22:37:00 Jan 05 2021,92,42,0,0,0
22:37:02 Jan 05 2021,93,40,1,0,0
22:37:04 Jan 05 2021,93,41,0,0,0
22:37:06 Jan 05 2021,93,42,0,0,0
22:37:08 Jan 05 2021,93,42,0,0,0
22:37:10 Jan 05 2021,93,42,0,0,0
22:37:12 Jan 05 2021,93,43,1,0,0
22:37:14 Jan 05 2021,93,43,1,0,0
22:37:16 Jan 05 2021,93,44,0,0,0
22:37:18 Jan 05 2021,93,44,0,0,0
22:37:20 Jan 05 2021,93,43,0,0,0
22:37:22 Jan 05 2021,93,43,0,0,0
22:37:24 Jan 05 2021,92,41,0,0,0
22:37:26 Jan 05 2021,91,38,1,0,0
22:37:28 Jan 05 2021,91,36,0,0,0
22:37:30 Jan 05 2021,92,36,0,0,0
22:37:32 Jan 05 2021,92,37,0,0,0
22:37:34 Jan 05 2021,92,37,0,0,0
22:37:36 Jan 05 2021,93,40,1,0,0
22:37:38 Jan 05 2021,93,41,1,0,0
22:37:40 Jan 05 2021,92,42,0,0,0
22:37:42 Jan 05 2021,90,53,1,0,0
22:37:44 Jan 05 2021,88,62,0,0,0
22:37:46 Jan 05 2021,86,73,0,0,0
22:37:48 Jan 05 2021,86,76,1,0,0
22:37:50 Jan 05 2021,87,75,0,0,0
22:37:52 Jan 05 2021,87,78,0,0,0
22:37:54 Jan 05 2021,87,79,1,0,0
22:37:56 Jan 05 2021,86,80,1,0,0
22:37:58 Jan 05 2021,85,81,1,0,0
22:38:00 Jan 05 2021,85,81,0,0,0
22:38:02 Jan 05 2021,84,81,0,0,0
22:38:04 Jan 05 2021,85,81,0,0,0
22:38:06 Jan 05 2021,84,81,1,0,0
22:38:08 Jan 05 2021,84,75,1,0,0
22:38:10 Jan 05 2021,84,76,1,0,0
22:38:12 Jan 05 2021,84,74,1,0,0
22:38:14 Jan 05 2021,85,78,0,0,0
22:38:16 Jan 05 2021,86,78,1,0,0
22:38:18 Jan 05 2021,88,78,1,0,0
22:38:20 Jan 05 2021,91,81,8,0,0
22:38:22 Jan 05 2021,91,83,0,0,0
22:38:24 Jan 05 2021,91,83,1,0,0
22:38:26 Jan 05 2021,91,83,0,0,0
22:38:28 Jan 05 2021,92,83,1,0,0
22:38:30 Jan 05 2021,93,82,0,0,0
22:38:32 Jan 05 2021,95,80,0,0,0
22:38:34 Jan 05 2021,96,78,0,0,0
22:38:36 Jan 05 2021,96,77,1,0,0
22:38:38 Jan 05 2021,96,78,0,0,0
22:38:40 Jan 05 2021,96,76,1,0,0
22:38:42 Jan 05 2021,96,75,0,0,0
22:38:44 Jan 05 2021,96,74,0,0,0
22:38:46 Jan 05 2021,96,74,1,0,0
22:38:48 Jan 05 2021,95,71,0,0,0
22:38:50 Jan 05 2021,94,69,0,0,0
22:38:52 Jan 05 2021,94,68,0,0,0
22:38:54 Jan 05 2021,95,71,0,0,0
22:38:56 Jan 05 2021,96,72,0,0,0
22:38:58 Jan 05 2021,96,72,0,0,0
22:39:00 Jan 05 2021,96,71,0,0,0
22:39:02 Jan 05 2021,96,71,0,0,0
22:39:04 Jan 05 2021,96,71,0,0,0
22:39:06 Jan 05 2021,96,71,0,0,0
22:39:08 Jan 05 2021,96,70,0,0,0
22:39:10 Jan 05 2021,96,70,1,0,0
22:39:12 Jan 05 2021,96,69,1,0,0
22:39:14 Jan 05 2021,96,71,0,0,0
22:39:16 Jan 05 2021,96,71,0,0,0
22:39:18 Jan 05 2021,96,74,0,0,0
22:39:20 Jan 05 2021,96,80,0,0,0
22:39:22 Jan 05 2021,96,80,0,0,0
22:39:24 Jan 05 2021,96,84,0,0,0
22:39:26 Jan 05 2021,96,84,1,0,0
22:39:28 Jan 05 2021,96,81,0,0,0
22:39:30 Jan 05 2021,95,82,0,0,0
22:39:32 Jan 05 2021,94,82,0,0,0
22:39:34 Jan 05 2021,93,82,1,0,0
22:39:36 Jan 05 2021,94,81,0,0,0
22:39:38 Jan 05 2021,94,81,0,0,0
22:39:40 Jan 05 2021,94,82,0,0,0
22:39:42 Jan 05 2021,94,83,0,0,0
22:39:44 Jan 05 2021,94,84,0,0,0
22:39:46 Jan 05 2021,94,78,0,0,0
22:39:48 Jan 05 2021,94,76,0,0,0
22:39:50 Jan 05 2021,94,76,0,0,0
22:39:52 Jan 05 2021,94,81,0,0,0
22:39:54 Jan 05 2021,94,83,0,0,0
22:39:56 Jan 05 2021,94,86,0,0,0
22:39:58 Jan 05 2021,94,85,0,0,0
22:40:00 Jan 05 2021,93,83,0,0,0
22:40:02 Jan 05 2021,93,82,0,0,0
22:40:04 Jan 05 2021,93,78,0,0,0
22:40:06 Jan 05 2021,92,76,0,0,0
22:40:08 Jan 05 2021,92,76,0,0,0
22:40:10 Jan 05 2021,92,76,0,0,0
22:40:12 Jan 05 2021,92,77,0,0,0
22:40:14 Jan 05 2021,92,75,1,0,0
22:40:16 Jan 05 2021,91,72,1,0,0
22:40:18 Jan 05 2021,91,71,0,0,0
22:40:20 Jan 05 2021,91,69,0,0,0
22:40:22 Jan 05 2021,90,70,0,0,0
22:40:24 Jan 05 2021,90,71,0,0,0
22:40:26 Jan 05 2021,87,71,0,0,0
22:40:28 Jan 05 2021,86,65,0,0,0
22:40:30 Jan 05 2021,85,60,0,0,0
22:40:32 Jan 05 2021,84,61,0,0,0
22:40:34 Jan 05 2021,84,59,0,0,0
22:40:36 Jan 05 2021,84,66,0,0,0
22:40:38 Jan 05 2021,84,66,0,0,0
22:40:40 Jan 05 2021,84,66,0,0,0
22:40:42 Jan 05 2021,84,67,0,0,0
22:40:44 Jan 05 2021,84,69,0,0,0
22:40:46 Jan 05 2021,84,71,1,0,0
22:40:48 Jan 05 2021,84,68,1,0,0
22:40:50 Jan 05 2021,84,67,0,0,0
22:40:52 Jan 05 2021,84,66,0,0,0
22:40:54 Jan 05 2021,84,67,1,0,0
22:40:56 Jan 05 2021,84,67,0,0,0
22:40:58 Jan 05 2021,86,68,0,0,0
22:41:00 Jan 05 2021,87,68,0,0,0
22:41:02 Jan 05 2021,89,69,0,0,0
22:41:04 Jan 05 2021,91,64,0,0,0
22:41:06 Jan 05 2021,91,66,0,0,0
22:41:08 Jan 05 2021,93,67,0,0,0
22:41:10 Jan 05 2021,93,69,0,0,0
22:41:12 Jan 05 2021,93,71,0,0,0
22:41:14 Jan 05 2021,93,73,0,0,0
22:41:16 Jan 05 2021,94,73,0,0,0
22:41:18 Jan 05 2021,93,74,0,0,0
22:41:20 Jan 05 2021,93,75,0,0,0
22:41:22 Jan 05 2021,93,75,0,0,0
22:41:24 Jan 05 2021,93,75,1,0,0
22:41:26 Jan 05 2021,93,77,0,0,0
22:41:28 Jan 05 2021,93,77,0,0,0
22:41:30 Jan 05 2021,93,79,1,0,0
22:41:32 Jan 05 2021,93,81,0,0,0
22:41:34 Jan 05 2021,93,80,1,0,0
22:41:36 Jan 05 2021,93,75,0,0,0
22:41:38 Jan 05 2021,93,75,0,0,0
22:41:40 Jan 05 2021,93,76,0,0,0
22:41:42 Jan 05 2021,93,77,1,0,0
22:41:44 Jan 05 2021,93,79,0,0,0
22:41:46 Jan 05 2021,91,78,1,0,0
22:41:48 Jan 05 2021,88,79,0,0,0
22:41:50 Jan 05 2021,85,78,0,0,0
22:41:52 Jan 05 2021,82,80,0,0,0
22:41:54 Jan 05 2021,82,82,0,0,0
22:41:56 Jan 05 2021,81,80,1,0,0
22:41:58 Jan 05 2021,81,82,1,0,0
22:42:00 Jan 05 2021,82,83,0,0,0
22:42:02 Jan 05 2021,83,82,0,0,0
22:42:04 Jan 05 2021,83,84,1,0,0
22:42:06 Jan 05 2021,85,81,1,0,0
22:42:08 Jan 05 2021,87,76,0,0,0
22:42:10 Jan 05 2021,90,82,0,0,0
22:42:12 Jan 05 2021,93,80,0,0,0
22:42:14 Jan 05 2021,94,74,0,0,0
22:42:16 Jan 05 2021,94,79,0,0,0
22:42:18 Jan 05 2021,95,74,1,0,0
22:42:20 Jan 05 2021,95,72,0,0,0
22:42:22 Jan 05 2021,95,76,1,0,0
22:42:24 Jan 05 2021,95,73,0,0,0
22:42:26 Jan 05 2021,95,73,0,0,0
22:42:28 Jan 05 2021,95,73,1,0,0
22:42:30 Jan 05 2021,95,72,0,0,0
22:42:32 Jan 05 2021,95,72,1,0,0
22:42:34 Jan 05 2021,95,72,0,0,0
22:42:36 Jan 05 2021,95,70,0,0,0
22:42:38 Jan 05 2021,95,69,0,0,0
22:42:40 Jan 05 2021,94,69,0,0,0
22:42:42 Jan 05 2021,94,67,0,0,0
22:42:44 Jan 05 2021,94,67,0,0,0
22:42:46 Jan 05 2021,94,65,0,0,0
22:42:48 Jan 05 2021,94,65,0,0,0
22:42:50 Jan 05 2021,94,66,0,0,0
22:42:52 Jan 05 2021,94,66,0,0,0
22:42:54 Jan 05 2021,93,65,0,0,0
22:42:56 Jan 05 2021,94,66,1,0,0
22:42:58 Jan 05 2021,94,66,1,0,0
22:43:00 Jan 05 2021,94,66,0,0,0
22:43:02 Jan 05 2021,93,69,0,0,0
22:43:04 Jan 05 2021,91,69,1,0,0
22:43:06 Jan 05 2021,88,68,1,0,0
22:43:08 Jan 05 2021,87,64,0,0,0
22:43:10 Jan 05 2021,87,62,0,0,0
22:43:12 Jan 05 2021,87,62,0,0,0
22:43:14 Jan 05 2021,87,63,1,0,0
22:43:16 Jan 05 2021,88,65,0,0,0
22:43:18 Jan 05 2021,88,60,0,0,0
22:43:20 Jan 05 2021,89,59,0,0,0
22:43:22 Jan 05 2021,90,58,0,0,0
22:43:24 Jan 05 2021,90,61,0,0,0
22:43:26 Jan 05 2021,90,60,0,0,0
22:43:28 Jan 05 2021,91,61,0,0,0
22:43:30 Jan 05 2021,92,61,1,0,0
22:43:32 Jan 05 2021,93,64,0,0,0
22:43:34 Jan 05 2021,95,67,0,0,0
22:43:36 Jan 05 2021,95,71,0,0,0
22:43:38 Jan 05 2021,96,73,0,0,0
22:43:40 Jan 05 2021,96,72,1,0,0
22:43:42 Jan 05 2021,96,71,1,0,0
22:43:44 Jan 05 2021,96,71,0,0,0
22:43:46 Jan 05 2021,96,71,1,0,0
22:43:48 Jan 05 2021,96,72,0,0,0
22:43:50 Jan 05 2021,96,72,0,0,0
22:43:52 Jan 05 2021,96,75,0,0,0
22:43:54 Jan 05 2021,96,78,0,0,0
22:43:56 Jan 05 2021,96,77,1,0,0
22:43:58 Jan 05 2021,96,78,1,0,0
22:44:00 Jan 05 2021,96,77,1,0,0
22:44:02 Jan 05 2021,96,77,0,0,0
22:44:04 Jan 05 2021,96,77,0,0,0
22:44:06 Jan 05 2021,96,78,0,0,0
22:44:08 Jan 05 2021,94,79,0,0,0
22:44:10 Jan 05 2021,93,81,0,0,0
22:44:12 Jan 05 2021,91,81,1,0,0
22:44:14 Jan 05 2021,92,81,1,0,0
22:44:16 Jan 05 2021,91,79,0,0,0
22:44:18 Jan 05 2021,89,76,1,0,0
22:44:20 Jan 05 2021,90,76,0,0,0
22:44:22 Jan 05 2021,89,75,0,0,0
22:44:24 Jan 05 2021,90,77,0,0,0
22:44:26 Jan 05 2021,90,78,0,0,0
22:44:28 Jan 05 2021,90,78,0,0,0
22:44:30 Jan 05 2021,91,77,1,0,0
22:44:32 Jan 05 2021,92,76,0,0,0
22:44:34 Jan 05 2021,92,74,0,0,0
22:44:36 Jan 05 2021,92,74,0,0,0
22:44:38 Jan 05 2021,93,75,1,0,0
22:44:40 Jan 05 2021,93,75,0,0,0
22:44:42 Jan 05 2021,93,74,0,0,0
22:44:44 Jan 05 2021,93,73,1,0,0
22:44:46 Jan 05 2021,93,73,1,0,0
22:44:48 Jan 05 2021,93,73,0,0,0
22:44:50 Jan 05 2021,93,73,1,0,0
22:44:52 Jan 05 2021,93,73,0,0,0
22:44:54 Jan 05 2021,93,66,0,0,0
22:44:56 Jan 05 2021,93,64,0,0,0
22:44:58 Jan 05 2021,93,63,1,0,0
22:45:00 Jan 05 2021,93,64,0,0,0
22:45:02 Jan 05 2021,93,65,1,0,0
22:45:04 Jan 05 2021,93,65,0,0,0
22:45:06 Jan 05 2021,93,65,0,0,0
22:45:08 Jan 05 2021,93,66,1,0,0
22:45:10 Jan 05 2021,93,66,0,0,0
22:45:12 Jan 05 2021,92,62,0,0,0
22:45:14 Jan 05 2021,92,61,0,0,0
22:45:16 Jan 05 2021,91,55,0,0,0
22:45:18 Jan 05 2021,90,51,1,0,0
22:45:20 Jan 05 2021,89,51,0,0,0
22:45:22 Jan 05 2021,88,48,1,0,0
22:45:24 Jan 05 2021,88,47,0,0,0
22:45:26 Jan 05 2021,87,47,0,0,0
22:45:28 Jan 05 2021,87,47,0,0,0
22:45:30 Jan 05 2021,85,44,0,0,0
22:45:32 Jan 05 2021,85,43,0,0,0
22:45:34 Jan 05 2021,85,43,0,0,0
22:45:36 Jan 05 2021,85,42,0,0,0
22:45:38 Jan 05 2021,85,44,0,0,0
22:45:40 Jan 05 2021,86,47,1,0,0
22:45:42 Jan 05 2021,87,49,0,0,0
22:45:44 Jan 05 2021,88,50,1,0,0
22:45:46 Jan 05 2021,89,51,0,0,0
22:45:48 Jan 05 2021,89,50,0,0,0
22:45:50 Jan 05 2021,90,48,1,0,0
22:45:52 Jan 05 2021,91,52,0,0,0
22:45:54 Jan 05 2021,93,50,0,0,0
22:45:56 Jan 05 2021,94,51,0,0,0
22:45:58 Jan 05 2021,94,50,0,0,0
22:46:00 Jan 05 2021,94,51,1,0,0
22:46:02 Jan 05 2021,94,53,0,0,0
22:46:04 Jan 05 2021,94,53,0,0,0
22:46:06 Jan 05 2021,94,54,0,0,0
22:46:08 Jan 05 2021,94,58,1,0,0
22:46:10 Jan 05 2021,94,58,0,0,0
22:46:12 Jan 05 2021,94,57,0,0,0
22:46:14 Jan 05 2021,94,57,0,0,0
22:46:16 Jan 05 2021,94,57,0,0,0
22:46:18 Jan 05 2021,94,57,0,0,0
22:46:20 Jan 05 2021,94,58,0,0,0
22:46:22 Jan 05 2021,94,58,0,0,0
22:46:24 Jan 05 2021,94,58,0,0,0
22:46:26 Jan 05 2021,94,59,1,0,0
22:46:28 Jan 05 2021,94,61,1,0,0
22:46:30 Jan 05 2021,94,61,1,0,0
22:46:32 Jan 05 2021,93,65,0,0,0
22:46:34 Jan 05 2021,91,68,0,0,0
22:46:36 Jan 05 2021,91,67,1,0,0
22:46:38 Jan 05 2021,89,70,0,0,0
22:46:40 Jan 05 2021,89,69,0,0,0
22:46:42 Jan 05 2021,90,68,1,0,0
22:46:44 Jan 05 2021,90,71,1,0,0
22:46:46 Jan 05 2021,90,70,0,0,0
22:46:48 Jan 05 2021,90,71,0,0,0
22:46:50 Jan 05 2021,90,66,0,0,0
22:46:52 Jan 05 2021,90,60,1,0,0
22:46:54 Jan 05 2021,90,62,1,0,0
22:46:56 Jan 05 2021,90,61,0,0,0
22:46:58 Jan 05 2021,90,69,0,0,0
22:47:00 Jan 05 2021,91,68,0,0,0
22:47:02 Jan 05 2021,92,67,0,0,0
22:47:04 Jan 05 2021,94,66,0,0,0
22:47:06 Jan 05 2021,95,69,1,0,0
22:47:08 Jan 05 2021,95,71,0,0,0
22:47:10 Jan 05 2021,95,73,0,0,0
22:47:12 Jan 05 2021,95,74,0,0,0
22:47:14 Jan 05 2021,95,75,0,0,0
22:47:16 Jan 05 2021,95,78,0,0,0
22:47:18 Jan 05 2021,95,78,0,0,0
22:47:20 Jan 05 2021,95,78,0,0,0
22:47:22 Jan 05 2021,95,78,0,0,0
22:47:24 Jan 05 2021,94,78,1,0,0
22:47:26 Jan 05 2021,93,78,0,0,0
22:47:28 Jan 05 2021,92,78,0,0,0
22:47:30 Jan 05 2021,91,75,1,0,0
22:47:32 Jan 05 2021,92,75,1,0,0
22:47:34 Jan 05 2021,92,77,0,0,0
22:47:36 Jan 05 2021,92,77,0,0,0
22:47:38 Jan 05 2021,92,76,0,0,0
22:47:40 Jan 05 2021,92,76,0,0,0
22:47:42 Jan 05 2021,92,75,1,0,0
22:47:44 Jan 05 2021,89,79,0,0,0
22:47:46 Jan 05 2021,88,81,0,0,0
22:47:48 Jan 05 2021,87,83,0,0,0
22:47:50 Jan 05 2021,86,86,0,0,0
22:47:52 Jan 05 2021,89,81,0,0,0
22:47:54 Jan 05 2021,87,82,0,0,0
22:47:56 Jan 05 2021,87,79,0,0,0
22:47:58 Jan 05 2021,85,77,0,0,0
22:48:00 Jan 05 2021,81,75,0,0,0
22:48:02 Jan 05 2021,81,75,0,0,0
22:48:04 Jan 05 2021,79,75,0,0,0
22:48:06 Jan 05 2021,79,75,0,0,0
22:48:08 Jan 05 2021,81,73,0,0,0
22:48:10 Jan 05 2021,84,70,0,0,0
22:48:12 Jan 05 2021,88,69,0,0,0
22:48:14 Jan 05 2021,90,65,0,0,0
22:48:16 Jan 05 2021,92,70,0,0,0
22:48:18 Jan 05 2021,92,72,0,0,0
22:48:20 Jan 05 2021,93,73,0,0,0
22:48:22 Jan 05 2021,93,72,0,0,0
22:48:24 Jan 05 2021,93,67,0,0,0
22:48:26 Jan 05 2021,94,69,0,0,0
22:48:28 Jan 05 2021,95,69,0,0,0
22:48:30 Jan 05 2021,95,74,0,0,0
22:48:32 Jan 05 2021,96,74,0,0,0
22:48:34 Jan 05 2021,96,75,1,0,0
22:48:36 Jan 05 2021,96,74,0,0,0
22:48:38 Jan 05 2021,96,74,0,0,0
22:48:40 Jan 05 2021,96,74,0,0,0
22:48:42 Jan 05 2021,96,74,0,0,0
22:48:44 Jan 05 2021,96,74,0,0,0
22:48:46 Jan 05 2021,96,77,0,0,0
22:48:48 Jan 05 2021,96,78,0,0,0
22:48:50 Jan 05 2021,96,81,0,0,0
22:48:52 Jan 05 2021,96,82,0,0,0
22:48:54 Jan 05 2021,93,81,0,0,0
22:48:56 Jan 05 2021,91,81,0,0,0
22:48:58 Jan 05 2021,90,80,0,0,0
22:49:00 Jan 05 2021,90,81,0,0,0
22:49:02 Jan 05 2021,89,81,1,0,0
22:49:04 Jan 05 2021,85,80,0,0,0
22:49:06 Jan 05 2021,83,79,1,0,0
22:49:08 Jan 05 2021,81,79,0,0,0
22:49:10 Jan 05 2021,81,79,0,0,0
22:49:12 Jan 05 2021,82,78,0,0,0
22:49:14 Jan 05 2021,82,78,0,0,0
22:49:16 Jan 05 2021,82,77,0,0,0
22:49:18 Jan 05 2021,82,77,0,0,0
22:49:20 Jan 05 2021,83,77,0,0,0
22:49:22 Jan 05 2021,85,74,0,0,0
22:49:24 Jan 05 2021,87,71,0,0,0
22:49:26 Jan 05 2021,91,69,0,0,0
22:49:28 Jan 05 2021,93,68,0,0,0
22:49:30 Jan 05 2021,93,70,0,0,0
22:49:32 Jan 05 2021,93,69,0,0,0
22:49:34 Jan 05 2021,94,69,0,0,0
22:49:36 Jan 05 2021,94,68,0,0,0
22:49:38 Jan 05 2021,94,67,0,0,0
22:49:40 Jan 05 2021,94,68,0,0,0
22:49:42 Jan 05 2021,94,68,0,0,0
22:49:44 Jan 05 2021,94,68,0,0,0
22:49:46 Jan 05 2021,94,70,1,0,0
22:49:48 Jan 05 2021,93,73,0,0,0
22:49:50 Jan 05 2021,92,74,0,0,0
22:49:52 Jan 05 2021,91,77,0,0,0
22:49:54 Jan 05 2021,91,81,0,0,0
22:49:56 Jan 05 2021,91,80,0,0,0
22:49:58 Jan 05 2021,90,82,0,0,0
22:50:00 Jan 05 2021,90,83,0,0,0
22:50:02 Jan 05 2021,90,79,0,0,0
22:50:04 Jan 05 2021,90,72,0,0,0
22:50:06 Jan 05 2021,90,69,0,0,0
22:50:08 Jan 05 2021,90,73,0,0,0
22:50:10 Jan 05 2021,89,78,0,0,0
22:50:12 Jan 05 2021,88,81,0,0,0
22:50:14 Jan 05 2021,87,79,0,0,0
22:50:16 Jan 05 2021,88,77,0,0,0
22:50:18 Jan 05 2021,87,76,0,0,0
22:50:20 Jan 05 2021,87,75,0,0,0
22:50:22 Jan 05 2021,88,78,0,0,0
22:50:24 Jan 05 2021,87,78,0,0,0
22:50:26 Jan 05 2021,88,76,0,0,0
22:50:28 Jan 05 2021,89,75,0,0,0
22:50:30 Jan 05 2021,90,73,0,0,0
22:50:32 Jan 05 2021,90,73,0,0,0
22:50:34 Jan 05 2021,91,73,1,0,0
22:50:36 Jan 05 2021,93,73,0,0,0
22:50:38 Jan 05 2021,94,73,0,0,0
22:50:40 Jan 05 2021,95,75,0,0,0
22:50:42 Jan 05 2021,95,80,0,0,0
22:50:44 Jan 05 2021,95,78,0,0,0
22:50:46 Jan 05 2021,95,79,0,0,0
22:50:48 Jan 05 2021,95,79,0,0,0
22:50:50 Jan 05 2021,95,76,0,0,0
22:50:52 Jan 05 2021,95,77,0,0,0
22:50:54 Jan 05 2021,94,81,1,0,0
22:50:56 Jan 05 2021,94,81,1,0,0
22:50:58 Jan 05 2021,94,83,0,0,0
22:51:00 Jan 05 2021,93,83,1,0,0
22:51:02 Jan 05 2021,92,83,1,0,0
22:51:04 Jan 05 2021,92,84,1,0,0
22:51:06 Jan 05 2021,92,84,0,0,0
22:51:08 Jan 05 2021,93,84,0,0,0
22:51:10 Jan 05 2021,92,84,1,0,0
22:51:12 Jan 05 2021,89,83,1,0,0
22:51:14 Jan 05 2021,88,83,1,0,0
22:51:16 Jan 05 2021,86,84,0,0,0
22:51:18 Jan 05 2021,86,83,0,0,0
22:51:20 Jan 05 2021,87,84,0,0,0
22:51:22 Jan 05 2021,86,86,0,0,0
22:51:24 Jan 05 2021,85,86,0,0,0
22:51:26 Jan 05 2021,84,88,0,0,0
22:51:28 Jan 05 2021,83,90,0,0,0
22:51:30 Jan 05 2021,84,88,0,0,0
22:51:32 Jan 05 2021,84,85,1,0,0
22:51:34 Jan 05 2021,86,81,1,0,0
22:51:36 Jan 05 2021,87,76,0,0,0
22:51:38 Jan 05 2021,88,76,0,0,0
22:51:40 Jan 05 2021,88,76,0,0,0
22:51:42 Jan 05 2021,88,75,0,0,0
22:51:44 Jan 05 2021,88,76,1,0,0
22:51:46 Jan 05 2021,90,77,0,0,0
22:51:48 Jan 05 2021,91,77,0,0,0
22:51:50 Jan 05 2021,94,78,0,0,0
22:51:52 Jan 05 2021,95,78,0,0,0
22:51:54 Jan 05 2021,95,77,0,0,0
22:51:56 Jan 05 2021,95,75,0,0,0
22:51:58 Jan 05 2021,94,71,1,0,0
22:52:00 Jan 05 2021,94,75,0,0,0
22:52:02 Jan 05 2021,94,75,0,0,0
22:52:04 Jan 05 2021,93,74,0,0,0
22:52:06 Jan 05 2021,93,75,0,0,0
22:52:08 Jan 05 2021,93,73,1,0,0
22:52:10 Jan 05 2021,92,67,1,0,0
22:52:12 Jan 05 2021,91,75,0,0,0
22:52:14 Jan 05 2021,92,78,0,0,0
22:52:16 Jan 05 2021,92,80,3,0,0
22:52:18 Jan 05 2021,92,85,1,0,0
22:52:20 Jan 05 2021,93,83,0,0,0
22:52:22 Jan 05 2021,93,85,0,0,0
22:52:24 Jan 05 2021,93,83,0,0,0
22:52:26 Jan 05 2021,92,78,0,0,0
22:52:28 Jan 05 2021,91,77,0,0,0
22:52:30 Jan 05 2021,90,73,0,0,0
22:52:32 Jan 05 2021,88,74,0,0,0
22:52:34 Jan 05 2021,87,71,0,0,0
22:52:36 Jan 05 2021,85,74,1,0,0
22:52:38 Jan 05 2021,84,76,0,0,0
22:52:40 Jan 05 2021,83,84,0,0,0
22:52:42 Jan 05 2021,83,86,1,0,0
22:52:44 Jan 05 2021,83,84,1,0,0
22:52:46 Jan 05 2021,83,85,0,0,0
22:52:48 Jan 05 2021,83,86,1,0,0
22:52:50 Jan 05 2021,84,86,0,0,0
22:52:52 Jan 05 2021,86,84,0,0,0
22:52:54 Jan 05 2021,88,83,0,0,0
22:52:56 Jan 05 2021,90,79,0,0,0
22:52:58 Jan 05 2021,91,76,0,0,0
22:53:00 Jan 05 2021,92,76,0,0,0
22:53:02 Jan 05 2021,94,74,1,0,0
22:53:04 Jan 05 2021,95,73,0,0,0
22:53:06 Jan 05 2021,95,74,1,0,0
22:53:08 Jan 05 2021,95,76,0,0,0
22:53:10 Jan 05 2021,95,76,1,0,0
22:53:12 Jan 05 2021,95,77,0,0,0
22:53:14 Jan 05 2021,95,76,1,0,0
22:53:16 Jan 05 2021,95,73,0,0,0
22:53:18 Jan 05 2021,94,73,0,0,0
22:53:20 Jan 05 2021,94,75,0,0,0
22:53:22 Jan 05 2021,94,74,0,0,0
22:53:24 Jan 05 2021,94,77,0,0,0
22:53:26 Jan 05 2021,94,71,0,0,0
22:53:28 Jan 05 2021,94,67,0,0,0
22:53:30 Jan 05 2021,94,66,0,0,0
22:53:32 Jan 05 2021,94,70,1,0,0
22:53:34 Jan 05 2021,94,70,1,0,0
22:53:36 Jan 05 2021,93,70,0,0,0
22:53:38 Jan 05 2021,91,71,0,0,0
22:53:40 Jan 05 2021,90,75,0,0,0
22:53:42 Jan 05 2021,89,77,0,0,0
22:53:44 Jan 05 2021,89,77,1,0,0
22:53:46 Jan 05 2021,89,77,0,0,0
22:53:48 Jan 05 2021,88,76,0,0,0
22:53:50 Jan 05 2021,88,71,1,0,0
22:53:52 Jan 05 2021,88,67,1,0,0
22:53:54 Jan 05 2021,88,68,0,0,0
22:53:56 Jan 05 2021,88,67,1,0,0
22:53:58 Jan 05 2021,88,71,0,0,0
22:54:00 Jan 05 2021,88,74,0,0,0
22:54:02 Jan 05 2021,87,76,0,0,0
22:54:04 Jan 05 2021,87,78,1,0,0
22:54:06 Jan 05 2021,87,78,0,0,0
22:54:08 Jan 05 2021,87,77,0,0,0
22:54:10 Jan 05 2021,87,78,0,0,0
22:54:12 Jan 05 2021,87,78,0,0,0
22:54:14 Jan 05 2021,87,77,0,0,0
22:54:16 Jan 05 2021,87,77,0,0,0
22:54:18 Jan 05 2021,87,78,0,0,0
22:54:20 Jan 05 2021,88,80,0,0,0
22:54:22 Jan 05 2021,89,81,1,0,0
22:54:24 Jan 05 2021,90,81,0,0,0
22:54:26 Jan 05 2021,91,81,0,0,0
22:54:28 Jan 05 2021,91,80,0,0,0
22:54:30 Jan 05 2021,91,81,0,0,0
22:54:32 Jan 05 2021,91,81,0,0,0
22:54:34 Jan 05 2021,91,81,0,0,0
22:54:36 Jan 05 2021,91,83,0,0,0
22:54:38 Jan 05 2021,91,83,0,0,0
22:54:40 Jan 05 2021,91,82,0,0,0
22:54:42 Jan 05 2021,91,83,1,0,0
22:54:44 Jan 05 2021,91,83,0,0,0
22:54:46 Jan 05 2021,91,83,0,0,0
22:54:48 Jan 05 2021,91,80,1,0,0
22:54:50 Jan 05 2021,91,79,0,0,0
22:54:52 Jan 05 2021,91,76,1,0,0
22:54:54 Jan 05 2021,90,77,0,0,0
22:54:56 Jan 05 2021,89,77,0,0,0
22:54:58 Jan 05 2021,87,79,1,0,0
22:55:00 Jan 05 2021,87,79,1,0,0
22:55:02 Jan 05 2021,87,81,1,0,0
22:55:04 Jan 05 2021,88,83,0,0,0
22:55:06 Jan 05 2021,88,78,0,0,0
22:55:08 Jan 05 2021,88,78,0,0,0
22:55:10 Jan 05 2021,88,77,0,0,0
22:55:12 Jan 05 2021,89,76,0,0,0
22:55:14 Jan 05 2021,89,76,0,0,0
22:55:16 Jan 05 2021,90,76,0,0,0
22:55:18 Jan 05 2021,90,76,1,0,0
22:55:20 Jan 05 2021,90,76,0,0,0
22:55:22 Jan 05 2021,90,76,0,0,0
22:55:24 Jan 05 2021,90,77,0,0,0
22:55:26 Jan 05 2021,90,76,0,0,0
22:55:28 Jan 05 2021,90,75,0,0,0
22:55:30 Jan 05 2021,90,74,1,0,0
22:55:32 Jan 05 2021,90,73,0,0,0
22:55:34 Jan 05 2021,90,74,1,0,0
22:55:36 Jan 05 2021,89,76,1,0,0
22:55:38 Jan 05 2021,89,76,0,0,0
22:55:40 Jan 05 2021,89,77,1,0,0
22:55:42 Jan 05 2021,89,77,0,0,0
22:55:44 Jan 05 2021,89,74,1,0,0
22:55:46 Jan 05 2021,88,76,0,0,0
22:55:48 Jan 05 2021,88,77,0,0,0
22:55:50 Jan 05 2021,87,79,0,0,0
22:55:52 Jan 05 2021,86,80,0,0,0
22:55:54 Jan 05 2021,86,80,0,0,0
22:55:56 Jan 05 2021,85,79,1,0,0
22:55:58 Jan 05 2021,85,80,0,0,0
22:56:00 Jan 05 2021,86,79,0,0,0
22:56:02 Jan 05 2021,86,78,0,0,0
22:56:04 Jan 05 2021,87,78,0,0,0
22:56:06 Jan 05 2021,88,78,0,0,0
22:56:08 Jan 05 2021,89,78,0,0,0
22:56:10 Jan 05 2021,91,80,0,0,0
22:56:12 Jan 05 2021,92,79,0,0,0
22:56:14 Jan 05 2021,92,80,0,0,0
22:56:16 Jan 05 2021,93,80,0,0,0
22:56:18 Jan 05 2021,93,80,0,0,0
22:56:20 Jan 05 2021,93,80,0,0,0
22:56:22 Jan 05 2021,94,79,1,0,0
22:56:24 Jan 05 2021,94,79,0,0,0
22:56:26 Jan 05 2021,95,78,0,0,0
22:56:28 Jan 05 2021,95,79,0,0,0
22:56:30 Jan 05 2021,95,74,0,0,0
22:56:32 Jan 05 2021,94,71,0,0,0
22:56:34 Jan 05 2021,94,74,0,0,0
22:56:36 Jan 05 2021,93,73,0,0,0
22:56:38 Jan 05 2021,93,73,1,0,0
22:56:40 Jan 05 2021,93,73,1,0,0
22:56:42 Jan 05 2021,92,75,0,0,0
22:56:44 Jan 05 2021,92,77,0,0,0
22:56:46 Jan 05 2021,91,81,1,0,0
22:56:48 Jan 05 2021,90,83,0,0,0
22:56:50 Jan 05 2021,90,84,0,0,0
22:56:52 Jan 05 2021,90,84,0,0,0
22:56:54 Jan 05 2021,90,83,0,0,0
22:56:56 Jan 05 2021,90,83,1,0,0
22:56:58 Jan 05 2021,90,81,0,0,0
22:57:00 Jan 05 2021,90,80,0,0,0
22:57:02 Jan 05 2021,90,78,0,0,0
22:57:04 Jan 05 2021,90,77,0,0,0
22:57:06 Jan 05 2021,89,75,0,0,0
22:57:08 Jan 05 2021,88,74,1,0,0
22:57:10 Jan 05 2021,88,74,0,0,0
22:57:12 Jan 05 2021,88,72,0,0,0
22:57:14 Jan 05 2021,88,73,0,0,0
22:57:16 Jan 05 2021,89,75,1,0,0
22:57:18 Jan 05 2021,91,78,0,0,0
22:57:20 Jan 05 2021,92,79,0,0,0
22:57:22 Jan 05 2021,93,78,0,0,0
22:57:24 Jan 05 2021,93,75,1,0,0
22:57:26 Jan 05 2021,93,73,1,0,0
22:57:28 Jan 05 2021,94,72,0,0,0
22:57:30 Jan 05 2021,94,71,0,0,0
22:57:32 Jan 05 2021,94,72,0,0,0
22:57:34 Jan 05 2021,94,71,1,0,0
22:57:36 Jan 05 2021,94,72,0,0,0
22:57:38 Jan 05 2021,94,76,0,0,0
22:57:40 Jan 05 2021,94,79,0,0,0
22:57:42 Jan 05 2021,94,81,0,0,0
22:57:44 Jan 05 2021,93,81,0,0,0
22:57:46 Jan 05 2021,92,80,0,0,0
22:57:48 Jan 05 2021,91,80,0,0,0
22:57:50 Jan 05 2021,90,79,0,0,0
22:57:52 Jan 05 2021,90,79,0,0,0
22:57:54 Jan 05 2021,90,80,0,0,0
22:57:56 Jan 05 2021,89,80,0,0,0
22:57:58 Jan 05 2021,89,79,1,0,0
22:58:00 Jan 05 2021,88,79,0,0,0
22:58:02 Jan 05 2021,88,78,0,0,0
22:58:04 Jan 05 2021,87,78,0,0,0
22:58:06 Jan 05 2021,87,78,1,0,0
22:58:08 Jan 05 2021,87,79,0,0,0
22:58:10 Jan 05 2021,87,76,1,0,0
22:58:12 Jan 05 2021,87,78,0,0,0
22:58:14 Jan 05 2021,86,79,1,0,0
22:58:16 Jan 05 2021,86,78,0,0,0
22:58:18 Jan 05 2021,86,80,0,0,0
22:58:20 Jan 05 2021,86,80,1,0,0
22:58:22 Jan 05 2021,86,80,0,0,0
22:58:24 Jan 05 2021,87,80,0,0,0
22:58:26 Jan 05 2021,89,80,1,0,0
22:58:28 Jan 05 2021,90,80,0,0,0
22:58:30 Jan 05 2021,92,79,0,0,0
22:58:32 Jan 05 2021,93,79,1,0,0
22:58:34 Jan 05 2021,93,79,0,0,0
22:58:36 Jan 05 2021,93,79,1,0,0
22:58:38 Jan 05 2021,94,79,1,0,0
22:58:40 Jan 05 2021,94,80,0,0,0
22:58:42 Jan 05 2021,94,81,0,0,0
22:58:44 Jan 05 2021,94,82,1,0,0
22:58:46 Jan 05 2021,94,84,1,0,0
22:58:48 Jan 05 2021,93,84,0,0,0
22:58:50 Jan 05 2021,93,83,0,0,0
22:58:52 Jan 05 2021,93,84,0,0,0
22:58:54 Jan 05 2021,93,81,0,0,0
22:58:56 Jan 05 2021,92,80,0,0,0
22:58:58 Jan 05 2021,91,79,1,0,0
22:59:00 Jan 05 2021,91,71,1,0,0
22:59:02 Jan 05 2021,91,74,1,0,0
22:59:04 Jan 05 2021,91,70,0,0,0
22:59:06 Jan 05 2021,91,70,0,0,0
22:59:08 Jan 05 2021,92,73,1,0,0
22:59:10 Jan 05 2021,92,74,0,0,0
22:59:12 Jan 05 2021,92,77,0,0,0
22:59:14 Jan 05 2021,92,77,1,0,0
22:59:16 Jan 05 2021,92,77,0,0,0
22:59:18 Jan 05 2021,90,72,1,0,0
22:59:20 Jan 05 2021,88,59,1,0,0
22:59:22 Jan 05 2021,86,50,0,0,0
22:59:24 Jan 05 2021,85,40,0,0,0
22:59:26 Jan 05 2021,85,40,1,0,0
22:59:28 Jan 05 2021,85,40,1,0,0
22:59:30 Jan 05 2021,85,40,0,0,0
22:59:32 Jan 05 2021,85,40,0,0,0
22:59:34 Jan 05 2021,85,40,0,0,0
22:59:36 Jan 05 2021,86,44,0,0,0
22:59:38 Jan 05 2021,86,45,0,0,0
22:59:40 Jan 05 2021,86,47,0,0,0
22:59:42 Jan 05 2021,87,45,1,0,0
22:59:44 Jan 05 2021,88,42,0,0,0
22:59:46 Jan 05 2021,89,41,1,0,0
22:59:48 Jan 05 2021,92,40,0,0,0
22:59:50 Jan 05 2021,93,39,0,0,0
22:59:52 Jan 05 2021,94,40,0,0,0
22:59:54 Jan 05 2021,95,40,1,0,0
22:59:56 Jan 05 2021,95,39,0,0,0
22:59:58 Jan 05 2021,95,40,1,0,0
23:00:00 Jan 05 2021,95,40,0,0,0
23:00:02 Jan 05 2021,94,39,0,0,0
23:00:04 Jan 05 2021,95,39,1,0,0
23:00:06 Jan 05 2021,95,39,0,0,0
23:00:08 Jan 05 2021,94,39,0,0,0
23:00:10 Jan 05 2021,93,50,1,0,0
23:00:12 Jan 05 2021,93,54,0,0,0
23:00:14 Jan 05 2021,93,60,0,0,0
23:00:16 Jan 05 2021,93,58,0,0,0
23:00:18 Jan 05 2021,94,52,1,0,0
23:00:20 Jan 05 2021,93,50,1,0,0
23:00:22 Jan 05 2021,93,48,0,0,0
23:00:24 Jan 05 2021,94,49,2,0,0
23:00:26 Jan 05 2021,94,49,0,0,0
23:00:28 Jan 05 2021,95,49,1,0,0
23:00:30 Jan 05 2021,95,49,0,0,0
23:00:32 Jan 05 2021,95,49,0,0,0
23:00:34 Jan 05 2021,95,49,0,0,0
23:00:36 Jan 05 2021,95,49,1,0,0
23:00:38 Jan 05 2021,95,49,0,0,0
23:00:40 Jan 05 2021,95,49,0,0,0
23:00:42 Jan 05 2021,95,48,1,0,0
23:00:44 Jan 05 2021,90,45,1,0,0
23:00:46 Jan 05 2021,86,40,0,0,0
23:00:48 Jan 05 2021,81,37,0,0,0
23:00:50 Jan 05 2021,81,37,0,0,0
23:00:52 Jan 05 2021,81,38,1,0,0
23:00:54 Jan 05 2021,81,39,0,0,0
23:00:56 Jan 05 2021,81,39,1,0,0
23:00:58 Jan 05 2021,81,39,0,0,0
23:01:00 Jan 05 2021,81,39,1,0,0
23:01:02 Jan 05 2021,81,38,0,0,0
23:01:04 Jan 05 2021,81,38,0,0,0
23:01:06 Jan 05 2021,81,37,0,0,0
23:01:08 Jan 05 2021,81,37,0,0,0
23:01:10 Jan 05 2021,81,37,0,0,0
23:01:12 Jan 05 2021,81,37,0,0,0
23:01:14 Jan 05 2021,85,38,0,0,0
23:01:16 Jan 05 2021,88,38,0,0,0
23:01:18 Jan 05 2021,92,38,1,0,0
23:01:20 Jan 05 2021,92,38,1,0,0
23:01:22 Jan 05 2021,92,38,0,0,0
23:01:24 Jan 05 2021,92,38,0,0,0
23:01:26 Jan 05 2021,92,38,1,0,0
23:01:28 Jan 05 2021,92,38,1,0,0
23:01:30 Jan 05 2021,92,38,1,0,0
23:01:32 Jan 05 2021,93,40,0,0,0
23:01:34 Jan 05 2021,92,43,0,0,0
23:01:36 Jan 05 2021,93,45,1,0,0
23:01:38 Jan 05 2021,93,48,0,0,0
23:01:40 Jan 05 2021,93,46,0,0,0
23:01:42 Jan 05 2021,92,44,1,0,0
23:01:44 Jan 05 2021,91,42,0,0,0
23:01:46 Jan 05 2021,91,41,1,0,0
23:01:48 Jan 05 2021,92,41,0,0,0
23:01:50 Jan 05 2021,92,46,1,0,0
23:01:52 Jan 05 2021,93,50,0,0,0
23:01:54 Jan 05 2021,92,51,0,0,0
23:01:56 Jan 05 2021,90,50,1,0,0
23:01:58 Jan 05 2021,92,51,1,0,0
23:02:00 Jan 05 2021,92,52,1,0,0
23:02:02 Jan 05 2021,92,54,0,0,0
23:02:04 Jan 05 2021,91,54,0,0,0
23:02:06 Jan 05 2021,91,58,1,0,0
23:02:08 Jan 05 2021,91,58,1,0,0
23:02:10 Jan 05 2021,90,59,0,0,0
23:02:12 Jan 05 2021,92,63,0,0,0
23:02:14 Jan 05 2021,92,61,1,0,0
23:02:16 Jan 05 2021,92,62,0,0,0
23:02:18 Jan 05 2021,92,64,0,0,0
23:02:20 Jan 05 2021,88,68,0,0,0
23:02:22 Jan 05 2021,87,74,1,0,0
23:02:24 Jan 05 2021,83,78,0,0,0
23:02:26 Jan 05 2021,83,80,0,0,0
23:02:28 Jan 05 2021,84,81,0,0,0
23:02:30 Jan 05 2021,82,83,0,0,0
23:02:32 Jan 05 2021,83,84,0,0,0
23:02:34 Jan 05 2021,82,84,1,0,0
23:02:36 Jan 05 2021,81,82,0,0,0
23:02:38 Jan 05 2021,79,82,0,0,0
23:02:40 Jan 05 2021,79,83,0,0,0
23:02:42 Jan 05 2021,79,83,0,0,0
23:02:44 Jan 05 2021,81,85,0,0,0
23:02:46 Jan 05 2021,84,83,0,0,0
23:02:48 Jan 05 2021,87,80,0,0,0
23:02:50 Jan 05 2021,89,79,0,0,0
23:02:52 Jan 05 2021,89,78,1,0,0
23:02:54 Jan 05 2021,90,78,0,0,0
23:02:56 Jan 05 2021,90,77,0,0,0
23:02:58 Jan 05 2021,90,77,0,0,0
23:03:00 Jan 05 2021,91,77,0,0,0
23:03:02 Jan 05 2021,92,78,0,0,0
23:03:04 Jan 05 2021,94,80,0,0,0
23:03:06 Jan 05 2021,95,81,0,0,0
23:03:08 Jan 05 2021,95,80,1,0,0
23:03:10 Jan 05 2021,95,79,1,0,0
23:03:12 Jan 05 2021,94,77,0,0,0
23:03:14 Jan 05 2021,94,77,1,0,0
23:03:16 Jan 05 2021,95,77,1,0,0
23:03:18 Jan 05 2021,95,78,0,0,0
23:03:20 Jan 05 2021,94,79,0,0,0
23:03:22 Jan 05 2021,94,79,0,0,0
23:03:24 Jan 05 2021,94,80,0,0,0
23:03:26 Jan 05 2021,93,80,0,0,0
23:03:28 Jan 05 2021,94,80,0,0,0
23:03:30 Jan 05 2021,94,79,1,0,0
23:03:32 Jan 05 2021,94,79,1,0,0
23:03:34 Jan 05 2021,94,79,0,0,0
23:03:36 Jan 05 2021,94,76,0,0,0
23:03:38 Jan 05 2021,94,77,0,0,0
23:03:40 Jan 05 2021,94,76,0,0,0
23:03:42 Jan 05 2021,94,75,0,0,0
23:03:44 Jan 05 2021,94,76,0,0,0
23:03:46 Jan 05 2021,94,76,0,0,0
23:03:48 Jan 05 2021,93,77,0,0,0
23:03:50 Jan 05 2021,92,75,1,0,0
23:03:52 Jan 05 2021,92,75,0,0,0
23:03:54 Jan 05 2021,91,75,0,0,0
23:03:56 Jan 05 2021,92,76,0,0,0
23:03:58 Jan 05 2021,92,77,0,0,0
23:04:00 Jan 05 2021,92,78,0,0,0
23:04:02 Jan 05 2021,92,78,0,0,0
23:04:04 Jan 05 2021,92,79,0,0,0
23:04:06 Jan 05 2021,92,78,0,0,0
23:04:08 Jan 05 2021,92,78,1,0,0
23:04:10 Jan 05 2021,92,78,0,0,0
23:04:12 Jan 05 2021,92,78,0,0,0
23:04:14 Jan 05 2021,92,78,0,0,0
23:04:16 Jan 05 2021,92,78,0,0,0
23:04:18 Jan 05 2021,93,78,0,0,0
23:04:20 Jan 05 2021,93,77,0,0,0
23:04:22 Jan 05 2021,93,77,0,0,0
23:04:24 Jan 05 2021,93,77,0,0,0
23:04:26 Jan 05 2021,93,77,1,0,0
23:04:28 Jan 05 2021,93,77,1,0,0
23:04:30 Jan 05 2021,93,78,0,0,0
23:04:32 Jan 05 2021,93,79,0,0,0
23:04:34 Jan 05 2021,92,79,0,0,0
23:04:36 Jan 05 2021,92,80,0,0,0
23:04:38 Jan 05 2021,91,81,0,0,0
23:04:40 Jan 05 2021,91,75,0,0,0
23:04:42 Jan 05 2021,91,75,0,0,0
23:04:44 Jan 05 2021,91,74,1,0,0
23:04:46 Jan 05 2021,91,70,0,0,0
23:04:48 Jan 05 2021,91,68,0,0,0
23:04:50 Jan 05 2021,90,67,0,0,0
23:04:52 Jan 05 2021,89,68,0,0,0
23:04:54 Jan 05 2021,89,70,0,0,0
23:04:56 Jan 05 2021,89,75,0,0,0
23:04:58 Jan 05 2021,89,76,1,0,0
23:05:00 Jan 05 2021,89,77,0,0,0
23:05:02 Jan 05 2021,89,77,0,0,0
23:05:04 Jan 05 2021,89,77,0,0,0
23:05:06 Jan 05 2021,89,79,0,0,0
23:05:08 Jan 05 2021,90,78,0,0,0
23:05:10 Jan 05 2021,90,78,0,0,0
23:05:12 Jan 05 2021,90,79,1,0,0
23:05:14 Jan 05 2021,91,79,0,0,0
23:05:16 Jan 05 2021,91,78,1,0,0
23:05:18 Jan 05 2021,92,79,0,0,0
23:05:20 Jan 05 2021,93,80,0,0,0
23:05:22 Jan 05 2021,93,80,0,0,0
23:05:24 Jan 05 2021,94,80,1,0,0
23:05:26 Jan 05 2021,94,78,0,0,0
23:05:28 Jan 05 2021,95,79,0,0,0
23:05:30 Jan 05 2021,94,75,0,0,0
23:05:32 Jan 05 2021,94,74,0,0,0
23:05:34 Jan 05 2021,94,74,0,0,0
23:05:36 Jan 05 2021,93,71,0,0,0
23:05:38 Jan 05 2021,93,71,0,0,0
23:05:40 Jan 05 2021,93,70,0,0,0
23:05:42 Jan 05 2021,93,69,0,0,0
23:05:44 Jan 05 2021,93,68,0,0,0
23:05:46 Jan 05 2021,93,69,1,0,0
23:05:48 Jan 05 2021,93,71,0,0,0
23:05:50 Jan 05 2021,92,77,0,0,0
23:05:52 Jan 05 2021,91,80,2,0,0
23:05:54 Jan 05 2021,90,83,0,0,0
23:05:56 Jan 05 2021,90,81,0,0,0
23:05:58 Jan 05 2021,90,81,0,0,0
23:06:00 Jan 05 2021,88,81,0,0,0
23:06:02 Jan 05 2021,89,80,0,0,0
23:06:04 Jan 05 2021,88,77,0,0,0
23:06:06 Jan 05 2021,86,79,0,0,0
23:06:08 Jan 05 2021,87,79,0,0,0
23:06:10 Jan 05 2021,86,79,0,0,0
23:06:12 Jan 05 2021,85,81,0,0,0
23:06:14 Jan 05 2021,84,78,0,0,0
23:06:16 Jan 05 2021,83,77,0,0,0
23:06:18 Jan 05 2021,82,77,0,0,0
23:06:20 Jan 05 2021,82,76,0,0,0
23:06:22 Jan 05 2021,82,76,0,0,0
23:06:24 Jan 05 2021,82,76,0,0,0
23:06:26 Jan 05 2021,82,73,0,0,0
23:06:28 Jan 05 2021,80,76,1,0,0
23:06:30 Jan 05 2021,79,76,0,0,0
23:06:32 Jan 05 2021,79,76,0,0,0
23:06:34 Jan 05 2021,80,77,0,0,0
23:06:36 Jan 05 2021,82,77,0,0,0
23:06:38 Jan 05 2021,83,77,0,0,0
23:06:40 Jan 05 2021,84,77,0,0,0
23:06:42 Jan 05 2021,87,77,0,0,0
23:06:44 Jan 05 2021,90,76,0,0,0
23:06:46 Jan 05 2021,91,76,0,0,0
23:06:48 Jan 05 2021,93,76,1,0,0
23:06:50 Jan 05 2021,93,76,0,0,0
23:06:52 Jan 05 2021,95,77,0,0,0
23:06:54 Jan 05 2021,95,72,1,0,0
23:06:56 Jan 05 2021,94,70,0,0,0
23:06:58 Jan 05 2021,94,64,0,0,0
23:07:00 Jan 05 2021,94,64,0,0,0
23:07:02 Jan 05 2021,94,70,0,0,0
23:07:04 Jan 05 2021,93,65,0,0,0
23:07:06 Jan 05 2021,93,65,0,0,0
23:07:08 Jan 05 2021,93,72,0,0,0
23:07:10 Jan 05 2021,92,71,0,0,0
23:07:12 Jan 05 2021,92,77,1,0,0
23:07:14 Jan 05 2021,92,81,0,0,0
23:07:16 Jan 05 2021,91,81,0,0,0
23:07:18 Jan 05 2021,90,80,0,0,0
23:07:20 Jan 05 2021,89,80,0,0,0
23:07:22 Jan 05 2021,89,80,0,0,0
23:07:24 Jan 05 2021,89,79,0,0,0
23:07:26 Jan 05 2021,89,80,0,0,0
23:07:28 Jan 05 2021,89,80,0,0,0
23:07:30 Jan 05 2021,89,80,0,0,0
23:07:32 Jan 05 2021,88,78,1,0,0
23:07:34 Jan 05 2021,86,78,0,0,0
23:07:36 Jan 05 2021,83,76,0,0,0
23:07:38 Jan 05 2021,82,74,0,0,0
23:07:40 Jan 05 2021,83,74,0,0,0
23:07:42 Jan 05 2021,86,72,0,0,0
23:07:44 Jan 05 2021,88,71,0,0,0
23:07:46 Jan 05 2021,88,75,0,0,0
23:07:48 Jan 05 2021,88,76,0,0,0
23:07:50 Jan 05 2021,87,80,0,0,0
23:07:52 Jan 05 2021,85,84,0,0,0
23:07:54 Jan 05 2021,83,82,0,0,0
23:07:56 Jan 05 2021,83,84,0,0,0
23:07:58 Jan 05 2021,81,85,0,0,0
23:08:00 Jan 05 2021,79,86,0,0,0
23:08:02 Jan 05 2021,75,86,0,0,0
23:08:04 Jan 05 2021,73,87,1,0,0
23:08:06 Jan 05 2021,73,87,0,0,0
23:08:08 Jan 05 2021,73,84,0,0,0
23:08:10 Jan 05 2021,75,81,0,0,0
23:08:12 Jan 05 2021,76,78,0,0,0
23:08:14 Jan 05 2021,81,78,0,0,0
23:08:16 Jan 05 2021,86,81,0,0,0
23:08:18 Jan 05 2021,91,83,0,0,0
23:08:20 Jan 05 2021,92,85,0,0,0
23:08:22 Jan 05 2021,92,85,0,0,0
23:08:24 Jan 05 2021,92,84,0,0,0
23:08:26 Jan 05 2021,93,84,0,0,0
23:08:28 Jan 05 2021,93,85,0,0,0
23:08:30 Jan 05 2021,94,82,0,0,0
23:08:32 Jan 05 2021,93,82,0,0,0
23:08:34 Jan 05 2021,93,80,0,0,0
23:08:36 Jan 05 2021,93,79,0,0,0
23:08:38 Jan 05 2021,93,79,0,0,0
23:08:40 Jan 05 2021,93,77,0,0,0
23:08:42 Jan 05 2021,92,78,0,0,0
23:08:44 Jan 05 2021,92,78,0,0,0
23:08:46 Jan 05 2021,91,78,0,0,0
23:08:48 Jan 05 2021,91,77,0,0,0
23:08:50 Jan 05 2021,91,77,0,0,0
23:08:52 Jan 05 2021,92,76,0,0,0
23:08:54 Jan 05 2021,93,76,0,0,0
23:08:56 Jan 05 2021,93,76,0,0,0
23:08:58 Jan 05 2021,93,75,0,0,0
23:09:00 Jan 05 2021,93,76,1,0,0
23:09:02 Jan 05 2021,92,72,1,0,0
23:09:04 Jan 05 2021,92,71,0,0,0
23:09:06 Jan 05 2021,92,72,0,0,0
23:09:08 Jan 05 2021,91,72,0,0,0
23:09:10 Jan 05 2021,92,73,0,0,0
23:09:12 Jan 05 2021,91,74,0,0,0
23:09:14 Jan 05 2021,90,72,0,0,0
23:09:16 Jan 05 2021,91,72,0,0,0
23:09:18 Jan 05 2021,91,72,0,0,0
23:09:20 Jan 05 2021,90,72,0,0,0
23:09:22 Jan 05 2021,91,66,0,0,0
23:09:24 Jan 05 2021,91,65,1,0,0
23:09:26 Jan 05 2021,91,63,0,0,0
23:09:28 Jan 05 2021,91,64,0,0,0
23:09:30 Jan 05 2021,91,65,0,0,0
23:09:32 Jan 05 2021,91,61,0,0,0
23:09:34 Jan 05 2021,92,57,0,0,0
23:09:36 Jan 05 2021,93,55,0,0,0
23:09:38 Jan 05 2021,93,53,0,0,0
23:09:40 Jan 05 2021,93,53,0,0,0
23:09:42 Jan 05 2021,93,52,0,0,0
23:09:44 Jan 05 2021,93,50,0,0,0
23:09:46 Jan 05 2021,93,50,0,0,0
23:09:48 Jan 05 2021,93,50,0,0,0
23:09:50 Jan 05 2021,93,51,0,0,0
23:09:52 Jan 05 2021,93,50,0,0,0
23:09:54 Jan 05 2021,93,50,0,0,0
23:09:56 Jan 05 2021,93,50,0,0,0
23:09:58 Jan 05 2021,93,50,0,0,0
23:10:00 Jan 05 2021,92,51,0,0,0
23:10:02 Jan 05 2021,92,52,0,0,0
23:10:04 Jan 05 2021,93,52,0,0,0
23:10:06 Jan 05 2021,93,53,0,0,0
23:10:08 Jan 05 2021,91,50,0,0,0
23:10:10 Jan 05 2021,89,48,0,0,0
23:10:12 Jan 05 2021,89,47,0,0,0
23:10:14 Jan 05 2021,89,45,0,0,0
23:10:16 Jan 05 2021,91,47,0,0,0
23:10:18 Jan 05 2021,93,52,0,0,0
23:10:20 Jan 05 2021,88,58,0,0,0
23:10:22 Jan 05 2021,85,57,0,0,0
23:10:24 Jan 05 2021,84,56,0,0,0
23:10:26 Jan 05 2021,82,54,0,0,0
23:10:28 Jan 05 2021,82,56,0,0,0
23:10:30 Jan 05 2021,82,58,0,0,0
23:10:32 Jan 05 2021,81,51,0,0,0
23:10:34 Jan 05 2021,81,47,0,0,0
23:10:36 Jan 05 2021,82,44,0,0,0
23:10:38 Jan 05 2021,82,43,0,0,0
23:10:40 Jan 05 2021,82,45,0,0,0
23:10:42 Jan 05 2021,83,45,0,0,0
23:10:44 Jan 05 2021,86,54,0,0,0
23:10:46 Jan 05 2021,88,59,0,0,0
23:10:48 Jan 05 2021,91,66,0,0,0
23:10:50 Jan 05 2021,93,68,0,0,0
23:10:52 Jan 05 2021,93,67,0,0,0
23:10:54 Jan 05 2021,94,71,0,0,0
23:10:56 Jan 05 2021,95,72,0,0,0
23:10:58 Jan 05 2021,94,72,0,0,0
23:11:00 Jan 05 2021,94,67,0,0,0
23:11:02 Jan 05 2021,94,65,0,0,0
23:11:04 Jan 05 2021,94,62,1,0,0
23:11:06 Jan 05 2021,94,63,0,0,0
23:11:08 Jan 05 2021,94,65,0,0,0
23:11:10 Jan 05 2021,94,64,0,0,0
23:11:12 Jan 05 2021,94,61,0,0,0
23:11:14 Jan 05 2021,94,58,0,0,0
23:11:16 Jan 05 2021,94,57,0,0,0
23:11:18 Jan 05 2021,94,56,0,0,0
23:11:20 Jan 05 2021,92,54,0,0,0
23:11:22 Jan 05 2021,91,58,0,0,0
23:11:24 Jan 05 2021,90,58,0,0,0
23:11:26 Jan 05 2021,90,58,0,0,0
23:11:28 Jan 05 2021,92,58,0,0,0
23:11:30 Jan 05 2021,93,58,0,0,0
23:11:32 Jan 05 2021,93,58,0,0,0
23:11:34 Jan 05 2021,93,58,0,0,0
23:11:36 Jan 05 2021,93,58,0,0,0
23:11:38 Jan 05 2021,91,59,0,0,0
23:11:40 Jan 05 2021,89,59,0,0,0
23:11:42 Jan 05 2021,86,58,0,0,0
23:11:44 Jan 05 2021,86,58,0,0,0
23:11:46 Jan 05 2021,86,58,0,0,0
23:11:48 Jan 05 2021,86,56,0,0,0
23:11:50 Jan 05 2021,86,56,0,0,0
23:11:52 Jan 05 2021,86,57,0,0,0
23:11:54 Jan 05 2021,86,58,0,0,0
23:11:56 Jan 05 2021,86,60,0,0,0
23:11:58 Jan 05 2021,86,60,0,0,0
23:12:00 Jan 05 2021,86,59,0,0,0
23:12:02 Jan 05 2021,86,59,0,0,0
23:12:04 Jan 05 2021,86,67,0,0,0
23:12:06 Jan 05 2021,86,70,0,0,0
23:12:08 Jan 05 2021,86,66,0,0,0
23:12:10 Jan 05 2021,88,63,0,0,0
23:12:12 Jan 05 2021,90,52,0,0,0
23:12:14 Jan 05 2021,93,43,0,0,0
23:12:16 Jan 05 2021,94,43,0,0,0
23:12:18 Jan 05 2021,95,45,0,0,0
23:12:20 Jan 05 2021,95,43,0,0,0
23:12:22 Jan 05 2021,95,44,0,0,0
23:12:24 Jan 05 2021,95,43,0,0,0
23:12:26 Jan 05 2021,94,41,0,0,0
23:12:28 Jan 05 2021,93,39,0,0,0
23:12:30 Jan 05 2021,92,37,0,0,0
23:12:32 Jan 05 2021,92,37,0,0,0
23:12:34 Jan 05 2021,92,39,1,0,0
23:12:36 Jan 05 2021,92,44,0,0,0
23:12:38 Jan 05 2021,92,48,0,0,0
23:12:40 Jan 05 2021,92,50,0,0,0
23:12:42 Jan 05 2021,92,50,0,0,0
23:12:44 Jan 05 2021,92,51,0,0,0
23:12:46 Jan 05 2021,92,51,0,0,0
23:12:48 Jan 05 2021,92,52,0,0,0
23:12:50 Jan 05 2021,92,52,0,0,0
23:12:52 Jan 05 2021,92,52,0,0,0
23:12:54 Jan 05 2021,92,50,0,0,0
23:12:56 Jan 05 2021,92,49,0,0,0
23:12:58 Jan 05 2021,89,45,0,0,0
23:13:00 Jan 05 2021,87,42,0,0,0
23:13:02 Jan 05 2021,84,39,0,0,0
23:13:04 Jan 05 2021,84,39,0,0,0
23:13:06 Jan 05 2021,84,39,0,0,0
23:13:08 Jan 05 2021,83,39,0,0,0
23:13:10 Jan 05 2021,83,38,0,0,0
23:13:12 Jan 05 2021,83,38,0,0,0
23:13:14 Jan 05 2021,82,38,0,0,0
23:13:16 Jan 05 2021,83,38,0,0,0
23:13:18 Jan 05 2021,83,38,0,0,0
23:13:20 Jan 05 2021,83,38,0,0,0
23:13:22 Jan 05 2021,83,38,0,0,0
23:13:24 Jan 05 2021,84,38,0,0,0
23:13:26 Jan 05 2021,85,38,0,0,0
23:13:28 Jan 05 2021,87,38,0,0,0
23:13:30 Jan 05 2021,88,38,0,0,0
23:13:32 Jan 05 2021,89,38,0,0,0
23:13:34 Jan 05 2021,89,38,1,0,0
23:13:36 Jan 05 2021,89,38,0,0,0
23:13:38 Jan 05 2021,90,39,0,0,0
23:13:40 Jan 05 2021,91,39,0,0,0
23:13:42 Jan 05 2021,92,39,0,0,0
23:13:44 Jan 05 2021,93,38,0,0,0
23:13:46 Jan 05 2021,93,38,0,0,0
23:13:48 Jan 05 2021,93,37,0,0,0
23:13:50 Jan 05 2021,92,38,0,0,0
23:13:52 Jan 05 2021,92,38,0,0,0
23:13:54 Jan 05 2021,92,38,0,0,0
23:13:56 Jan 05 2021,92,38,0,0,0
23:13:58 Jan 05 2021,92,38,0,0,0
23:14:00 Jan 05 2021,92,38,0,0,0
23:14:02 Jan 05 2021,92,38,0,0,0
23:14:04 Jan 05 2021,92,38,0,0,0
23:14:06 Jan 05 2021,92,38,0,0,0
23:14:08 Jan 05 2021,92,38,0,0,0
23:14:10 Jan 05 2021,91,39,0,0,0
23:14:12 Jan 05 2021,91,39,0,0,0
23:14:14 Jan 05 2021,89,39,0,0,0
23:14:16 Jan 05 2021,89,38,0,0,0
23:14:18 Jan 05 2021,87,39,0,0,0
23:14:20 Jan 05 2021,86,45,0,0,0
23:14:22 Jan 05 2021,85,54,0,0,0
23:14:24 Jan 05 2021,85,59,1,0,0
23:14:26 Jan 05 2021,85,62,0,0,0
23:14:28 Jan 05 2021,85,59,0,0,0
23:14:30 Jan 05 2021,85,58,0,0,0
23:14:32 Jan 05 2021,84,54,0,0,0
23:14:34 Jan 05 2021,84,51,0,0,0
23:14:36 Jan 05 2021,83,43,0,0,0
23:14:38 Jan 05 2021,84,43,0,0,0
23:14:40 Jan 05 2021,83,42,0,0,0
23:14:42 Jan 05 2021,81,40,0,0,0
23:14:44 Jan 05 2021,81,40,0,0,0
23:14:46 Jan 05 2021,80,39,0,0,0
23:14:48 Jan 05 2021,80,39,0,0,0
23:14:50 Jan 05 2021,81,40,0,0,0
23:14:52 Jan 05 2021,81,40,0,0,0
23:14:54 Jan 05 2021,81,40,0,0,0
23:14:56 Jan 05 2021,81,40,0,0,0
23:14:58 Jan 05 2021,81,40,0,0,0
23:15:00 Jan 05 2021,81,40,0,0,0
23:15:02 Jan 05 2021,81,41,0,0,0
23:15:04 Jan 05 2021,81,41,0,0,0
23:15:06 Jan 05 2021,81,55,0,0,0
23:15:08 Jan 05 2021,81,60,0,0,0
23:15:10 Jan 05 2021,80,60,0,0,0
23:15:12 Jan 05 2021,80,54,0,0,0
23:15:14 Jan 05 2021,79,45,0,0,0
23:15:16 Jan 05 2021,79,42,0,0,0
23:15:18 Jan 05 2021,79,43,0,0,0
23:15:20 Jan 05 2021,79,42,0,0,0
23:15:22 Jan 05 2021,78,41,0,0,0
23:15:24 Jan 05 2021,78,40,0,0,0
23:15:26 Jan 05 2021,77,39,0,0,0
23:15:28 Jan 05 2021,77,39,0,0,0
23:15:30 Jan 05 2021,78,39,0,0,0
23:15:32 Jan 05 2021,78,39,0,0,0
23:15:34 Jan 05 2021,80,40,0,0,0
23:15:36 Jan 05 2021,82,41,0,0,0
23:15:38 Jan 05 2021,83,44,0,0,0
23:15:40 Jan 05 2021,88,56,0,0,0
23:15:42 Jan 05 2021,90,65,0,0,0
23:15:44 Jan 05 2021,92,70,0,0,0
23:15:46 Jan 05 2021,92,70,0,0,0
23:15:48 Jan 05 2021,92,58,0,0,0
23:15:50 Jan 05 2021,92,56,0,0,0
23:15:52 Jan 05 2021,92,50,0,0,0
23:15:54 Jan 05 2021,92,45,0,0,0
23:15:56 Jan 05 2021,92,46,0,0,0
23:15:58 Jan 05 2021,92,42,0,0,0
23:16:00 Jan 05 2021,92,42,0,0,0
23:16:02 Jan 05 2021,92,43,0,0,0
23:16:04 Jan 05 2021,92,43,0,0,0
23:16:06 Jan 05 2021,92,43,0,0,0
23:16:08 Jan 05 2021,91,42,0,0,0
23:16:10 Jan 05 2021,90,42,0,0,0
23:16:12 Jan 05 2021,89,42,0,0,0
23:16:14 Jan 05 2021,88,41,0,0,0
23:16:16 Jan 05 2021,87,40,0,0,0
23:16:18 Jan 05 2021,87,39,0,0,0
23:16:20 Jan 05 2021,87,38,0,0,0
23:16:22 Jan 05 2021,87,38,0,0,0
23:16:24 Jan 05 2021,87,39,0,0,0
23:16:26 Jan 05 2021,87,39,0,0,0
23:16:28 Jan 05 2021,87,39,0,0,0
23:16:30 Jan 05 2021,87,39,0,0,0
23:16:32 Jan 05 2021,87,39,0,0,0
23:16:34 Jan 05 2021,88,41,0,0,0
23:16:36 Jan 05 2021,88,41,0,0,0
23:16:38 Jan 05 2021,89,43,0,0,0
23:16:40 Jan 05 2021,89,42,0,0,0
23:16:42 Jan 05 2021,89,42,0,0,0
23:16:44 Jan 05 2021,90,43,0,0,0
23:16:46 Jan 05 2021,91,42,0,0,0
23:16:48 Jan 05 2021,91,42,0,0,0
23:16:50 Jan 05 2021,92,42,0,0,0
23:16:52 Jan 05 2021,92,42,0,0,0
23:16:54 Jan 05 2021,92,42,0,0,0
23:16:56 Jan 05 2021,92,42,0,0,0
23:16:58 Jan 05 2021,92,42,0,0,0
23:17:00 Jan 05 2021,92,42,0,0,0
23:17:02 Jan 05 2021,92,42,0,0,0
23:17:04 Jan 05 2021,92,42,0,0,0
23:17:06 Jan 05 2021,92,42,0,0,0
23:17:08 Jan 05 2021,92,48,0,0,0
23:17:10 Jan 05 2021,92,49,0,0,0
23:17:12 Jan 05 2021,91,55,7,0,0
23:17:14 Jan 05 2021,91,57,8,0,0
23:17:16 Jan 05 2021,91,57,4,0,0
23:17:18 Jan 05 2021,91,61,9,0,0
23:17:20 Jan 05 2021,91,61,8,0,0
23:17:22 Jan 05 2021,91,60,17,0,0
23:17:24 Jan 05 2021,91,61,10,0,0
23:17:26 Jan 05 2021,91,61,11,0,0
23:17:28 Jan 05 2021,91,61,4,0,0
23:17:30 Jan 05 2021,91,61,0,0,0
23:17:32 Jan 05 2021,91,61,0,0,0
23:17:34 Jan 05 2021,91,61,0,0,0
23:17:36 Jan 05 2021,90,64,0,0,0
23:17:38 Jan 05 2021,90,65,0,0,0
23:17:40 Jan 05 2021,90,66,0,0,0
23:17:42 Jan 05 2021,90,71,0,0,0
23:17:44 Jan 05 2021,91,69,0,0,0
23:17:46 Jan 05 2021,91,71,0,0,0
23:17:48 Jan 05 2021,91,72,0,0,0
23:17:50 Jan 05 2021,93,74,0,0,0
23:17:52 Jan 05 2021,93,74,0,0,0
23:17:54 Jan 05 2021,94,76,0,0,0
23:17:56 Jan 05 2021,95,77,0,0,0
23:17:58 Jan 05 2021,95,76,0,0,0
23:18:00 Jan 05 2021,95,75,0,0,0
23:18:02 Jan 05 2021,95,75,0,0,0
23:18:04 Jan 05 2021,95,74,1,0,0
23:18:06 Jan 05 2021,95,76,9,0,0
23:18:08 Jan 05 2021,95,76,1,0,0
23:18:10 Jan 05 2021,95,76,1,0,0
23:18:12 Jan 05 2021,95,78,0,0,0
23:18:14 Jan 05 2021,94,79,1,0,0
23:18:16 Jan 05 2021,94,78,0,0,0
23:18:18 Jan 05 2021,94,79,0,0,0
23:18:20 Jan 05 2021,94,79,1,0,0
23:18:22 Jan 05 2021,94,78,0,0,0
23:18:24 Jan 05 2021,93,71,0,0,0
23:18:26 Jan 05 2021,92,65,1,0,0
23:18:28 Jan 05 2021,91,62,0,0,0
23:18:30 Jan 05 2021,91,56,0,0,0
23:18:32 Jan 05 2021,91,64,1,0,0
23:18:34 Jan 05 2021,91,65,1,0,0
23:18:36 Jan 05 2021,91,69,0,0,0
23:18:38 Jan 05 2021,91,76,1,0,0
23:18:40 Jan 05 2021,91,76,1,0,0
23:18:42 Jan 05 2021,92,80,1,0,0
23:18:44 Jan 05 2021,92,81,1,0,0
23:18:46 Jan 05 2021,93,79,1,0,0
23:18:48 Jan 05 2021,94,80,0,0,0
23:18:50 Jan 05 2021,94,80,0,0,0
23:18:52 Jan 05 2021,94,79,1,0,0
23:18:54 Jan 05 2021,95,80,1,0,0
23:18:56 Jan 05 2021,95,80,1,0,0
23:18:58 Jan 05 2021,95,79,0,0,0
23:19:00 Jan 05 2021,95,77,1,0,0
23:19:02 Jan 05 2021,95,80,1,0,0
23:19:04 Jan 05 2021,95,78,1,0,0
23:19:06 Jan 05 2021,95,80,0,0,0
23:19:08 Jan 05 2021,95,81,1,0,0
23:19:10 Jan 05 2021,95,77,0,0,0
23:19:12 Jan 05 2021,95,77,1,0,0
23:19:14 Jan 05 2021,94,77,1,0,0
23:19:16 Jan 05 2021,94,77,0,0,0
23:19:18 Jan 05 2021,94,78,1,0,0
23:19:20 Jan 05 2021,93,77,1,0,0
23:19:22 Jan 05 2021,93,77,0,0,0
23:19:24 Jan 05 2021,92,77,0,0,0
23:19:26 Jan 05 2021,92,77,0,0,0
23:19:28 Jan 05 2021,91,79,1,0,0
23:19:30 Jan 05 2021,92,80,1,0,0
23:19:32 Jan 05 2021,91,80,1,0,0
23:19:34 Jan 05 2021,90,80,0,0,0
23:19:36 Jan 05 2021,90,80,0,0,0
23:19:38 Jan 05 2021,89,78,0,0,0
23:19:40 Jan 05 2021,89,79,0,0,0
23:19:42 Jan 05 2021,89,80,0,0,0
23:19:44 Jan 05 2021,90,80,0,0,0
23:19:46 Jan 05 2021,91,80,0,0,0
23:19:48 Jan 05 2021,91,80,0,0,0
23:19:50 Jan 05 2021,91,80,1,0,0
23:19:52 Jan 05 2021,91,80,1,0,0
23:19:54 Jan 05 2021,93,81,1,0,0
23:19:56 Jan 05 2021,94,81,1,0,0
23:19:58 Jan 05 2021,96,81,1,0,0
23:20:00 Jan 05 2021,96,81,0,0,0
23:20:02 Jan 05 2021,96,81,0,0,0
23:20:04 Jan 05 2021,96,81,0,0,0
23:20:06 Jan 05 2021,96,81,1,0,0
23:20:08 Jan 05 2021,96,80,1,0,0
23:20:10 Jan 05 2021,95,78,0,0,0
23:20:12 Jan 05 2021,95,78,1,0,0
23:20:14 Jan 05 2021,94,76,1,0,0
23:20:16 Jan 05 2021,94,77,0,0,0
23:20:18 Jan 05 2021,94,78,0,0,0
23:20:20 Jan 05 2021,94,78,0,0,0
23:20:22 Jan 05 2021,94,80,0,0,0
23:20:24 Jan 05 2021,94,81,0,0,0
23:20:26 Jan 05 2021,93,83,0,0,0
23:20:28 Jan 05 2021,93,80,1,0,0
23:20:30 Jan 05 2021,91,80,1,0,0
23:20:32 Jan 05 2021,90,80,1,0,0
23:20:34 Jan 05 2021,89,80,1,0,0
23:20:36 Jan 05 2021,89,78,0,0,0
23:20:38 Jan 05 2021,88,76,0,0,0
23:20:40 Jan 05 2021,87,74,0,0,0
23:20:42 Jan 05 2021,86,71,1,0,0
23:20:44 Jan 05 2021,85,72,1,0,0
23:20:46 Jan 05 2021,86,70,0,0,0
23:20:48 Jan 05 2021,87,69,0,0,0
23:20:50 Jan 05 2021,89,72,0,0,0
23:20:52 Jan 05 2021,90,72,0,0,0
23:20:54 Jan 05 2021,91,73,0,0,0
23:20:56 Jan 05 2021,93,74,1,0,0
23:20:58 Jan 05 2021,94,72,0,0,0
23:21:00 Jan 05 2021,96,72,1,0,0
23:21:02 Jan 05 2021,96,71,1,0,0
23:21:04 Jan 05 2021,96,68,1,0,0
23:21:06 Jan 05 2021,96,65,1,0,0
23:21:08 Jan 05 2021,96,64,0,0,0
23:21:10 Jan 05 2021,96,65,1,0,0
23:21:12 Jan 05 2021,96,65,1,0,0
23:21:14 Jan 05 2021,96,65,0,0,0
23:21:16 Jan 05 2021,96,66,1,0,0
23:21:18 Jan 05 2021,96,67,1,0,0
23:21:20 Jan 05 2021,96,68,0,0,0
23:21:22 Jan 05 2021,96,71,1,0,0
23:21:24 Jan 05 2021,95,72,1,0,0
23:21:26 Jan 05 2021,96,73,0,0,0
23:21:28 Jan 05 2021,96,74,0,0,0
23:21:30 Jan 05 2021,95,73,1,0,0
23:21:32 Jan 05 2021,94,75,1,0,0
23:21:34 Jan 05 2021,93,72,0,0,0
23:21:36 Jan 05 2021,92,70,0,0,0
23:21:38 Jan 05 2021,92,72,1,0,0
23:21:40 Jan 05 2021,92,65,1,0,0
23:21:42 Jan 05 2021,92,65,0,0,0
23:21:44 Jan 05 2021,91,64,1,0,0
23:21:46 Jan 05 2021,89,68,0,0,0
23:21:48 Jan 05 2021,88,70,1,0,0
23:21:50 Jan 05 2021,88,74,0,0,0
23:21:52 Jan 05 2021,88,76,1,0,0
23:21:54 Jan 05 2021,89,75,0,0,0
23:21:56 Jan 05 2021,89,74,1,0,0
23:21:58 Jan 05 2021,89,71,1,0,0
23:22:00 Jan 05 2021,90,70,1,0,0
23:22:02 Jan 05 2021,90,71,1,0,0
23:22:04 Jan 05 2021,91,71,1,0,0
23:22:06 Jan 05 2021,93,71,1,0,0
23:22:08 Jan 05 2021,94,71,0,0,0
23:22:10 Jan 05 2021,95,71,1,0,0
23:22:12 Jan 05 2021,95,70,0,0,0
23:22:14 Jan 05 2021,95,70,0,0,0
23:22:16 Jan 05 2021,95,70,0,0,0
23:22:18 Jan 05 2021,95,70,1,0,0
23:22:20 Jan 05 2021,95,73,0,0,0
23:22:22 Jan 05 2021,95,75,0,0,0
23:22:24 Jan 05 2021,95,78,0,0,0
23:22:26 Jan 05 2021,94,79,0,0,0
23:22:28 Jan 05 2021,94,79,0,0,0
23:22:30 Jan 05 2021,94,75,0,0,0
23:22:32 Jan 05 2021,95,74,0,0,0
23:22:34 Jan 05 2021,95,75,0,0,0
23:22:36 Jan 05 2021,94,74,0,0,0
23:22:38 Jan 05 2021,92,76,0,0,0
23:22:40 Jan 05 2021,90,77,0,0,0
23:22:42 Jan 05 2021,89,77,1,0,0
23:22:44 Jan 05 2021,89,77,0,0,0
23:22:46 Jan 05 2021,89,74,0,0,0
23:22:48 Jan 05 2021,90,72,0,0,0
23:22:50 Jan 05 2021,90,72,0,0,0
23:22:52 Jan 05 2021,91,70,1,0,0
23:22:54 Jan 05 2021,91,71,0,0,0
23:22:56 Jan 05 2021,91,71,0,0,0
23:22:58 Jan 05 2021,91,71,0,0,0
23:23:00 Jan 05 2021,92,71,0,0,0
23:23:02 Jan 05 2021,92,72,1,0,0
23:23:04 Jan 05 2021,94,74,1,0,0
23:23:06 Jan 05 2021,95,75,0,0,0
23:23:08 Jan 05 2021,95,76,0,0,0
23:23:10 Jan 05 2021,95,77,0,0,0
23:23:12 Jan 05 2021,95,72,0,0,0
23:23:14 Jan 05 2021,95,63,0,0,0
23:23:16 Jan 05 2021,95,59,0,0,0
23:23:18 Jan 05 2021,95,54,1,0,0
23:23:20 Jan 05 2021,95,58,1,0,0
23:23:22 Jan 05 2021,95,62,1,0,0
23:23:24 Jan 05 2021,95,62,0,0,0
23:23:26 Jan 05 2021,95,68,1,0,0
23:23:28 Jan 05 2021,95,69,1,0,0
23:23:30 Jan 05 2021,95,69,1,0,0
23:23:32 Jan 05 2021,94,72,1,0,0
23:23:34 Jan 05 2021,93,73,1,0,0
23:23:36 Jan 05 2021,92,75,0,0,0
23:23:38 Jan 05 2021,91,78,1,0,0
23:23:40 Jan 05 2021,90,79,1,0,0
23:23:42 Jan 05 2021,91,78,0,0,0
23:23:44 Jan 05 2021,89,74,1,0,0
23:23:46 Jan 05 2021,88,74,0,0,0
23:23:48 Jan 05 2021,87,76,0,0,0
23:23:50 Jan 05 2021,85,74,0,0,0
23:23:52 Jan 05 2021,85,73,0,0,0
23:23:54 Jan 05 2021,86,71,1,0,0
23:23:56 Jan 05 2021,87,71,0,0,0
23:23:58 Jan 05 2021,88,71,0,0,0
23:24:00 Jan 05 2021,90,70,0,0,0
23:24:02 Jan 05 2021,91,72,1,0,0
23:24:04 Jan 05 2021,93,71,0,0,0
23:24:06 Jan 05 2021,94,71,0,0,0
23:24:08 Jan 05 2021,95,72,1,0,0
23:24:10 Jan 05 2021,95,71,1,0,0
23:24:12 Jan 05 2021,95,71,1,0,0
23:24:14 Jan 05 2021,95,71,0,0,0
23:24:16 Jan 05 2021,95,71,0,0,0
23:24:18 Jan 05 2021,95,71,1,0,0
23:24:20 Jan 05 2021,95,71,1,0,0
23:24:22 Jan 05 2021,95,71,1,0,0
23:24:24 Jan 05 2021,95,71,0,0,0
23:24:26 Jan 05 2021,95,71,1,0,0
23:24:28 Jan 05 2021,95,71,0,0,0
23:24:30 Jan 05 2021,95,70,1,0,0
23:24:32 Jan 05 2021,95,70,0,0,0
23:24:34 Jan 05 2021,95,71,0,0,0
23:24:36 Jan 05 2021,94,70,1,0,0
23:24:38 Jan 05 2021,93,73,1,0,0
23:24:40 Jan 05 2021,93,76,0,0,0
23:24:42 Jan 05 2021,93,77,1,0,0
23:24:44 Jan 05 2021,92,78,1,0,0
23:24:46 Jan 05 2021,91,78,0,0,0
23:24:48 Jan 05 2021,89,78,1,0,0
23:24:50 Jan 05 2021,88,75,1,0,0
23:24:52 Jan 05 2021,87,75,1,0,0
23:24:54 Jan 05 2021,87,75,1,0,0
23:24:56 Jan 05 2021,87,78,1,0,0
23:24:58 Jan 05 2021,87,76,0,0,0
23:25:00 Jan 05 2021,87,77,0,0,0
23:25:02 Jan 05 2021,87,77,0,0,0
23:25:04 Jan 05 2021,87,77,0,0,0
23:25:06 Jan 05 2021,88,78,0,0,0
23:25:08 Jan 05 2021,88,77,0,0,0
23:25:10 Jan 05 2021,89,76,1,0,0
23:25:12 Jan 05 2021,90,76,0,0,0
23:25:14 Jan 05 2021,91,76,0,0,0
23:25:16 Jan 05 2021,92,76,0,0,0
23:25:18 Jan 05 2021,93,75,0,0,0
23:25:20 Jan 05 2021,94,75,1,0,0
23:25:22 Jan 05 2021,96,75,1,0,0
23:25:24 Jan 05 2021,96,76,1,0,0
23:25:26 Jan 05 2021,96,77,0,0,0
23:25:28 Jan 05 2021,96,74,1,0,0
23:25:30 Jan 05 2021,95,75,1,0,0
23:25:32 Jan 05 2021,95,74,1,0,0
23:25:34 Jan 05 2021,95,72,1,0,0
23:25:36 Jan 05 2021,94,72,0,0,0
23:25:38 Jan 05 2021,94,70,1,0,0
23:25:40 Jan 05 2021,93,59,0,0,0
23:25:42 Jan 05 2021,93,57,1,0,0
23:25:44 Jan 05 2021,93,48,1,0,0
23:25:46 Jan 05 2021,92,55,1,0,0
23:25:48 Jan 05 2021,93,64,1,0,0
23:25:50 Jan 05 2021,91,65,1,0,0
23:25:52 Jan 05 2021,91,69,0,0,0
23:25:54 Jan 05 2021,91,65,1,0,0
23:25:56 Jan 05 2021,89,61,1,0,0
23:25:58 Jan 05 2021,89,61,0,0,0
23:26:00 Jan 05 2021,88,62,1,0,0
23:26:02 Jan 05 2021,88,60,0,0,0
23:26:04 Jan 05 2021,88,62,1,0,0
23:26:06 Jan 05 2021,87,60,0,0,0
23:26:08 Jan 05 2021,88,60,0,0,0
23:26:10 Jan 05 2021,88,64,1,0,0
23:26:12 Jan 05 2021,88,69,0,0,0
23:26:14 Jan 05 2021,88,69,1,0,0
23:26:16 Jan 05 2021,88,69,0,0,0
23:26:18 Jan 05 2021,89,62,0,0,0
23:26:20 Jan 05 2021,90,62,1,0,0
23:26:22 Jan 05 2021,92,66,0,0,0
23:26:24 Jan 05 2021,93,68,1,0,0
23:26:26 Jan 05 2021,94,77,0,0,0
23:26:28 Jan 05 2021,95,80,1,0,0
23:26:30 Jan 05 2021,96,81,0,0,0
23:26:32 Jan 05 2021,96,79,0,0,0
23:26:34 Jan 05 2021,96,76,0,0,0
23:26:36 Jan 05 2021,96,74,1,0,0
23:26:38 Jan 05 2021,96,73,1,0,0
23:26:40 Jan 05 2021,96,70,0,0,0
23:26:42 Jan 05 2021,96,70,0,0,0
23:26:44 Jan 05 2021,96,69,0,0,0
23:26:46 Jan 05 2021,95,68,1,0,0
23:26:48 Jan 05 2021,94,69,1,0,0
23:26:50 Jan 05 2021,93,73,0,0,0
23:26:52 Jan 05 2021,92,74,0,0,0
23:26:54 Jan 05 2021,91,76,0,0,0
23:26:56 Jan 05 2021,91,77,0,0,0
23:26:58 Jan 05 2021,91,74,1,0,0
23:27:00 Jan 05 2021,91,74,0,0,0
23:27:02 Jan 05 2021,91,73,0,0,0
23:27:04 Jan 05 2021,91,67,1,0,0
23:27:06 Jan 05 2021,91,66,1,0,0
23:27:08 Jan 05 2021,91,65,0,0,0
23:27:10 Jan 05 2021,91,64,0,0,0
23:27:12 Jan 05 2021,91,67,1,0,0
23:27:14 Jan 05 2021,90,67,1,0,0
23:27:16 Jan 05 2021,89,67,0,0,0
23:27:18 Jan 05 2021,88,71,0,0,0
23:27:20 Jan 05 2021,89,72,0,0,0
23:27:22 Jan 05 2021,89,74,1,0,0
23:27:24 Jan 05 2021,89,75,0,0,0
23:27:26 Jan 05 2021,91,76,0,0,0
23:27:28 Jan 05 2021,92,76,1,0,0
23:27:30 Jan 05 2021,93,73,0,0,0
23:27:32 Jan 05 2021,94,75,1,0,0
23:27:34 Jan 05 2021,95,75,1,0,0
23:27:36 Jan 05 2021,96,78,0,0,0
23:27:38 Jan 05 2021,96,81,0,0,0
23:27:40 Jan 05 2021,96,82,1,0,0
23:27:42 Jan 05 2021,96,83,0,0,0
23:27:44 Jan 05 2021,96,84,1,0,0
23:27:46 Jan 05 2021,95,80,1,0,0
23:27:48 Jan 05 2021,95,76,1,0,0
23:27:50 Jan 05 2021,95,78,1,0,0
23:27:52 Jan 05 2021,95,76,1,0,0
23:27:54 Jan 05 2021,95,75,1,0,0
23:27:56 Jan 05 2021,95,74,0,0,0
23:27:58 Jan 05 2021,95,73,0,0,0
23:28:00 Jan 05 2021,93,72,1,0,0
23:28:02 Jan 05 2021,93,72,0,0,0
23:28:04 Jan 05 2021,91,72,0,0,0
23:28:06 Jan 05 2021,91,72,1,0,0
23:28:08 Jan 05 2021,91,72,0,0,0
23:28:10 Jan 05 2021,89,66,0,0,0
23:28:12 Jan 05 2021,89,60,1,0,0
23:28:14 Jan 05 2021,88,58,1,0,0
23:28:16 Jan 05 2021,88,58,1,0,0
23:28:18 Jan 05 2021,90,65,1,0,0
23:28:20 Jan 05 2021,90,64,0,0,0
23:28:22 Jan 05 2021,90,65,0,0,0
23:28:24 Jan 05 2021,90,66,1,0,0
23:28:26 Jan 05 2021,90,68,1,0,0
23:28:28 Jan 05 2021,90,69,0,0,0
23:28:30 Jan 05 2021,91,70,1,0,0
23:28:32 Jan 05 2021,92,71,1,0,0
23:28:34 Jan 05 2021,93,73,1,0,0
23:28:36 Jan 05 2021,93,74,1,0,0
23:28:38 Jan 05 2021,93,73,1,0,0
23:28:40 Jan 05 2021,94,76,0,0,0
23:28:42 Jan 05 2021,94,76,0,0,0
23:28:44 Jan 05 2021,94,77,1,0,0
23:28:46 Jan 05 2021,94,78,0,0,0
23:28:48 Jan 05 2021,94,77,1,0,0
23:28:50 Jan 05 2021,94,77,1,0,0
23:28:52 Jan 05 2021,94,76,0,0,0
23:28:54 Jan 05 2021,94,76,1,0,0
23:28:56 Jan 05 2021,94,76,0,0,0
23:28:58 Jan 05 2021,94,76,1,0,0
23:29:00 Jan 05 2021,93,77,1,0,0
23:29:02 Jan 05 2021,92,78,0,0,0
23:29:04 Jan 05 2021,90,83,0,0,0
23:29:06 Jan 05 2021,90,86,1,0,0
23:29:08 Jan 05 2021,90,86,1,0,0
23:29:10 Jan 05 2021,90,85,0,0,0
23:29:12 Jan 05 2021,91,80,0,0,0
23:29:14 Jan 05 2021,91,77,1,0,0
23:29:16 Jan 05 2021,91,77,0,0,0
23:29:18 Jan 05 2021,91,76,1,0,0
23:29:20 Jan 05 2021,90,76,0,0,0
23:29:22 Jan 05 2021,89,76,0,0,0
23:29:24 Jan 05 2021,89,76,1,0,0
23:29:26 Jan 05 2021,90,76,1,0,0
23:29:28 Jan 05 2021,91,77,1,0,0
23:29:30 Jan 05 2021,91,76,1,0,0
23:29:32 Jan 05 2021,92,74,1,0,0
23:29:34 Jan 05 2021,93,74,1,0,0
23:29:36 Jan 05 2021,93,72,0,0,0
23:29:38 Jan 05 2021,94,73,1,0,0
23:29:40 Jan 05 2021,94,75,1,0,0
23:29:42 Jan 05 2021,94,74,1,0,0
23:29:44 Jan 05 2021,94,78,1,0,0
23:29:46 Jan 05 2021,94,77,1,0,0
23:29:48 Jan 05 2021,94,79,0,0,0
23:29:50 Jan 05 2021,94,80,0,0,0
23:29:52 Jan 05 2021,94,80,1,0,0
23:29:54 Jan 05 2021,94,79,1,0,0
23:29:56 Jan 05 2021,93,75,0,0,0
23:29:58 Jan 05 2021,92,73,0,0,0
23:30:00 Jan 05 2021,91,70,0,0,0
23:30:02 Jan 05 2021,91,71,0,0,0
23:30:04 Jan 05 2021,91,71,1,0,0
23:30:06 Jan 05 2021,91,71,0,0,0
23:30:08 Jan 05 2021,91,72,1,0,0
23:30:10 Jan 05 2021,91,72,0,0,0
23:30:12 Jan 05 2021,91,72,1,0,0
23:30:14 Jan 05 2021,91,73,1,0,0
23:30:16 Jan 05 2021,91,73,0,0,0
23:30:18 Jan 05 2021,91,74,1,0,0
23:30:20 Jan 05 2021,91,74,1,0,0
23:30:22 Jan 05 2021,91,74,0,0,0
23:30:24 Jan 05 2021,91,72,0,0,0
23:30:26 Jan 05 2021,90,71,1,0,0
23:30:28 Jan 05 2021,90,71,1,0,0
23:30:30 Jan 05 2021,90,71,1,0,0
23:30:32 Jan 05 2021,90,73,1,0,0
23:30:34 Jan 05 2021,90,73,0,0,0
23:30:36 Jan 05 2021,92,74,0,0,0
23:30:38 Jan 05 2021,93,77,1,0,0
23:30:40 Jan 05 2021,95,76,1,0,0
23:30:42 Jan 05 2021,95,77,0,0,0
23:30:44 Jan 05 2021,95,76,1,0,0
23:30:46 Jan 05 2021,95,75,0,0,0
23:30:48 Jan 05 2021,95,75,1,0,0
23:30:50 Jan 05 2021,95,75,1,0,0
23:30:52 Jan 05 2021,95,72,1,0,0
23:30:54 Jan 05 2021,95,74,1,0,0
23:30:56 Jan 05 2021,95,75,0,0,0
23:30:58 Jan 05 2021,94,71,1,0,0
23:31:00 Jan 05 2021,94,73,1,0,0
23:31:02 Jan 05 2021,94,72,0,0,0
23:31:04 Jan 05 2021,94,72,0,0,0
23:31:06 Jan 05 2021,94,73,0,0,0
23:31:08 Jan 05 2021,94,73,0,0,0
23:31:10 Jan 05 2021,94,73,0,0,0
23:31:12 Jan 05 2021,93,73,0,0,0
23:31:14 Jan 05 2021,92,72,2,0,0
23:31:16 Jan 05 2021,90,61,8,0,0
23:31:18 Jan 05 2021,87,62,8,0,0
23:31:20 Jan 05 2021,86,59,4,0,0
23:31:22 Jan 05 2021,86,60,1,0,0
23:31:24 Jan 05 2021,87,64,0,0,0
23:31:26 Jan 05 2021,87,61,0,0,0
23:31:28 Jan 05 2021,87,62,0,0,0
23:31:30 Jan 05 2021,87,64,1,0,0
23:31:32 Jan 05 2021,87,66,0,0,0
23:31:34 Jan 05 2021,87,71,1,0,0
23:31:36 Jan 05 2021,87,72,0,0,0
23:31:38 Jan 05 2021,87,72,3,0,0
23:31:40 Jan 05 2021,87,72,4,0,0
23:31:42 Jan 05 2021,87,72,1,0,0
23:31:44 Jan 05 2021,87,72,0,0,0
23:31:46 Jan 05 2021,87,72,0,0,0
23:31:48 Jan 05 2021,87,72,0,0,0
23:31:50 Jan 05 2021,87,72,1,0,0
23:31:52 Jan 05 2021,87,72,1,0,0
23:31:54 Jan 05 2021,87,72,1,0,0
23:31:56 Jan 05 2021,87,72,0,0,0
23:31:58 Jan 05 2021,88,74,1,0,0
23:32:00 Jan 05 2021,90,74,1,0,0
23:32:02 Jan 05 2021,93,75,1,0,0
23:32:04 Jan 05 2021,94,75,1,0,0
23:32:06 Jan 05 2021,96,75,0,0,0
23:32:08 Jan 05 2021,96,74,1,0,0
23:32:10 Jan 05 2021,96,74,0,0,0
23:32:12 Jan 05 2021,96,69,1,0,0
23:32:14 Jan 05 2021,96,66,1,0,0
23:32:16 Jan 05 2021,96,67,1,0,0
23:32:18 Jan 05 2021,96,63,0,0,0
23:32:20 Jan 05 2021,96,67,0,0,0
23:32:22 Jan 05 2021,96,68,1,0,0
23:32:24 Jan 05 2021,96,67,0,0,0
23:32:26 Jan 05 2021,96,64,1,0,0
23:32:28 Jan 05 2021,96,64,0,0,0
23:32:30 Jan 05 2021,96,64,1,0,0
23:32:32 Jan 05 2021,96,65,1,0,0
23:32:34 Jan 05 2021,96,65,0,0,0
23:32:36 Jan 05 2021,96,65,1,0,0
23:32:38 Jan 05 2021,96,65,0,0,0
23:32:40 Jan 05 2021,96,64,1,0,0
23:32:42 Jan 05 2021,96,65,1,0,0
23:32:44 Jan 05 2021,95,65,1,0,0
23:32:46 Jan 05 2021,95,66,0,0,0
23:32:48 Jan 05 2021,95,65,1,0,0
23:32:50 Jan 05 2021,95,66,0,0,0
23:32:52 Jan 05 2021,95,66,1,0,0
23:32:54 Jan 05 2021,95,66,0,0,0
23:32:56 Jan 05 2021,95,66,0,0,0
23:32:58 Jan 05 2021,95,66,1,0,0
23:33:00 Jan 05 2021,95,69,0,0,0
23:33:02 Jan 05 2021,96,70,0,0,0
23:33:04 Jan 05 2021,96,71,0,0,0
23:33:06 Jan 05 2021,96,71,0,0,0
23:33:08 Jan 05 2021,96,70,1,0,0
23:33:10 Jan 05 2021,96,69,1,0,0
23:33:12 Jan 05 2021,96,70,1,0,0
23:33:14 Jan 05 2021,96,67,0,0,0
23:33:16 Jan 05 2021,96,65,1,0,0
23:33:18 Jan 05 2021,96,54,0,0,0
23:33:20 Jan 05 2021,96,58,1,0,0
23:33:22 Jan 05 2021,95,59,1,0,0
23:33:24 Jan 05 2021,95,58,1,0,0
23:33:26 Jan 05 2021,95,65,1,0,0
23:33:28 Jan 05 2021,95,63,0,0,0
23:33:30 Jan 05 2021,94,60,1,0,0
23:33:32 Jan 05 2021,95,60,1,0,0
23:33:34 Jan 05 2021,95,59,0,0,0
23:33:36 Jan 05 2021,95,61,0,0,0
23:33:38 Jan 05 2021,94,61,1,0,0
23:33:40 Jan 05 2021,93,61,1,0,0
23:33:42 Jan 05 2021,92,61,0,0,0
23:33:44 Jan 05 2021,92,61,1,0,0
23:33:46 Jan 05 2021,93,60,1,0,0
23:33:48 Jan 05 2021,92,57,1,0,0
23:33:50 Jan 05 2021,91,52,1,0,0
23:33:52 Jan 05 2021,91,48,0,0,0
23:33:54 Jan 05 2021,91,51,1,0,0
23:33:56 Jan 05 2021,91,54,1,0,0
23:33:58 Jan 05 2021,91,57,1,0,0
23:34:00 Jan 05 2021,91,60,1,0,0
23:34:02 Jan 05 2021,91,62,0,0,0
23:34:04 Jan 05 2021,91,63,1,0,0
23:34:06 Jan 05 2021,92,63,1,0,0
23:34:08 Jan 05 2021,92,62,0,0,0
23:34:10 Jan 05 2021,92,62,1,0,0
23:34:12 Jan 05 2021,92,62,1,0,0
23:34:14 Jan 05 2021,93,62,1,0,0
23:34:16 Jan 05 2021,94,61,1,0,0
23:34:18 Jan 05 2021,95,59,1,0,0
23:34:20 Jan 05 2021,96,55,1,0,0
23:34:22 Jan 05 2021,96,54,1,0,0
23:34:24 Jan 05 2021,96,52,1,0,0
23:34:26 Jan 05 2021,96,54,1,0,0
23:34:28 Jan 05 2021,96,54,1,0,0
23:34:30 Jan 05 2021,96,54,1,0,0
23:34:32 Jan 05 2021,96,55,1,0,0
23:34:34 Jan 05 2021,96,54,0,0,0
23:34:36 Jan 05 2021,95,53,1,0,0
23:34:38 Jan 05 2021,95,50,1,0,0
23:34:40 Jan 05 2021,94,50,1,0,0
23:34:42 Jan 05 2021,93,49,1,0,0
23:34:44 Jan 05 2021,93,51,1,0,0
23:34:46 Jan 05 2021,93,52,1,0,0
23:34:48 Jan 05 2021,93,52,0,0,0
23:34:50 Jan 05 2021,93,52,1,0,0
23:34:52 Jan 05 2021,93,52,1,0,0
23:34:54 Jan 05 2021,93,52,1,0,0
23:34:56 Jan 05 2021,93,52,0,0,0
23:34:58 Jan 05 2021,93,52,1,0,0
23:35:00 Jan 05 2021,92,55,1,0,0
23:35:02 Jan 05 2021,91,59,0,0,0
23:35:04 Jan 05 2021,91,59,1,0,0
23:35:06 Jan 05 2021,90,60,1,0,0
23:35:08 Jan 05 2021,90,60,1,0,0
23:35:10 Jan 05 2021,90,66,1,0,0
23:35:12 Jan 05 2021,91,68,1,0,0
23:35:14 Jan 05 2021,93,69,0,0,0
23:35:16 Jan 05 2021,93,72,0,0,0
23:35:18 Jan 05 2021,94,74,0,0,0
23:35:20 Jan 05 2021,95,74,1,0,0
23:35:22 Jan 05 2021,95,74,1,0,0
23:35:24 Jan 05 2021,95,76,0,0,0
23:35:26 Jan 05 2021,95,75,1,0,0
23:35:28 Jan 05 2021,95,68,1,0,0
23:35:30 Jan 05 2021,95,67,1,0,0
23:35:32 Jan 05 2021,95,63,0,0,0
23:35:34 Jan 05 2021,95,66,0,0,0
23:35:36 Jan 05 2021,94,69,0,0,0
23:35:38 Jan 05 2021,94,69,0,0,0
23:35:40 Jan 05 2021,93,73,1,0,0
23:35:42 Jan 05 2021,93,76,0,0,0
23:35:44 Jan 05 2021,92,78,0,0,0
23:35:46 Jan 05 2021,91,79,1,0,0
23:35:48 Jan 05 2021,91,77,0,0,0
23:35:50 Jan 05 2021,90,73,0,0,0
23:35:52 Jan 05 2021,90,73,1,0,0
23:35:54 Jan 05 2021,90,73,0,0,0
23:35:56 Jan 05 2021,90,73,0,0,0
23:35:58 Jan 05 2021,90,74,0,0,0
23:36:00 Jan 05 2021,90,73,1,0,0
23:36:02 Jan 05 2021,90,74,1,0,0
23:36:04 Jan 05 2021,89,76,0,0,0
23:36:06 Jan 05 2021,89,77,1,0,0
23:36:08 Jan 05 2021,88,79,1,0,0
23:36:10 Jan 05 2021,88,80,1,0,0
23:36:12 Jan 05 2021,88,79,0,0,0
23:36:14 Jan 05 2021,88,75,1,0,0
23:36:16 Jan 05 2021,90,72,0,0,0
23:36:18 Jan 05 2021,91,72,1,0,0
23:36:20 Jan 05 2021,93,73,0,0,0
23:36:22 Jan 05 2021,93,76,1,0,0
23:36:24 Jan 05 2021,94,77,1,0,0
23:36:26 Jan 05 2021,95,78,1,0,0
23:36:28 Jan 05 2021,95,78,1,0,0
23:36:30 Jan 05 2021,96,79,1,0,0
23:36:32 Jan 05 2021,96,79,0,0,0
23:36:34 Jan 05 2021,96,79,1,0,0
23:36:36 Jan 05 2021,96,79,1,0,0
23:36:38 Jan 05 2021,96,78,1,0,0
23:36:40 Jan 05 2021,96,74,0,0,0
23:36:42 Jan 05 2021,96,71,0,0,0
23:36:44 Jan 05 2021,96,70,1,0,0
23:36:46 Jan 05 2021,96,70,0,0,0
23:36:48 Jan 05 2021,96,70,1,0,0
23:36:50 Jan 05 2021,96,70,0,0,0
23:36:52 Jan 05 2021,96,70,0,0,0
23:36:54 Jan 05 2021,95,72,1,0,0
23:36:56 Jan 05 2021,94,73,0,0,0
23:36:58 Jan 05 2021,94,75,1,0,0
23:37:00 Jan 05 2021,93,77,0,0,0
23:37:02 Jan 05 2021,94,70,0,0,0
23:37:04 Jan 05 2021,94,72,1,0,0
23:37:06 Jan 05 2021,93,73,1,0,0
23:37:08 Jan 05 2021,90,74,1,0,0
23:37:10 Jan 05 2021,89,78,1,0,0
23:37:12 Jan 05 2021,88,75,0,0,0
23:37:14 Jan 05 2021,88,72,0,0,0
23:37:16 Jan 05 2021,89,69,1,0,0
23:37:18 Jan 05 2021,88,63,1,0,0
23:37:20 Jan 05 2021,88,67,1,0,0
23:37:22 Jan 05 2021,88,68,1,0,0
23:37:24 Jan 05 2021,89,68,1,0,0
23:37:26 Jan 05 2021,89,71,1,0,0
23:37:28 Jan 05 2021,90,72,1,0,0
23:37:30 Jan 05 2021,91,72,0,0,0
23:37:32 Jan 05 2021,91,72,1,0,0
23:37:34 Jan 05 2021,92,72,1,0,0
23:37:36 Jan 05 2021,93,72,1,0,0
23:37:38 Jan 05 2021,92,72,0,0,0
23:37:40 Jan 05 2021,94,72,1,0,0
23:37:42 Jan 05 2021,94,72,1,0,0
23:37:44 Jan 05 2021,96,73,1,0,0
23:37:46 Jan 05 2021,96,73,1,0,0
23:37:48 Jan 05 2021,96,73,1,0,0
23:37:50 Jan 05 2021,96,73,1,0,0
23:37:52 Jan 05 2021,96,67,1,0,0
23:37:54 Jan 05 2021,96,67,1,0,0
23:37:56 Jan 05 2021,96,65,0,0,0
23:37:58 Jan 05 2021,95,63,0,0,0
23:38:00 Jan 05 2021,96,68,1,0,0
23:38:02 Jan 05 2021,96,67,1,0,0
23:38:04 Jan 05 2021,95,68,1,0,0
23:38:06 Jan 05 2021,95,69,1,0,0
23:38:08 Jan 05 2021,94,73,1,0,0
23:38:10 Jan 05 2021,93,75,0,0,0
23:38:12 Jan 05 2021,93,74,1,0,0
23:38:14 Jan 05 2021,92,74,1,0,0
23:38:16 Jan 05 2021,93,75,1,0,0
23:38:18 Jan 05 2021,93,73,1,0,0
23:38:20 Jan 05 2021,93,73,1,0,0
23:38:22 Jan 05 2021,93,73,1,0,0
23:38:24 Jan 05 2021,93,74,1,0,0
23:38:26 Jan 05 2021,93,75,0,0,0
23:38:28 Jan 05 2021,93,75,0,0,0
23:38:30 Jan 05 2021,93,75,0,0,0
23:38:32 Jan 05 2021,93,73,0,0,0
23:38:34 Jan 05 2021,93,72,0,0,0
23:38:36 Jan 05 2021,93,71,0,0,0
23:38:38 Jan 05 2021,93,71,1,0,0
23:38:40 Jan 05 2021,93,71,1,0,0
23:38:42 Jan 05 2021,93,71,1,0,0
23:38:44 Jan 05 2021,94,72,1,0,0
23:38:46 Jan 05 2021,95,72,0,0,0
23:38:48 Jan 05 2021,96,73,1,0,0
23:38:50 Jan 05 2021,96,72,1,0,0
23:38:52 Jan 05 2021,96,72,1,0,0
23:38:54 Jan 05 2021,96,72,1,0,0
23:38:56 Jan 05 2021,96,72,1,0,0
23:38:58 Jan 05 2021,96,68,1,0,0
23:39:00 Jan 05 2021,96,66,1,0,0
23:39:02 Jan 05 2021,96,65,1,0,0
23:39:04 Jan 05 2021,96,63,1,0,0
23:39:06 Jan 05 2021,96,66,1,0,0
23:39:08 Jan 05 2021,96,65,1,0,0
23:39:10 Jan 05 2021,96,65,4,0,0
23:39:12 Jan 05 2021,96,65,2,0,0
23:39:14 Jan 05 2021,96,65,5,0,0
23:39:16 Jan 05 2021,96,65,5,0,0
23:39:18 Jan 05 2021,96,65,21,0,0
23:39:20 Jan 05 2021,96,65,0,0,0
23:39:22 Jan 05 2021,96,65,0,0,0
23:39:24 Jan 05 2021,96,65,0,0,0
23:39:26 Jan 05 2021,96,65,0,0,0
23:39:28 Jan 05 2021,96,65,0,0,0
23:39:30 Jan 05 2021,96,65,0,0,0
23:39:32 Jan 05 2021,96,65,0,0,0
23:39:34 Jan 05 2021,96,69,0,0,0
23:39:36 Jan 05 2021,94,72,0,0,0
23:39:38 Jan 05 2021,94,84,0,0,0
23:39:40 Jan 05 2021,95,84,0,0,0
23:39:42 Jan 05 2021,93,82,0,0,0
23:39:44 Jan 05 2021,92,86,0,0,0
23:39:46 Jan 05 2021,92,82,0,0,0
23:39:48 Jan 05 2021,91,82,0,0,0
23:39:50 Jan 05 2021,92,86,0,0,0
23:39:52 Jan 05 2021,93,85,0,0,0
23:39:54 Jan 05 2021,93,87,0,0,0
23:39:56 Jan 05 2021,93,89,0,0,0
23:39:58 Jan 05 2021,93,84,0,0,0
23:40:00 Jan 05 2021,94,85,0,0,0
23:40:02 Jan 05 2021,95,83,0,0,0
23:40:04 Jan 05 2021,97,81,1,0,0
23:40:06 Jan 05 2021,97,81,0,0,0
23:40:08 Jan 05 2021,97,81,0,0,0
23:40:10 Jan 05 2021,97,81,0,0,0
23:40:12 Jan 05 2021,97,81,0,0,0
23:40:14 Jan 05 2021,97,81,1,0,0
23:40:16 Jan 05 2021,96,81,0,0,0
23:40:18 Jan 05 2021,96,81,0,0,0
23:40:20 Jan 05 2021,95,81,0,0,0
23:40:22 Jan 05 2021,95,79,0,0,0
23:40:24 Jan 05 2021,95,79,0,0,0
23:40:26 Jan 05 2021,94,79,0,0,0
23:40:28 Jan 05 2021,93,78,0,0,0
23:40:30 Jan 05 2021,93,76,0,0,0
23:40:32 Jan 05 2021,91,76,0,0,0
23:40:34 Jan 05 2021,91,75,0,0,0
23:40:36 Jan 05 2021,90,76,1,0,0
23:40:38 Jan 05 2021,90,78,0,0,0
23:40:40 Jan 05 2021,90,77,0,0,0
23:40:42 Jan 05 2021,90,77,0,0,0
23:40:44 Jan 05 2021,90,77,0,0,0
23:40:46 Jan 05 2021,91,77,0,0,0
23:40:48 Jan 05 2021,92,79,0,0,0
23:40:50 Jan 05 2021,94,81,0,0,0
23:40:52 Jan 05 2021,94,82,0,0,0
23:40:54 Jan 05 2021,95,83,1,0,0
23:40:56 Jan 05 2021,95,84,0,0,0
23:40:58 Jan 05 2021,95,87,0,0,0
23:41:00 Jan 05 2021,95,87,0,0,0
23:41:02 Jan 05 2021,95,85,0,0,0
23:41:04 Jan 05 2021,95,84,0,0,0
23:41:06 Jan 05 2021,95,80,0,0,0
23:41:08 Jan 05 2021,95,78,0,0,0
23:41:10 Jan 05 2021,94,74,0,0,0
23:41:12 Jan 05 2021,93,72,0,0,0
23:41:14 Jan 05 2021,93,73,0,0,0
23:41:16 Jan 05 2021,93,72,1,0,0
23:41:18 Jan 05 2021,93,74,1,0,0
23:41:20 Jan 05 2021,93,76,0,0,0
23:41:22 Jan 05 2021,93,78,0,0,0
23:41:24 Jan 05 2021,93,79,0,0,0
23:41:26 Jan 05 2021,92,79,1,0,0
23:41:28 Jan 05 2021,92,79,0,0,0
23:41:30 Jan 05 2021,92,81,0,0,0
23:41:32 Jan 05 2021,91,80,0,0,0
23:41:34 Jan 05 2021,92,81,0,0,0
23:41:36 Jan 05 2021,93,81,0,0,0
23:41:38 Jan 05 2021,93,81,0,0,0
23:41:40 Jan 05 2021,93,80,1,0,0
23:41:42 Jan 05 2021,93,80,1,0,0
23:41:44 Jan 05 2021,93,78,0,0,0
23:41:46 Jan 05 2021,93,77,1,0,0
23:41:48 Jan 05 2021,93,76,0,0,0
23:41:50 Jan 05 2021,93,76,0,0,0
23:41:52 Jan 05 2021,93,77,1,0,0
23:41:54 Jan 05 2021,93,77,0,0,0
23:41:56 Jan 05 2021,94,78,0,0,0
23:41:58 Jan 05 2021,95,73,0,0,0
23:42:00 Jan 05 2021,96,74,1,0,0
23:42:02 Jan 05 2021,96,71,0,0,0
23:42:04 Jan 05 2021,95,70,1,0,0
23:42:06 Jan 05 2021,95,71,0,0,0
23:42:08 Jan 05 2021,95,68,0,0,0
23:42:10 Jan 05 2021,95,64,0,0,0
23:42:12 Jan 05 2021,95,69,0,0,0
23:42:14 Jan 05 2021,96,70,1,0,0
23:42:16 Jan 05 2021,96,74,0,0,0
23:42:18 Jan 05 2021,96,75,3,0,0
23:42:20 Jan 05 2021,96,75,18,0,0
23:42:22 Jan 05 2021,96,76,4,0,0
23:42:24 Jan 05 2021,96,76,0,0,0
23:42:26 Jan 05 2021,96,76,20,0,0
23:42:28 Jan 05 2021,96,76,0,0,0
23:42:30 Jan 05 2021,96,76,0,0,0
23:42:32 Jan 05 2021,96,76,0,0,0
23:42:34 Jan 05 2021,96,76,0,0,0
23:42:36 Jan 05 2021,96,76,0,0,0
23:42:38 Jan 05 2021,95,76,0,0,0
23:42:40 Jan 05 2021,91,77,1,0,0
23:42:42 Jan 05 2021,90,78,0,0,0
23:42:44 Jan 05 2021,88,78,1,0,0
23:42:46 Jan 05 2021,88,79,0,0,0
23:42:48 Jan 05 2021,87,79,0,0,0
23:42:50 Jan 05 2021,84,79,0,0,0
23:42:52 Jan 05 2021,82,79,0,0,0
23:42:54 Jan 05 2021,82,79,1,0,0
23:42:56 Jan 05 2021,83,79,0,0,0
23:42:58 Jan 05 2021,84,79,0,0,0
23:43:00 Jan 05 2021,84,79,0,0,0
23:43:02 Jan 05 2021,85,79,1,0,0
23:43:04 Jan 05 2021,88,79,0,0,0
23:43:06 Jan 05 2021,91,79,0,0,0
23:43:08 Jan 05 2021,95,79,1,0,0
23:43:10 Jan 05 2021,96,77,0,0,0
23:43:12 Jan 05 2021,96,74,0,0,0
23:43:14 Jan 05 2021,97,72,1,0,0
23:43:16 Jan 05 2021,96,70,0,0,0
23:43:18 Jan 05 2021,96,71,0,0,0
23:43:20 Jan 05 2021,96,68,0,0,0
23:43:22 Jan 05 2021,96,68,0,0,0
23:43:24 Jan 05 2021,96,70,1,0,0
23:43:26 Jan 05 2021,97,71,0,0,0
23:43:28 Jan 05 2021,97,74,0,0,0
23:43:30 Jan 05 2021,97,73,0,0,0
23:43:32 Jan 05 2021,97,75,0,0,0
23:43:34 Jan 05 2021,97,77,0,0,0
23:43:36 Jan 05 2021,97,74,0,0,0
23:43:38 Jan 05 2021,97,75,1,0,0
23:43:40 Jan 05 2021,97,76,0,0,0
23:43:42 Jan 05 2021,97,76,0,0,0
23:43:44 Jan 05 2021,96,80,1,0,0
23:43:46 Jan 05 2021,96,82,0,0,0
23:43:48 Jan 05 2021,96,82,0,0,0
23:43:50 Jan 05 2021,96,81,0,0,0
23:43:52 Jan 05 2021,96,81,0,0,0
23:43:54 Jan 05 2021,95,77,0,0,0
23:43:56 Jan 05 2021,96,75,1,0,0
23:43:58 Jan 05 2021,96,78,0,0,0
23:44:00 Jan 05 2021,97,77,0,0,0
23:44:02 Jan 05 2021,97,77,0,0,0
23:44:04 Jan 05 2021,95,77,0,0,0
23:44:06 Jan 05 2021,93,77,0,0,0
23:44:08 Jan 05 2021,91,76,0,0,0
23:44:10 Jan 05 2021,91,74,0,0,0
23:44:12 Jan 05 2021,95,75,0,0,0
23:44:14 Jan 05 2021,94,73,0,0,0
23:44:16 Jan 05 2021,94,72,0,0,0
23:44:18 Jan 05 2021,94,71,0,0,0
23:44:20 Jan 05 2021,94,71,0,0,0
23:44:22 Jan 05 2021,97,73,0,0,0
23:44:24 Jan 05 2021,97,75,0,0,0
23:44:26 Jan 05 2021,97,77,0,0,0
23:44:28 Jan 05 2021,97,77,0,0,0
23:44:30 Jan 05 2021,97,77,0,0,0
23:44:32 Jan 05 2021,97,77,0,0,0
23:44:34 Jan 05 2021,97,77,0,0,0
23:44:36 Jan 05 2021,97,77,0,0,0
23:44:38 Jan 05 2021,96,75,0,0,0
23:44:40 Jan 05 2021,96,75,0,0,0
23:44:42 Jan 05 2021,96,76,0,0,0
23:44:44 Jan 05 2021,96,76,1,0,0
23:44:46 Jan 05 2021,96,75,0,0,0
23:44:48 Jan 05 2021,96,76,1,0,0
23:44:50 Jan 05 2021,96,77,0,0,0
23:44:52 Jan 05 2021,96,77,0,0,0
23:44:54 Jan 05 2021,96,76,0,0,0
23:44:56 Jan 05 2021,95,74,0,0,0
23:44:58 Jan 05 2021,95,73,0,0,0
23:45:00 Jan 05 2021,94,69,0,0,0
23:45:02 Jan 05 2021,94,65,0,0,0
23:45:04 Jan 05 2021,92,54,0,0,0
23:45:06 Jan 05 2021,92,45,0,0,0
23:45:08 Jan 05 2021,93,44,1,0,0
23:45:10 Jan 05 2021,93,45,0,0,0
23:45:12 Jan 05 2021,95,47,0,0,0
23:45:14 Jan 05 2021,95,47,0,0,0
23:45:16 Jan 05 2021,94,49,0,0,0
23:45:18 Jan 05 2021,94,50,0,0,0
23:45:20 Jan 05 2021,92,50,1,0,0
23:45:22 Jan 05 2021,95,49,0,0,0
23:45:24 Jan 05 2021,92,51,0,0,0
23:45:26 Jan 05 2021,92,57,0,0,0
23:45:28 Jan 05 2021,89,59,0,0,0
23:45:30 Jan 05 2021,89,68,0,0,0
23:45:32 Jan 05 2021,90,69,1,0,0
23:45:34 Jan 05 2021,91,69,1,0,0
23:45:36 Jan 05 2021,93,75,0,0,0
23:45:38 Jan 05 2021,93,74,1,0,0
23:45:40 Jan 05 2021,94,74,0,0,0
23:45:42 Jan 05 2021,94,76,0,0,0
23:45:44 Jan 05 2021,95,78,0,0,0
23:45:46 Jan 05 2021,96,80,1,0,0
23:45:48 Jan 05 2021,96,82,0,0,0
23:45:50 Jan 05 2021,97,87,0,0,0
23:45:52 Jan 05 2021,96,83,1,0,0
23:45:54 Jan 05 2021,96,80,1,0,0
23:45:56 Jan 05 2021,96,76,1,0,0
23:45:58 Jan 05 2021,95,74,0,0,0
23:46:00 Jan 05 2021,94,76,0,0,0
23:46:02 Jan 05 2021,93,71,0,0,0
23:46:04 Jan 05 2021,93,79,1,0,0
23:46:06 Jan 05 2021,93,80,0,0,0
23:46:08 Jan 05 2021,92,80,0,0,0
23:46:10 Jan 05 2021,92,81,0,0,0
23:46:12 Jan 05 2021,92,81,1,0,0
23:46:14 Jan 05 2021,92,80,0,0,0
23:46:16 Jan 05 2021,91,79,0,0,0
23:46:18 Jan 05 2021,91,79,0,0,0
23:46:20 Jan 05 2021,92,79,0,0,0
23:46:22 Jan 05 2021,91,74,0,0,0
23:46:24 Jan 05 2021,90,75,0,0,0
23:46:26 Jan 05 2021,89,72,1,0,0
23:46:28 Jan 05 2021,88,68,0,0,0
23:46:30 Jan 05 2021,90,69,1,0,0
23:46:32 Jan 05 2021,91,70,0,0,0
23:46:34 Jan 05 2021,92,70,0,0,0
23:46:36 Jan 05 2021,92,71,0,0,0
23:46:38 Jan 05 2021,92,71,0,0,0
23:46:40 Jan 05 2021,92,70,1,0,0
23:46:42 Jan 05 2021,92,70,0,0,0
23:46:44 Jan 05 2021,92,70,0,0,0
23:46:46 Jan 05 2021,92,70,1,0,0
23:46:48 Jan 05 2021,92,70,0,0,0
23:46:50 Jan 05 2021,92,70,1,0,0
23:46:52 Jan 05 2021,92,70,0,0,0
23:46:54 Jan 05 2021,93,70,0,0,0
23:46:56 Jan 05 2021,93,70,0,0,0
23:46:58 Jan 05 2021,93,70,0,0,0
23:47:00 Jan 05 2021,93,70,0,0,0
23:47:02 Jan 05 2021,93,65,0,0,0
23:47:04 Jan 05 2021,93,63,0,0,0
23:47:06 Jan 05 2021,93,67,0,0,0
23:47:08 Jan 05 2021,92,63,0,0,0
23:47:10 Jan 05 2021,92,66,1,0,0
23:47:12 Jan 05 2021,92,66,0,0,0
23:47:14 Jan 05 2021,92,66,0,0,0
23:47:16 Jan 05 2021,92,66,0,0,0
23:47:18 Jan 05 2021,92,66,0,0,0
23:47:20 Jan 05 2021,92,67,0,0,0
23:47:22 Jan 05 2021,92,71,0,0,0
23:47:24 Jan 05 2021,92,72,0,0,0
23:47:26 Jan 05 2021,91,76,0,0,0
23:47:28 Jan 05 2021,89,79,0,0,0
23:47:30 Jan 05 2021,88,81,0,0,0
23:47:32 Jan 05 2021,88,84,0,0,0
23:47:34 Jan 05 2021,88,83,1,0,0
23:47:36 Jan 05 2021,87,82,0,0,0
23:47:38 Jan 05 2021,84,80,0,0,0
23:47:40 Jan 05 2021,84,77,0,0,0
23:47:42 Jan 05 2021,83,78,1,0,0
23:47:44 Jan 05 2021,84,77,0,0,0
23:47:46 Jan 05 2021,85,77,1,0,0
23:47:48 Jan 05 2021,88,78,0,0,0
23:47:50 Jan 05 2021,90,77,1,0,0
23:47:52 Jan 05 2021,92,76,1,0,0
23:47:54 Jan 05 2021,93,77,0,0,0
23:47:56 Jan 05 2021,94,74,0,0,0
23:47:58 Jan 05 2021,95,75,0,0,0
23:48:00 Jan 05 2021,96,75,0,0,0
23:48:02 Jan 05 2021,96,75,0,0,0
23:48:04 Jan 05 2021,96,75,1,0,0
23:48:06 Jan 05 2021,96,76,1,0,0
23:48:08 Jan 05 2021,96,77,0,0,0
23:48:10 Jan 05 2021,96,77,0,0,0
23:48:12 Jan 05 2021,96,77,1,0,0
23:48:14 Jan 05 2021,96,76,0,0,0
23:48:16 Jan 05 2021,96,73,0,0,0
23:48:18 Jan 05 2021,95,73,1,0,0
23:48:20 Jan 05 2021,95,75,1,0,0
23:48:22 Jan 05 2021,95,75,5,0,0
23:48:24 Jan 05 2021,95,76,0,0,0
23:48:26 Jan 05 2021,95,76,0,0,0
23:48:28 Jan 05 2021,95,76,0,0,0
23:48:30 Jan 05 2021,94,74,0,0,0
23:48:32 Jan 05 2021,92,72,0,0,0
23:48:34 Jan 05 2021,90,71,0,0,0
23:48:36 Jan 05 2021,89,69,0,0,0
23:48:38 Jan 05 2021,88,72,0,0,0
23:48:40 Jan 05 2021,88,74,1,0,0
23:48:42 Jan 05 2021,88,76,0,0,0
23:48:44 Jan 05 2021,88,77,0,0,0
23:48:46 Jan 05 2021,88,78,0,0,0
23:48:48 Jan 05 2021,88,80,0,0,0
23:48:50 Jan 05 2021,88,79,0,0,0
23:48:52 Jan 05 2021,88,80,0,0,0
23:48:54 Jan 05 2021,88,81,0,0,0
23:48:56 Jan 05 2021,88,82,0,0,0
23:48:58 Jan 05 2021,86,82,0,0,0
23:49:00 Jan 05 2021,86,85,0,0,0
23:49:02 Jan 05 2021,86,85,0,0,0
23:49:04 Jan 05 2021,87,84,0,0,0
23:49:06 Jan 05 2021,89,85,0,0,0
23:49:08 Jan 05 2021,89,85,0,0,0
23:49:10 Jan 05 2021,90,84,0,0,0
23:49:12 Jan 05 2021,91,84,0,0,0
23:49:14 Jan 05 2021,91,84,0,0,0
23:49:16 Jan 05 2021,93,84,0,0,0
23:49:18 Jan 05 2021,93,82,1,0,0
23:49:20 Jan 05 2021,95,77,0,0,0
23:49:22 Jan 05 2021,96,77,0,0,0
23:49:24 Jan 05 2021,96,74,0,0,0
23:49:26 Jan 05 2021,97,74,0,0,0
23:49:28 Jan 05 2021,97,75,0,0,0
23:49:30 Jan 05 2021,97,75,0,0,0
23:49:32 Jan 05 2021,96,75,0,0,0
23:49:34 Jan 05 2021,96,76,0,0,0
23:49:36 Jan 05 2021,96,76,0,0,0
23:49:38 Jan 05 2021,96,76,0,0,0
23:49:40 Jan 05 2021,97,76,0,0,0
23:49:42 Jan 05 2021,96,75,0,0,0
23:49:44 Jan 05 2021,94,76,0,0,0
23:49:46 Jan 05 2021,92,77,0,0,0
23:49:48 Jan 05 2021,91,76,0,0,0
23:49:50 Jan 05 2021,91,79,0,0,0
23:49:52 Jan 05 2021,90,74,0,0,0
23:49:54 Jan 05 2021,90,71,0,0,0
23:49:56 Jan 05 2021,91,72,0,0,0
23:49:58 Jan 05 2021,91,68,0,0,0
23:50:00 Jan 05 2021,91,68,1,0,0
23:50:02 Jan 05 2021,92,69,0,0,0
23:50:04 Jan 05 2021,92,70,0,0,0
23:50:06 Jan 05 2021,91,69,0,0,0
23:50:08 Jan 05 2021,91,69,0,0,0
23:50:10 Jan 05 2021,91,69,0,0,0
23:50:12 Jan 05 2021,91,69,0,0,0
23:50:14 Jan 05 2021,91,70,0,0,0
23:50:16 Jan 05 2021,91,70,0,0,0
23:50:18 Jan 05 2021,91,70,0,0,0
23:50:20 Jan 05 2021,91,71,0,0,0
23:50:22 Jan 05 2021,91,68,0,0,0
23:50:24 Jan 05 2021,92,66,0,0,0
23:50:26 Jan 05 2021,93,64,0,0,0
23:50:28 Jan 05 2021,94,54,0,0,0
23:50:30 Jan 05 2021,94,52,0,0,0
23:50:32 Jan 05 2021,94,51,0,0,0
23:50:34 Jan 05 2021,95,55,0,0,0
23:50:36 Jan 05 2021,95,58,0,0,0
23:50:38 Jan 05 2021,95,59,0,0,0
23:50:40 Jan 05 2021,95,57,0,0,0
23:50:42 Jan 05 2021,95,58,0,0,0
23:50:44 Jan 05 2021,95,59,0,0,0
23:50:46 Jan 05 2021,95,59,0,0,0
23:50:48 Jan 05 2021,95,61,0,0,0
23:50:50 Jan 05 2021,95,59,0,0,0
23:50:52 Jan 05 2021,95,60,1,0,0
23:50:54 Jan 05 2021,95,60,0,0,0
23:50:56 Jan 05 2021,94,63,0,0,0
23:50:58 Jan 05 2021,94,65,0,0,0
23:51:00 Jan 05 2021,94,65,1,0,0
23:51:02 Jan 05 2021,93,63,0,0,0
23:51:04 Jan 05 2021,92,62,0,0,0
23:51:06 Jan 05 2021,92,61,0,0,0
23:51:08 Jan 05 2021,91,63,0,0,0
23:51:10 Jan 05 2021,91,64,0,0,0
23:51:12 Jan 05 2021,92,65,0,0,0
23:51:14 Jan 05 2021,92,66,0,0,0
23:51:16 Jan 05 2021,92,66,0,0,0
23:51:18 Jan 05 2021,92,66,0,0,0
23:51:20 Jan 05 2021,91,69,0,0,0
23:51:22 Jan 05 2021,91,69,0,0,0
23:51:24 Jan 05 2021,90,70,1,0,0
23:51:26 Jan 05 2021,90,71,0,0,0
23:51:28 Jan 05 2021,90,70,1,0,0
23:51:30 Jan 05 2021,90,72,0,0,0
23:51:32 Jan 05 2021,90,74,0,0,0
23:51:34 Jan 05 2021,90,75,1,0,0
23:51:36 Jan 05 2021,90,78,1,0,0
23:51:38 Jan 05 2021,90,77,0,0,0
23:51:40 Jan 05 2021,90,78,1,0,0
23:51:42 Jan 05 2021,90,78,0,0,0
23:51:44 Jan 05 2021,90,75,1,0,0
23:51:46 Jan 05 2021,90,73,0,0,0
23:51:48 Jan 05 2021,91,70,0,0,0
23:51:50 Jan 05 2021,92,71,0,0,0
23:51:52 Jan 05 2021,93,71,0,0,0
23:51:54 Jan 05 2021,94,70,0,0,0
23:51:56 Jan 05 2021,95,67,0,0,0
23:51:58 Jan 05 2021,95,67,1,0,0
23:52:00 Jan 05 2021,95,65,1,0,0
23:52:02 Jan 05 2021,95,68,0,0,0
23:52:04 Jan 05 2021,96,69,0,0,0
23:52:06 Jan 05 2021,96,71,0,0,0
23:52:08 Jan 05 2021,97,70,0,0,0
23:52:10 Jan 05 2021,97,70,0,0,0
23:52:12 Jan 05 2021,97,65,0,0,0
23:52:14 Jan 05 2021,97,63,1,0,0
23:52:16 Jan 05 2021,97,63,0,0,0
23:52:18 Jan 05 2021,97,63,0,0,0
23:52:20 Jan 05 2021,97,64,0,0,0
23:52:22 Jan 05 2021,97,65,0,0,0
23:52:24 Jan 05 2021,97,66,1,0,0
23:52:26 Jan 05 2021,97,68,0,0,0
23:52:28 Jan 05 2021,97,69,0,0,0
23:52:30 Jan 05 2021,97,70,0,0,0
23:52:32 Jan 05 2021,97,71,0,0,0
23:52:34 Jan 05 2021,97,71,1,0,0
23:52:36 Jan 05 2021,97,73,0,0,0
23:52:38 Jan 05 2021,97,73,1,0,0
23:52:40 Jan 05 2021,97,73,1,0,0
23:52:42 Jan 05 2021,97,73,1,0,0
23:52:44 Jan 05 2021,94,70,0,0,0
23:52:46 Jan 05 2021,92,67,0,0,0
23:52:48 Jan 05 2021,91,63,0,0,0
23:52:50 Jan 05 2021,89,60,0,0,0
23:52:52 Jan 05 2021,91,60,1,0,0
23:52:54 Jan 05 2021,91,58,0,0,0
23:52:56 Jan 05 2021,91,55,0,0,0
23:52:58 Jan 05 2021,92,56,1,0,0
23:53:00 Jan 05 2021,93,60,0,0,0
23:53:02 Jan 05 2021,93,62,0,0,0
23:53:04 Jan 05 2021,94,64,0,0,0
23:53:06 Jan 05 2021,94,63,1,0,0
23:53:08 Jan 05 2021,94,62,0,0,0
23:53:10 Jan 05 2021,94,63,1,0,0
23:53:12 Jan 05 2021,95,63,1,0,0
23:53:14 Jan 05 2021,95,62,1,0,0
23:53:16 Jan 05 2021,95,62,0,0,0
23:53:18 Jan 05 2021,95,62,1,0,0
23:53:20 Jan 05 2021,95,62,0,0,0
23:53:22 Jan 05 2021,95,62,1,0,0
23:53:24 Jan 05 2021,94,58,0,0,0
23:53:26 Jan 05 2021,94,57,1,0,0
23:53:28 Jan 05 2021,93,56,0,0,0
23:53:30 Jan 05 2021,93,55,0,0,0
23:53:32 Jan 05 2021,93,56,0,0,0
23:53:34 Jan 05 2021,93,56,0,0,0
23:53:36 Jan 05 2021,93,55,0,0,0
23:53:38 Jan 05 2021,93,57,1,0,0
23:53:40 Jan 05 2021,93,57,0,0,0
23:53:42 Jan 05 2021,93,57,0,0,0
23:53:44 Jan 05 2021,92,55,0,0,0
23:53:46 Jan 05 2021,92,54,0,0,0
23:53:48 Jan 05 2021,93,54,1,0,0
23:53:50 Jan 05 2021,93,55,0,0,0
23:53:52 Jan 05 2021,93,57,1,0,0
23:53:54 Jan 05 2021,93,57,0,0,0
23:53:56 Jan 05 2021,93,57,0,0,0
23:53:58 Jan 05 2021,93,57,0,0,0
23:54:00 Jan 05 2021,93,57,0,0,0
23:54:02 Jan 05 2021,93,58,0,0,0
23:54:04 Jan 05 2021,93,58,1,0,0
23:54:06 Jan 05 2021,93,58,0,0,0
23:54:08 Jan 05 2021,94,59,1,0,0
23:54:10 Jan 05 2021,94,60,0,0,0
23:54:12 Jan 05 2021,95,59,0,0,0
23:54:14 Jan 05 2021,95,60,1,0,0
23:54:16 Jan 05 2021,95,59,0,0,0
23:54:18 Jan 05 2021,95,58,0,0,0
23:54:20 Jan 05 2021,95,59,0,0,0
23:54:22 Jan 05 2021,95,59,1,0,0
23:54:24 Jan 05 2021,95,57,0,0,0
23:54:26 Jan 05 2021,94,55,0,0,0
23:54:28 Jan 05 2021,94,55,1,0,0
23:54:30 Jan 05 2021,94,58,1,0,0
23:54:32 Jan 05 2021,94,61,1,0,0
23:54:34 Jan 05 2021,95,65,0,0,0
23:54:36 Jan 05 2021,95,63,0,0,0
23:54:38 Jan 05 2021,95,59,0,0,0
23:54:40 Jan 05 2021,94,60,1,0,0
23:54:42 Jan 05 2021,94,56,0,0,0
23:54:44 Jan 05 2021,93,54,0,0,0
23:54:46 Jan 05 2021,94,55,0,0,0
23:54:48 Jan 05 2021,94,53,1,0,0
23:54:50 Jan 05 2021,94,54,0,0,0
23:54:52 Jan 05 2021,94,55,1,0,0
23:54:54 Jan 05 2021,94,55,1,0,0
23:54:56 Jan 05 2021,94,55,0,0,0
23:54:58 Jan 05 2021,92,55,0,0,0
23:55:00 Jan 05 2021,93,58,0,0,0
23:55:02 Jan 05 2021,93,57,0,0,0
23:55:04 Jan 05 2021,94,64,1,0,0
23:55:06 Jan 05 2021,95,62,1,0,0
23:55:08 Jan 05 2021,95,56,0,0,0
23:55:10 Jan 05 2021,95,55,0,0,0
23:55:12 Jan 05 2021,96,51,0,0,0
23:55:14 Jan 05 2021,96,50,1,0,0
23:55:16 Jan 05 2021,96,53,0,0,0
23:55:18 Jan 05 2021,96,54,0,0,0
23:55:20 Jan 05 2021,96,52,0,0,0
23:55:22 Jan 05 2021,96,54,1,0,0
23:55:24 Jan 05 2021,96,51,0,0,0
23:55:26 Jan 05 2021,96,54,0,0,0
23:55:28 Jan 05 2021,96,57,0,0,0
23:55:30 Jan 05 2021,96,56,1,0,0
23:55:32 Jan 05 2021,96,57,0,0,0
23:55:34 Jan 05 2021,96,55,2,0,0
23:55:36 Jan 05 2021,95,55,0,0,0
23:55:38 Jan 05 2021,96,56,0,0,0
23:55:40 Jan 05 2021,96,55,1,0,0
23:55:42 Jan 05 2021,96,56,0,0,0
23:55:44 Jan 05 2021,96,56,0,0,0
23:55:46 Jan 05 2021,96,56,1,0,0
23:55:48 Jan 05 2021,96,55,0,0,0
23:55:50 Jan 05 2021,96,55,0,0,0
23:55:52 Jan 05 2021,94,55,0,0,0
23:55:54 Jan 05 2021,93,54,0,0,0
23:55:56 Jan 05 2021,92,54,0,0,0
23:55:58 Jan 05 2021,90,56,0,0,0
23:56:00 Jan 05 2021,90,57,0,0,0
23:56:02 Jan 05 2021,88,60,0,0,0
23:56:04 Jan 05 2021,88,61,0,0,0
23:56:06 Jan 05 2021,88,61,1,0,0
23:56:08 Jan 05 2021,88,62,0,0,0
23:56:10 Jan 05 2021,88,60,0,0,0
23:56:12 Jan 05 2021,88,61,0,0,0
23:56:14 Jan 05 2021,88,60,0,0,0
23:56:16 Jan 05 2021,89,61,0,0,0
23:56:18 Jan 05 2021,91,65,0,0,0
23:56:20 Jan 05 2021,94,66,0,0,0
23:56:22 Jan 05 2021,96,67,0,0,0
23:56:24 Jan 05 2021,96,68,0,0,0
23:56:26 Jan 05 2021,97,61,0,0,0
23:56:28 Jan 05 2021,97,59,0,0,0
23:56:30 Jan 05 2021,96,56,0,0,0
23:56:32 Jan 05 2021,97,58,0,0,0
23:56:34 Jan 05 2021,97,58,0,0,0
23:56:36 Jan 05 2021,97,57,0,0,0
23:56:38 Jan 05 2021,97,57,0,0,0
23:56:40 Jan 05 2021,97,58,0,0,0
23:56:42 Jan 05 2021,97,60,0,0,0
23:56:44 Jan 05 2021,97,61,0,0,0
23:56:46 Jan 05 2021,97,63,0,0,0
23:56:48 Jan 05 2021,97,65,0,0,0
23:56:50 Jan 05 2021,97,65,0,0,0
23:56:52 Jan 05 2021,97,66,1,0,0
23:56:54 Jan 05 2021,97,67,0,0,0
23:56:56 Jan 05 2021,96,65,0,0,0
23:56:58 Jan 05 2021,96,65,0,0,0
23:57:00 Jan 05 2021,95,67,0,0,0
23:57:02 Jan 05 2021,96,69,0,0,0
23:57:04 Jan 05 2021,96,70,0,0,0
23:57:06 Jan 05 2021,96,70,0,0,0
23:57:08 Jan 05 2021,96,70,0,0,0
23:57:10 Jan 05 2021,93,69,0,0,0
23:57:12 Jan 05 2021,92,72,0,0,0
23:57:14 Jan 05 2021,92,76,0,0,0
23:57:16 Jan 05 2021,91,77,0,0,0
23:57:18 Jan 05 2021,92,77,0,0,0
23:57:20 Jan 05 2021,92,78,0,0,0
23:57:22 Jan 05 2021,92,78,0,0,0
23:57:24 Jan 05 2021,92,77,0,0,0
23:57:26 Jan 05 2021,90,73,0,0,0
23:57:28 Jan 05 2021,89,69,0,0,0
23:57:30 Jan 05 2021,89,69,0,0,0
23:57:32 Jan 05 2021,90,65,1,0,0
23:57:34 Jan 05 2021,90,66,0,0,0
23:57:36 Jan 05 2021,91,67,0,0,0
23:57:38 Jan 05 2021,92,62,0,0,0
23:57:40 Jan 05 2021,93,65,0,0,0
23:57:42 Jan 05 2021,94,66,0,0,0
23:57:44 Jan 05 2021,94,60,0,0,0
23:57:46 Jan 05 2021,95,65,0,0,0
23:57:48 Jan 05 2021,95,64,0,0,0
23:57:50 Jan 05 2021,95,62,0,0,0
23:57:52 Jan 05 2021,95,64,0,0,0
23:57:54 Jan 05 2021,95,64,0,0,0
23:57:56 Jan 05 2021,95,64,1,0,0
23:57:58 Jan 05 2021,95,64,0,0,0
23:58:00 Jan 05 2021,95,63,0,0,0
23:58:02 Jan 05 2021,95,61,0,0,0
23:58:04 Jan 05 2021,95,59,0,0,0
23:58:06 Jan 05 2021,95,59,0,0,0
23:58:08 Jan 05 2021,95,59,0,0,0
23:58:10 Jan 05 2021,95,59,0,0,0
23:58:12 Jan 05 2021,95,59,0,0,0
23:58:14 Jan 05 2021,95,59,0,0,0
23:58:16 Jan 05 2021,95,59,0,0,0
23:58:18 Jan 05 2021,94,56,0,0,0
23:58:20 Jan 05 2021,92,55,0,0,0
23:58:22 Jan 05 2021,92,59,0,0,0
23:58:24 Jan 05 2021,91,61,0,0,0
23:58:26 Jan 05 2021,92,62,0,0,0
23:58:28 Jan 05 2021,92,62,0,0,0
23:58:30 Jan 05 2021,92,62,0,0,0
23:58:32 Jan 05 2021,92,61,0,0,0
23:58:34 Jan 05 2021,92,62,0,0,0
23:58:36 Jan 05 2021,92,63,0,0,0
23:58:38 Jan 05 2021,92,64,0,0,0
23:58:40 Jan 05 2021,92,64,0,0,0
23:58:42 Jan 05 2021,92,64,0,0,0
23:58:44 Jan 05 2021,92,64,0,0,0
23:58:46 Jan 05 2021,92,64,0,0,0
23:58:48 Jan 05 2021,93,64,0,0,0
23:58:50 Jan 05 2021,93,63,0,0,0
23:58:52 Jan 05 2021,94,62,0,0,0
23:58:54 Jan 05 2021,94,62,1,0,0
23:58:56 Jan 05 2021,95,61,0,0,0
23:58:58 Jan 05 2021,95,60,1,0,0
23:59:00 Jan 05 2021,95,60,0,0,0
23:59:02 Jan 05 2021,95,60,0,0,0
23:59:04 Jan 05 2021,95,60,1,0,0
23:59:06 Jan 05 2021,95,60,0,0,0
23:59:08 Jan 05 2021,95,60,1,0,0
23:59:10 Jan 05 2021,95,60,0,0,0
23:59:12 Jan 05 2021,95,60,0,0,0
23:59:14 Jan 05 2021,95,60,0,0,0
23:59:16 Jan 05 2021,95,60,0,0,0
23:59:18 Jan 05 2021,95,60,4,0,0
23:59:20 Jan 05 2021,95,60,1,0,0
23:59:22 Jan 05 2021,95,61,7,0,0
23:59:24 Jan 05 2021,95,61,3,0,0
23:59:26 Jan 05 2021,95,62,6,0,0
23:59:28 Jan 05 2021,95,61,19,0,0
23:59:30 Jan 05 2021,95,61,15,0,0
23:59:32 Jan 05 2021,95,61,3,0,0
23:59:34 Jan 05 2021,95,61,0,0,0
23:59:36 Jan 05 2021,95,61,0,0,0
23:59:38 Jan 05 2021,95,62,0,0,0
23:59:40 Jan 05 2021,95,62,0,0,0
23:59:42 Jan 05 2021,95,63,0,0,0
23:59:44 Jan 05 2021,95,63,0,0,0
23:59:46 Jan 05 2021,95,64,0,0,0
23:59:48 Jan 05 2021,95,64,0,0,0
23:59:50 Jan 05 2021,95,64,0,0,0
23:59:52 Jan 05 2021,95,63,0,0,0
23:59:54 Jan 05 2021,94,56,0,0,0
23:59:56 Jan 05 2021,94,54,0,0,0
23:59:58 Jan 05 2021,93,50,0,0,0
00:00:00 Jan 06 2021,93,51,0,0,0
00:00:02 Jan 06 2021,94,54,0,0,0
00:00:04 Jan 06 2021,94,52,0,0,0
00:00:06 Jan 06 2021,94,52,1,0,0
00:00:08 Jan 06 2021,95,52,0,0,0
00:00:10 Jan 06 2021,95,51,0,0,0
00:00:12 Jan 06 2021,95,52,0,0,0
00:00:14 Jan 06 2021,96,52,0,0,0
00:00:16 Jan 06 2021,97,52,0,0,0
00:00:18 Jan 06 2021,97,52,0,0,0
00:00:20 Jan 06 2021,97,52,0,0,0
00:00:22 Jan 06 2021,97,56,0,0,0
00:00:24 Jan 06 2021,98,60,0,0,0
00:00:26 Jan 06 2021,98,62,0,0,0
00:00:28 Jan 06 2021,97,63,0,0,0
00:00:30 Jan 06 2021,97,62,0,0,0
00:00:32 Jan 06 2021,97,61,0,0,0
00:00:34 Jan 06 2021,97,61,0,0,0
00:00:36 Jan 06 2021,97,59,0,0,0
00:00:38 Jan 06 2021,97,56,0,0,0
00:00:40 Jan 06 2021,97,55,0,0,0
00:00:42 Jan 06 2021,97,56,0,0,0
00:00:44 Jan 06 2021,97,59,0,0,0
00:00:46 Jan 06 2021,97,61,0,0,0
00:00:48 Jan 06 2021,97,62,0,0,0
00:00:50 Jan 06 2021,97,63,0,0,0
00:00:52 Jan 06 2021,97,61,0,0,0
00:00:54 Jan 06 2021,97,62,0,0,0
00:00:56 Jan 06 2021,97,62,0,0,0
00:00:58 Jan 06 2021,97,63,0,0,0
00:01:00 Jan 06 2021,97,64,0,0,0
00:01:02 Jan 06 2021,96,66,0,0,0
00:01:04 Jan 06 2021,97,69,0,0,0
00:01:06 Jan 06 2021,97,68,0,0,0
00:01:08 Jan 06 2021,96,68,0,0,0
00:01:10 Jan 06 2021,97,64,0,0,0
00:01:12 Jan 06 2021,97,59,0,0,0
00:01:14 Jan 06 2021,97,57,0,0,0
00:01:16 Jan 06 2021,97,57,0,0,0
00:01:18 Jan 06 2021,97,61,0,0,0
00:01:20 Jan 06 2021,97,64,0,0,0
00:01:22 Jan 06 2021,98,67,0,0,0
00:01:24 Jan 06 2021,98,65,0,0,0
00:01:26 Jan 06 2021,98,65,0,0,0
00:01:28 Jan 06 2021,98,64,0,0,0
00:01:30 Jan 06 2021,98,64,0,0,0
00:01:32 Jan 06 2021,98,64,0,0,0
00:01:34 Jan 06 2021,98,64,0,0,0
00:01:36 Jan 06 2021,98,64,0,0,0
00:01:38 Jan 06 2021,98,64,0,0,0
00:01:40 Jan 06 2021,98,64,0,0,0
00:01:42 Jan 06 2021,98,64,0,0,0
00:01:44 Jan 06 2021,98,65,0,0,0
00:01:46 Jan 06 2021,98,66,0,0,0
00:01:48 Jan 06 2021,97,66,0,0,0
00:01:50 Jan 06 2021,96,66,0,0,0
00:01:52 Jan 06 2021,95,65,0,0,0
00:01:54 Jan 06 2021,93,67,0,0,0
00:01:56 Jan 06 2021,93,64,0,0,0
00:01:58 Jan 06 2021,92,59,0,0,0
00:02:00 Jan 06 2021,91,62,0,0,0
00:02:02 Jan 06 2021,91,58,0,0,0
00:02:04 Jan 06 2021,91,62,0,0,0
00:02:06 Jan 06 2021,91,63,0,0,0
00:02:08 Jan 06 2021,91,63,0,0,0
00:02:10 Jan 06 2021,91,67,0,0,0
00:02:12 Jan 06 2021,93,70,0,0,0
00:02:14 Jan 06 2021,94,72,0,0,0
00:02:16 Jan 06 2021,95,73,0,0,0
00:02:18 Jan 06 2021,96,74,0,0,0
00:02:20 Jan 06 2021,97,73,0,0,0
00:02:22 Jan 06 2021,97,74,0,0,0
00:02:24 Jan 06 2021,98,75,0,0,0
00:02:26 Jan 06 2021,98,74,0,0,0
00:02:28 Jan 06 2021,98,75,1,0,0
00:02:30 Jan 06 2021,98,75,0,0,0
00:02:32 Jan 06 2021,98,74,0,0,0
00:02:34 Jan 06 2021,98,75,0,0,0
00:02:36 Jan 06 2021,98,75,0,0,0
00:02:38 Jan 06 2021,97,74,0,0,0
00:02:40 Jan 06 2021,97,73,0,0,0
00:02:42 Jan 06 2021,97,71,0,0,0
00:02:44 Jan 06 2021,97,70,0,0,0
00:02:46 Jan 06 2021,97,69,3,0,0
00:02:48 Jan 06 2021,97,69,2,0,0
00:02:50 Jan 06 2021,97,68,1,0,0
00:02:52 Jan 06 2021,97,67,0,0,0
00:02:54 Jan 06 2021,97,67,0,0,0
00:02:56 Jan 06 2021,97,66,0,0,0
00:02:58 Jan 06 2021,97,66,0,0,0
00:03:00 Jan 06 2021,97,67,0,0,0
00:03:02 Jan 06 2021,96,66,0,0,0
00:03:04 Jan 06 2021,95,66,0,0,0
00:03:06 Jan 06 2021,95,67,0,0,0
00:03:08 Jan 06 2021,94,70,0,0,0
00:03:10 Jan 06 2021,94,71,0,0,0
00:03:12 Jan 06 2021,94,73,0,0,0
00:03:14 Jan 06 2021,93,71,0,0,0
00:03:16 Jan 06 2021,94,70,0,0,0
00:03:18 Jan 06 2021,95,72,0,0,0
00:03:20 Jan 06 2021,94,70,0,0,0
00:03:22 Jan 06 2021,95,71,0,0,0
00:03:24 Jan 06 2021,95,70,0,0,0
00:03:26 Jan 06 2021,95,71,0,0,0
00:03:28 Jan 06 2021,95,70,0,0,0
00:03:30 Jan 06 2021,96,69,0,0,0
00:03:32 Jan 06 2021,97,72,0,0,0
00:03:34 Jan 06 2021,98,72,0,0,0
00:03:36 Jan 06 2021,98,73,0,0,0
00:03:38 Jan 06 2021,98,74,0,0,0
00:03:40 Jan 06 2021,98,73,0,0,0
00:03:42 Jan 06 2021,98,73,0,0,0
00:03:44 Jan 06 2021,98,74,0,0,0
00:03:46 Jan 06 2021,98,74,0,0,0
00:03:48 Jan 06 2021,98,69,0,0,0
00:03:50 Jan 06 2021,98,73,0,0,0
00:03:52 Jan 06 2021,98,73,0,0,0
00:03:54 Jan 06 2021,98,75,0,0,0
00:03:56 Jan 06 2021,98,74,0,0,0
00:03:58 Jan 06 2021,97,63,0,0,0
00:04:00 Jan 06 2021,96,66,0,0,0
00:04:02 Jan 06 2021,95,65,0,0,0
00:04:04 Jan 06 2021,94,66,2,0,0
00:04:06 Jan 06 2021,94,74,3,0,0
00:04:08 Jan 06 2021,94,72,1,0,0
00:04:10 Jan 06 2021,95,74,0,0,0
00:04:12 Jan 06 2021,95,80,0,0,0
00:04:14 Jan 06 2021,95,80,0,0,0
00:04:16 Jan 06 2021,95,82,0,0,0
00:04:18 Jan 06 2021,95,83,0,0,0
00:04:20 Jan 06 2021,95,81,0,0,0
00:04:22 Jan 06 2021,95,80,0,0,0
00:04:24 Jan 06 2021,95,80,0,0,0
00:04:26 Jan 06 2021,95,80,0,0,0
00:04:28 Jan 06 2021,96,80,1,0,0
00:04:30 Jan 06 2021,96,81,0,0,0
00:04:32 Jan 06 2021,96,84,0,0,0
00:04:34 Jan 06 2021,97,87,0,0,0
00:04:36 Jan 06 2021,97,87,0,0,0
00:04:38 Jan 06 2021,97,89,0,0,0
00:04:40 Jan 06 2021,97,85,0,0,0
00:04:42 Jan 06 2021,97,85,0,0,0
00:04:44 Jan 06 2021,97,85,0,0,0
00:04:46 Jan 06 2021,97,84,0,0,0
00:04:48 Jan 06 2021,97,81,0,0,0
00:04:50 Jan 06 2021,97,78,0,0,0
00:04:52 Jan 06 2021,96,75,0,0,0
00:04:54 Jan 06 2021,96,77,0,0,0
00:04:56 Jan 06 2021,96,77,0,0,0
00:04:58 Jan 06 2021,96,77,0,0,0
00:05:00 Jan 06 2021,95,77,0,0,0
00:05:02 Jan 06 2021,95,75,0,0,0
00:05:04 Jan 06 2021,93,72,0,0,0
00:05:06 Jan 06 2021,91,69,0,0,0
00:05:08 Jan 06 2021,90,65,0,0,0
00:05:10 Jan 06 2021,90,65,0,0,0
00:05:12 Jan 06 2021,90,65,0,0,0
00:05:14 Jan 06 2021,89,68,0,0,0
00:05:16 Jan 06 2021,89,71,0,0,0
00:05:18 Jan 06 2021,88,74,0,0,0
00:05:20 Jan 06 2021,88,75,0,0,0
00:05:22 Jan 06 2021,89,76,0,0,0
00:05:24 Jan 06 2021,89,76,0,0,0
00:05:26 Jan 06 2021,90,73,0,0,0
00:05:28 Jan 06 2021,90,70,0,0,0
00:05:30 Jan 06 2021,90,69,0,0,0
00:05:32 Jan 06 2021,91,68,0,0,0
00:05:34 Jan 06 2021,91,69,0,0,0
00:05:36 Jan 06 2021,91,68,0,0,0
00:05:38 Jan 06 2021,93,68,0,0,0
00:05:40 Jan 06 2021,94,68,0,0,0
00:05:42 Jan 06 2021,96,64,0,0,0
00:05:44 Jan 06 2021,96,65,0,0,0
00:05:46 Jan 06 2021,96,60,0,0,0
00:05:48 Jan 06 2021,96,57,0,0,0
00:05:50 Jan 06 2021,96,57,0,0,0
00:05:52 Jan 06 2021,96,56,0,0,0
00:05:54 Jan 06 2021,96,56,0,0,0
00:05:56 Jan 06 2021,96,56,0,0,0
00:05:58 Jan 06 2021,96,57,0,0,0
00:06:00 Jan 06 2021,96,58,0,0,0
00:06:02 Jan 06 2021,95,58,0,0,0
00:06:04 Jan 06 2021,95,56,0,0,0
00:06:06 Jan 06 2021,94,51,0,0,0
00:06:08 Jan 06 2021,94,46,0,0,0
00:06:10 Jan 06 2021,93,47,0,0,0
00:06:12 Jan 06 2021,94,48,0,0,0
00:06:14 Jan 06 2021,94,53,0,0,0
00:06:16 Jan 06 2021,95,55,1,0,0
00:06:18 Jan 06 2021,96,54,0,0,0
00:06:20 Jan 06 2021,93,54,0,0,0
00:06:22 Jan 06 2021,92,53,0,0,0
00:06:24 Jan 06 2021,90,56,0,0,0
00:06:26 Jan 06 2021,89,52,0,0,0
00:06:28 Jan 06 2021,89,53,0,0,0
00:06:30 Jan 06 2021,90,52,0,0,0
00:06:32 Jan 06 2021,90,53,0,0,0
00:06:34 Jan 06 2021,92,53,0,0,0
00:06:36 Jan 06 2021,94,52,0,0,0
00:06:38 Jan 06 2021,95,49,0,0,0
00:06:40 Jan 06 2021,96,45,0,0,0
00:06:42 Jan 06 2021,97,43,0,0,0
00:06:44 Jan 06 2021,97,44,0,0,0
00:06:46 Jan 06 2021,97,53,0,0,0
00:06:48 Jan 06 2021,98,62,0,0,0
00:06:50 Jan 06 2021,98,69,0,0,0
00:06:52 Jan 06 2021,98,72,0,0,0
00:06:54 Jan 06 2021,98,66,0,0,0
00:06:56 Jan 06 2021,98,64,0,0,0
00:06:58 Jan 06 2021,98,64,0,0,0
00:07:00 Jan 06 2021,98,62,0,0,0
00:07:02 Jan 06 2021,98,63,0,0,0
00:07:04 Jan 06 2021,97,60,0,0,0
00:07:06 Jan 06 2021,96,51,0,0,0
00:07:08 Jan 06 2021,96,46,0,0,0
00:07:10 Jan 06 2021,96,42,0,0,0
00:07:12 Jan 06 2021,95,43,0,0,0
00:07:14 Jan 06 2021,95,45,0,0,0
00:07:16 Jan 06 2021,95,44,0,0,0
00:07:18 Jan 06 2021,95,44,0,0,0
00:07:20 Jan 06 2021,95,44,0,0,0
00:07:22 Jan 06 2021,95,44,0,0,0
00:07:24 Jan 06 2021,95,44,0,0,0
00:07:26 Jan 06 2021,95,44,0,0,0
00:07:28 Jan 06 2021,95,44,0,0,0
00:07:30 Jan 06 2021,95,44,0,0,0
00:07:32 Jan 06 2021,95,44,0,0,0
00:07:34 Jan 06 2021,95,44,0,0,0
00:07:36 Jan 06 2021,95,44,0,0,0
00:07:38 Jan 06 2021,95,44,0,0,0
00:07:40 Jan 06 2021,92,43,0,0,0
00:07:42 Jan 06 2021,91,43,0,0,0
00:07:44 Jan 06 2021,90,42,0,0,0
00:07:46 Jan 06 2021,88,42,0,0,0
00:07:48 Jan 06 2021,89,42,0,0,0
00:07:50 Jan 06 2021,90,42,0,0,0
00:07:52 Jan 06 2021,91,41,0,0,0
00:07:54 Jan 06 2021,91,41,0,0,0
00:07:56 Jan 06 2021,91,41,0,0,0
00:07:58 Jan 06 2021,92,41,0,0,0
00:08:00 Jan 06 2021,92,42,0,0,0
00:08:02 Jan 06 2021,93,43,0,0,0
00:08:04 Jan 06 2021,93,43,0,0,0
00:08:06 Jan 06 2021,94,47,0,0,0
00:08:08 Jan 06 2021,94,48,0,0,0
00:08:10 Jan 06 2021,95,51,0,0,0
00:08:12 Jan 06 2021,96,53,0,0,0
00:08:14 Jan 06 2021,97,52,0,0,0
00:08:16 Jan 06 2021,97,51,0,0,0
00:08:18 Jan 06 2021,97,49,0,0,0
00:08:20 Jan 06 2021,96,46,0,0,0
00:08:22 Jan 06 2021,96,43,0,0,0
00:08:24 Jan 06 2021,96,40,0,0,0
00:08:26 Jan 06 2021,95,39,0,0,0
00:08:28 Jan 06 2021,95,39,0,0,0
00:08:30 Jan 06 2021,95,39,1,0,0
00:08:32 Jan 06 2021,95,39,0,0,0
00:08:34 Jan 06 2021,94,40,0,0,0
00:08:36 Jan 06 2021,94,41,0,0,0
00:08:38 Jan 06 2021,95,42,0,0,0
00:08:40 Jan 06 2021,94,44,0,0,0
00:08:42 Jan 06 2021,95,50,0,0,0
00:08:44 Jan 06 2021,95,47,0,0,0
00:08:46 Jan 06 2021,94,47,0,0,0
00:08:48 Jan 06 2021,93,45,0,0,0
00:08:50 Jan 06 2021,93,44,0,0,0
00:08:52 Jan 06 2021,92,43,0,0,0
00:08:54 Jan 06 2021,93,45,0,0,0
00:08:56 Jan 06 2021,93,45,0,0,0
00:08:58 Jan 06 2021,93,45,0,0,0
00:09:00 Jan 06 2021,93,45,0,0,0
00:09:02 Jan 06 2021,93,45,0,0,0
00:09:04 Jan 06 2021,93,45,0,0,0
00:09:06 Jan 06 2021,93,45,0,0,0
00:09:08 Jan 06 2021,93,43,0,0,0
00:09:10 Jan 06 2021,93,43,0,0,0
00:09:12 Jan 06 2021,93,40,0,0,0
00:09:14 Jan 06 2021,93,39,0,0,0
00:09:16 Jan 06 2021,93,41,0,0,0
00:09:18 Jan 06 2021,93,40,0,0,0
00:09:20 Jan 06 2021,93,41,0,0,0
00:09:22 Jan 06 2021,93,39,0,0,0
00:09:24 Jan 06 2021,93,38,0,0,0
00:09:26 Jan 06 2021,93,37,0,0,0
00:09:28 Jan 06 2021,93,37,0,0,0
00:09:30 Jan 06 2021,93,37,0,0,0
00:09:32 Jan 06 2021,93,37,0,0,0
00:09:34 Jan 06 2021,93,37,0,0,0
00:09:36 Jan 06 2021,93,37,0,0,0
00:09:38 Jan 06 2021,93,37,0,0,0
00:09:40 Jan 06 2021,93,37,0,0,0
00:09:42 Jan 06 2021,93,37,0,0,0
00:09:44 Jan 06 2021,93,37,0,0,0
00:09:46 Jan 06 2021,92,38,0,0,0
00:09:48 Jan 06 2021,90,39,0,0,0
00:09:50 Jan 06 2021,88,39,0,0,0
00:09:52 Jan 06 2021,87,40,0,0,0
00:09:54 Jan 06 2021,87,40,0,0,0
00:09:56 Jan 06 2021,88,43,0,0,0
00:09:58 Jan 06 2021,88,48,0,0,0
00:10:00 Jan 06 2021,88,50,0,0,0
00:10:02 Jan 06 2021,88,54,0,0,0
00:10:04 Jan 06 2021,87,60,0,0,0
00:10:06 Jan 06 2021,87,64,0,0,0
00:10:08 Jan 06 2021,87,67,0,0,0
00:10:10 Jan 06 2021,88,68,0,0,0
00:10:12 Jan 06 2021,89,68,0,0,0
00:10:14 Jan 06 2021,90,69,0,0,0
00:10:16 Jan 06 2021,92,69,0,0,0
00:10:18 Jan 06 2021,93,69,0,0,0
00:10:20 Jan 06 2021,96,59,0,0,0
00:10:22 Jan 06 2021,97,49,0,0,0
00:10:24 Jan 06 2021,97,41,0,0,0
00:10:26 Jan 06 2021,97,40,0,0,0
00:10:28 Jan 06 2021,97,40,0,0,0
00:10:30 Jan 06 2021,97,40,0,0,0
00:10:32 Jan 06 2021,97,40,0,0,0
00:10:34 Jan 06 2021,97,40,0,0,0
00:10:36 Jan 06 2021,97,40,0,0,0
00:10:38 Jan 06 2021,97,40,0,0,0
00:10:40 Jan 06 2021,97,40,0,0,0
00:10:42 Jan 06 2021,97,45,0,0,0
00:10:44 Jan 06 2021,97,47,0,0,0
00:10:46 Jan 06 2021,97,48,0,0,0
00:10:48 Jan 06 2021,97,48,0,0,0
00:10:50 Jan 06 2021,96,59,0,0,0
00:10:52 Jan 06 2021,96,59,0,0,0
00:10:54 Jan 06 2021,95,59,0,0,0
00:10:56 Jan 06 2021,94,64,0,0,0
00:10:58 Jan 06 2021,94,64,0,0,0
00:11:00 Jan 06 2021,93,64,0,0,0
00:11:02 Jan 06 2021,91,56,0,0,0
00:11:04 Jan 06 2021,90,50,0,0,0
00:11:06 Jan 06 2021,88,43,0,0,0
00:11:08 Jan 06 2021,88,44,0,0,0
00:11:10 Jan 06 2021,88,59,6,0,0
00:11:12 Jan 06 2021,87,65,2,0,0
00:11:14 Jan 06 2021,87,69,0,0,0
00:11:16 Jan 06 2021,87,69,0,0,0
00:11:18 Jan 06 2021,88,66,0,0,0
00:11:20 Jan 06 2021,88,65,0,0,0
00:11:22 Jan 06 2021,88,66,0,0,0
00:11:24 Jan 06 2021,88,67,0,0,0
00:11:26 Jan 06 2021,87,70,1,0,0
00:11:28 Jan 06 2021,87,75,0,0,0
00:11:30 Jan 06 2021,87,77,0,0,0
00:11:32 Jan 06 2021,87,74,0,0,0
00:11:34 Jan 06 2021,88,75,0,0,0
00:11:36 Jan 06 2021,88,69,0,0,0
00:11:38 Jan 06 2021,87,62,0,0,0
00:11:40 Jan 06 2021,87,66,0,0,0
00:11:42 Jan 06 2021,88,64,0,0,0
00:11:44 Jan 06 2021,88,68,1,0,0
00:11:46 Jan 06 2021,88,69,0,0,0
00:11:48 Jan 06 2021,89,67,0,0,0
00:11:50 Jan 06 2021,89,66,0,0,0
00:11:52 Jan 06 2021,89,65,1,0,0
00:11:54 Jan 06 2021,90,65,0,0,0
00:11:56 Jan 06 2021,91,65,0,0,0
00:11:58 Jan 06 2021,91,66,0,0,0
00:12:00 Jan 06 2021,93,67,0,0,0
00:12:02 Jan 06 2021,94,64,0,0,0
00:12:04 Jan 06 2021,95,64,0,0,0
00:12:06 Jan 06 2021,96,63,0,0,0
00:12:08 Jan 06 2021,96,62,0,0,0
00:12:10 Jan 06 2021,97,64,0,0,0
00:12:12 Jan 06 2021,97,65,0,0,0
00:12:14 Jan 06 2021,97,65,0,0,0
00:12:16 Jan 06 2021,97,67,0,0,0
00:12:18 Jan 06 2021,97,68,1,0,0
00:12:20 Jan 06 2021,97,69,1,0,0
00:12:22 Jan 06 2021,97,70,0,0,0
00:12:24 Jan 06 2021,97,69,1,0,0
00:12:26 Jan 06 2021,97,72,0,0,0
00:12:28 Jan 06 2021,97,75,0,0,0
00:12:30 Jan 06 2021,96,76,0,0,0
00:12:32 Jan 06 2021,95,79,0,0,0
00:12:34 Jan 06 2021,94,79,0,0,0
00:12:36 Jan 06 2021,94,77,0,0,0
00:12:38 Jan 06 2021,94,77,0,0,0
00:12:40 Jan 06 2021,94,77,0,0,0
00:12:42 Jan 06 2021,94,76,0,0,0
00:12:44 Jan 06 2021,94,77,0,0,0
00:12:46 Jan 06 2021,94,78,0,0,0
00:12:48 Jan 06 2021,94,78,0,0,0
00:12:50 Jan 06 2021,93,76,0,0,0
00:12:52 Jan 06 2021,93,74,0,0,0
00:12:54 Jan 06 2021,92,72,0,0,0
00:12:56 Jan 06 2021,92,72,0,0,0
00:12:58 Jan 06 2021,93,74,0,0,0
00:13:00 Jan 06 2021,93,74,0,0,0
00:13:02 Jan 06 2021,94,73,0,0,0
00:13:04 Jan 06 2021,95,68,0,0,0
00:13:06 Jan 06 2021,96,69,0,0,0
00:13:08 Jan 06 2021,97,67,0,0,0
00:13:10 Jan 06 2021,97,71,0,0,0
00:13:12 Jan 06 2021,97,71,0,0,0
00:13:14 Jan 06 2021,97,72,0,0,0
00:13:16 Jan 06 2021,97,73,0,0,0
00:13:18 Jan 06 2021,97,69,0,0,0
00:13:20 Jan 06 2021,97,73,1,0,0
00:13:22 Jan 06 2021,97,68,0,0,0
00:13:24 Jan 06 2021,97,69,1,0,0
00:13:26 Jan 06 2021,97,75,4,0,0
00:13:28 Jan 06 2021,97,72,0,0,0
00:13:30 Jan 06 2021,97,72,0,0,0
00:13:32 Jan 06 2021,97,71,0,0,0
00:13:34 Jan 06 2021,97,72,0,0,0
00:13:36 Jan 06 2021,97,73,0,0,0
00:13:38 Jan 06 2021,97,73,0,0,0
00:13:40 Jan 06 2021,97,74,0,0,0
00:13:42 Jan 06 2021,97,73,0,0,0
00:13:44 Jan 06 2021,96,71,0,0,0
00:13:46 Jan 06 2021,96,70,0,0,0
00:13:48 Jan 06 2021,95,69,0,0,0
00:13:50 Jan 06 2021,94,69,0,0,0
00:13:52 Jan 06 2021,95,70,0,0,0
00:13:54 Jan 06 2021,95,71,0,0,0
00:13:56 Jan 06 2021,95,71,0,0,0
00:13:58 Jan 06 2021,95,71,0,0,0
00:14:00 Jan 06 2021,96,70,0,0,0
00:14:02 Jan 06 2021,96,70,0,0,0
00:14:04 Jan 06 2021,96,68,1,0,0
00:14:06 Jan 06 2021,96,67,1,0,0
00:14:08 Jan 06 2021,96,66,6,0,0
00:14:10 Jan 06 2021,96,65,9,0,0
00:14:12 Jan 06 2021,96,66,0,0,0
00:14:14 Jan 06 2021,96,65,0,0,0
00:14:16 Jan 06 2021,96,65,0,0,0
00:14:18 Jan 06 2021,96,64,1,0,0
00:14:20 Jan 06 2021,96,67,0,0,0
00:14:22 Jan 06 2021,93,67,1,0,0
00:14:24 Jan 06 2021,92,64,1,0,0
00:14:26 Jan 06 2021,91,66,0,0,0
00:14:28 Jan 06 2021,92,62,0,0,0
00:14:30 Jan 06 2021,92,61,0,0,0
00:14:32 Jan 06 2021,92,64,0,0,0
00:14:34 Jan 06 2021,92,63,3,0,0
00:14:36 Jan 06 2021,92,60,6,0,0
00:14:38 Jan 06 2021,92,59,12,0,0
00:14:40 Jan 06 2021,92,58,1,0,0
00:14:42 Jan 06 2021,92,57,0,0,0
00:14:44 Jan 06 2021,92,57,0,0,0
00:14:46 Jan 06 2021,92,58,1,0,0
00:14:48 Jan 06 2021,92,55,0,0,0
00:14:50 Jan 06 2021,92,53,0,0,0
00:14:52 Jan 06 2021,91,51,1,0,0
00:14:54 Jan 06 2021,92,50,1,0,0
00:14:56 Jan 06 2021,92,49,0,0,0
00:14:58 Jan 06 2021,92,49,0,0,0
00:15:00 Jan 06 2021,93,49,0,0,0
00:15:02 Jan 06 2021,93,49,1,0,0
00:15:04 Jan 06 2021,93,49,1,0,0
00:15:06 Jan 06 2021,93,48,4,0,0
00:15:08 Jan 06 2021,93,49,1,0,0
00:15:10 Jan 06 2021,93,49,0,0,0
00:15:12 Jan 06 2021,93,49,0,0,0
00:15:14 Jan 06 2021,93,49,1,0,0
00:15:16 Jan 06 2021,93,49,0,0,0
00:15:18 Jan 06 2021,93,49,0,0,0
00:15:20 Jan 06 2021,93,49,0,0,0
00:15:22 Jan 06 2021,93,49,0,0,0
00:15:24 Jan 06 2021,93,50,1,0,0
00:15:26 Jan 06 2021,93,50,0,0,0
00:15:28 Jan 06 2021,93,50,0,0,0
00:15:30 Jan 06 2021,93,50,0,0,0
00:15:32 Jan 06 2021,93,49,1,0,0
00:15:34 Jan 06 2021,93,50,1,0,0
00:15:36 Jan 06 2021,93,55,1,0,0
00:15:38 Jan 06 2021,93,65,1,0,0
00:15:40 Jan 06 2021,93,75,1,0,0
00:15:42 Jan 06 2021,93,79,0,0,0
00:15:44 Jan 06 2021,93,80,0,0,0
00:15:46 Jan 06 2021,92,78,0,0,0
00:15:48 Jan 06 2021,92,79,0,0,0
00:15:50 Jan 06 2021,92,79,0,0,0
00:15:52 Jan 06 2021,92,79,0,0,0
00:15:54 Jan 06 2021,92,81,1,0,0
00:15:56 Jan 06 2021,92,82,0,0,0
00:15:58 Jan 06 2021,91,83,1,0,0
00:16:00 Jan 06 2021,91,85,1,0,0
00:16:02 Jan 06 2021,91,84,0,0,0
00:16:04 Jan 06 2021,91,86,0,0,0
00:16:06 Jan 06 2021,91,85,0,0,0
00:16:08 Jan 06 2021,91,85,0,0,0
00:16:10 Jan 06 2021,91,84,1,0,0
00:16:12 Jan 06 2021,91,80,1,0,0
00:16:14 Jan 06 2021,91,78,1,0,0
00:16:16 Jan 06 2021,91,77,0,0,0
00:16:18 Jan 06 2021,91,75,1,0,0
00:16:20 Jan 06 2021,91,77,0,0,0
00:16:22 Jan 06 2021,91,77,1,0,0
00:16:24 Jan 06 2021,91,76,1,0,0
00:16:26 Jan 06 2021,91,78,0,0,0
00:16:28 Jan 06 2021,91,80,2,0,0
00:16:30 Jan 06 2021,91,83,0,0,0
00:16:32 Jan 06 2021,91,84,4,0,0
00:16:34 Jan 06 2021,91,86,1,0,0
00:16:36 Jan 06 2021,91,86,0,0,0
00:16:38 Jan 06 2021,91,86,1,0,0
00:16:40 Jan 06 2021,92,88,0,0,0
00:16:42 Jan 06 2021,92,86,0,0,0
00:16:44 Jan 06 2021,93,86,0,0,0
00:16:46 Jan 06 2021,94,84,1,0,0
00:16:48 Jan 06 2021,93,80,2,0,0
00:16:50 Jan 06 2021,94,79,0,0,0
00:16:52 Jan 06 2021,94,80,0,0,0
00:16:54 Jan 06 2021,94,80,0,0,0
00:16:56 Jan 06 2021,94,81,0,0,0
00:16:58 Jan 06 2021,94,79,1,0,0
00:17:00 Jan 06 2021,93,78,0,0,0
00:17:02 Jan 06 2021,93,78,1,0,0
00:17:04 Jan 06 2021,93,78,0,0,0
00:17:06 Jan 06 2021,93,77,0,0,0
00:17:08 Jan 06 2021,93,78,1,0,0
00:17:10 Jan 06 2021,93,78,1,0,0
00:17:12 Jan 06 2021,93,79,0,0,0
00:17:14 Jan 06 2021,93,81,0,0,0
00:17:16 Jan 06 2021,93,82,0,0,0
00:17:18 Jan 06 2021,91,83,0,0,0
00:17:20 Jan 06 2021,90,83,0,0,0
00:17:22 Jan 06 2021,89,83,0,0,0
00:17:24 Jan 06 2021,88,84,1,0,0
00:17:26 Jan 06 2021,90,84,0,0,0
00:17:28 Jan 06 2021,92,79,1,0,0
00:17:30 Jan 06 2021,93,77,0,0,0
00:17:32 Jan 06 2021,94,73,0,0,0
00:17:34 Jan 06 2021,95,73,1,0,0
00:17:36 Jan 06 2021,95,76,1,0,0
00:17:38 Jan 06 2021,96,75,0,0,0
00:17:40 Jan 06 2021,96,76,0,0,0
00:17:42 Jan 06 2021,96,76,1,0,0
00:17:44 Jan 06 2021,96,76,0,0,0
00:17:46 Jan 06 2021,96,76,1,0,0
00:17:48 Jan 06 2021,96,72,0,0,0
00:17:50 Jan 06 2021,96,71,0,0,0
00:17:52 Jan 06 2021,95,72,1,0,0
00:17:54 Jan 06 2021,95,74,1,0,0
00:17:56 Jan 06 2021,95,73,0,0,0
00:17:58 Jan 06 2021,95,72,0,0,0
00:18:00 Jan 06 2021,94,68,2,0,0
00:18:02 Jan 06 2021,94,69,2,0,0
00:18:04 Jan 06 2021,94,72,0,0,0
00:18:06 Jan 06 2021,94,73,0,0,0
00:18:08 Jan 06 2021,94,76,1,0,0
00:18:10 Jan 06 2021,94,74,0,0,0
00:18:12 Jan 06 2021,94,74,1,0,0
00:18:14 Jan 06 2021,94,75,0,0,0
00:18:16 Jan 06 2021,94,75,1,0,0
00:18:18 Jan 06 2021,94,74,1,0,0
00:18:20 Jan 06 2021,94,75,1,0,0
00:18:22 Jan 06 2021,94,75,0,0,0
00:18:24 Jan 06 2021,94,74,1,0,0
00:18:26 Jan 06 2021,94,74,1,0,0
00:18:28 Jan 06 2021,94,74,0,0,0
00:18:30 Jan 06 2021,94,75,1,0,0
00:18:32 Jan 06 2021,94,75,1,0,0
00:18:34 Jan 06 2021,94,76,1,0,0
00:18:36 Jan 06 2021,94,78,0,0,0
00:18:38 Jan 06 2021,94,77,1,0,0
00:18:40 Jan 06 2021,94,77,1,0,0
00:18:42 Jan 06 2021,94,78,1,0,0
00:18:44 Jan 06 2021,94,79,0,0,0
00:18:46 Jan 06 2021,94,80,1,0,0
00:18:48 Jan 06 2021,94,81,1,0,0
00:18:50 Jan 06 2021,94,82,1,0,0
00:18:52 Jan 06 2021,94,81,1,0,0
00:18:54 Jan 06 2021,94,81,1,0,0
00:18:56 Jan 06 2021,94,81,1,0,0
00:18:58 Jan 06 2021,94,81,0,0,0
00:19:00 Jan 06 2021,94,82,0,0,0
00:19:02 Jan 06 2021,95,82,0,0,0
00:19:04 Jan 06 2021,95,83,0,0,0
00:19:06 Jan 06 2021,95,82,1,0,0
00:19:08 Jan 06 2021,95,82,1,0,0
00:19:10 Jan 06 2021,94,82,1,0,0
00:19:12 Jan 06 2021,94,81,0,0,0
00:19:14 Jan 06 2021,93,80,0,0,0
00:19:16 Jan 06 2021,93,79,1,0,0
00:19:18 Jan 06 2021,93,78,1,0,0
00:19:20 Jan 06 2021,93,77,1,0,0
00:19:22 Jan 06 2021,92,75,0,0,0
00:19:24 Jan 06 2021,92,76,1,0,0
00:19:26 Jan 06 2021,92,76,0,0,0
00:19:28 Jan 06 2021,92,78,1,0,0
00:19:30 Jan 06 2021,92,73,1,0,0
00:19:32 Jan 06 2021,91,72,1,0,0
00:19:34 Jan 06 2021,91,69,0,0,0
00:19:36 Jan 06 2021,89,68,0,0,0
00:19:38 Jan 06 2021,89,74,0,0,0
00:19:40 Jan 06 2021,89,74,1,0,0
00:19:42 Jan 06 2021,89,75,1,0,0
00:19:44 Jan 06 2021,89,75,1,0,0
00:19:46 Jan 06 2021,89,74,0,0,0
00:19:48 Jan 06 2021,89,75,1,0,0
00:19:50 Jan 06 2021,89,75,1,0,0
00:19:52 Jan 06 2021,89,76,0,0,0
00:19:54 Jan 06 2021,90,77,0,0,0
00:19:56 Jan 06 2021,92,82,0,0,0
00:19:58 Jan 06 2021,93,85,1,0,0
00:20:00 Jan 06 2021,94,85,1,0,0
00:20:02 Jan 06 2021,94,84,0,0,0
00:20:04 Jan 06 2021,94,81,0,0,0
00:20:06 Jan 06 2021,94,78,1,0,0
00:20:08 Jan 06 2021,94,78,1,0,0
00:20:10 Jan 06 2021,94,80,1,0,0
00:20:12 Jan 06 2021,94,80,1,0,0
00:20:14 Jan 06 2021,94,80,1,0,0
00:20:16 Jan 06 2021,95,78,0,0,0
00:20:18 Jan 06 2021,95,77,1,0,0
00:20:20 Jan 06 2021,95,76,1,0,0
00:20:22 Jan 06 2021,95,77,0,0,0
00:20:24 Jan 06 2021,95,77,1,0,0
00:20:26 Jan 06 2021,95,76,0,0,0
00:20:28 Jan 06 2021,95,76,1,0,0
00:20:30 Jan 06 2021,95,76,1,0,0
00:20:32 Jan 06 2021,95,76,1,0,0
00:20:34 Jan 06 2021,95,76,1,0,0
00:20:36 Jan 06 2021,95,76,1,0,0
00:20:38 Jan 06 2021,95,75,1,0,0
00:20:40 Jan 06 2021,95,74,1,0,0
00:20:42 Jan 06 2021,95,74,1,0,0
00:20:44 Jan 06 2021,95,73,1,0,0
00:20:46 Jan 06 2021,94,74,1,0,0
00:20:48 Jan 06 2021,92,72,1,0,0
00:20:50 Jan 06 2021,91,71,1,0,0
00:20:52 Jan 06 2021,90,69,0,0,0
00:20:54 Jan 06 2021,90,69,1,0,0
00:20:56 Jan 06 2021,91,69,0,0,0
00:20:58 Jan 06 2021,91,69,1,0,0
00:21:00 Jan 06 2021,91,68,0,0,0
00:21:02 Jan 06 2021,90,67,1,0,0
00:21:04 Jan 06 2021,89,67,0,0,0
00:21:06 Jan 06 2021,88,61,0,0,0
00:21:08 Jan 06 2021,87,61,0,0,0
00:21:10 Jan 06 2021,89,60,1,0,0
00:21:12 Jan 06 2021,90,63,1,0,0
00:21:14 Jan 06 2021,91,63,1,0,0
00:21:16 Jan 06 2021,92,62,0,0,0
00:21:18 Jan 06 2021,93,62,1,0,0
00:21:20 Jan 06 2021,94,63,0,0,0
00:21:22 Jan 06 2021,94,64,1,0,0
00:21:24 Jan 06 2021,95,65,1,0,0
00:21:26 Jan 06 2021,95,64,1,0,0
00:21:28 Jan 06 2021,95,64,1,0,0
00:21:30 Jan 06 2021,95,63,1,0,0
00:21:32 Jan 06 2021,95,62,1,0,0
00:21:34 Jan 06 2021,95,60,0,0,0
00:21:36 Jan 06 2021,95,61,1,0,0
00:21:38 Jan 06 2021,95,61,0,0,0
00:21:40 Jan 06 2021,95,64,1,0,0
00:21:42 Jan 06 2021,95,67,0,0,0
00:21:44 Jan 06 2021,95,68,1,0,0
00:21:46 Jan 06 2021,95,69,1,0,0
00:21:48 Jan 06 2021,95,69,0,0,0
00:21:50 Jan 06 2021,95,68,1,0,0
00:21:52 Jan 06 2021,94,67,0,0,0
00:21:54 Jan 06 2021,94,66,1,0,0
00:21:56 Jan 06 2021,93,61,1,0,0
00:21:58 Jan 06 2021,93,61,1,0,0
00:22:00 Jan 06 2021,94,64,1,0,0
00:22:02 Jan 06 2021,93,65,0,0,0
00:22:04 Jan 06 2021,94,65,0,0,0
00:22:06 Jan 06 2021,91,68,1,0,0
00:22:08 Jan 06 2021,91,71,1,0,0
00:22:10 Jan 06 2021,91,71,1,0,0
00:22:12 Jan 06 2021,91,74,0,0,0
00:22:14 Jan 06 2021,90,76,1,0,0
00:22:16 Jan 06 2021,90,74,1,0,0
00:22:18 Jan 06 2021,90,72,1,0,0
00:22:20 Jan 06 2021,87,72,1,0,0
00:22:22 Jan 06 2021,85,72,1,0,0
00:22:24 Jan 06 2021,84,72,1,0,0
00:22:26 Jan 06 2021,84,75,0,0,0
00:22:28 Jan 06 2021,84,76,1,0,0
00:22:30 Jan 06 2021,85,75,1,0,0
00:22:32 Jan 06 2021,85,74,1,0,0
00:22:34 Jan 06 2021,88,72,1,0,0
00:22:36 Jan 06 2021,90,72,1,0,0
00:22:38 Jan 06 2021,92,71,1,0,0
00:22:40 Jan 06 2021,93,66,0,0,0
00:22:42 Jan 06 2021,94,62,1,0,0
00:22:44 Jan 06 2021,94,57,1,0,0
00:22:46 Jan 06 2021,95,57,1,0,0
00:22:48 Jan 06 2021,95,57,1,0,0
00:22:50 Jan 06 2021,95,58,0,0,0
00:22:52 Jan 06 2021,95,58,0,0,0
00:22:54 Jan 06 2021,95,59,1,0,0
00:22:56 Jan 06 2021,96,63,0,0,0
00:22:58 Jan 06 2021,96,66,1,0,0
00:23:00 Jan 06 2021,96,67,1,0,0
00:23:02 Jan 06 2021,96,70,1,0,0
00:23:04 Jan 06 2021,96,68,1,0,0
00:23:06 Jan 06 2021,96,69,1,0,0
00:23:08 Jan 06 2021,95,70,1,0,0
00:23:10 Jan 06 2021,94,71,0,0,0
00:23:12 Jan 06 2021,93,72,0,0,0
00:23:14 Jan 06 2021,93,73,0,0,0
00:23:16 Jan 06 2021,92,73,0,0,0
00:23:18 Jan 06 2021,92,73,1,0,0
00:23:20 Jan 06 2021,92,73,0,0,0
00:23:22 Jan 06 2021,91,73,1,0,0
00:23:24 Jan 06 2021,91,73,0,0,0
00:23:26 Jan 06 2021,91,76,1,0,0
00:23:28 Jan 06 2021,90,77,1,0,0
00:23:30 Jan 06 2021,89,73,1,0,0
00:23:32 Jan 06 2021,89,73,1,0,0
00:23:34 Jan 06 2021,89,68,1,0,0
00:23:36 Jan 06 2021,90,68,0,0,0
00:23:38 Jan 06 2021,90,68,0,0,0
00:23:40 Jan 06 2021,90,68,1,0,0
00:23:42 Jan 06 2021,90,70,1,0,0
00:23:44 Jan 06 2021,88,70,1,0,0
00:23:46 Jan 06 2021,87,71,0,0,0
00:23:48 Jan 06 2021,87,68,1,0,0
00:23:50 Jan 06 2021,87,68,1,0,0
00:23:52 Jan 06 2021,87,68,1,0,0
00:23:54 Jan 06 2021,87,68,1,0,0
00:23:56 Jan 06 2021,89,58,0,0,0
00:23:58 Jan 06 2021,90,51,1,0,0
00:24:00 Jan 06 2021,92,53,1,0,0
00:24:02 Jan 06 2021,93,51,1,0,0
00:24:04 Jan 06 2021,95,61,1,0,0
00:24:06 Jan 06 2021,96,68,1,0,0
00:24:08 Jan 06 2021,97,70,1,0,0
00:24:10 Jan 06 2021,97,70,0,0,0
00:24:12 Jan 06 2021,97,70,1,0,0
00:24:14 Jan 06 2021,97,70,0,0,0
00:24:16 Jan 06 2021,97,67,1,0,0
00:24:18 Jan 06 2021,97,71,1,0,0
00:24:20 Jan 06 2021,97,67,0,0,0
00:24:22 Jan 06 2021,97,66,1,0,0
00:24:24 Jan 06 2021,97,66,1,0,0
00:24:26 Jan 06 2021,97,66,1,0,0
00:24:28 Jan 06 2021,96,67,0,0,0
00:24:30 Jan 06 2021,96,70,0,0,0
00:24:32 Jan 06 2021,95,72,1,0,0
00:24:34 Jan 06 2021,95,74,1,0,0
00:24:36 Jan 06 2021,95,74,1,0,0
00:24:38 Jan 06 2021,95,73,1,0,0
00:24:40 Jan 06 2021,95,73,1,0,0
00:24:42 Jan 06 2021,95,72,1,0,0
00:24:44 Jan 06 2021,95,72,1,0,0
00:24:46 Jan 06 2021,95,72,0,0,0
00:24:48 Jan 06 2021,95,72,1,0,0
00:24:50 Jan 06 2021,95,72,1,0,0
00:24:52 Jan 06 2021,95,72,1,0,0
00:24:54 Jan 06 2021,95,72,0,0,0
00:24:56 Jan 06 2021,95,71,1,0,0
00:24:58 Jan 06 2021,95,71,1,0,0
00:25:00 Jan 06 2021,95,70,1,0,0
00:25:02 Jan 06 2021,95,71,1,0,0
00:25:04 Jan 06 2021,95,71,1,0,0
00:25:06 Jan 06 2021,95,71,1,0,0
00:25:08 Jan 06 2021,95,71,1,0,0
00:25:10 Jan 06 2021,95,71,0,0,0
00:25:12 Jan 06 2021,95,71,1,0,0
00:25:14 Jan 06 2021,95,71,1,0,0
00:25:16 Jan 06 2021,95,71,1,0,0
00:25:18 Jan 06 2021,95,72,0,0,0
00:25:20 Jan 06 2021,95,74,0,0,0
00:25:22 Jan 06 2021,95,75,1,0,0
00:25:24 Jan 06 2021,95,78,1,0,0
00:25:26 Jan 06 2021,95,77,1,0,0
00:25:28 Jan 06 2021,95,72,1,0,0
00:25:30 Jan 06 2021,95,73,1,0,0
00:25:32 Jan 06 2021,95,73,1,0,0
00:25:34 Jan 06 2021,95,73,0,0,0
00:25:36 Jan 06 2021,95,73,0,0,0
00:25:38 Jan 06 2021,95,71,0,0,0
00:25:40 Jan 06 2021,95,73,1,0,0
00:25:42 Jan 06 2021,95,73,1,0,0
00:25:44 Jan 06 2021,95,73,0,0,0
00:25:46 Jan 06 2021,95,73,1,0,0
00:25:48 Jan 06 2021,95,73,0,0,0
00:25:50 Jan 06 2021,95,67,1,0,0
00:25:52 Jan 06 2021,95,67,0,0,0
00:25:54 Jan 06 2021,95,67,1,0,0
00:25:56 Jan 06 2021,95,67,1,0,0
00:25:58 Jan 06 2021,95,67,0,0,0
00:26:00 Jan 06 2021,95,67,1,0,0
00:26:02 Jan 06 2021,95,67,1,0,0
00:26:04 Jan 06 2021,95,67,1,0,0
00:26:06 Jan 06 2021,95,72,0,0,0
00:26:08 Jan 06 2021,95,72,0,0,0
00:26:10 Jan 06 2021,95,67,0,0,0
00:26:12 Jan 06 2021,95,67,1,0,0
00:26:14 Jan 06 2021,95,70,0,0,0
00:26:16 Jan 06 2021,95,68,0,0,0
00:26:18 Jan 06 2021,95,68,0,0,0
00:26:20 Jan 06 2021,95,65,1,0,0
00:26:22 Jan 06 2021,93,55,0,0,0
00:26:24 Jan 06 2021,92,47,1,0,0
00:26:26 Jan 06 2021,91,44,0,0,0
00:26:28 Jan 06 2021,91,43,1,0,0
00:26:30 Jan 06 2021,91,45,1,0,0
00:26:32 Jan 06 2021,91,43,1,0,0
00:26:34 Jan 06 2021,92,41,0,0,0
00:26:36 Jan 06 2021,92,40,0,0,0
00:26:38 Jan 06 2021,92,39,0,0,0
00:26:40 Jan 06 2021,93,39,1,0,0
00:26:42 Jan 06 2021,93,44,0,0,0
00:26:44 Jan 06 2021,94,50,1,0,0
00:26:46 Jan 06 2021,95,51,1,0,0
00:26:48 Jan 06 2021,94,51,0,0,0
00:26:50 Jan 06 2021,93,42,0,0,0
00:26:52 Jan 06 2021,93,39,0,0,0
00:26:54 Jan 06 2021,93,39,1,0,0
00:26:56 Jan 06 2021,93,39,1,0,0
00:26:58 Jan 06 2021,93,39,1,0,0
00:27:00 Jan 06 2021,93,39,0,0,0
00:27:02 Jan 06 2021,92,39,0,0,0
00:27:04 Jan 06 2021,90,39,0,0,0
00:27:06 Jan 06 2021,88,39,1,0,0
00:27:08 Jan 06 2021,87,39,0,0,0
00:27:10 Jan 06 2021,87,39,0,0,0
00:27:12 Jan 06 2021,87,39,0,0,0
00:27:14 Jan 06 2021,87,39,0,0,0
00:27:16 Jan 06 2021,87,39,0,0,0
00:27:18 Jan 06 2021,87,39,1,0,0
00:27:20 Jan 06 2021,87,39,1,0,0
00:27:22 Jan 06 2021,87,39,1,0,0
00:27:24 Jan 06 2021,86,39,1,0,0
00:27:26 Jan 06 2021,85,40,1,0,0
00:27:28 Jan 06 2021,84,39,0,0,0
00:27:30 Jan 06 2021,83,39,1,0,0
00:27:32 Jan 06 2021,83,39,0,0,0
00:27:34 Jan 06 2021,83,39,1,0,0
00:27:36 Jan 06 2021,83,39,1,0,0
00:27:38 Jan 06 2021,83,39,0,0,0
00:27:40 Jan 06 2021,83,39,1,0,0
00:27:42 Jan 06 2021,83,39,1,0,0
00:27:44 Jan 06 2021,84,38,1,0,0
00:27:46 Jan 06 2021,84,37,0,0,0
00:27:48 Jan 06 2021,85,38,1,0,0
00:27:50 Jan 06 2021,86,38,0,0,0
00:27:52 Jan 06 2021,86,38,0,0,0
00:27:54 Jan 06 2021,86,38,0,0,0
00:27:56 Jan 06 2021,86,38,1,0,0
00:27:58 Jan 06 2021,86,38,1,0,0
00:28:00 Jan 06 2021,86,38,1,0,0
00:28:02 Jan 06 2021,86,38,0,0,0
00:28:04 Jan 06 2021,89,37,0,0,0
00:28:06 Jan 06 2021,92,38,0,0,0
00:28:08 Jan 06 2021,93,37,1,0,0
00:28:10 Jan 06 2021,95,37,0,0,0
00:28:12 Jan 06 2021,95,37,0,0,0
00:28:14 Jan 06 2021,95,37,0,0,0
00:28:16 Jan 06 2021,95,37,1,0,0
00:28:18 Jan 06 2021,95,37,0,0,0
00:28:20 Jan 06 2021,95,37,0,0,0
00:28:22 Jan 06 2021,94,38,1,0,0
00:28:24 Jan 06 2021,93,38,0,0,0
00:28:26 Jan 06 2021,92,39,1,0,0
00:28:28 Jan 06 2021,92,39,1,0,0
00:28:30 Jan 06 2021,92,40,1,0,0
00:28:32 Jan 06 2021,93,41,1,0,0
00:28:34 Jan 06 2021,93,40,0,0,0
00:28:36 Jan 06 2021,93,41,1,0,0
00:28:38 Jan 06 2021,93,41,1,0,0
00:28:40 Jan 06 2021,93,41,1,0,0
00:28:42 Jan 06 2021,93,41,1,0,0
00:28:44 Jan 06 2021,93,41,2,0,0
00:28:46 Jan 06 2021,93,41,1,0,0
00:28:48 Jan 06 2021,93,41,2,0,0
00:28:50 Jan 06 2021,93,41,35,0,0
00:28:52 Jan 06 2021,93,41,0,0,0
00:28:54 Jan 06 2021,93,41,0,0,0
00:28:56 Jan 06 2021,93,41,0,0,0
00:28:58 Jan 06 2021,93,41,0,0,0
00:29:00 Jan 06 2021,93,41,0,0,0
00:29:02 Jan 06 2021,93,41,0,0,0
00:29:04 Jan 06 2021,93,41,1,0,0
00:29:06 Jan 06 2021,93,41,0,0,0
00:29:08 Jan 06 2021,93,41,0,0,0
00:29:10 Jan 06 2021,93,41,0,0,0
00:29:12 Jan 06 2021,93,41,0,0,0
00:29:14 Jan 06 2021,93,41,0,0,0
00:29:16 Jan 06 2021,93,41,1,0,0
00:29:18 Jan 06 2021,90,41,0,0,0
00:29:20 Jan 06 2021,86,41,1,0,0
00:29:22 Jan 06 2021,86,41,0,0,0
00:29:24 Jan 06 2021,84,41,0,0,0
00:29:26 Jan 06 2021,85,41,0,0,0
00:29:28 Jan 06 2021,85,41,0,0,0
00:29:30 Jan 06 2021,86,41,0,0,0
00:29:32 Jan 06 2021,87,44,0,0,0
00:29:34 Jan 06 2021,90,47,1,0,0
00:29:36 Jan 06 2021,93,52,0,0,0
00:29:38 Jan 06 2021,95,53,0,0,0
00:29:40 Jan 06 2021,95,52,0,0,0
00:29:42 Jan 06 2021,95,53,0,0,0
00:29:44 Jan 06 2021,95,52,0,0,0
00:29:46 Jan 06 2021,95,53,0,0,0
00:29:48 Jan 06 2021,95,53,1,0,0
00:29:50 Jan 06 2021,95,53,0,0,0
00:29:52 Jan 06 2021,95,53,1,0,0
00:29:54 Jan 06 2021,95,53,0,0,0
00:29:56 Jan 06 2021,95,53,0,0,0
00:29:58 Jan 06 2021,95,52,0,0,0
00:30:00 Jan 06 2021,95,51,0,0,0
00:30:02 Jan 06 2021,94,56,0,0,0
00:30:04 Jan 06 2021,94,57,0,0,0
00:30:06 Jan 06 2021,94,56,1,0,0
00:30:08 Jan 06 2021,94,58,0,0,0
00:30:10 Jan 06 2021,94,56,0,0,0
00:30:12 Jan 06 2021,94,57,0,0,0
00:30:14 Jan 06 2021,94,57,0,0,0
00:30:16 Jan 06 2021,94,57,0,0,0
00:30:18 Jan 06 2021,94,57,0,0,0
00:30:20 Jan 06 2021,94,57,0,0,0
00:30:22 Jan 06 2021,94,57,1,0,0
00:30:24 Jan 06 2021,94,57,1,0,0
00:30:26 Jan 06 2021,94,57,0,0,0
00:30:28 Jan 06 2021,94,57,1,0,0
00:30:30 Jan 06 2021,94,57,0,0,0
00:30:32 Jan 06 2021,94,57,1,0,0
00:30:34 Jan 06 2021,94,57,0,0,0
00:30:36 Jan 06 2021,94,55,0,0,0
00:30:38 Jan 06 2021,94,56,0,0,0
00:30:40 Jan 06 2021,94,56,0,0,0
00:30:42 Jan 06 2021,94,54,0,0,0
00:30:44 Jan 06 2021,94,53,0,0,0
00:30:46 Jan 06 2021,94,53,0,0,0
00:30:48 Jan 06 2021,94,50,0,0,0
00:30:50 Jan 06 2021,94,51,0,0,0
00:30:52 Jan 06 2021,94,50,0,0,0
00:30:54 Jan 06 2021,94,50,1,0,0
00:30:56 Jan 06 2021,94,50,0,0,0
00:30:58 Jan 06 2021,95,51,0,0,0
00:31:00 Jan 06 2021,95,51,1,0,0
00:31:02 Jan 06 2021,95,52,1,0,0
00:31:04 Jan 06 2021,95,52,0,0,0
00:31:06 Jan 06 2021,95,51,0,0,0
00:31:08 Jan 06 2021,95,52,1,0,0
00:31:10 Jan 06 2021,95,51,0,0,0
00:31:12 Jan 06 2021,95,52,1,0,0
00:31:14 Jan 06 2021,95,52,0,0,0
00:31:16 Jan 06 2021,95,50,0,0,0
00:31:18 Jan 06 2021,95,50,0,0,0
00:31:20 Jan 06 2021,94,49,0,0,0
00:31:22 Jan 06 2021,94,49,0,0,0
00:31:24 Jan 06 2021,95,48,0,0,0
00:31:26 Jan 06 2021,95,49,0,0,0
00:31:28 Jan 06 2021,95,49,0,0,0
00:31:30 Jan 06 2021,93,51,0,0,0
00:31:32 Jan 06 2021,93,52,0,0,0
00:31:34 Jan 06 2021,93,51,0,0,0
00:31:36 Jan 06 2021,92,52,1,0,0
00:31:38 Jan 06 2021,93,52,0,0,0
00:31:40 Jan 06 2021,91,56,1,0,0
00:31:42 Jan 06 2021,91,58,1,0,0
00:31:44 Jan 06 2021,91,61,0,0,0
00:31:46 Jan 06 2021,91,61,0,0,0
00:31:48 Jan 06 2021,90,61,0,0,0
00:31:50 Jan 06 2021,88,63,0,0,0
00:31:52 Jan 06 2021,88,63,1,0,0
00:31:54 Jan 06 2021,88,61,0,0,0
00:31:56 Jan 06 2021,88,60,0,0,0
00:31:58 Jan 06 2021,89,58,0,0,0
00:32:00 Jan 06 2021,89,57,0,0,0
00:32:02 Jan 06 2021,89,56,0,0,0
00:32:04 Jan 06 2021,89,56,0,0,0
00:32:06 Jan 06 2021,89,52,1,0,0
00:32:08 Jan 06 2021,89,52,1,0,0
00:32:10 Jan 06 2021,89,52,0,0,0
00:32:12 Jan 06 2021,89,51,0,0,0
00:32:14 Jan 06 2021,89,52,0,0,0
00:32:16 Jan 06 2021,89,51,1,0,0
00:32:18 Jan 06 2021,89,54,0,0,0
00:32:20 Jan 06 2021,89,55,0,0,0
00:32:22 Jan 06 2021,89,54,0,0,0
00:32:24 Jan 06 2021,90,54,0,0,0
00:32:26 Jan 06 2021,90,54,0,0,0
00:32:28 Jan 06 2021,90,54,0,0,0
00:32:30 Jan 06 2021,90,54,1,0,0
00:32:32 Jan 06 2021,90,54,0,0,0
00:32:34 Jan 06 2021,91,53,1,0,0
00:32:36 Jan 06 2021,93,48,0,0,0
00:32:38 Jan 06 2021,95,44,0,0,0
00:32:40 Jan 06 2021,95,43,0,0,0
00:32:42 Jan 06 2021,95,42,0,0,0
00:32:44 Jan 06 2021,95,42,0,0,0
00:32:46 Jan 06 2021,94,41,0,0,0
00:32:48 Jan 06 2021,94,40,0,0,0
00:32:50 Jan 06 2021,94,39,0,0,0
00:32:52 Jan 06 2021,94,38,0,0,0
00:32:54 Jan 06 2021,93,39,0,0,0
00:32:56 Jan 06 2021,93,39,0,0,0
00:32:58 Jan 06 2021,93,40,1,0,0
00:33:00 Jan 06 2021,93,41,0,0,0
00:33:02 Jan 06 2021,92,39,0,0,0
00:33:04 Jan 06 2021,91,39,0,0,0
00:33:06 Jan 06 2021,89,39,0,0,0
00:33:08 Jan 06 2021,88,38,0,0,0
00:33:10 Jan 06 2021,88,39,1,0,0
00:33:12 Jan 06 2021,88,39,0,0,0
00:33:14 Jan 06 2021,88,39,1,0,0
00:33:16 Jan 06 2021,88,39,0,0,0
00:33:18 Jan 06 2021,87,48,0,0,0
00:33:20 Jan 06 2021,87,47,1,0,0
00:33:22 Jan 06 2021,86,47,1,0,0
00:33:24 Jan 06 2021,85,47,1,0,0
00:33:26 Jan 06 2021,85,41,1,0,0
00:33:28 Jan 06 2021,85,40,0,0,0
00:33:30 Jan 06 2021,85,39,1,0,0
00:33:32 Jan 06 2021,85,40,0,0,0
00:33:34 Jan 06 2021,85,40,0,0,0
00:33:36 Jan 06 2021,85,40,0,0,0
00:33:38 Jan 06 2021,85,40,0,0,0
00:33:40 Jan 06 2021,85,40,0,0,0
00:33:42 Jan 06 2021,85,40,0,0,0
00:33:44 Jan 06 2021,85,40,1,0,0
00:33:46 Jan 06 2021,85,40,0,0,0
00:33:48 Jan 06 2021,85,40,0,0,0
00:33:50 Jan 06 2021,86,39,1,0,0
00:33:52 Jan 06 2021,87,38,0,0,0
00:33:54 Jan 06 2021,88,37,1,0,0
00:33:56 Jan 06 2021,88,37,0,0,0
00:33:58 Jan 06 2021,88,37,0,0,0
00:34:00 Jan 06 2021,88,37,0,0,0
00:34:02 Jan 06 2021,88,37,0,0,0
00:34:04 Jan 06 2021,88,37,0,0,0
00:34:06 Jan 06 2021,88,37,0,0,0
00:34:08 Jan 06 2021,88,37,0,0,0
00:34:10 Jan 06 2021,90,38,1,0,0
00:34:12 Jan 06 2021,92,38,1,0,0
00:34:14 Jan 06 2021,93,38,1,0,0
00:34:16 Jan 06 2021,93,38,0,0,0
00:34:18 Jan 06 2021,93,38,0,0,0
00:34:20 Jan 06 2021,93,38,0,0,0
00:34:22 Jan 06 2021,93,38,1,0,0
00:34:24 Jan 06 2021,93,38,1,0,0
00:34:26 Jan 06 2021,93,38,0,0,0
00:34:28 Jan 06 2021,93,38,0,0,0
00:34:30 Jan 06 2021,93,38,0,0,0
00:34:32 Jan 06 2021,93,38,1,0,0
00:34:34 Jan 06 2021,93,38,0,0,0
00:34:36 Jan 06 2021,93,38,0,0,0
00:34:38 Jan 06 2021,93,38,1,0,0
00:34:40 Jan 06 2021,93,38,0,0,0
00:34:42 Jan 06 2021,93,38,0,0,0
00:34:44 Jan 06 2021,93,38,0,0,0
00:34:46 Jan 06 2021,93,38,0,0,0
00:34:48 Jan 06 2021,93,38,0,0,0
00:34:50 Jan 06 2021,93,38,0,0,0
00:34:52 Jan 06 2021,93,38,0,0,0
00:34:54 Jan 06 2021,93,38,0,0,0
00:34:56 Jan 06 2021,93,38,1,0,0
00:34:58 Jan 06 2021,93,38,0,0,0
00:35:00 Jan 06 2021,93,38,1,0,0
00:35:02 Jan 06 2021,93,38,0,0,0
00:35:04 Jan 06 2021,93,38,0,0,0
00:35:06 Jan 06 2021,93,38,0,0,0
00:35:08 Jan 06 2021,93,38,0,0,0
00:35:10 Jan 06 2021,93,38,0,0,0
00:35:12 Jan 06 2021,93,38,0,0,0
00:35:14 Jan 06 2021,93,38,0,0,0
00:35:16 Jan 06 2021,93,38,0,0,0
00:35:18 Jan 06 2021,93,43,0,0,0
00:35:20 Jan 06 2021,94,54,0,0,0
00:35:22 Jan 06 2021,95,60,0,0,0
00:35:24 Jan 06 2021,96,75,0,0,0
00:35:26 Jan 06 2021,96,79,0,0,0
00:35:28 Jan 06 2021,97,81,0,0,0
00:35:30 Jan 06 2021,97,80,0,0,0
00:35:32 Jan 06 2021,97,81,0,0,0
00:35:34 Jan 06 2021,98,80,0,0,0
00:35:36 Jan 06 2021,98,80,0,0,0
00:35:38 Jan 06 2021,98,82,0,0,0
00:35:40 Jan 06 2021,98,83,0,0,0
00:35:42 Jan 06 2021,98,83,0,0,0
00:35:44 Jan 06 2021,98,84,0,0,0
00:35:46 Jan 06 2021,98,84,0,0,0
00:35:48 Jan 06 2021,98,83,0,0,0
00:35:50 Jan 06 2021,98,82,0,0,0
00:35:52 Jan 06 2021,97,79,0,0,0
00:35:54 Jan 06 2021,97,78,0,0,0
00:35:56 Jan 06 2021,97,77,0,0,0
00:35:58 Jan 06 2021,96,78,0,0,0
00:36:00 Jan 06 2021,96,78,0,0,0
00:36:02 Jan 06 2021,95,78,0,0,0
00:36:04 Jan 06 2021,95,78,0,0,0
00:36:06 Jan 06 2021,94,78,0,0,0
00:36:08 Jan 06 2021,94,78,0,0,0
00:36:10 Jan 06 2021,92,78,0,0,0
00:36:12 Jan 06 2021,91,78,0,0,0
00:36:14 Jan 06 2021,91,78,0,0,0
00:36:16 Jan 06 2021,92,78,0,0,0
00:36:18 Jan 06 2021,92,79,0,0,0
00:36:20 Jan 06 2021,91,75,0,0,0
00:36:22 Jan 06 2021,91,72,0,0,0
00:36:24 Jan 06 2021,90,73,1,0,0
00:36:26 Jan 06 2021,90,71,0,0,0
00:36:28 Jan 06 2021,90,72,0,0,0
00:36:30 Jan 06 2021,89,73,1,0,0
00:36:32 Jan 06 2021,88,69,0,0,0
00:36:34 Jan 06 2021,87,70,0,0,0
00:36:36 Jan 06 2021,87,70,0,0,0
00:36:38 Jan 06 2021,87,67,0,0,0
00:36:40 Jan 06 2021,87,69,0,0,0
00:36:42 Jan 06 2021,87,71,0,0,0
00:36:44 Jan 06 2021,87,70,0,0,0
00:36:46 Jan 06 2021,87,66,1,0,0
00:36:48 Jan 06 2021,88,68,0,0,0
00:36:50 Jan 06 2021,88,63,0,0,0
00:36:52 Jan 06 2021,89,62,1,0,0
00:36:54 Jan 06 2021,90,66,0,0,0
00:36:56 Jan 06 2021,91,64,1,0,0
00:36:58 Jan 06 2021,92,65,0,0,0
00:37:00 Jan 06 2021,93,67,0,0,0
00:37:02 Jan 06 2021,94,64,1,0,0
00:37:04 Jan 06 2021,95,63,0,0,0
00:37:06 Jan 06 2021,95,56,0,0,0
00:37:08 Jan 06 2021,95,63,1,0,0
00:37:10 Jan 06 2021,95,64,0,0,0
00:37:12 Jan 06 2021,96,64,0,0,0
00:37:14 Jan 06 2021,96,68,1,0,0
00:37:16 Jan 06 2021,96,63,0,0,0
00:37:18 Jan 06 2021,96,64,0,0,0
00:37:20 Jan 06 2021,96,65,0,0,0
00:37:22 Jan 06 2021,96,65,1,0,0
00:37:24 Jan 06 2021,96,65,1,0,0
00:37:26 Jan 06 2021,96,64,1,0,0
00:37:28 Jan 06 2021,96,64,0,0,0
00:37:30 Jan 06 2021,95,66,0,0,0
00:37:32 Jan 06 2021,94,67,0,0,0
00:37:34 Jan 06 2021,94,68,0,0,0
00:37:36 Jan 06 2021,94,70,1,0,0
00:37:38 Jan 06 2021,93,69,0,0,0
00:37:40 Jan 06 2021,94,70,0,0,0
00:37:42 Jan 06 2021,93,74,1,0,0
00:37:44 Jan 06 2021,93,75,0,0,0
00:37:46 Jan 06 2021,93,72,0,0,0
00:37:48 Jan 06 2021,91,76,0,0,0
00:37:50 Jan 06 2021,89,76,0,0,0
00:37:52 Jan 06 2021,87,79,0,0,0
00:37:54 Jan 06 2021,86,79,0,0,0
00:37:56 Jan 06 2021,87,79,0,0,0
00:37:58 Jan 06 2021,87,80,0,0,0
00:38:00 Jan 06 2021,87,80,0,0,0
00:38:02 Jan 06 2021,87,79,1,0,0
00:38:04 Jan 06 2021,87,80,0,0,0
00:38:06 Jan 06 2021,86,77,0,0,0
00:38:08 Jan 06 2021,86,78,0,0,0
00:38:10 Jan 06 2021,86,80,0,0,0
00:38:12 Jan 06 2021,86,80,0,0,0
00:38:14 Jan 06 2021,86,80,0,0,0
00:38:16 Jan 06 2021,86,80,0,0,0
00:38:18 Jan 06 2021,86,78,0,0,0
00:38:20 Jan 06 2021,87,77,0,0,0
00:38:22 Jan 06 2021,87,76,1,0,0
00:38:24 Jan 06 2021,87,75,0,0,0
00:38:26 Jan 06 2021,87,76,0,0,0
00:38:28 Jan 06 2021,87,75,0,0,0
00:38:30 Jan 06 2021,89,79,1,0,0
00:38:32 Jan 06 2021,89,81,0,0,0
00:38:34 Jan 06 2021,92,82,0,0,0
00:38:36 Jan 06 2021,93,84,0,0,0
00:38:38 Jan 06 2021,93,81,0,0,0
00:38:40 Jan 06 2021,95,83,1,0,0
00:38:42 Jan 06 2021,96,86,1,0,0
00:38:44 Jan 06 2021,97,87,0,0,0
00:38:46 Jan 06 2021,97,89,0,0,0
00:38:48 Jan 06 2021,97,87,0,0,0
00:38:50 Jan 06 2021,97,87,0,0,0
00:38:52 Jan 06 2021,97,85,0,0,0
00:38:54 Jan 06 2021,97,84,0,0,0
00:38:56 Jan 06 2021,97,83,0,0,0
00:38:58 Jan 06 2021,97,82,1,0,0
00:39:00 Jan 06 2021,97,84,1,0,0
00:39:02 Jan 06 2021,97,82,0,0,0
00:39:04 Jan 06 2021,97,83,0,0,0
00:39:06 Jan 06 2021,97,81,1,0,0
00:39:08 Jan 06 2021,97,79,0,0,0
00:39:10 Jan 06 2021,97,82,1,0,0
00:39:12 Jan 06 2021,97,78,0,0,0
00:39:14 Jan 06 2021,97,77,0,0,0
00:39:16 Jan 06 2021,97,77,0,0,0
00:39:18 Jan 06 2021,97,75,0,0,0
00:39:20 Jan 06 2021,95,75,1,0,0
00:39:22 Jan 06 2021,93,75,2,0,0
00:39:24 Jan 06 2021,93,75,0,0,0
00:39:26 Jan 06 2021,91,75,0,0,0
00:39:28 Jan 06 2021,91,75,0,0,0
00:39:30 Jan 06 2021,92,75,1,0,0
00:39:32 Jan 06 2021,91,75,0,0,0
00:39:34 Jan 06 2021,91,75,0,0,0
00:39:36 Jan 06 2021,91,76,0,0,0
00:39:38 Jan 06 2021,90,77,0,0,0
00:39:40 Jan 06 2021,90,77,0,0,0
00:39:42 Jan 06 2021,90,77,0,0,0
00:39:44 Jan 06 2021,90,77,0,0,0
00:39:46 Jan 06 2021,90,76,1,0,0
00:39:48 Jan 06 2021,90,76,0,0,0
00:39:50 Jan 06 2021,90,76,0,0,0
00:39:52 Jan 06 2021,90,77,0,0,0
00:39:54 Jan 06 2021,90,77,0,0,0
00:39:56 Jan 06 2021,90,79,1,0,0
00:39:58 Jan 06 2021,90,80,0,0,0
00:40:00 Jan 06 2021,90,80,0,0,0
00:40:02 Jan 06 2021,90,80,0,0,0
00:40:04 Jan 06 2021,91,81,0,0,0
00:40:06 Jan 06 2021,93,80,1,0,0
00:40:08 Jan 06 2021,94,79,0,0,0
00:40:10 Jan 06 2021,95,80,0,0,0
00:40:12 Jan 06 2021,95,80,0,0,0
00:40:14 Jan 06 2021,95,79,0,0,0
00:40:16 Jan 06 2021,96,72,0,0,0
00:40:18 Jan 06 2021,96,69,1,0,0
00:40:20 Jan 06 2021,97,64,0,0,0
00:40:22 Jan 06 2021,97,65,0,0,0
00:40:24 Jan 06 2021,97,66,0,0,0
00:40:26 Jan 06 2021,97,65,0,0,0
00:40:28 Jan 06 2021,97,65,1,0,0
00:40:30 Jan 06 2021,97,66,0,0,0
00:40:32 Jan 06 2021,97,66,0,0,0
00:40:34 Jan 06 2021,97,65,0,0,0
00:40:36 Jan 06 2021,97,64,0,0,0
00:40:38 Jan 06 2021,97,62,1,0,0
00:40:40 Jan 06 2021,97,62,0,0,0
00:40:42 Jan 06 2021,97,64,0,0,0
00:40:44 Jan 06 2021,96,55,0,0,0
00:40:46 Jan 06 2021,94,51,0,0,0
00:40:48 Jan 06 2021,92,43,1,0,0
00:40:50 Jan 06 2021,92,39,0,0,0
00:40:52 Jan 06 2021,92,40,0,0,0
00:40:54 Jan 06 2021,92,40,0,0,0
00:40:56 Jan 06 2021,92,40,0,0,0
00:40:58 Jan 06 2021,92,40,0,0,0
00:41:00 Jan 06 2021,92,52,0,0,0
00:41:02 Jan 06 2021,92,57,0,0,0
00:41:04 Jan 06 2021,92,57,0,0,0
00:41:06 Jan 06 2021,92,61,0,0,0
00:41:08 Jan 06 2021,92,59,1,0,0
00:41:10 Jan 06 2021,92,58,0,0,0
00:41:12 Jan 06 2021,91,55,0,0,0
00:41:14 Jan 06 2021,91,55,0,0,0
00:41:16 Jan 06 2021,89,49,0,0,0
00:41:18 Jan 06 2021,89,47,0,0,0
00:41:20 Jan 06 2021,89,46,0,0,0
00:41:22 Jan 06 2021,88,44,0,0,0
00:41:24 Jan 06 2021,87,46,0,0,0
00:41:26 Jan 06 2021,87,45,0,0,0
00:41:28 Jan 06 2021,87,42,0,0,0
00:41:30 Jan 06 2021,87,41,0,0,0
00:41:32 Jan 06 2021,88,41,0,0,0
00:41:34 Jan 06 2021,88,41,0,0,0
00:41:36 Jan 06 2021,89,41,0,0,0
00:41:38 Jan 06 2021,92,47,0,0,0
00:41:40 Jan 06 2021,93,49,1,0,0
00:41:42 Jan 06 2021,95,52,0,0,0
00:41:44 Jan 06 2021,95,50,1,0,0
00:41:46 Jan 06 2021,95,50,0,0,0
00:41:48 Jan 06 2021,95,50,0,0,0
00:41:50 Jan 06 2021,96,50,0,0,0
00:41:52 Jan 06 2021,96,49,1,0,0
00:41:54 Jan 06 2021,96,50,0,0,0
00:41:56 Jan 06 2021,96,50,0,0,0
00:41:58 Jan 06 2021,96,50,0,0,0
00:42:00 Jan 06 2021,96,50,0,0,0
00:42:02 Jan 06 2021,96,50,0,0,0
00:42:04 Jan 06 2021,96,48,0,0,0
00:42:06 Jan 06 2021,96,47,0,0,0
00:42:08 Jan 06 2021,95,45,0,0,0
00:42:10 Jan 06 2021,95,43,0,0,0
00:42:12 Jan 06 2021,95,45,0,0,0
00:42:14 Jan 06 2021,94,42,1,0,0
00:42:16 Jan 06 2021,93,40,0,0,0
00:42:18 Jan 06 2021,91,38,0,0,0
00:42:20 Jan 06 2021,90,37,0,0,0
00:42:22 Jan 06 2021,90,37,0,0,0
00:42:24 Jan 06 2021,90,37,1,0,0
00:42:26 Jan 06 2021,90,37,0,0,0
00:42:28 Jan 06 2021,90,37,0,0,0
00:42:30 Jan 06 2021,90,37,2,0,0
00:42:32 Jan 06 2021,90,37,3,0,0
00:42:34 Jan 06 2021,90,37,1,0,0
00:42:36 Jan 06 2021,90,37,0,0,0
00:42:38 Jan 06 2021,90,37,1,0,0
00:42:40 Jan 06 2021,90,37,1,0,0
00:42:42 Jan 06 2021,90,37,1,0,0
00:42:44 Jan 06 2021,90,37,0,0,0
00:42:46 Jan 06 2021,90,37,1,0,0
00:42:48 Jan 06 2021,87,39,0,0,0
00:42:50 Jan 06 2021,83,41,0,0,0
00:42:52 Jan 06 2021,80,41,0,0,0
00:42:54 Jan 06 2021,80,41,0,0,0
00:42:56 Jan 06 2021,80,40,0,0,0
00:42:58 Jan 06 2021,79,40,0,0,0
00:43:00 Jan 06 2021,79,40,0,0,0
00:43:02 Jan 06 2021,79,40,1,0,0
00:43:04 Jan 06 2021,78,40,0,0,0
00:43:06 Jan 06 2021,78,40,0,0,0
00:43:08 Jan 06 2021,78,40,0,0,0
00:43:10 Jan 06 2021,80,40,0,0,0
00:43:12 Jan 06 2021,82,40,0,0,0
00:43:14 Jan 06 2021,83,40,1,0,0
00:43:16 Jan 06 2021,87,46,0,0,0
00:43:18 Jan 06 2021,88,41,0,0,0
00:43:20 Jan 06 2021,90,46,0,0,0
00:43:22 Jan 06 2021,92,48,0,0,0
00:43:24 Jan 06 2021,93,47,0,0,0
00:43:26 Jan 06 2021,94,48,0,0,0
00:43:28 Jan 06 2021,94,48,1,0,0
00:43:30 Jan 06 2021,95,45,0,0,0
00:43:32 Jan 06 2021,95,43,1,0,0
00:43:34 Jan 06 2021,95,41,0,0,0
00:43:36 Jan 06 2021,95,41,0,0,0
00:43:38 Jan 06 2021,94,40,0,0,0
00:43:40 Jan 06 2021,94,39,0,0,0
00:43:42 Jan 06 2021,93,38,1,0,0
00:43:44 Jan 06 2021,93,38,0,0,0
00:43:46 Jan 06 2021,92,38,1,0,0
00:43:48 Jan 06 2021,92,38,1,0,0
00:43:50 Jan 06 2021,92,38,1,0,0
00:43:52 Jan 06 2021,92,38,1,0,0
00:43:54 Jan 06 2021,92,38,1,0,0
00:43:56 Jan 06 2021,92,38,1,0,0
00:43:58 Jan 06 2021,92,38,0,0,0
00:44:00 Jan 06 2021,92,38,1,0,0
00:44:02 Jan 06 2021,92,38,1,0,0
00:44:04 Jan 06 2021,92,38,1,0,0
00:44:06 Jan 06 2021,92,38,1,0,0
00:44:08 Jan 06 2021,92,38,1,0,0
00:44:10 Jan 06 2021,92,39,1,0,0
00:44:12 Jan 06 2021,92,39,1,0,0
00:44:14 Jan 06 2021,92,41,1,0,0
00:44:16 Jan 06 2021,92,42,1,0,0
00:44:18 Jan 06 2021,91,41,0,0,0
00:44:20 Jan 06 2021,91,42,1,0,0
00:44:22 Jan 06 2021,90,42,1,0,0
00:44:24 Jan 06 2021,91,45,1,0,0
00:44:26 Jan 06 2021,91,48,0,0,0
00:44:28 Jan 06 2021,89,47,0,0,0
00:44:30 Jan 06 2021,89,44,1,0,0
00:44:32 Jan 06 2021,88,41,1,0,0
00:44:34 Jan 06 2021,89,40,0,0,0
00:44:36 Jan 06 2021,91,41,0,0,0
00:44:38 Jan 06 2021,93,40,1,0,0
00:44:40 Jan 06 2021,94,40,0,0,0
00:44:42 Jan 06 2021,94,40,1,0,0
00:44:44 Jan 06 2021,94,40,0,0,0
00:44:46 Jan 06 2021,94,40,1,0,0
00:44:48 Jan 06 2021,95,39,0,0,0
00:44:50 Jan 06 2021,95,39,0,0,0
00:44:52 Jan 06 2021,96,38,1,0,0
00:44:54 Jan 06 2021,96,38,1,0,0
00:44:56 Jan 06 2021,96,38,1,0,0
00:44:58 Jan 06 2021,96,40,0,0,0
00:45:00 Jan 06 2021,96,41,1,0,0
00:45:02 Jan 06 2021,95,41,0,0,0
00:45:04 Jan 06 2021,95,42,1,0,0
00:45:06 Jan 06 2021,95,41,1,0,0
00:45:08 Jan 06 2021,94,40,1,0,0
00:45:10 Jan 06 2021,94,40,0,0,0
00:45:12 Jan 06 2021,94,40,1,0,0
00:45:14 Jan 06 2021,93,39,1,0,0
00:45:16 Jan 06 2021,93,39,0,0,0
00:45:18 Jan 06 2021,92,38,0,0,0
00:45:20 Jan 06 2021,92,38,0,0,0
00:45:22 Jan 06 2021,92,38,1,0,0
00:45:24 Jan 06 2021,91,38,0,0,0
00:45:26 Jan 06 2021,90,39,1,0,0
00:45:28 Jan 06 2021,89,39,1,0,0
00:45:30 Jan 06 2021,88,40,0,0,0
00:45:32 Jan 06 2021,88,40,0,0,0
00:45:34 Jan 06 2021,88,40,0,0,0
00:45:36 Jan 06 2021,88,40,0,0,0
00:45:38 Jan 06 2021,88,44,0,0,0
00:45:40 Jan 06 2021,88,45,0,0,0
00:45:42 Jan 06 2021,87,44,0,0,0
00:45:44 Jan 06 2021,87,42,0,0,0
00:45:46 Jan 06 2021,86,37,0,0,0
00:45:48 Jan 06 2021,86,37,1,0,0
00:45:50 Jan 06 2021,86,37,0,0,0
00:45:52 Jan 06 2021,86,37,0,0,0
00:45:54 Jan 06 2021,86,37,1,0,0
00:45:56 Jan 06 2021,89,37,0,0,0
00:45:58 Jan 06 2021,92,36,1,0,0
00:46:00 Jan 06 2021,95,36,0,0,0
00:46:02 Jan 06 2021,95,36,0,0,0
00:46:04 Jan 06 2021,95,36,1,0,0
00:46:06 Jan 06 2021,95,36,0,0,0
00:46:08 Jan 06 2021,96,37,0,0,0
00:46:10 Jan 06 2021,96,37,0,0,0
00:46:12 Jan 06 2021,96,38,0,0,0
00:46:14 Jan 06 2021,96,38,0,0,0
00:46:16 Jan 06 2021,96,38,0,0,0
00:46:18 Jan 06 2021,96,38,1,0,0
00:46:20 Jan 06 2021,96,38,1,0,0
00:46:22 Jan 06 2021,96,38,0,0,0
00:46:24 Jan 06 2021,96,38,0,0,0
00:46:26 Jan 06 2021,95,38,0,0,0
00:46:28 Jan 06 2021,94,38,0,0,0
00:46:30 Jan 06 2021,95,38,0,0,0
00:46:32 Jan 06 2021,94,39,1,0,0
00:46:34 Jan 06 2021,93,50,0,0,0
00:46:36 Jan 06 2021,93,61,6,0,0
00:46:38 Jan 06 2021,93,69,16,0,0
00:46:40 Jan 06 2021,93,69,0,0,0
00:46:42 Jan 06 2021,93,67,0,0,0
00:46:44 Jan 06 2021,93,67,0,0,0
00:46:46 Jan 06 2021,93,71,0,0,0
00:46:48 Jan 06 2021,93,75,1,0,0
00:46:50 Jan 06 2021,93,78,0,0,0
00:46:52 Jan 06 2021,92,77,0,0,0
00:46:54 Jan 06 2021,91,76,1,0,0
00:46:56 Jan 06 2021,91,76,1,0,0
00:46:58 Jan 06 2021,90,76,0,0,0
00:47:00 Jan 06 2021,89,78,0,0,0
00:47:02 Jan 06 2021,89,80,0,0,0
00:47:04 Jan 06 2021,90,80,0,0,0
00:47:06 Jan 06 2021,90,80,0,0,0
00:47:08 Jan 06 2021,88,78,0,0,0
00:47:10 Jan 06 2021,85,74,0,0,0
00:47:12 Jan 06 2021,83,73,0,0,0
00:47:14 Jan 06 2021,82,69,0,0,0
00:47:16 Jan 06 2021,82,69,0,0,0
00:47:18 Jan 06 2021,85,69,0,0,0
00:47:20 Jan 06 2021,87,69,0,0,0
00:47:22 Jan 06 2021,89,69,0,0,0
00:47:24 Jan 06 2021,90,69,0,0,0
00:47:26 Jan 06 2021,91,70,0,0,0
00:47:28 Jan 06 2021,94,67,0,0,0
00:47:30 Jan 06 2021,96,66,0,0,0
00:47:32 Jan 06 2021,97,70,0,0,0
00:47:34 Jan 06 2021,97,66,0,0,0
00:47:36 Jan 06 2021,97,67,0,0,0
00:47:38 Jan 06 2021,97,64,0,0,0
00:47:40 Jan 06 2021,97,53,0,0,0
00:47:42 Jan 06 2021,96,48,0,0,0
00:47:44 Jan 06 2021,96,40,0,0,0
00:47:46 Jan 06 2021,96,39,0,0,0
00:47:48 Jan 06 2021,96,40,0,0,0
00:47:50 Jan 06 2021,96,40,0,0,0
00:47:52 Jan 06 2021,96,40,0,0,0
00:47:54 Jan 06 2021,96,40,0,0,0
00:47:56 Jan 06 2021,96,40,0,0,0
00:47:58 Jan 06 2021,95,40,0,0,0
00:48:00 Jan 06 2021,96,40,0,0,0
00:48:02 Jan 06 2021,96,40,1,0,0
00:48:04 Jan 06 2021,95,40,0,0,0
00:48:06 Jan 06 2021,95,40,0,0,0
00:48:08 Jan 06 2021,95,40,0,0,0
00:48:10 Jan 06 2021,94,40,0,0,0
00:48:12 Jan 06 2021,95,40,0,0,0
00:48:14 Jan 06 2021,95,40,1,0,0
00:48:16 Jan 06 2021,95,40,2,0,0
00:48:18 Jan 06 2021,95,40,0,0,0
00:48:20 Jan 06 2021,95,40,0,0,0
00:48:22 Jan 06 2021,95,40,0,0,0
00:48:24 Jan 06 2021,93,39,0,0,0
00:48:26 Jan 06 2021,90,38,0,0,0
00:48:28 Jan 06 2021,88,38,0,0,0
00:48:30 Jan 06 2021,85,38,0,0,0
00:48:32 Jan 06 2021,84,38,0,0,0
00:48:34 Jan 06 2021,84,38,0,0,0
00:48:36 Jan 06 2021,85,39,0,0,0
00:48:38 Jan 06 2021,86,39,0,0,0
00:48:40 Jan 06 2021,89,38,0,0,0
00:48:42 Jan 06 2021,91,38,0,0,0
00:48:44 Jan 06 2021,94,37,0,0,0
00:48:46 Jan 06 2021,95,37,0,0,0
00:48:48 Jan 06 2021,96,37,0,0,0
00:48:50 Jan 06 2021,96,37,0,0,0
00:48:52 Jan 06 2021,96,37,0,0,0
00:48:54 Jan 06 2021,96,37,0,0,0
00:48:56 Jan 06 2021,96,37,0,0,0
00:48:58 Jan 06 2021,96,37,0,0,0
00:49:00 Jan 06 2021,96,37,0,0,0
00:49:02 Jan 06 2021,96,37,0,0,0
00:49:04 Jan 06 2021,96,37,0,0,0
00:49:06 Jan 06 2021,96,37,0,0,0
00:49:08 Jan 06 2021,96,37,0,0,0
00:49:10 Jan 06 2021,96,37,0,0,0
00:49:12 Jan 06 2021,96,37,0,0,0
00:49:14 Jan 06 2021,96,37,0,0,0
00:49:16 Jan 06 2021,96,39,0,0,0
00:49:18 Jan 06 2021,96,39,0,0,0
00:49:20 Jan 06 2021,96,40,0,0,0
00:49:22 Jan 06 2021,94,39,0,0,0
00:49:24 Jan 06 2021,93,39,0,0,0
00:49:26 Jan 06 2021,91,39,3,0,0
00:49:28 Jan 06 2021,91,39,0,0,0
00:49:30 Jan 06 2021,91,39,0,0,0
00:49:32 Jan 06 2021,92,39,0,0,0
00:49:34 Jan 06 2021,92,39,0,0,0
00:49:36 Jan 06 2021,92,39,0,0,0
00:49:38 Jan 06 2021,92,39,0,0,0
00:49:40 Jan 06 2021,92,39,0,0,0
00:49:42 Jan 06 2021,92,39,0,0,0
00:49:44 Jan 06 2021,92,39,3,0,0
00:49:46 Jan 06 2021,92,39,1,0,0
00:49:48 Jan 06 2021,92,39,0,0,0
00:49:50 Jan 06 2021,92,39,0,0,0
00:49:52 Jan 06 2021,92,39,0,0,0
00:49:54 Jan 06 2021,90,39,0,0,0
00:49:56 Jan 06 2021,87,39,0,0,0
00:49:58 Jan 06 2021,87,39,0,0,0
00:50:00 Jan 06 2021,87,39,0,0,0
00:50:02 Jan 06 2021,92,39,0,0,0
00:50:04 Jan 06 2021,92,39,0,0,0
00:50:06 Jan 06 2021,92,42,0,0,0
00:50:08 Jan 06 2021,93,43,0,0,0
00:50:10 Jan 06 2021,94,49,0,0,0
00:50:12 Jan 06 2021,95,57,0,0,0
00:50:14 Jan 06 2021,96,59,0,0,0
00:50:16 Jan 06 2021,97,64,0,0,0
00:50:18 Jan 06 2021,97,65,0,0,0
00:50:20 Jan 06 2021,97,64,0,0,0
00:50:22 Jan 06 2021,97,64,0,0,0
00:50:24 Jan 06 2021,97,64,0,0,0
00:50:26 Jan 06 2021,97,64,0,0,0
00:50:28 Jan 06 2021,97,64,0,0,0
00:50:30 Jan 06 2021,97,64,0,0,0
00:50:32 Jan 06 2021,97,64,0,0,0
00:50:34 Jan 06 2021,97,63,0,0,0
00:50:36 Jan 06 2021,97,63,0,0,0
00:50:38 Jan 06 2021,97,63,0,0,0
00:50:40 Jan 06 2021,97,63,2,0,0
00:50:42 Jan 06 2021,97,64,1,0,0
00:50:44 Jan 06 2021,97,64,2,0,0
00:50:46 Jan 06 2021,97,64,1,0,0
00:50:48 Jan 06 2021,97,64,0,0,0
00:50:50 Jan 06 2021,97,64,0,0,0
00:50:52 Jan 06 2021,97,64,0,0,0
00:50:54 Jan 06 2021,97,65,0,0,0
00:50:56 Jan 06 2021,96,67,0,0,0
00:50:58 Jan 06 2021,95,67,0,0,0
00:51:00 Jan 06 2021,95,68,0,0,0
00:51:02 Jan 06 2021,95,66,0,0,0
00:51:04 Jan 06 2021,94,63,0,0,0
00:51:06 Jan 06 2021,94,63,0,0,0
00:51:08 Jan 06 2021,93,61,0,0,0
00:51:10 Jan 06 2021,93,64,0,0,0
00:51:12 Jan 06 2021,94,65,0,0,0
00:51:14 Jan 06 2021,94,64,0,0,0
00:51:16 Jan 06 2021,94,65,0,0,0
00:51:18 Jan 06 2021,94,65,0,0,0
00:51:20 Jan 06 2021,95,66,0,0,0
00:51:22 Jan 06 2021,95,68,0,0,0
00:51:24 Jan 06 2021,95,69,0,0,0
00:51:26 Jan 06 2021,95,69,0,0,0
00:51:28 Jan 06 2021,95,69,0,0,0
00:51:30 Jan 06 2021,95,68,0,0,0
00:51:32 Jan 06 2021,95,69,0,0,0
00:51:34 Jan 06 2021,95,69,0,0,0
00:51:36 Jan 06 2021,95,69,1,0,0
00:51:38 Jan 06 2021,95,70,0,0,0
00:51:40 Jan 06 2021,95,69,0,0,0
00:51:42 Jan 06 2021,95,70,0,0,0
00:51:44 Jan 06 2021,95,70,1,0,0
00:51:46 Jan 06 2021,95,71,16,0,0
00:51:48 Jan 06 2021,95,72,3,0,0
00:51:50 Jan 06 2021,96,72,15,0,0
00:51:52 Jan 06 2021,96,73,0,0,0
00:51:54 Jan 06 2021,97,75,0,0,0
00:51:56 Jan 06 2021,98,75,0,0,0
00:51:58 Jan 06 2021,98,75,0,0,0
00:52:00 Jan 06 2021,98,76,0,0,0
00:52:02 Jan 06 2021,98,75,0,0,0
00:52:04 Jan 06 2021,98,76,0,0,0
00:52:06 Jan 06 2021,98,78,0,0,0
00:52:08 Jan 06 2021,96,79,0,0,0
00:52:10 Jan 06 2021,96,80,0,0,0
00:52:12 Jan 06 2021,95,81,0,0,0
00:52:14 Jan 06 2021,94,78,0,0,0
00:52:16 Jan 06 2021,95,80,0,0,0
00:52:18 Jan 06 2021,93,78,0,0,0
00:52:20 Jan 06 2021,92,75,0,0,0
00:52:22 Jan 06 2021,91,76,0,0,0
00:52:24 Jan 06 2021,92,76,0,0,0
00:52:26 Jan 06 2021,92,73,0,0,0
00:52:28 Jan 06 2021,92,75,0,0,0
00:52:30 Jan 06 2021,93,76,0,0,0
00:52:32 Jan 06 2021,95,77,0,0,0
00:52:34 Jan 06 2021,96,79,0,0,0
00:52:36 Jan 06 2021,98,80,0,0,0
00:52:38 Jan 06 2021,98,80,0,0,0
00:52:40 Jan 06 2021,98,80,0,0,0
00:52:42 Jan 06 2021,98,80,0,0,0
00:52:44 Jan 06 2021,98,80,0,0,0
00:52:46 Jan 06 2021,98,80,0,0,0
00:52:48 Jan 06 2021,98,80,0,0,0
00:52:50 Jan 06 2021,98,80,0,0,0
00:52:52 Jan 06 2021,98,80,0,0,0
00:52:54 Jan 06 2021,98,80,0,0,0
00:52:56 Jan 06 2021,98,81,0,0,0
00:52:58 Jan 06 2021,98,80,3,0,0
00:53:00 Jan 06 2021,98,79,0,0,0
00:53:02 Jan 06 2021,98,79,0,0,0
00:53:04 Jan 06 2021,98,76,0,0,0
00:53:06 Jan 06 2021,98,76,0,0,0
00:53:08 Jan 06 2021,98,77,0,0,0
00:53:10 Jan 06 2021,97,75,0,0,0
00:53:12 Jan 06 2021,97,75,0,0,0
00:53:14 Jan 06 2021,96,76,0,0,0
00:53:16 Jan 06 2021,97,76,2,0,0
00:53:18 Jan 06 2021,97,75,12,0,0
00:53:20 Jan 06 2021,97,76,4,0,0
00:53:22 Jan 06 2021,97,76,4,0,0
00:53:24 Jan 06 2021,97,76,1,0,0
00:53:26 Jan 06 2021,97,76,2,0,0
00:53:28 Jan 06 2021,97,76,1,0,0
00:53:30 Jan 06 2021,97,76,1,0,0
00:53:32 Jan 06 2021,96,75,1,0,0
00:53:34 Jan 06 2021,95,75,8,0,0
00:53:36 Jan 06 2021,96,75,2,0,0
00:53:38 Jan 06 2021,96,74,2,0,0
00:53:40 Jan 06 2021,96,73,1,0,0
00:53:42 Jan 06 2021,96,73,1,0,0
00:53:44 Jan 06 2021,96,73,1,0,0
00:53:46 Jan 06 2021,96,75,10,0,0
00:53:48 Jan 06 2021,96,73,0,0,0
00:53:50 Jan 06 2021,96,73,0,0,0
00:53:52 Jan 06 2021,96,73,0,0,0
00:53:54 Jan 06 2021,97,71,0,0,0
00:53:56 Jan 06 2021,97,71,0,0,0
00:53:58 Jan 06 2021,97,71,0,0,0
00:54:00 Jan 06 2021,97,71,0,0,0
00:54:02 Jan 06 2021,97,71,0,0,0
00:54:04 Jan 06 2021,97,71,1,0,0
00:54:06 Jan 06 2021,97,70,1,0,0
00:54:08 Jan 06 2021,97,70,0,0,0
00:54:10 Jan 06 2021,97,70,0,0,0
00:54:12 Jan 06 2021,97,70,0,0,0
00:54:14 Jan 06 2021,97,69,1,0,0
00:54:16 Jan 06 2021,95,58,1,0,0
00:54:18 Jan 06 2021,94,50,0,0,0
00:54:20 Jan 06 2021,92,41,0,0,0
00:54:22 Jan 06 2021,92,41,0,0,0
00:54:24 Jan 06 2021,92,42,0,0,0
00:54:26 Jan 06 2021,91,42,0,0,0
00:54:28 Jan 06 2021,91,41,0,0,0
00:54:30 Jan 06 2021,90,40,0,0,0
00:54:32 Jan 06 2021,90,39,0,0,0
00:54:34 Jan 06 2021,91,39,0,0,0
00:54:36 Jan 06 2021,91,38,0,0,0
00:54:38 Jan 06 2021,92,45,0,0,0
00:54:40 Jan 06 2021,93,56,0,0,0
00:54:42 Jan 06 2021,93,66,0,0,0
00:54:44 Jan 06 2021,94,70,0,0,0
00:54:46 Jan 06 2021,95,69,0,0,0
00:54:48 Jan 06 2021,95,68,0,0,0
00:54:50 Jan 06 2021,95,58,0,0,0
00:54:52 Jan 06 2021,95,60,0,0,0
00:54:54 Jan 06 2021,95,57,0,0,0
00:54:56 Jan 06 2021,95,53,0,0,0
00:54:58 Jan 06 2021,96,57,0,0,0
00:55:00 Jan 06 2021,96,53,0,0,0
00:55:02 Jan 06 2021,95,45,0,0,0
00:55:04 Jan 06 2021,95,43,0,0,0
00:55:06 Jan 06 2021,95,40,0,0,0
00:55:08 Jan 06 2021,95,40,0,0,0
00:55:10 Jan 06 2021,95,42,0,0,0
00:55:12 Jan 06 2021,95,41,0,0,0
00:55:14 Jan 06 2021,95,40,0,0,0
00:55:16 Jan 06 2021,95,41,0,0,0
00:55:18 Jan 06 2021,95,41,0,0,0
00:55:20 Jan 06 2021,95,41,2,0,0
00:55:22 Jan 06 2021,95,41,2,0,0
00:55:24 Jan 06 2021,95,41,5,0,0
00:55:26 Jan 06 2021,95,41,2,0,0
00:55:28 Jan 06 2021,95,41,3,0,0
00:55:30 Jan 06 2021,95,41,0,0,0
00:55:32 Jan 06 2021,95,41,1,0,0
00:55:34 Jan 06 2021,95,41,0,0,0
00:55:36 Jan 06 2021,95,41,0,0,0
00:55:38 Jan 06 2021,95,41,0,0,0
00:55:40 Jan 06 2021,95,42,0,0,0
00:55:42 Jan 06 2021,95,47,0,0,0
00:55:44 Jan 06 2021,94,50,0,0,0
00:55:46 Jan 06 2021,93,59,0,0,0
00:55:48 Jan 06 2021,92,60,1,0,0
00:55:50 Jan 06 2021,92,57,1,0,0
00:55:52 Jan 06 2021,92,66,1,0,0
00:55:54 Jan 06 2021,93,66,1,0,0
00:55:56 Jan 06 2021,93,66,0,0,0
00:55:58 Jan 06 2021,93,66,0,0,0
00:56:00 Jan 06 2021,94,66,1,0,0
00:56:02 Jan 06 2021,95,71,1,0,0
00:56:04 Jan 06 2021,96,70,1,0,0
00:56:06 Jan 06 2021,96,77,1,0,0
00:56:08 Jan 06 2021,96,70,0,0,0
00:56:10 Jan 06 2021,96,69,1,0,0
00:56:12 Jan 06 2021,96,68,0,0,0
00:56:14 Jan 06 2021,96,66,1,0,0
00:56:16 Jan 06 2021,96,70,0,0,0
00:56:18 Jan 06 2021,96,64,0,0,0
00:56:20 Jan 06 2021,96,67,1,0,0
00:56:22 Jan 06 2021,96,71,1,0,0
00:56:24 Jan 06 2021,95,67,6,0,0
00:56:26 Jan 06 2021,94,73,8,0,0
00:56:28 Jan 06 2021,94,73,2,0,0
00:56:30 Jan 06 2021,94,71,4,0,0
00:56:32 Jan 06 2021,94,73,0,0,0
00:56:34 Jan 06 2021,94,72,1,0,0
00:56:36 Jan 06 2021,94,73,0,0,0
00:56:38 Jan 06 2021,94,73,0,0,0
00:56:40 Jan 06 2021,94,75,0,0,0
00:56:42 Jan 06 2021,95,80,0,0,0
00:56:44 Jan 06 2021,96,82,0,0,0
00:56:46 Jan 06 2021,96,83,0,0,0
00:56:48 Jan 06 2021,96,85,0,0,0
00:56:50 Jan 06 2021,95,84,0,0,0
00:56:52 Jan 06 2021,93,84,0,0,0
00:56:54 Jan 06 2021,91,85,0,0,0
00:56:56 Jan 06 2021,91,79,0,0,0
00:56:58 Jan 06 2021,90,79,1,0,0
00:57:00 Jan 06 2021,90,80,0,0,0
00:57:02 Jan 06 2021,91,83,1,0,0
00:57:04 Jan 06 2021,91,83,0,0,0
00:57:06 Jan 06 2021,92,82,0,0,0
00:57:08 Jan 06 2021,93,73,0,0,0
00:57:10 Jan 06 2021,94,70,0,0,0
00:57:12 Jan 06 2021,95,65,0,0,0
00:57:14 Jan 06 2021,95,65,0,0,0
00:57:16 Jan 06 2021,95,69,0,0,0
00:57:18 Jan 06 2021,96,69,0,0,0
00:57:20 Jan 06 2021,96,70,0,0,0
00:57:22 Jan 06 2021,96,73,0,0,0
00:57:24 Jan 06 2021,96,67,0,0,0
00:57:26 Jan 06 2021,96,67,0,0,0
00:57:28 Jan 06 2021,96,67,1,0,0
00:57:30 Jan 06 2021,96,62,3,0,0
00:57:32 Jan 06 2021,96,72,1,0,0
00:57:34 Jan 06 2021,96,71,0,0,0
00:57:36 Jan 06 2021,96,71,0,0,0
00:57:38 Jan 06 2021,96,73,0,0,0
00:57:40 Jan 06 2021,96,72,0,0,0
00:57:42 Jan 06 2021,96,72,0,0,0
00:57:44 Jan 06 2021,96,72,0,0,0
00:57:46 Jan 06 2021,96,70,0,0,0
00:57:48 Jan 06 2021,94,65,0,0,0
00:57:50 Jan 06 2021,93,58,0,0,0
00:57:52 Jan 06 2021,92,56,0,0,0
00:57:54 Jan 06 2021,91,59,0,0,0
00:57:56 Jan 06 2021,91,65,0,0,0
00:57:58 Jan 06 2021,91,68,0,0,0
00:58:00 Jan 06 2021,91,68,0,0,0
00:58:02 Jan 06 2021,91,70,0,0,0
00:58:04 Jan 06 2021,92,67,0,0,0
00:58:06 Jan 06 2021,93,65,0,0,0
00:58:08 Jan 06 2021,93,65,0,0,0
00:58:10 Jan 06 2021,94,65,0,0,0
00:58:12 Jan 06 2021,94,67,0,0,0
00:58:14 Jan 06 2021,94,69,0,0,0
00:58:16 Jan 06 2021,95,73,1,0,0
00:58:18 Jan 06 2021,95,73,0,0,0
00:58:20 Jan 06 2021,96,76,0,0,0
00:58:22 Jan 06 2021,96,77,0,0,0
00:58:24 Jan 06 2021,96,76,0,0,0
00:58:26 Jan 06 2021,96,77,2,0,0
00:58:28 Jan 06 2021,96,76,2,0,0
00:58:30 Jan 06 2021,96,75,2,0,0
00:58:32 Jan 06 2021,96,75,1,0,0
00:58:34 Jan 06 2021,96,74,0,0,0
00:58:36 Jan 06 2021,96,74,0,0,0
00:58:38 Jan 06 2021,96,76,0,0,0
00:58:40 Jan 06 2021,96,78,0,0,0
00:58:42 Jan 06 2021,96,80,0,0,0
00:58:44 Jan 06 2021,95,81,0,0,0
00:58:46 Jan 06 2021,94,80,0,0,0
00:58:48 Jan 06 2021,92,79,0,0,0
00:58:50 Jan 06 2021,91,76,0,0,0
00:58:52 Jan 06 2021,90,75,0,0,0
00:58:54 Jan 06 2021,89,75,0,0,0
00:58:56 Jan 06 2021,89,76,0,0,0
00:58:58 Jan 06 2021,87,76,0,0,0
00:59:00 Jan 06 2021,87,75,0,0,0
00:59:02 Jan 06 2021,86,74,0,0,0
00:59:04 Jan 06 2021,87,74,0,0,0
00:59:06 Jan 06 2021,87,74,0,0,0
00:59:08 Jan 06 2021,89,75,0,0,0
00:59:10 Jan 06 2021,91,75,0,0,0
00:59:12 Jan 06 2021,92,76,0,0,0
00:59:14 Jan 06 2021,94,76,0,0,0
00:59:16 Jan 06 2021,95,77,0,0,0
00:59:18 Jan 06 2021,96,78,0,0,0
00:59:20 Jan 06 2021,96,78,0,0,0
00:59:22 Jan 06 2021,96,79,0,0,0
00:59:24 Jan 06 2021,96,79,0,0,0
00:59:26 Jan 06 2021,97,79,0,0,0
00:59:28 Jan 06 2021,97,80,0,0,0
00:59:30 Jan 06 2021,97,79,0,0,0
00:59:32 Jan 06 2021,97,79,0,0,0
00:59:34 Jan 06 2021,97,78,0,0,0
00:59:36 Jan 06 2021,97,77,0,0,0
00:59:38 Jan 06 2021,97,78,0,0,0
00:59:40 Jan 06 2021,97,78,0,0,0
00:59:42 Jan 06 2021,97,78,0,0,0
00:59:44 Jan 06 2021,97,78,0,0,0
00:59:46 Jan 06 2021,97,78,0,0,0
00:59:48 Jan 06 2021,97,78,0,0,0
00:59:50 Jan 06 2021,97,79,0,0,0
00:59:52 Jan 06 2021,95,79,1,0,0
00:59:54 Jan 06 2021,93,81,0,0,0
00:59:56 Jan 06 2021,91,81,0,0,0
00:59:58 Jan 06 2021,90,80,1,0,0
01:00:00 Jan 06 2021,90,78,0,0,0
01:00:02 Jan 06 2021,90,78,1,0,0
01:00:04 Jan 06 2021,89,78,1,0,0
01:00:06 Jan 06 2021,89,78,1,0,0
01:00:08 Jan 06 2021,89,77,0,0,0
01:00:10 Jan 06 2021,88,76,1,0,0
01:00:12 Jan 06 2021,88,75,0,0,0
01:00:14 Jan 06 2021,88,74,1,0,0
01:00:16 Jan 06 2021,89,71,0,0,0
01:00:18 Jan 06 2021,89,69,0,0,0
01:00:20 Jan 06 2021,90,69,0,0,0
01:00:22 Jan 06 2021,92,65,1,0,0
01:00:24 Jan 06 2021,94,70,0,0,0
01:00:26 Jan 06 2021,97,71,1,0,0
01:00:28 Jan 06 2021,97,74,0,0,0
01:00:30 Jan 06 2021,98,74,0,0,0
01:00:32 Jan 06 2021,98,76,1,0,0
01:00:34 Jan 06 2021,97,75,1,0,0
01:00:36 Jan 06 2021,98,75,0,0,0
01:00:38 Jan 06 2021,98,75,0,0,0
01:00:40 Jan 06 2021,98,75,0,0,0
01:00:42 Jan 06 2021,98,75,0,0,0
01:00:44 Jan 06 2021,98,75,0,0,0
01:00:46 Jan 06 2021,98,75,0,0,0
01:00:48 Jan 06 2021,98,75,0,0,0
01:00:50 Jan 06 2021,98,75,0,0,0
01:00:52 Jan 06 2021,97,75,0,0,0
01:00:54 Jan 06 2021,97,75,0,0,0
01:00:56 Jan 06 2021,97,73,0,0,0
01:00:58 Jan 06 2021,97,74,1,0,0
01:01:00 Jan 06 2021,97,74,0,0,0
01:01:02 Jan 06 2021,97,73,0,0,0
01:01:04 Jan 06 2021,97,73,0,0,0
01:01:06 Jan 06 2021,97,73,5,0,0
01:01:08 Jan 06 2021,97,71,21,0,0
01:01:10 Jan 06 2021,97,69,0,0,0
01:01:12 Jan 06 2021,97,66,0,0,0
01:01:14 Jan 06 2021,97,65,1,0,0
01:01:16 Jan 06 2021,95,62,0,0,0
01:01:18 Jan 06 2021,95,62,0,0,0
01:01:20 Jan 06 2021,94,62,0,0,0
01:01:22 Jan 06 2021,93,60,0,0,0
01:01:24 Jan 06 2021,94,63,0,0,0
01:01:26 Jan 06 2021,94,62,1,0,0
01:01:28 Jan 06 2021,92,60,0,0,0
01:01:30 Jan 06 2021,90,63,0,0,0
01:01:32 Jan 06 2021,88,63,0,0,0
01:01:34 Jan 06 2021,88,56,0,0,0
01:01:36 Jan 06 2021,89,58,0,0,0
01:01:38 Jan 06 2021,89,53,1,0,0
01:01:40 Jan 06 2021,90,52,0,0,0
01:01:42 Jan 06 2021,91,55,0,0,0
01:01:44 Jan 06 2021,93,57,0,0,0
01:01:46 Jan 06 2021,93,59,0,0,0
01:01:48 Jan 06 2021,94,57,0,0,0
01:01:50 Jan 06 2021,95,60,0,0,0
01:01:52 Jan 06 2021,95,59,0,0,0
01:01:54 Jan 06 2021,95,59,1,0,0
01:01:56 Jan 06 2021,96,64,3,0,0
01:01:58 Jan 06 2021,96,68,1,0,0
01:02:00 Jan 06 2021,97,73,1,0,0
01:02:02 Jan 06 2021,97,76,1,0,0
01:02:04 Jan 06 2021,97,76,1,0,0
01:02:06 Jan 06 2021,97,75,4,0,0
01:02:08 Jan 06 2021,97,75,2,0,0
01:02:10 Jan 06 2021,97,76,3,0,0
01:02:12 Jan 06 2021,97,76,4,0,0
01:02:14 Jan 06 2021,97,75,2,0,0
01:02:16 Jan 06 2021,97,75,1,0,0
01:02:18 Jan 06 2021,97,74,0,0,0
01:02:20 Jan 06 2021,97,74,0,0,0
01:02:22 Jan 06 2021,97,75,0,0,0
01:02:24 Jan 06 2021,97,75,0,0,0
01:02:26 Jan 06 2021,97,73,4,0,0
01:02:28 Jan 06 2021,96,74,3,0,0
01:02:30 Jan 06 2021,96,71,3,0,0
01:02:32 Jan 06 2021,95,71,2,0,0
01:02:34 Jan 06 2021,96,71,31,0,0
01:02:36 Jan 06 2021,96,69,2,0,0
01:02:38 Jan 06 2021,96,70,41,0,0
01:02:40 Jan 06 2021,96,70,11,0,0
01:02:42 Jan 06 2021,96,69,2,0,0
01:02:44 Jan 06 2021,96,69,0,0,0
01:02:46 Jan 06 2021,96,69,0,0,0
01:02:48 Jan 06 2021,96,69,1,0,0
01:02:50 Jan 06 2021,96,70,0,0,0
01:02:52 Jan 06 2021,96,71,4,0,0
01:02:54 Jan 06 2021,96,70,3,0,0
01:02:56 Jan 06 2021,96,70,3,0,0
01:02:58 Jan 06 2021,96,70,6,0,0
01:03:00 Jan 06 2021,96,70,6,0,0
01:03:02 Jan 06 2021,96,69,2,0,0
01:03:04 Jan 06 2021,96,69,3,0,0
01:03:06 Jan 06 2021,96,69,19,0,0
01:03:08 Jan 06 2021,96,69,9,0,0
01:03:10 Jan 06 2021,96,69,1,0,0
01:03:12 Jan 06 2021,96,69,1,0,0
01:03:14 Jan 06 2021,96,69,0,0,0
01:03:16 Jan 06 2021,96,67,4,0,0
01:03:18 Jan 06 2021,96,67,1,0,0
01:03:20 Jan 06 2021,96,68,4,0,0
01:03:22 Jan 06 2021,96,68,1,0,0
01:03:24 Jan 06 2021,96,68,1,0,0
01:03:26 Jan 06 2021,96,68,37,0,0
01:03:28 Jan 06 2021,96,68,0,0,0
01:03:30 Jan 06 2021,96,68,0,0,0
01:03:32 Jan 06 2021,96,68,0,0,0
01:03:34 Jan 06 2021,96,68,0,0,0
01:03:36 Jan 06 2021,96,69,4,0,0
01:03:38 Jan 06 2021,96,72,4,0,0
01:03:40 Jan 06 2021,96,72,4,0,0
01:03:42 Jan 06 2021,96,73,6,0,0
01:03:44 Jan 06 2021,96,72,0,0,0
01:03:46 Jan 06 2021,96,71,0,0,0
01:03:48 Jan 06 2021,96,71,0,0,0
01:03:50 Jan 06 2021,96,72,1,0,0
01:03:52 Jan 06 2021,96,72,4,0,0
01:03:54 Jan 06 2021,96,73,1,0,0
01:03:56 Jan 06 2021,96,74,1,0,0
01:03:58 Jan 06 2021,96,75,1,0,0
01:04:00 Jan 06 2021,96,75,0,0,0
01:04:02 Jan 06 2021,96,76,1,0,0
01:04:04 Jan 06 2021,96,74,0,0,0
01:04:06 Jan 06 2021,96,74,5,0,0
01:04:08 Jan 06 2021,95,74,0,0,0
01:04:10 Jan 06 2021,95,75,0,0,0
01:04:12 Jan 06 2021,95,75,0,0,0
01:04:14 Jan 06 2021,95,74,0,0,0
01:04:16 Jan 06 2021,95,72,0,0,0
01:04:18 Jan 06 2021,95,71,1,0,0
01:04:20 Jan 06 2021,95,69,0,0,0
01:04:22 Jan 06 2021,95,69,0,0,0
01:04:24 Jan 06 2021,95,69,0,0,0
01:04:26 Jan 06 2021,95,70,1,0,0
01:04:28 Jan 06 2021,95,73,11,0,0
01:04:30 Jan 06 2021,95,68,1,0,0
01:04:32 Jan 06 2021,95,66,0,0,0
01:04:34 Jan 06 2021,95,66,0,0,0
01:04:36 Jan 06 2021,95,68,1,0,0
01:04:38 Jan 06 2021,95,69,0,0,0
01:04:40 Jan 06 2021,95,69,0,0,0
01:04:42 Jan 06 2021,96,70,0,0,0
01:04:44 Jan 06 2021,96,72,0,0,0
01:04:46 Jan 06 2021,97,74,0,0,0
01:04:48 Jan 06 2021,97,74,1,0,0
01:04:50 Jan 06 2021,97,73,0,0,0
01:04:52 Jan 06 2021,97,76,1,0,0
01:04:54 Jan 06 2021,97,76,0,0,0
01:04:56 Jan 06 2021,96,75,0,0,0
01:04:58 Jan 06 2021,96,73,2,0,0
01:05:00 Jan 06 2021,96,72,10,0,0
01:05:02 Jan 06 2021,96,72,3,0,0
01:05:04 Jan 06 2021,95,76,1,0,0
01:05:06 Jan 06 2021,96,76,14,0,0
01:05:08 Jan 06 2021,96,76,8,0,0
01:05:10 Jan 06 2021,96,76,0,0,0
01:05:12 Jan 06 2021,96,76,0,0,0
01:05:14 Jan 06 2021,96,77,1,0,0
01:05:16 Jan 06 2021,96,77,0,0,0
01:05:18 Jan 06 2021,96,77,0,0,0
01:05:20 Jan 06 2021,96,79,0,0,0
01:05:22 Jan 06 2021,96,78,0,0,0
01:05:24 Jan 06 2021,96,78,1,0,0
01:05:26 Jan 06 2021,96,78,0,0,0
01:05:28 Jan 06 2021,95,78,0,0,0
01:05:30 Jan 06 2021,95,78,0,0,0
01:05:32 Jan 06 2021,95,77,0,0,0
01:05:34 Jan 06 2021,95,76,1,0,0
01:05:36 Jan 06 2021,95,77,0,0,0
01:05:38 Jan 06 2021,94,76,0,0,0
01:05:40 Jan 06 2021,94,78,0,0,0
01:05:42 Jan 06 2021,94,78,0,0,0
01:05:44 Jan 06 2021,94,73,0,0,0
01:05:46 Jan 06 2021,94,74,1,0,0
01:05:48 Jan 06 2021,94,72,5,0,0
01:05:50 Jan 06 2021,94,72,4,0,0
01:05:52 Jan 06 2021,94,77,11,0,0
01:05:54 Jan 06 2021,94,77,4,0,0
01:05:56 Jan 06 2021,94,79,5,0,0
01:05:58 Jan 06 2021,94,78,5,0,0
01:06:00 Jan 06 2021,94,78,19,0,0
01:06:02 Jan 06 2021,94,78,4,0,0
01:06:04 Jan 06 2021,94,78,5,0,0
01:06:06 Jan 06 2021,94,78,4,0,0
01:06:08 Jan 06 2021,94,77,2,0,0
01:06:10 Jan 06 2021,94,77,15,0,0
01:06:12 Jan 06 2021,94,77,9,0,0
01:06:14 Jan 06 2021,94,77,3,0,0
01:06:16 Jan 06 2021,94,77,1,0,0
01:06:18 Jan 06 2021,94,77,1,0,0
01:06:20 Jan 06 2021,94,81,0,0,0
01:06:22 Jan 06 2021,95,80,3,0,0
01:06:24 Jan 06 2021,95,84,0,0,0
01:06:26 Jan 06 2021,95,86,1,0,0
01:06:28 Jan 06 2021,95,84,1,0,0
01:06:30 Jan 06 2021,95,84,0,0,0
01:06:32 Jan 06 2021,95,74,1,0,0
01:06:34 Jan 06 2021,95,67,0,0,0
01:06:36 Jan 06 2021,95,60,0,0,0
01:06:38 Jan 06 2021,95,60,1,0,0
01:06:40 Jan 06 2021,95,62,0,0,0
01:06:42 Jan 06 2021,95,62,0,0,0
01:06:44 Jan 06 2021,95,61,0,0,0
01:06:46 Jan 06 2021,95,61,1,0,0
01:06:48 Jan 06 2021,95,60,0,0,0
01:06:50 Jan 06 2021,95,60,1,0,0
01:06:52 Jan 06 2021,95,58,0,0,0
01:06:54 Jan 06 2021,95,57,0,0,0
01:06:56 Jan 06 2021,95,56,0,0,0
01:06:58 Jan 06 2021,96,54,0,0,0
01:07:00 Jan 06 2021,95,52,0,0,0
01:07:02 Jan 06 2021,95,51,0,0,0
01:07:04 Jan 06 2021,95,55,0,0,0
01:07:06 Jan 06 2021,95,52,0,0,0
01:07:08 Jan 06 2021,95,55,0,0,0
01:07:10 Jan 06 2021,95,54,1,0,0
01:07:12 Jan 06 2021,95,53,1,0,0
01:07:14 Jan 06 2021,94,56,1,0,0
01:07:16 Jan 06 2021,94,56,0,0,0
01:07:18 Jan 06 2021,94,56,0,0,0
01:07:20 Jan 06 2021,94,56,0,0,0
01:07:22 Jan 06 2021,94,56,1,0,0
01:07:24 Jan 06 2021,94,56,0,0,0
01:07:26 Jan 06 2021,94,56,0,0,0
01:07:28 Jan 06 2021,94,59,1,0,0
01:07:30 Jan 06 2021,94,66,1,0,0
01:07:32 Jan 06 2021,95,70,0,0,0
01:07:34 Jan 06 2021,96,75,1,0,0
01:07:36 Jan 06 2021,96,78,0,0,0
01:07:38 Jan 06 2021,96,78,1,0,0
01:07:40 Jan 06 2021,95,79,1,0,0
01:07:42 Jan 06 2021,95,79,1,0,0
01:07:44 Jan 06 2021,95,78,0,0,0
01:07:46 Jan 06 2021,95,79,0,0,0
01:07:48 Jan 06 2021,95,80,1,0,0
01:07:50 Jan 06 2021,96,82,4,0,0
01:07:52 Jan 06 2021,97,82,0,0,0
01:07:54 Jan 06 2021,97,83,0,0,0
01:07:56 Jan 06 2021,97,83,0,0,0
01:07:58 Jan 06 2021,97,83,0,0,0
01:08:00 Jan 06 2021,97,83,0,0,0
01:08:02 Jan 06 2021,97,84,0,0,0
01:08:04 Jan 06 2021,96,86,0,0,0
01:08:06 Jan 06 2021,97,84,0,0,0
01:08:08 Jan 06 2021,96,86,1,0,0
01:08:10 Jan 06 2021,96,85,0,0,0
01:08:12 Jan 06 2021,96,81,0,0,0
01:08:14 Jan 06 2021,96,80,0,0,0
01:08:16 Jan 06 2021,96,77,0,0,0
01:08:18 Jan 06 2021,96,76,0,0,0
01:08:20 Jan 06 2021,96,77,0,0,0
01:08:22 Jan 06 2021,96,74,0,0,0
01:08:24 Jan 06 2021,96,75,0,0,0
01:08:26 Jan 06 2021,96,75,0,0,0
01:08:28 Jan 06 2021,96,70,1,0,0
01:08:30 Jan 06 2021,96,77,0,0,0
01:08:32 Jan 06 2021,95,80,0,0,0
01:08:34 Jan 06 2021,95,81,0,0,0
01:08:36 Jan 06 2021,95,81,0,0,0
01:08:38 Jan 06 2021,95,80,0,0,0
01:08:40 Jan 06 2021,95,78,0,0,0
01:08:42 Jan 06 2021,95,78,0,0,0
01:08:44 Jan 06 2021,94,79,6,0,0
01:08:46 Jan 06 2021,94,78,4,0,0
01:08:48 Jan 06 2021,94,78,6,0,0
01:08:50 Jan 06 2021,95,78,1,0,0
01:08:52 Jan 06 2021,95,78,2,0,0
01:08:54 Jan 06 2021,95,78,3,0,0
01:08:56 Jan 06 2021,95,78,3,0,0
01:08:58 Jan 06 2021,95,78,6,0,0
01:09:00 Jan 06 2021,95,78,1,0,0
01:09:02 Jan 06 2021,95,77,1,0,0
01:09:04 Jan 06 2021,95,78,1,0,0
01:09:06 Jan 06 2021,95,78,0,0,0
01:09:08 Jan 06 2021,95,78,1,0,0
01:09:10 Jan 06 2021,95,78,1,0,0
01:09:12 Jan 06 2021,95,78,1,0,0
01:09:14 Jan 06 2021,95,78,2,0,0
01:09:16 Jan 06 2021,95,78,0,0,0
01:09:18 Jan 06 2021,95,77,0,0,0
01:09:20 Jan 06 2021,95,76,0,0,0
01:09:22 Jan 06 2021,95,76,0,0,0
01:09:24 Jan 06 2021,95,75,0,0,0
01:09:26 Jan 06 2021,95,76,0,0,0
01:09:28 Jan 06 2021,95,75,1,0,0
01:09:30 Jan 06 2021,95,73,0,0,0
01:09:32 Jan 06 2021,95,75,0,0,0
01:09:34 Jan 06 2021,95,74,0,0,0
01:09:36 Jan 06 2021,95,76,1,0,0
01:09:38 Jan 06 2021,95,76,0,0,0
01:09:40 Jan 06 2021,95,77,1,0,0
01:09:42 Jan 06 2021,95,79,0,0,0
01:09:44 Jan 06 2021,95,78,1,0,0
01:09:46 Jan 06 2021,96,79,1,0,0
01:09:48 Jan 06 2021,96,81,0,0,0
01:09:50 Jan 06 2021,96,80,0,0,0
01:09:52 Jan 06 2021,96,79,0,0,0
01:09:54 Jan 06 2021,96,81,1,0,0
01:09:56 Jan 06 2021,96,79,1,0,0
01:09:58 Jan 06 2021,96,80,1,0,0
01:10:00 Jan 06 2021,96,82,0,0,0
01:10:02 Jan 06 2021,96,82,0,0,0
01:10:04 Jan 06 2021,96,85,0,0,0
01:10:06 Jan 06 2021,96,84,0,0,0
01:10:08 Jan 06 2021,95,83,0,0,0
01:10:10 Jan 06 2021,95,82,0,0,0
01:10:12 Jan 06 2021,94,80,0,0,0
01:10:14 Jan 06 2021,93,79,1,0,0
01:10:16 Jan 06 2021,93,80,1,0,0
01:10:18 Jan 06 2021,93,81,1,0,0
01:10:20 Jan 06 2021,93,82,1,0,0
01:10:22 Jan 06 2021,93,83,2,0,0
01:10:24 Jan 06 2021,93,83,2,0,0
01:10:26 Jan 06 2021,93,84,0,0,0
01:10:28 Jan 06 2021,93,84,0,0,0
01:10:30 Jan 06 2021,93,84,0,0,0
01:10:32 Jan 06 2021,93,84,3,0,0
01:10:34 Jan 06 2021,93,84,0,0,0
01:10:36 Jan 06 2021,93,84,0,0,0
01:10:38 Jan 06 2021,93,84,0,0,0
01:10:40 Jan 06 2021,94,82,0,0,0
01:10:42 Jan 06 2021,94,82,0,0,0
01:10:44 Jan 06 2021,94,82,0,0,0
01:10:46 Jan 06 2021,95,82,29,0,0
01:10:48 Jan 06 2021,95,85,4,0,0
01:10:50 Jan 06 2021,95,86,3,0,0
01:10:52 Jan 06 2021,95,87,1,0,0
01:10:54 Jan 06 2021,95,87,7,0,0
01:10:56 Jan 06 2021,95,86,5,0,0
01:10:58 Jan 06 2021,95,87,12,0,0
01:11:00 Jan 06 2021,95,87,19,0,0
01:11:02 Jan 06 2021,95,83,2,0,0
01:11:04 Jan 06 2021,95,83,1,0,0
01:11:06 Jan 06 2021,95,82,10,0,0
01:11:08 Jan 06 2021,95,80,0,0,0
01:11:10 Jan 06 2021,95,81,1,0,0
01:11:12 Jan 06 2021,95,84,1,0,0
01:11:14 Jan 06 2021,95,79,1,0,0
01:11:16 Jan 06 2021,95,76,3,0,0
01:11:18 Jan 06 2021,95,74,3,0,0
01:11:20 Jan 06 2021,95,71,1,0,0
01:11:22 Jan 06 2021,94,73,0,0,0
01:11:24 Jan 06 2021,95,73,0,0,0
01:11:26 Jan 06 2021,94,72,0,0,0
01:11:28 Jan 06 2021,93,72,0,0,0
01:11:30 Jan 06 2021,94,73,0,0,0
01:11:32 Jan 06 2021,94,73,0,0,0
01:11:34 Jan 06 2021,94,73,0,0,0
01:11:36 Jan 06 2021,94,73,0,0,0
01:11:38 Jan 06 2021,95,76,2,0,0
01:11:40 Jan 06 2021,96,80,4,0,0
01:11:42 Jan 06 2021,97,82,3,0,0
01:11:44 Jan 06 2021,97,82,1,0,0
01:11:46 Jan 06 2021,97,83,1,0,0
01:11:48 Jan 06 2021,97,82,0,0,0
01:11:50 Jan 06 2021,97,82,0,0,0
01:11:52 Jan 06 2021,97,81,1,0,0
01:11:54 Jan 06 2021,97,79,0,0,0
01:11:56 Jan 06 2021,97,80,0,0,0
01:11:58 Jan 06 2021,97,80,5,0,0
01:12:00 Jan 06 2021,97,80,0,0,0
01:12:02 Jan 06 2021,97,81,0,0,0
01:12:04 Jan 06 2021,97,81,0,0,0
01:12:06 Jan 06 2021,97,78,0,0,0
01:12:08 Jan 06 2021,97,78,0,0,0
01:12:10 Jan 06 2021,97,77,0,0,0
01:12:12 Jan 06 2021,97,77,0,0,0
01:12:14 Jan 06 2021,96,79,0,0,0
01:12:16 Jan 06 2021,96,80,0,0,0
01:12:18 Jan 06 2021,96,82,0,0,0
01:12:20 Jan 06 2021,96,83,0,0,0
01:12:22 Jan 06 2021,96,83,0,0,0
01:12:24 Jan 06 2021,96,83,0,0,0
01:12:26 Jan 06 2021,96,82,0,0,0
01:12:28 Jan 06 2021,96,82,0,0,0
01:12:30 Jan 06 2021,96,83,0,0,0
01:12:32 Jan 06 2021,96,84,0,0,0
01:12:34 Jan 06 2021,97,85,0,0,0
01:12:36 Jan 06 2021,97,85,0,0,0
01:12:38 Jan 06 2021,97,83,0,0,0
01:12:40 Jan 06 2021,97,83,0,0,0
01:12:42 Jan 06 2021,97,82,0,0,0
01:12:44 Jan 06 2021,97,82,0,0,0
01:12:46 Jan 06 2021,97,83,0,0,0
01:12:48 Jan 06 2021,97,80,1,0,0
01:12:50 Jan 06 2021,97,81,1,0,0
01:12:52 Jan 06 2021,97,81,0,0,0
01:12:54 Jan 06 2021,97,80,0,0,0
01:12:56 Jan 06 2021,97,80,0,0,0
01:12:58 Jan 06 2021,97,78,0,0,0
01:13:00 Jan 06 2021,97,77,0,0,0
01:13:02 Jan 06 2021,97,77,2,0,0
01:13:04 Jan 06 2021,97,77,2,0,0
01:13:06 Jan 06 2021,97,77,16,0,0
01:13:08 Jan 06 2021,97,76,2,0,0
01:13:10 Jan 06 2021,97,76,8,0,0
01:13:12 Jan 06 2021,97,75,1,0,0
01:13:14 Jan 06 2021,97,75,1,0,0
01:13:16 Jan 06 2021,97,75,1,0,0
01:13:18 Jan 06 2021,97,75,2,0,0
01:13:20 Jan 06 2021,97,75,5,0,0
01:13:22 Jan 06 2021,97,74,4,0,0
01:13:24 Jan 06 2021,97,73,0,0,0
01:13:26 Jan 06 2021,97,72,15,0,0
01:13:28 Jan 06 2021,97,73,5,0,0
01:13:30 Jan 06 2021,97,73,0,0,0
01:13:32 Jan 06 2021,97,73,0,0,0
01:13:34 Jan 06 2021,97,73,1,0,0
01:13:36 Jan 06 2021,97,73,0,0,0
01:13:38 Jan 06 2021,97,73,0,0,0
01:13:40 Jan 06 2021,97,73,2,0,0
01:13:42 Jan 06 2021,97,75,6,0,0
01:13:44 Jan 06 2021,97,77,3,0,0
01:13:46 Jan 06 2021,97,80,6,0,0
01:13:48 Jan 06 2021,97,83,2,0,0
01:13:50 Jan 06 2021,97,83,0,0,0
01:13:52 Jan 06 2021,97,83,0,0,0
01:13:54 Jan 06 2021,97,83,0,0,0
01:13:56 Jan 06 2021,97,84,0,0,0
01:13:58 Jan 06 2021,97,86,24,0,0
01:14:00 Jan 06 2021,97,82,2,0,0
01:14:02 Jan 06 2021,97,81,0,0,0
01:14:04 Jan 06 2021,97,82,20,0,0
01:14:06 Jan 06 2021,97,80,1,0,0
01:14:08 Jan 06 2021,97,82,0,0,0
01:14:10 Jan 06 2021,97,82,0,0,0
01:14:12 Jan 06 2021,97,82,0,0,0
01:14:14 Jan 06 2021,97,82,0,0,0
01:14:16 Jan 06 2021,97,82,0,0,0
01:14:18 Jan 06 2021,97,79,1,0,0
01:14:20 Jan 06 2021,97,78,0,0,0
01:14:22 Jan 06 2021,96,72,0,0,0
01:14:24 Jan 06 2021,96,75,2,0,0
01:14:26 Jan 06 2021,96,76,0,0,0
01:14:28 Jan 06 2021,96,77,0,0,0
01:14:30 Jan 06 2021,96,79,0,0,0
01:14:32 Jan 06 2021,96,79,4,0,0
01:14:34 Jan 06 2021,96,80,4,0,0
01:14:36 Jan 06 2021,96,81,1,0,0
01:14:38 Jan 06 2021,96,80,0,0,0
01:14:40 Jan 06 2021,96,82,1,0,0
01:14:42 Jan 06 2021,96,79,0,0,0
01:14:44 Jan 06 2021,96,75,0,0,0
01:14:46 Jan 06 2021,96,73,5,0,0
01:14:48 Jan 06 2021,96,74,31,0,0
01:14:50 Jan 06 2021,95,76,1,0,0
01:14:52 Jan 06 2021,95,76,0,0,0
01:14:54 Jan 06 2021,95,77,0,0,0
01:14:56 Jan 06 2021,95,76,2,0,0
01:14:58 Jan 06 2021,95,76,32,0,0
01:15:00 Jan 06 2021,95,76,0,0,0
01:15:02 Jan 06 2021,95,76,0,0,0
01:15:04 Jan 06 2021,95,76,2,0,0
01:15:06 Jan 06 2021,96,76,0,0,0
01:15:08 Jan 06 2021,97,76,1,0,0
01:15:10 Jan 06 2021,97,76,4,0,0
01:15:12 Jan 06 2021,97,76,1,0,0
01:15:14 Jan 06 2021,97,73,1,0,0
01:15:16 Jan 06 2021,97,73,3,0,0
01:15:18 Jan 06 2021,97,73,0,0,0
01:15:20 Jan 06 2021,97,74,0,0,0
01:15:22 Jan 06 2021,97,75,0,0,0
01:15:24 Jan 06 2021,97,74,0,0,0
01:15:26 Jan 06 2021,97,75,0,0,0
01:15:28 Jan 06 2021,97,78,0,0,0
01:15:30 Jan 06 2021,93,80,0,0,0
01:15:32 Jan 06 2021,90,80,1,0,0
01:15:34 Jan 06 2021,88,77,0,0,0
01:15:36 Jan 06 2021,85,75,0,0,0
01:15:38 Jan 06 2021,86,74,0,0,0
01:15:40 Jan 06 2021,86,72,0,0,0
01:15:42 Jan 06 2021,86,73,0,0,0
01:15:44 Jan 06 2021,89,66,0,0,0
01:15:46 Jan 06 2021,93,58,0,0,0
01:15:48 Jan 06 2021,95,55,0,0,0
01:15:50 Jan 06 2021,96,52,0,0,0
01:15:52 Jan 06 2021,96,53,0,0,0
01:15:54 Jan 06 2021,96,54,0,0,0
01:15:56 Jan 06 2021,96,54,0,0,0
01:15:58 Jan 06 2021,96,53,0,0,0
01:16:00 Jan 06 2021,96,56,0,0,0
01:16:02 Jan 06 2021,96,57,0,0,0
01:16:04 Jan 06 2021,96,57,0,0,0
01:16:06 Jan 06 2021,96,58,0,0,0
01:16:08 Jan 06 2021,96,57,0,0,0
01:16:10 Jan 06 2021,96,56,0,0,0
01:16:12 Jan 06 2021,96,56,0,0,0
01:16:14 Jan 06 2021,96,59,0,0,0
01:16:16 Jan 06 2021,96,57,0,0,0
01:16:18 Jan 06 2021,96,58,0,0,0
01:16:20 Jan 06 2021,96,58,0,0,0
01:16:22 Jan 06 2021,96,58,0,0,0
01:16:24 Jan 06 2021,96,58,0,0,0
01:16:26 Jan 06 2021,96,58,0,0,0
01:16:28 Jan 06 2021,96,58,0,0,0
01:16:30 Jan 06 2021,96,58,0,0,0
01:16:32 Jan 06 2021,96,58,0,0,0
01:16:34 Jan 06 2021,96,57,0,0,0
01:16:36 Jan 06 2021,96,57,1,0,0
01:16:38 Jan 06 2021,96,57,0,0,0
01:16:40 Jan 06 2021,96,57,0,0,0
01:16:42 Jan 06 2021,96,57,0,0,0
01:16:44 Jan 06 2021,96,57,0,0,0
01:16:46 Jan 06 2021,96,57,0,0,0
01:16:48 Jan 06 2021,96,57,0,0,0
01:16:50 Jan 06 2021,96,57,1,0,0
01:16:52 Jan 06 2021,96,57,0,0,0
01:16:54 Jan 06 2021,96,57,0,0,0
01:16:56 Jan 06 2021,96,57,0,0,0
01:16:58 Jan 06 2021,96,57,0,0,0
01:17:00 Jan 06 2021,96,57,0,0,0
01:17:02 Jan 06 2021,96,57,0,0,0
01:17:04 Jan 06 2021,96,57,0,0,0
01:17:06 Jan 06 2021,96,57,0,0,0
01:17:08 Jan 06 2021,96,56,0,0,0
01:17:10 Jan 06 2021,96,56,0,0,0
01:17:12 Jan 06 2021,96,56,0,0,0
01:17:14 Jan 06 2021,96,56,0,0,0
01:17:16 Jan 06 2021,96,56,0,0,0
01:17:18 Jan 06 2021,96,56,0,0,0
01:17:20 Jan 06 2021,96,56,1,0,0
01:17:22 Jan 06 2021,96,56,1,0,0
01:17:24 Jan 06 2021,97,55,0,0,0
01:17:26 Jan 06 2021,97,53,2,0,0
01:17:28 Jan 06 2021,98,50,0,0,0
01:17:30 Jan 06 2021,99,49,0,0,0
01:17:32 Jan 06 2021,99,48,1,0,0
01:17:34 Jan 06 2021,99,48,0,0,0
01:17:36 Jan 06 2021,99,48,2,0,0
01:17:38 Jan 06 2021,99,48,1,0,0
01:17:40 Jan 06 2021,99,49,8,0,0
01:17:42 Jan 06 2021,99,49,9,0,0
01:17:44 Jan 06 2021,99,50,0,0,0
01:17:46 Jan 06 2021,99,51,0,0,0
01:17:48 Jan 06 2021,99,50,0,0,0
01:17:50 Jan 06 2021,99,51,12,0,0
01:17:52 Jan 06 2021,99,51,8,0,0
01:17:54 Jan 06 2021,99,51,1,0,0
01:17:56 Jan 06 2021,99,51,1,0,0
01:17:58 Jan 06 2021,99,50,4,0,0
01:18:00 Jan 06 2021,99,50,4,0,0
01:18:02 Jan 06 2021,99,50,1,0,0
01:18:04 Jan 06 2021,99,50,1,0,0
01:18:06 Jan 06 2021,99,50,0,0,0
01:18:08 Jan 06 2021,99,49,0,0,0
01:18:10 Jan 06 2021,99,49,0,0,0
01:18:12 Jan 06 2021,99,49,0,0,0
01:18:14 Jan 06 2021,99,49,0,0,0
01:18:16 Jan 06 2021,99,49,0,0,0
01:18:18 Jan 06 2021,99,49,0,0,0
01:18:20 Jan 06 2021,99,49,0,0,0
01:18:22 Jan 06 2021,99,49,0,0,0
01:18:24 Jan 06 2021,99,49,0,0,0
01:18:26 Jan 06 2021,99,50,0,0,0
01:18:28 Jan 06 2021,99,50,0,0,0
01:18:30 Jan 06 2021,99,50,2,0,0
01:18:32 Jan 06 2021,99,50,0,0,0
01:18:34 Jan 06 2021,99,50,0,0,0
01:18:36 Jan 06 2021,99,50,0,0,0
01:18:38 Jan 06 2021,99,50,0,0,0
01:18:40 Jan 06 2021,99,50,0,0,0
01:18:42 Jan 06 2021,99,50,0,0,0
01:18:44 Jan 06 2021,99,50,0,0,0
01:18:46 Jan 06 2021,99,49,0,0,0
01:18:48 Jan 06 2021,99,49,0,0,0
01:18:50 Jan 06 2021,99,49,1,0,0
01:18:52 Jan 06 2021,99,49,0,0,0
01:18:54 Jan 06 2021,99,49,0,0,0
01:18:56 Jan 06 2021,99,54,0,0,0
01:18:58 Jan 06 2021,99,64,0,0,0
01:19:00 Jan 06 2021,99,75,0,0,0
01:19:02 Jan 06 2021,99,81,0,0,0
01:19:04 Jan 06 2021,99,80,0,0,0
01:19:06 Jan 06 2021,99,79,0,0,0
01:19:08 Jan 06 2021,99,79,0,0,0
01:19:10 Jan 06 2021,99,80,0,0,0
01:19:12 Jan 06 2021,99,80,0,0,0
01:19:14 Jan 06 2021,99,80,0,0,0
01:19:16 Jan 06 2021,99,80,0,0,0
01:19:18 Jan 06 2021,99,80,0,0,0
01:19:20 Jan 06 2021,99,80,0,0,0
01:19:22 Jan 06 2021,99,80,1,0,0
01:19:24 Jan 06 2021,99,80,1,0,0
01:19:26 Jan 06 2021,99,80,0,0,0
01:19:28 Jan 06 2021,99,80,0,0,0
01:19:30 Jan 06 2021,99,80,0,0,0
01:19:32 Jan 06 2021,99,82,0,0,0
01:19:34 Jan 06 2021,99,82,0,0,0
01:19:36 Jan 06 2021,99,82,0,0,0
01:19:38 Jan 06 2021,99,81,0,0,0
01:19:40 Jan 06 2021,99,71,0,0,0
01:19:42 Jan 06 2021,98,62,0,0,0
01:19:44 Jan 06 2021,98,52,0,0,0
01:19:46 Jan 06 2021,98,50,0,0,0
01:19:48 Jan 06 2021,98,51,0,0,0
01:19:50 Jan 06 2021,98,51,0,0,0
01:19:52 Jan 06 2021,98,51,0,0,0
01:19:54 Jan 06 2021,98,51,2,0,0
01:19:56 Jan 06 2021,98,51,2,0,0
01:19:58 Jan 06 2021,98,51,1,0,0
01:20:00 Jan 06 2021,98,51,4,0,0
01:20:02 Jan 06 2021,98,51,14,0,0
01:20:04 Jan 06 2021,98,51,1,0,0
01:20:06 Jan 06 2021,98,51,1,0,0
01:20:08 Jan 06 2021,98,51,0,0,0
01:20:10 Jan 06 2021,98,51,1,0,0
01:20:12 Jan 06 2021,98,51,0,0,0
01:20:14 Jan 06 2021,98,51,0,0,0
01:20:16 Jan 06 2021,98,51,12,0,0
01:20:18 Jan 06 2021,98,51,7,0,0
01:20:20 Jan 06 2021,98,51,1,0,0
01:20:22 Jan 06 2021,98,51,1,0,0
01:20:24 Jan 06 2021,98,51,1,0,0
01:20:26 Jan 06 2021,98,53,7,0,0
01:20:28 Jan 06 2021,97,56,2,0,0
01:20:30 Jan 06 2021,97,57,2,0,0
01:20:32 Jan 06 2021,97,57,0,0,0
01:20:34 Jan 06 2021,97,58,3,0,0
01:20:36 Jan 06 2021,97,57,0,0,0
01:20:38 Jan 06 2021,97,57,0,0,0
01:20:40 Jan 06 2021,97,57,0,0,0
01:20:42 Jan 06 2021,97,56,0,0,0
01:20:44 Jan 06 2021,97,56,0,0,0
01:20:46 Jan 06 2021,97,56,0,0,0
01:20:48 Jan 06 2021,97,56,0,0,0
01:20:50 Jan 06 2021,97,57,0,0,0
01:20:52 Jan 06 2021,97,56,0,0,0
01:20:54 Jan 06 2021,97,56,0,0,0
01:20:56 Jan 06 2021,97,56,0,0,0
01:20:58 Jan 06 2021,97,55,0,0,0
01:21:00 Jan 06 2021,97,55,0,0,0
01:21:02 Jan 06 2021,97,55,0,0,0
01:21:04 Jan 06 2021,97,55,0,0,0
01:21:06 Jan 06 2021,97,55,0,0,0
01:21:08 Jan 06 2021,97,55,0,0,0
01:21:10 Jan 06 2021,97,53,0,0,0
01:21:12 Jan 06 2021,97,53,0,0,0
01:21:14 Jan 06 2021,97,52,0,0,0
01:21:16 Jan 06 2021,97,52,0,0,0
01:21:18 Jan 06 2021,97,52,0,0,0
01:21:20 Jan 06 2021,97,52,0,0,0
01:21:22 Jan 06 2021,97,52,0,0,0
01:21:24 Jan 06 2021,97,52,0,0,0
01:21:26 Jan 06 2021,97,52,0,0,0
01:21:28 Jan 06 2021,97,52,0,0,0
01:21:30 Jan 06 2021,97,52,0,0,0
01:21:32 Jan 06 2021,97,52,0,0,0
01:21:34 Jan 06 2021,97,52,0,0,0
01:21:36 Jan 06 2021,97,52,0,0,0
01:21:38 Jan 06 2021,97,51,0,0,0
01:21:40 Jan 06 2021,97,51,0,0,0
01:21:42 Jan 06 2021,97,51,0,0,0
01:21:44 Jan 06 2021,97,51,0,0,0
01:21:46 Jan 06 2021,97,51,0,0,0
01:21:48 Jan 06 2021,97,51,0,0,0
01:21:50 Jan 06 2021,97,51,0,0,0
01:21:52 Jan 06 2021,97,51,0,0,0
01:21:54 Jan 06 2021,97,51,0,0,0
01:21:56 Jan 06 2021,97,51,0,0,0
01:21:58 Jan 06 2021,97,51,0,0,0
01:22:00 Jan 06 2021,97,52,0,0,0
01:22:02 Jan 06 2021,97,52,0,0,0
01:22:04 Jan 06 2021,97,54,0,0,0
01:22:06 Jan 06 2021,97,56,0,0,0
01:22:08 Jan 06 2021,97,57,0,0,0
01:22:10 Jan 06 2021,97,62,0,0,0
01:22:12 Jan 06 2021,97,64,0,0,0
01:22:14 Jan 06 2021,97,63,0,0,0
01:22:16 Jan 06 2021,97,63,0,0,0
01:22:18 Jan 06 2021,97,63,0,0,0
01:22:20 Jan 06 2021,97,64,0,0,0
01:22:22 Jan 06 2021,97,63,0,0,0
01:22:24 Jan 06 2021,97,63,0,0,0
01:22:26 Jan 06 2021,97,63,0,0,0
01:22:28 Jan 06 2021,97,63,0,0,0
01:22:30 Jan 06 2021,97,62,0,0,0
01:22:32 Jan 06 2021,97,61,0,0,0
01:22:34 Jan 06 2021,96,62,0,0,0
01:22:36 Jan 06 2021,96,62,0,0,0
01:22:38 Jan 06 2021,96,63,0,0,0
01:22:40 Jan 06 2021,96,63,0,0,0
01:22:42 Jan 06 2021,96,63,0,0,0
01:22:44 Jan 06 2021,96,63,0,0,0
01:22:46 Jan 06 2021,96,63,0,0,0
01:22:48 Jan 06 2021,96,64,0,0,0
01:22:50 Jan 06 2021,95,64,0,0,0
01:22:52 Jan 06 2021,95,64,0,0,0
01:22:54 Jan 06 2021,95,64,0,0,0
01:22:56 Jan 06 2021,95,64,0,0,0
01:22:58 Jan 06 2021,95,64,0,0,0
01:23:00 Jan 06 2021,95,64,0,0,0
01:23:02 Jan 06 2021,95,62,0,0,0
01:23:04 Jan 06 2021,95,63,0,0,0
01:23:06 Jan 06 2021,95,63,0,0,0
01:23:08 Jan 06 2021,95,63,0,0,0
01:23:10 Jan 06 2021,95,63,0,0,0
01:23:12 Jan 06 2021,95,63,0,0,0
01:23:14 Jan 06 2021,95,64,0,0,0
01:23:16 Jan 06 2021,95,64,0,0,0
01:23:18 Jan 06 2021,95,64,0,0,0
01:23:20 Jan 06 2021,95,64,0,0,0
01:23:22 Jan 06 2021,95,64,0,0,0
01:23:24 Jan 06 2021,95,64,0,0,0
01:23:26 Jan 06 2021,95,64,0,0,0
01:23:28 Jan 06 2021,95,64,0,0,0
01:23:30 Jan 06 2021,95,64,0,0,0
01:23:32 Jan 06 2021,95,64,0,0,0
01:23:34 Jan 06 2021,95,64,0,0,0
01:23:36 Jan 06 2021,95,64,0,0,0
01:23:38 Jan 06 2021,95,65,0,0,0
01:23:40 Jan 06 2021,95,63,0,0,0
01:23:42 Jan 06 2021,95,63,0,0,0
01:23:44 Jan 06 2021,95,63,0,0,0
01:23:46 Jan 06 2021,95,63,0,0,0
01:23:48 Jan 06 2021,95,63,0,0,0
01:23:50 Jan 06 2021,95,63,0,0,0
01:23:52 Jan 06 2021,95,63,0,0,0
01:23:54 Jan 06 2021,95,63,0,0,0
01:23:56 Jan 06 2021,95,63,0,0,0
01:23:58 Jan 06 2021,95,63,0,0,0
01:24:00 Jan 06 2021,95,63,0,0,0
01:24:02 Jan 06 2021,95,63,0,0,0
01:24:04 Jan 06 2021,95,63,0,0,0
01:24:06 Jan 06 2021,95,63,0,0,0
01:24:08 Jan 06 2021,95,63,0,0,0
01:24:10 Jan 06 2021,95,63,0,0,0
01:24:12 Jan 06 2021,95,63,0,0,0
01:24:14 Jan 06 2021,95,63,0,0,0
01:24:16 Jan 06 2021,95,63,0,0,0
01:24:18 Jan 06 2021,95,63,3,0,0
01:24:20 Jan 06 2021,95,62,0,0,0
01:24:22 Jan 06 2021,95,62,3,0,0
01:24:24 Jan 06 2021,95,62,0,0,0
01:24:26 Jan 06 2021,95,62,1,0,0
01:24:28 Jan 06 2021,95,62,1,0,0
01:24:30 Jan 06 2021,95,62,1,0,0
01:24:32 Jan 06 2021,95,63,3,0,0
01:24:34 Jan 06 2021,95,63,1,0,0
01:24:36 Jan 06 2021,95,63,2,0,0
01:24:38 Jan 06 2021,95,63,2,0,0
01:24:40 Jan 06 2021,95,63,4,0,0
01:24:42 Jan 06 2021,95,63,3,0,0
01:24:44 Jan 06 2021,95,63,1,0,0
01:24:46 Jan 06 2021,95,64,7,0,0
01:24:48 Jan 06 2021,95,64,3,0,0
01:24:50 Jan 06 2021,95,63,0,0,0
01:24:52 Jan 06 2021,95,61,0,0,0
01:24:54 Jan 06 2021,95,61,0,0,0
01:24:56 Jan 06 2021,95,63,0,0,0
01:24:58 Jan 06 2021,95,63,0,0,0
01:25:00 Jan 06 2021,96,62,0,0,0
01:25:02 Jan 06 2021,96,62,0,0,0
01:25:04 Jan 06 2021,97,62,0,0,0
01:25:06 Jan 06 2021,97,62,0,0,0
01:25:08 Jan 06 2021,97,63,0,0,0
01:25:10 Jan 06 2021,97,62,0,0,0
01:25:12 Jan 06 2021,97,62,0,0,0
01:25:14 Jan 06 2021,97,62,0,0,0
01:25:16 Jan 06 2021,97,62,0,0,0
01:25:18 Jan 06 2021,97,62,0,0,0
01:25:20 Jan 06 2021,97,62,0,0,0
01:25:22 Jan 06 2021,97,62,0,0,0
01:25:24 Jan 06 2021,97,62,0,0,0
01:25:26 Jan 06 2021,97,64,0,0,0
01:25:28 Jan 06 2021,97,64,0,0,0
01:25:30 Jan 06 2021,97,64,0,0,0
01:25:32 Jan 06 2021,97,64,0,0,0
01:25:34 Jan 06 2021,97,57,0,0,0
01:25:36 Jan 06 2021,97,48,0,0,0
01:25:38 Jan 06 2021,96,46,0,0,0
01:25:40 Jan 06 2021,96,43,0,0,0
01:25:42 Jan 06 2021,96,44,0,0,0
01:25:44 Jan 06 2021,96,45,0,0,0
01:25:46 Jan 06 2021,95,42,0,0,0
01:25:48 Jan 06 2021,94,42,0,0,0
01:25:50 Jan 06 2021,94,41,0,0,0
01:25:52 Jan 06 2021,93,40,0,0,0
01:25:54 Jan 06 2021,95,40,0,0,0
01:25:56 Jan 06 2021,95,40,0,0,0
01:25:58 Jan 06 2021,95,39,0,0,0
01:26:00 Jan 06 2021,96,40,0,0,0
01:26:02 Jan 06 2021,96,40,0,0,0
01:26:04 Jan 06 2021,96,40,0,0,0
01:26:06 Jan 06 2021,96,41,0,0,0
01:26:08 Jan 06 2021,97,41,0,0,0
01:26:10 Jan 06 2021,97,41,0,0,0
01:26:12 Jan 06 2021,97,41,0,0,0
01:26:14 Jan 06 2021,97,41,0,0,0
01:26:16 Jan 06 2021,97,41,0,0,0
01:26:18 Jan 06 2021,97,41,0,0,0
01:26:20 Jan 06 2021,97,41,0,0,0
01:26:22 Jan 06 2021,97,41,0,0,0
01:26:24 Jan 06 2021,97,41,0,0,0
01:26:26 Jan 06 2021,97,42,0,0,0
01:26:28 Jan 06 2021,97,51,0,0,0
01:26:30 Jan 06 2021,97,58,0,0,0
01:26:32 Jan 06 2021,97,64,0,0,0
01:26:34 Jan 06 2021,97,64,0,0,0
01:26:36 Jan 06 2021,97,66,0,0,0
01:26:38 Jan 06 2021,97,66,0,0,0
01:26:40 Jan 06 2021,97,66,0,0,0
01:26:42 Jan 06 2021,97,64,0,0,0
01:26:44 Jan 06 2021,97,63,0,0,0
01:26:46 Jan 06 2021,97,61,0,0,0
01:26:48 Jan 06 2021,97,62,0,0,0
01:26:50 Jan 06 2021,97,62,0,0,0
01:26:52 Jan 06 2021,97,62,0,0,0
01:26:54 Jan 06 2021,97,63,0,0,0
01:26:56 Jan 06 2021,97,65,0,0,0
01:26:58 Jan 06 2021,97,69,0,0,0
01:27:00 Jan 06 2021,96,76,0,0,0
01:27:02 Jan 06 2021,97,76,2,0,0
01:27:04 Jan 06 2021,96,79,13,0,0
01:27:06 Jan 06 2021,95,82,5,0,0
01:27:08 Jan 06 2021,96,80,3,0,0
01:27:10 Jan 06 2021,96,82,0,0,0
01:27:12 Jan 06 2021,96,82,0,0,0
01:27:14 Jan 06 2021,96,82,0,0,0
01:27:16 Jan 06 2021,96,84,0,0,0
01:27:18 Jan 06 2021,96,86,0,0,0
01:27:20 Jan 06 2021,96,86,3,0,0
01:27:22 Jan 06 2021,97,87,20,0,0
01:27:24 Jan 06 2021,97,85,1,0,0
01:27:26 Jan 06 2021,97,84,6,0,0
01:27:28 Jan 06 2021,97,85,17,0,0
01:27:30 Jan 06 2021,97,83,8,0,0
01:27:32 Jan 06 2021,97,83,3,0,0
01:27:34 Jan 06 2021,97,83,3,0,0
01:27:36 Jan 06 2021,97,83,2,0,0
01:27:38 Jan 06 2021,97,83,0,0,0
01:27:40 Jan 06 2021,97,83,1,0,0
01:27:42 Jan 06 2021,97,83,3,0,0
01:27:44 Jan 06 2021,97,83,1,0,0
01:27:46 Jan 06 2021,97,83,0,0,0
01:27:48 Jan 06 2021,97,83,0,0,0
01:27:50 Jan 06 2021,97,83,0,0,0
01:27:52 Jan 06 2021,97,83,0,0,0
01:27:54 Jan 06 2021,97,83,3,0,0
01:27:56 Jan 06 2021,97,81,2,0,0
01:27:58 Jan 06 2021,97,80,3,0,0
01:28:00 Jan 06 2021,97,79,2,0,0
01:28:02 Jan 06 2021,97,77,1,0,0
01:28:04 Jan 06 2021,97,78,0,0,0
01:28:06 Jan 06 2021,97,77,1,0,0
01:28:08 Jan 06 2021,97,76,1,0,0
01:28:10 Jan 06 2021,97,77,0,0,0
01:28:12 Jan 06 2021,97,77,2,0,0
01:28:14 Jan 06 2021,97,77,2,0,0
01:28:16 Jan 06 2021,97,78,1,0,0
01:28:18 Jan 06 2021,97,78,3,0,0
01:28:20 Jan 06 2021,97,79,1,0,0
01:28:22 Jan 06 2021,97,79,1,0,0
01:28:24 Jan 06 2021,97,79,2,0,0
01:28:26 Jan 06 2021,97,79,2,0,0
01:28:28 Jan 06 2021,97,79,1,0,0
01:28:30 Jan 06 2021,97,79,0,0,0
01:28:32 Jan 06 2021,97,79,0,0,0
01:28:34 Jan 06 2021,97,79,0,0,0
01:28:36 Jan 06 2021,97,81,0,0,0
01:28:38 Jan 06 2021,97,81,2,0,0
01:28:40 Jan 06 2021,97,81,0,0,0
01:28:42 Jan 06 2021,97,81,0,0,0
01:28:44 Jan 06 2021,97,81,0,0,0
01:28:46 Jan 06 2021,97,81,0,0,0
01:28:48 Jan 06 2021,97,83,0,0,0
01:28:50 Jan 06 2021,97,83,0,0,0
01:28:52 Jan 06 2021,97,83,0,0,0
01:28:54 Jan 06 2021,97,83,0,0,0
01:28:56 Jan 06 2021,97,83,0,0,0
01:28:58 Jan 06 2021,97,83,0,0,0
01:29:00 Jan 06 2021,97,83,2,0,0
01:29:02 Jan 06 2021,97,84,0,0,0
01:29:04 Jan 06 2021,97,83,0,0,0
01:29:06 Jan 06 2021,97,83,0,0,0
01:29:08 Jan 06 2021,97,81,0,0,0
01:29:10 Jan 06 2021,97,81,0,0,0
01:29:12 Jan 06 2021,97,81,2,0,0
01:29:14 Jan 06 2021,97,79,0,0,0
01:29:16 Jan 06 2021,97,80,0,0,0
01:29:18 Jan 06 2021,97,80,1,0,0
01:29:20 Jan 06 2021,97,80,1,0,0
01:29:22 Jan 06 2021,97,80,0,0,0
01:29:24 Jan 06 2021,97,80,0,0,0
01:29:26 Jan 06 2021,97,80,0,0,0
01:29:28 Jan 06 2021,97,80,0,0,0
01:29:30 Jan 06 2021,97,80,4,0,0
01:29:32 Jan 06 2021,97,80,0,0,0
01:29:34 Jan 06 2021,97,79,0,0,0
01:29:36 Jan 06 2021,97,79,0,0,0
01:29:38 Jan 06 2021,97,79,0,0,0
01:29:40 Jan 06 2021,97,79,0,0,0
01:29:42 Jan 06 2021,97,77,0,0,0
01:29:44 Jan 06 2021,97,78,0,0,0
01:29:46 Jan 06 2021,97,78,0,0,0
01:29:48 Jan 06 2021,97,78,0,0,0
01:29:50 Jan 06 2021,97,78,0,0,0
01:29:52 Jan 06 2021,97,72,2,0,0
01:29:54 Jan 06 2021,97,71,2,0,0
01:29:56 Jan 06 2021,97,69,1,0,0
01:29:58 Jan 06 2021,97,66,2,0,0
01:30:00 Jan 06 2021,97,70,1,0,0
01:30:02 Jan 06 2021,97,69,5,0,0
01:30:04 Jan 06 2021,97,69,1,0,0
01:30:06 Jan 06 2021,97,69,0,0,0
01:30:08 Jan 06 2021,97,69,0,0,0
01:30:10 Jan 06 2021,97,69,0,0,0
01:30:12 Jan 06 2021,97,68,0,0,0
01:30:14 Jan 06 2021,97,68,0,0,0
01:30:16 Jan 06 2021,97,68,0,0,0
01:30:18 Jan 06 2021,97,68,2,0,0
01:30:20 Jan 06 2021,97,68,0,0,0
01:30:22 Jan 06 2021,97,68,0,0,0
01:30:24 Jan 06 2021,97,68,1,0,0
01:30:26 Jan 06 2021,97,68,0,0,0
01:30:28 Jan 06 2021,97,66,0,0,0
01:30:30 Jan 06 2021,97,66,0,0,0
01:30:32 Jan 06 2021,97,65,0,0,0
01:30:34 Jan 06 2021,97,65,0,0,0
01:30:36 Jan 06 2021,97,65,0,0,0
01:30:38 Jan 06 2021,97,65,0,0,0
01:30:40 Jan 06 2021,97,65,0,0,0
01:30:42 Jan 06 2021,97,65,4,0,0
01:30:44 Jan 06 2021,97,65,0,0,0
01:30:46 Jan 06 2021,97,65,1,0,0
01:30:48 Jan 06 2021,97,65,0,0,0
01:30:50 Jan 06 2021,97,65,0,0,0
01:30:52 Jan 06 2021,97,65,0,0,0
01:30:54 Jan 06 2021,97,65,2,0,0
01:30:56 Jan 06 2021,97,66,0,0,0
01:30:58 Jan 06 2021,97,66,0,0,0
01:31:00 Jan 06 2021,97,66,0,0,0
01:31:02 Jan 06 2021,97,66,0,0,0
01:31:04 Jan 06 2021,97,66,0,0,0
01:31:06 Jan 06 2021,97,66,0,0,0
01:31:08 Jan 06 2021,97,66,3,0,0
01:31:10 Jan 06 2021,97,66,2,0,0
01:31:12 Jan 06 2021,97,66,3,0,0
01:31:14 Jan 06 2021,97,65,0,0,0
01:31:16 Jan 06 2021,97,64,0,0,0
01:31:18 Jan 06 2021,97,65,1,0,0
01:31:20 Jan 06 2021,97,66,0,0,0
01:31:22 Jan 06 2021,97,66,1,0,0
01:31:24 Jan 06 2021,97,66,0,0,0
01:31:26 Jan 06 2021,97,66,1,0,0
01:31:28 Jan 06 2021,97,66,0,0,0
01:31:30 Jan 06 2021,97,66,0,0,0
01:31:32 Jan 06 2021,97,66,1,0,0
01:31:34 Jan 06 2021,97,66,3,0,0
01:31:36 Jan 06 2021,97,66,0,0,0
01:31:38 Jan 06 2021,97,66,0,0,0
01:31:40 Jan 06 2021,97,66,0,0,0
01:31:42 Jan 06 2021,97,66,1,0,0
01:31:44 Jan 06 2021,97,66,2,0,0
01:31:46 Jan 06 2021,97,66,0,0,0
01:31:48 Jan 06 2021,97,66,4,0,0
01:31:50 Jan 06 2021,97,66,0,0,0
01:31:52 Jan 06 2021,97,66,0,0,0
01:31:54 Jan 06 2021,97,66,0,0,0
01:31:56 Jan 06 2021,97,66,0,0,0
01:31:58 Jan 06 2021,97,66,0,0,0
01:32:00 Jan 06 2021,97,66,0,0,0
01:32:02 Jan 06 2021,97,66,1,0,0
01:32:04 Jan 06 2021,97,65,0,0,0
01:32:06 Jan 06 2021,97,65,0,0,0
01:32:08 Jan 06 2021,97,65,1,0,0
01:32:10 Jan 06 2021,97,65,1,0,0
01:32:12 Jan 06 2021,97,65,0,0,0
01:32:14 Jan 06 2021,97,65,0,0,0
01:32:16 Jan 06 2021,97,65,0,0,0
01:32:18 Jan 06 2021,97,62,0,0,0
01:32:20 Jan 06 2021,97,61,0,0,0
01:32:22 Jan 06 2021,97,63,0,0,0
01:32:24 Jan 06 2021,97,63,0,0,0
01:32:26 Jan 06 2021,97,63,0,0,0
01:32:28 Jan 06 2021,97,63,0,0,0
01:32:30 Jan 06 2021,97,57,0,0,0
01:32:32 Jan 06 2021,97,51,0,0,0
01:32:34 Jan 06 2021,97,47,0,0,0
01:32:36 Jan 06 2021,97,52,0,0,0
01:32:38 Jan 06 2021,97,53,0,0,0
01:32:40 Jan 06 2021,97,55,0,0,0
01:32:42 Jan 06 2021,97,57,4,0,0
01:32:44 Jan 06 2021,97,53,1,0,0
01:32:46 Jan 06 2021,97,54,0,0,0
01:32:48 Jan 06 2021,97,54,0,0,0
01:32:50 Jan 06 2021,97,53,0,0,0
01:32:52 Jan 06 2021,97,53,1,0,0
01:32:54 Jan 06 2021,96,51,1,0,0
01:32:56 Jan 06 2021,96,50,1,0,0
01:32:58 Jan 06 2021,96,51,2,0,0
01:33:00 Jan 06 2021,96,51,0,0,0
01:33:02 Jan 06 2021,96,51,0,0,0
01:33:04 Jan 06 2021,96,51,0,0,0
01:33:06 Jan 06 2021,97,52,0,0,0
01:33:08 Jan 06 2021,97,49,0,0,0
01:33:10 Jan 06 2021,97,48,2,0,0
01:33:12 Jan 06 2021,97,48,0,0,0
01:33:14 Jan 06 2021,97,47,0,0,0
01:33:16 Jan 06 2021,97,48,0,0,0
01:33:18 Jan 06 2021,97,48,0,0,0
01:33:20 Jan 06 2021,97,48,2,0,0
01:33:22 Jan 06 2021,97,47,0,0,0
01:33:24 Jan 06 2021,97,47,0,0,0
01:33:26 Jan 06 2021,97,47,0,0,0
01:33:28 Jan 06 2021,97,47,0,0,0
01:33:30 Jan 06 2021,97,47,0,0,0
01:33:32 Jan 06 2021,97,47,0,0,0
01:33:34 Jan 06 2021,97,47,0,0,0
01:33:36 Jan 06 2021,97,47,1,0,0
01:33:38 Jan 06 2021,97,47,1,0,0
01:33:40 Jan 06 2021,97,47,0,0,0
01:33:42 Jan 06 2021,97,47,1,0,0
01:33:44 Jan 06 2021,97,47,1,0,0
01:33:46 Jan 06 2021,97,47,0,0,0
01:33:48 Jan 06 2021,97,47,4,0,0
01:33:50 Jan 06 2021,97,47,0,0,0
01:33:52 Jan 06 2021,97,47,7,0,0
01:33:54 Jan 06 2021,97,47,0,0,0
01:33:56 Jan 06 2021,97,47,0,0,0
01:33:58 Jan 06 2021,97,47,0,0,0
01:34:00 Jan 06 2021,97,47,6,0,0
01:34:02 Jan 06 2021,97,47,4,0,0
01:34:04 Jan 06 2021,97,47,6,0,0
01:34:06 Jan 06 2021,97,47,2,0,0
01:34:08 Jan 06 2021,97,47,2,0,0
01:34:10 Jan 06 2021,97,47,3,0,0
01:34:12 Jan 06 2021,97,60,3,0,0
01:34:14 Jan 06 2021,97,65,0,0,0
01:34:16 Jan 06 2021,96,79,0,0,0
01:34:18 Jan 06 2021,97,84,0,0,0
01:34:20 Jan 06 2021,97,84,0,0,0
01:34:22 Jan 06 2021,97,88,0,0,0
01:34:24 Jan 06 2021,97,88,0,0,0
01:34:26 Jan 06 2021,97,86,0,0,0
01:34:28 Jan 06 2021,98,87,0,0,0
01:34:30 Jan 06 2021,98,87,0,0,0
01:34:32 Jan 06 2021,98,87,0,0,0
01:34:34 Jan 06 2021,98,86,0,0,0
01:34:36 Jan 06 2021,98,86,0,0,0
01:34:38 Jan 06 2021,98,86,0,0,0
01:34:40 Jan 06 2021,97,85,0,0,0
01:34:42 Jan 06 2021,97,86,0,0,0
01:34:44 Jan 06 2021,97,86,0,0,0
01:34:46 Jan 06 2021,97,86,0,0,0
01:34:48 Jan 06 2021,97,86,0,0,0
01:34:50 Jan 06 2021,97,85,0,0,0
01:34:52 Jan 06 2021,97,84,0,0,0
01:34:54 Jan 06 2021,97,82,0,0,0
01:34:56 Jan 06 2021,97,80,0,0,0
01:34:58 Jan 06 2021,97,80,0,0,0
01:35:00 Jan 06 2021,96,78,0,0,0
01:35:02 Jan 06 2021,96,78,0,0,0
01:35:04 Jan 06 2021,96,78,2,0,0
01:35:06 Jan 06 2021,96,78,3,0,0
01:35:08 Jan 06 2021,96,78,0,0,0
01:35:10 Jan 06 2021,96,78,9,0,0
01:35:12 Jan 06 2021,96,78,3,0,0
01:35:14 Jan 06 2021,96,78,7,0,0
01:35:16 Jan 06 2021,96,79,6,0,0
01:35:18 Jan 06 2021,96,81,9,0,0
01:35:20 Jan 06 2021,96,82,3,0,0
01:35:22 Jan 06 2021,96,83,4,0,0
01:35:24 Jan 06 2021,96,82,3,0,0
01:35:26 Jan 06 2021,96,82,1,0,0
01:35:28 Jan 06 2021,96,82,0,0,0
01:35:30 Jan 06 2021,96,81,0,0,0
01:35:32 Jan 06 2021,96,80,0,0,0
01:35:34 Jan 06 2021,96,81,2,0,0
01:35:36 Jan 06 2021,96,81,1,0,0
01:35:38 Jan 06 2021,96,81,8,0,0
01:35:40 Jan 06 2021,96,81,3,0,0
01:35:42 Jan 06 2021,96,81,11,0,0
01:35:44 Jan 06 2021,96,80,2,0,0
01:35:46 Jan 06 2021,96,79,0,0,0
01:35:48 Jan 06 2021,96,80,0,0,0
01:35:50 Jan 06 2021,96,78,1,0,0
01:35:52 Jan 06 2021,96,79,2,0,0
01:35:54 Jan 06 2021,96,79,0,0,0
01:35:56 Jan 06 2021,96,79,0,0,0
01:35:58 Jan 06 2021,96,79,0,0,0
01:36:00 Jan 06 2021,96,75,0,0,0
01:36:02 Jan 06 2021,96,69,0,0,0
01:36:04 Jan 06 2021,96,71,0,0,0
01:36:06 Jan 06 2021,96,64,0,0,0
01:36:08 Jan 06 2021,96,63,0,0,0
01:36:10 Jan 06 2021,96,65,0,0,0
01:36:12 Jan 06 2021,96,64,0,0,0
01:36:14 Jan 06 2021,96,64,0,0,0
01:36:16 Jan 06 2021,96,64,0,0,0
01:36:18 Jan 06 2021,96,66,0,0,0
01:36:20 Jan 06 2021,96,65,0,0,0
01:36:22 Jan 06 2021,96,65,0,0,0
01:36:24 Jan 06 2021,96,59,0,0,0
01:36:26 Jan 06 2021,96,57,0,0,0
01:36:28 Jan 06 2021,96,52,0,0,0
01:36:30 Jan 06 2021,96,51,0,0,0
01:36:32 Jan 06 2021,96,52,0,0,0
01:36:34 Jan 06 2021,96,51,0,0,0
01:36:36 Jan 06 2021,96,51,0,0,0
01:36:38 Jan 06 2021,96,51,0,0,0
01:36:40 Jan 06 2021,96,52,0,0,0
01:36:42 Jan 06 2021,96,51,0,0,0
01:36:44 Jan 06 2021,96,57,0,0,0
01:36:46 Jan 06 2021,96,59,0,0,0
01:36:48 Jan 06 2021,96,59,0,0,0
01:36:50 Jan 06 2021,96,60,0,0,0
01:36:52 Jan 06 2021,96,58,0,0,0
01:36:54 Jan 06 2021,96,58,0,0,0
01:36:56 Jan 06 2021,96,58,0,0,0
01:36:58 Jan 06 2021,96,58,5,0,0
01:37:00 Jan 06 2021,96,58,0,0,0
01:37:02 Jan 06 2021,96,58,0,0,0
01:37:04 Jan 06 2021,96,58,0,0,0
01:37:06 Jan 06 2021,96,57,0,0,0
01:37:08 Jan 06 2021,96,57,0,0,0
01:37:10 Jan 06 2021,96,57,1,0,0
01:37:12 Jan 06 2021,96,57,3,0,0
01:37:14 Jan 06 2021,96,55,0,0,0
01:37:16 Jan 06 2021,96,55,4,0,0
01:37:18 Jan 06 2021,96,55,0,0,0
01:37:20 Jan 06 2021,96,55,6,0,0
01:37:22 Jan 06 2021,96,55,0,0,0
01:37:24 Jan 06 2021,96,55,0,0,0
01:37:26 Jan 06 2021,96,55,0,0,0
01:37:28 Jan 06 2021,96,55,0,0,0
01:37:30 Jan 06 2021,96,55,1,0,0
01:37:32 Jan 06 2021,96,54,0,0,0
01:37:34 Jan 06 2021,96,54,0,0,0
01:37:36 Jan 06 2021,96,54,0,0,0
01:37:38 Jan 06 2021,96,54,0,0,0
01:37:40 Jan 06 2021,96,54,0,0,0
01:37:42 Jan 06 2021,96,54,0,0,0
01:37:44 Jan 06 2021,96,54,1,0,0
01:37:46 Jan 06 2021,96,54,4,0,0
01:37:48 Jan 06 2021,96,54,1,0,0
01:37:50 Jan 06 2021,96,54,0,0,0
01:37:52 Jan 06 2021,96,54,1,0,0
01:37:54 Jan 06 2021,96,54,2,0,0
01:37:56 Jan 06 2021,96,54,0,0,0
01:37:58 Jan 06 2021,96,54,1,0,0
01:38:00 Jan 06 2021,96,52,0,0,0
01:38:02 Jan 06 2021,96,52,0,0,0
01:38:04 Jan 06 2021,96,53,2,0,0
01:38:06 Jan 06 2021,96,52,0,0,0
01:38:08 Jan 06 2021,96,55,0,0,0
01:38:10 Jan 06 2021,96,57,5,0,0
01:38:12 Jan 06 2021,96,59,5,0,0
01:38:14 Jan 06 2021,96,61,6,0,0
01:38:16 Jan 06 2021,96,63,5,0,0
01:38:18 Jan 06 2021,96,61,4,0,0
01:38:20 Jan 06 2021,96,61,9,0,0
01:38:22 Jan 06 2021,96,64,2,0,0
01:38:24 Jan 06 2021,96,73,7,0,0
01:38:26 Jan 06 2021,96,81,1,0,0
01:38:28 Jan 06 2021,95,84,0,0,0
01:38:30 Jan 06 2021,95,86,0,0,0
01:38:32 Jan 06 2021,95,83,4,0,0
01:38:34 Jan 06 2021,95,83,4,0,0
01:38:36 Jan 06 2021,95,83,2,0,0
01:38:38 Jan 06 2021,95,83,2,0,0
01:38:40 Jan 06 2021,95,83,0,0,0
01:38:42 Jan 06 2021,95,83,0,0,0
01:38:44 Jan 06 2021,95,83,0,0,0
01:38:46 Jan 06 2021,96,82,0,0,0
01:38:48 Jan 06 2021,96,83,0,0,0
01:38:50 Jan 06 2021,96,83,0,0,0
01:38:52 Jan 06 2021,96,83,0,0,0
01:38:54 Jan 06 2021,96,83,0,0,0
01:38:56 Jan 06 2021,97,82,6,0,0
01:38:58 Jan 06 2021,97,84,10,0,0
01:39:00 Jan 06 2021,97,81,0,0,0
01:39:02 Jan 06 2021,97,80,1,0,0
01:39:04 Jan 06 2021,97,83,0,0,0
01:39:06 Jan 06 2021,97,82,0,0,0
01:39:08 Jan 06 2021,97,83,0,0,0
01:39:10 Jan 06 2021,97,84,0,0,0
01:39:12 Jan 06 2021,97,83,0,0,0
01:39:14 Jan 06 2021,97,84,0,0,0
01:39:16 Jan 06 2021,97,84,0,0,0
01:39:18 Jan 06 2021,97,84,0,0,0
01:39:20 Jan 06 2021,97,84,0,0,0
01:39:22 Jan 06 2021,97,84,0,0,0
01:39:24 Jan 06 2021,97,84,0,0,0
01:39:26 Jan 06 2021,97,82,0,0,0
01:39:28 Jan 06 2021,96,80,0,0,0
01:39:30 Jan 06 2021,96,80,0,0,0
01:39:32 Jan 06 2021,96,80,0,0,0
01:39:34 Jan 06 2021,96,81,0,0,0
01:39:36 Jan 06 2021,96,82,0,0,0
01:39:38 Jan 06 2021,96,83,0,0,0
01:39:40 Jan 06 2021,96,81,0,0,0
01:39:42 Jan 06 2021,96,80,0,0,0
01:39:44 Jan 06 2021,96,82,4,0,0
01:39:46 Jan 06 2021,96,83,2,0,0
01:39:48 Jan 06 2021,96,86,1,0,0
01:39:50 Jan 06 2021,96,85,1,0,0
01:39:52 Jan 06 2021,96,85,1,0,0
01:39:54 Jan 06 2021,96,85,16,0,0
01:39:56 Jan 06 2021,96,85,4,0,0
01:39:58 Jan 06 2021,96,85,5,0,0
01:40:00 Jan 06 2021,96,85,11,0,0
01:40:02 Jan 06 2021,96,85,15,0,0
01:40:04 Jan 06 2021,96,85,20,0,0
01:40:06 Jan 06 2021,96,85,15,0,0
01:40:08 Jan 06 2021,96,85,5,0,0
01:40:10 Jan 06 2021,96,86,31,0,0
01:40:12 Jan 06 2021,96,86,16,0,0
01:40:14 Jan 06 2021,96,86,1,0,0
01:40:16 Jan 06 2021,96,86,5,0,0
01:40:18 Jan 06 2021,96,86,7,0,0
01:40:20 Jan 06 2021,96,86,11,0,0
01:40:22 Jan 06 2021,96,86,22,0,0
01:40:24 Jan 06 2021,96,87,4,0,0
01:40:26 Jan 06 2021,96,89,3,0,0
01:40:28 Jan 06 2021,96,88,9,0,0
01:40:30 Jan 06 2021,96,89,2,0,0
01:40:32 Jan 06 2021,96,89,1,0,0
01:40:34 Jan 06 2021,96,89,0,0,0
01:40:36 Jan 06 2021,96,89,1,0,0
01:40:38 Jan 06 2021,96,89,1,0,0
01:40:40 Jan 06 2021,96,89,1,0,0
01:40:42 Jan 06 2021,96,89,1,0,0
01:40:44 Jan 06 2021,96,87,0,0,0
01:40:46 Jan 06 2021,96,87,1,0,0
01:40:48 Jan 06 2021,95,81,0,0,0
01:40:50 Jan 06 2021,95,78,0,0,0
01:40:52 Jan 06 2021,95,77,0,0,0
01:40:54 Jan 06 2021,96,75,0,0,0
01:40:56 Jan 06 2021,96,76,1,0,0
01:40:58 Jan 06 2021,96,74,0,0,0
01:41:00 Jan 06 2021,96,74,0,0,0
01:41:02 Jan 06 2021,96,73,0,0,0
01:41:04 Jan 06 2021,96,72,3,0,0
01:41:06 Jan 06 2021,96,72,3,0,0
01:41:08 Jan 06 2021,96,71,1,0,0
01:41:10 Jan 06 2021,96,70,3,0,0
01:41:12 Jan 06 2021,96,70,13,0,0
01:41:14 Jan 06 2021,96,70,6,0,0
01:41:16 Jan 06 2021,96,70,16,0,0
01:41:18 Jan 06 2021,96,70,8,0,0
01:41:20 Jan 06 2021,96,71,3,0,0
01:41:22 Jan 06 2021,96,71,2,0,0
01:41:24 Jan 06 2021,96,71,1,0,0
01:41:26 Jan 06 2021,96,72,1,0,0
01:41:28 Jan 06 2021,96,71,0,0,0
01:41:30 Jan 06 2021,96,71,0,0,0
01:41:32 Jan 06 2021,96,71,0,0,0
01:41:34 Jan 06 2021,96,71,0,0,0
01:41:36 Jan 06 2021,96,71,0,0,0
01:41:38 Jan 06 2021,96,71,0,0,0
01:41:40 Jan 06 2021,96,70,0,0,0
01:41:42 Jan 06 2021,96,70,0,0,0
01:41:44 Jan 06 2021,96,65,0,0,0
01:41:46 Jan 06 2021,96,60,0,0,0
01:41:48 Jan 06 2021,96,63,0,0,0
01:41:50 Jan 06 2021,96,60,0,0,0
01:41:52 Jan 06 2021,96,65,0,0,0
01:41:54 Jan 06 2021,96,66,0,0,0
01:41:56 Jan 06 2021,96,68,0,0,0
01:41:58 Jan 06 2021,96,69,1,0,0
01:42:00 Jan 06 2021,96,68,1,0,0
01:42:02 Jan 06 2021,96,68,0,0,0
01:42:04 Jan 06 2021,96,68,1,0,0
01:42:06 Jan 06 2021,96,59,0,0,0
01:42:08 Jan 06 2021,97,48,1,0,0
01:42:10 Jan 06 2021,97,41,1,0,0
01:42:12 Jan 06 2021,97,39,0,0,0
01:42:14 Jan 06 2021,97,39,0,0,0
01:42:16 Jan 06 2021,97,39,0,0,0
01:42:18 Jan 06 2021,97,38,0,0,0
01:42:20 Jan 06 2021,97,38,1,0,0
01:42:22 Jan 06 2021,97,39,1,0,0
01:42:24 Jan 06 2021,97,39,0,0,0
01:42:26 Jan 06 2021,97,39,1,0,0
01:42:28 Jan 06 2021,97,39,0,0,0
01:42:30 Jan 06 2021,97,39,0,0,0
01:42:32 Jan 06 2021,97,39,1,0,0
01:42:34 Jan 06 2021,97,39,0,0,0
01:42:36 Jan 06 2021,97,39,0,0,0
01:42:38 Jan 06 2021,97,40,0,0,0
01:42:40 Jan 06 2021,97,41,0,0,0
01:42:42 Jan 06 2021,96,42,0,0,0
01:42:44 Jan 06 2021,96,45,0,0,0
01:42:46 Jan 06 2021,96,43,0,0,0
01:42:48 Jan 06 2021,95,43,0,0,0
01:42:50 Jan 06 2021,95,43,0,0,0
01:42:52 Jan 06 2021,95,43,0,0,0
01:42:54 Jan 06 2021,95,43,1,0,0
01:42:56 Jan 06 2021,95,43,0,0,0
01:42:58 Jan 06 2021,95,43,0,0,0
01:43:00 Jan 06 2021,96,43,0,0,0
01:43:02 Jan 06 2021,96,43,0,0,0
01:43:04 Jan 06 2021,96,43,0,0,0
01:43:06 Jan 06 2021,96,43,1,0,0
01:43:08 Jan 06 2021,96,43,0,0,0
01:43:10 Jan 06 2021,96,43,0,0,0
01:43:12 Jan 06 2021,97,44,0,0,0
01:43:14 Jan 06 2021,97,45,0,0,0
01:43:16 Jan 06 2021,97,46,0,0,0
01:43:18 Jan 06 2021,97,47,0,0,0
01:43:20 Jan 06 2021,97,47,0,0,0
01:43:22 Jan 06 2021,97,46,1,0,0
01:43:24 Jan 06 2021,97,46,0,0,0
01:43:26 Jan 06 2021,97,46,0,0,0
01:43:28 Jan 06 2021,97,46,0,0,0
01:43:30 Jan 06 2021,97,46,0,0,0
01:43:32 Jan 06 2021,97,45,0,0,0
01:43:34 Jan 06 2021,96,44,0,0,0
01:43:36 Jan 06 2021,96,43,1,0,0
01:43:38 Jan 06 2021,96,42,0,0,0
01:43:40 Jan 06 2021,95,41,1,0,0
01:43:42 Jan 06 2021,95,41,0,0,0
01:43:44 Jan 06 2021,95,41,0,0,0
01:43:46 Jan 06 2021,95,43,0,0,0
01:43:48 Jan 06 2021,95,44,0,0,0
01:43:50 Jan 06 2021,95,45,0,0,0
01:43:52 Jan 06 2021,95,44,0,0,0
01:43:54 Jan 06 2021,95,44,0,0,0
01:43:56 Jan 06 2021,95,44,0,0,0
01:43:58 Jan 06 2021,95,44,0,0,0
01:44:00 Jan 06 2021,95,44,0,0,0
01:44:02 Jan 06 2021,95,44,0,0,0
01:44:04 Jan 06 2021,95,44,0,0,0
01:44:06 Jan 06 2021,95,44,0,0,0
01:44:08 Jan 06 2021,95,51,0,0,0
01:44:10 Jan 06 2021,96,58,0,0,0
01:44:12 Jan 06 2021,96,65,0,0,0
01:44:14 Jan 06 2021,97,66,0,0,0
01:44:16 Jan 06 2021,97,67,0,0,0
01:44:18 Jan 06 2021,97,67,0,0,0
01:44:20 Jan 06 2021,97,67,0,0,0
01:44:22 Jan 06 2021,97,68,0,0,0
01:44:24 Jan 06 2021,97,67,0,0,0
01:44:26 Jan 06 2021,97,70,0,0,0
01:44:28 Jan 06 2021,97,73,0,0,0
01:44:30 Jan 06 2021,97,70,0,0,0
01:44:32 Jan 06 2021,97,72,0,0,0
01:44:34 Jan 06 2021,97,73,0,0,0
01:44:36 Jan 06 2021,96,72,0,0,0
01:44:38 Jan 06 2021,96,73,0,0,0
01:44:40 Jan 06 2021,96,75,0,0,0
01:44:42 Jan 06 2021,96,75,0,0,0
01:44:44 Jan 06 2021,96,77,0,0,0
01:44:46 Jan 06 2021,95,79,0,0,0
01:44:48 Jan 06 2021,95,73,0,0,0
01:44:50 Jan 06 2021,95,74,0,0,0
01:44:52 Jan 06 2021,95,72,0,0,0
01:44:54 Jan 06 2021,95,69,0,0,0
01:44:56 Jan 06 2021,95,74,0,0,0
01:44:58 Jan 06 2021,95,74,0,0,0
01:45:00 Jan 06 2021,95,74,0,0,0
01:45:02 Jan 06 2021,95,74,0,0,0
01:45:04 Jan 06 2021,95,74,0,0,0
01:45:06 Jan 06 2021,95,74,0,0,0
01:45:08 Jan 06 2021,95,74,0,0,0
01:45:10 Jan 06 2021,95,74,0,0,0
01:45:12 Jan 06 2021,95,74,0,0,0
01:45:14 Jan 06 2021,95,74,0,0,0
01:45:16 Jan 06 2021,96,71,0,0,0
01:45:18 Jan 06 2021,96,72,0,0,0
01:45:20 Jan 06 2021,96,73,1,0,0
01:45:22 Jan 06 2021,96,69,0,0,0
01:45:24 Jan 06 2021,96,70,0,0,0
01:45:26 Jan 06 2021,96,71,1,0,0
01:45:28 Jan 06 2021,96,74,0,0,0
01:45:30 Jan 06 2021,96,76,0,0,0
01:45:32 Jan 06 2021,96,76,0,0,0
01:45:34 Jan 06 2021,96,76,0,0,0
01:45:36 Jan 06 2021,96,76,0,0,0
01:45:38 Jan 06 2021,96,74,0,0,0
01:45:40 Jan 06 2021,95,74,1,0,0
01:45:42 Jan 06 2021,95,75,0,0,0
01:45:44 Jan 06 2021,95,75,0,0,0
01:45:46 Jan 06 2021,95,75,0,0,0
01:45:48 Jan 06 2021,95,75,0,0,0
01:45:50 Jan 06 2021,95,76,0,0,0
01:45:52 Jan 06 2021,95,74,0,0,0
01:45:54 Jan 06 2021,95,78,0,0,0
01:45:56 Jan 06 2021,96,79,0,0,0
01:45:58 Jan 06 2021,96,75,0,0,0
01:46:00 Jan 06 2021,96,77,0,0,0
01:46:02 Jan 06 2021,96,77,0,0,0
01:46:04 Jan 06 2021,97,76,0,0,0
01:46:06 Jan 06 2021,97,76,0,0,0
01:46:08 Jan 06 2021,97,76,0,0,0
01:46:10 Jan 06 2021,97,74,0,0,0
01:46:12 Jan 06 2021,97,74,0,0,0
01:46:14 Jan 06 2021,97,74,0,0,0
01:46:16 Jan 06 2021,97,73,0,0,0
01:46:18 Jan 06 2021,97,73,1,0,0
01:46:20 Jan 06 2021,97,73,0,0,0
01:46:22 Jan 06 2021,97,73,0,0,0
01:46:24 Jan 06 2021,97,73,0,0,0
01:46:26 Jan 06 2021,97,73,0,0,0
01:46:28 Jan 06 2021,97,73,0,0,0
01:46:30 Jan 06 2021,97,73,0,0,0
01:46:32 Jan 06 2021,96,73,0,0,0
01:46:34 Jan 06 2021,96,68,0,0,0
01:46:36 Jan 06 2021,96,60,0,0,0
01:46:38 Jan 06 2021,95,50,0,0,0
01:46:40 Jan 06 2021,95,42,0,0,0
01:46:42 Jan 06 2021,95,43,0,0,0
01:46:44 Jan 06 2021,94,41,0,0,0
01:46:46 Jan 06 2021,94,41,0,0,0
01:46:48 Jan 06 2021,94,41,0,0,0
01:46:50 Jan 06 2021,94,42,0,0,0
01:46:52 Jan 06 2021,93,42,0,0,0
01:46:54 Jan 06 2021,93,43,0,0,0
01:46:56 Jan 06 2021,93,44,0,0,0
01:46:58 Jan 06 2021,93,43,0,0,0
01:47:00 Jan 06 2021,93,43,0,0,0
01:47:02 Jan 06 2021,93,43,0,0,0
01:47:04 Jan 06 2021,93,43,0,0,0
01:47:06 Jan 06 2021,94,43,0,0,0
01:47:08 Jan 06 2021,95,43,0,0,0
01:47:10 Jan 06 2021,95,43,0,0,0
01:47:12 Jan 06 2021,95,43,1,0,0
01:47:14 Jan 06 2021,95,43,0,0,0
01:47:16 Jan 06 2021,95,43,0,0,0
01:47:18 Jan 06 2021,96,43,0,0,0
01:47:20 Jan 06 2021,96,43,0,0,0
01:47:22 Jan 06 2021,96,43,1,0,0
01:47:24 Jan 06 2021,96,43,0,0,0
01:47:26 Jan 06 2021,96,43,0,0,0
01:47:28 Jan 06 2021,96,43,0,0,0
01:47:30 Jan 06 2021,96,43,0,0,0
01:47:32 Jan 06 2021,96,43,0,0,0
01:47:34 Jan 06 2021,96,43,0,0,0
01:47:36 Jan 06 2021,96,43,0,0,0
01:47:38 Jan 06 2021,96,43,0,0,0
01:47:40 Jan 06 2021,96,43,0,0,0
01:47:42 Jan 06 2021,96,43,0,0,0
01:47:44 Jan 06 2021,96,43,1,0,0
01:47:46 Jan 06 2021,96,43,0,0,0
01:47:48 Jan 06 2021,96,43,0,0,0
01:47:50 Jan 06 2021,96,43,0,0,0
01:47:52 Jan 06 2021,96,43,0,0,0
01:47:54 Jan 06 2021,95,48,0,0,0
01:47:56 Jan 06 2021,95,56,0,0,0
01:47:58 Jan 06 2021,94,66,1,0,0
01:48:00 Jan 06 2021,93,71,0,0,0
01:48:02 Jan 06 2021,94,71,0,0,0
01:48:04 Jan 06 2021,95,71,0,0,0
01:48:06 Jan 06 2021,95,71,0,0,0
01:48:08 Jan 06 2021,95,72,0,0,0
01:48:10 Jan 06 2021,95,73,0,0,0
01:48:12 Jan 06 2021,96,75,0,0,0
01:48:14 Jan 06 2021,96,74,1,0,0
01:48:16 Jan 06 2021,96,74,0,0,0
01:48:18 Jan 06 2021,97,76,0,0,0
01:48:20 Jan 06 2021,97,75,0,0,0
01:48:22 Jan 06 2021,97,75,1,0,0
01:48:24 Jan 06 2021,97,76,0,0,0
01:48:26 Jan 06 2021,97,74,0,0,0
01:48:28 Jan 06 2021,97,73,0,0,0
01:48:30 Jan 06 2021,97,75,0,0,0
01:48:32 Jan 06 2021,97,74,1,0,0
01:48:34 Jan 06 2021,97,75,0,0,0
01:48:36 Jan 06 2021,97,73,1,0,0
01:48:38 Jan 06 2021,97,67,0,0,0
01:48:40 Jan 06 2021,97,67,0,0,0
01:48:42 Jan 06 2021,97,67,0,0,0
01:48:44 Jan 06 2021,96,65,1,0,0
01:48:46 Jan 06 2021,96,73,1,0,0
01:48:48 Jan 06 2021,96,78,0,0,0
01:48:50 Jan 06 2021,96,78,1,0,0
01:48:52 Jan 06 2021,96,79,0,0,0
01:48:54 Jan 06 2021,96,77,0,0,0
01:48:56 Jan 06 2021,97,79,1,0,0
01:48:58 Jan 06 2021,97,78,1,0,0
01:49:00 Jan 06 2021,97,79,0,0,0
01:49:02 Jan 06 2021,97,81,0,0,0
01:49:04 Jan 06 2021,95,78,1,0,0
01:49:06 Jan 06 2021,94,78,0,0,0
01:49:08 Jan 06 2021,93,77,0,0,0
01:49:10 Jan 06 2021,93,77,1,0,0
01:49:12 Jan 06 2021,93,78,0,0,0
01:49:14 Jan 06 2021,93,78,0,0,0
01:49:16 Jan 06 2021,94,75,0,0,0
01:49:18 Jan 06 2021,95,72,1,0,0
01:49:20 Jan 06 2021,96,70,1,0,0
01:49:22 Jan 06 2021,96,70,0,0,0
01:49:24 Jan 06 2021,97,70,1,0,0
01:49:26 Jan 06 2021,97,71,0,0,0
01:49:28 Jan 06 2021,97,73,0,0,0
01:49:30 Jan 06 2021,97,73,1,0,0
01:49:32 Jan 06 2021,97,74,0,0,0
01:49:34 Jan 06 2021,97,72,0,0,0
01:49:36 Jan 06 2021,97,68,1,0,0
01:49:38 Jan 06 2021,97,69,0,0,0
01:49:40 Jan 06 2021,97,68,0,0,0
01:49:42 Jan 06 2021,97,69,1,0,0
01:49:44 Jan 06 2021,97,72,1,0,0
01:49:46 Jan 06 2021,97,69,1,0,0
01:49:48 Jan 06 2021,97,70,0,0,0
01:49:50 Jan 06 2021,96,71,0,0,0
01:49:52 Jan 06 2021,96,72,0,0,0
01:49:54 Jan 06 2021,96,74,1,0,0
01:49:56 Jan 06 2021,95,75,0,0,0
01:49:58 Jan 06 2021,95,75,0,0,0
01:50:00 Jan 06 2021,95,75,0,0,0
01:50:02 Jan 06 2021,95,74,0,0,0
01:50:04 Jan 06 2021,95,73,0,0,0
01:50:06 Jan 06 2021,95,74,1,0,0
01:50:08 Jan 06 2021,95,73,0,0,0
01:50:10 Jan 06 2021,95,73,1,0,0
01:50:12 Jan 06 2021,95,73,1,0,0
01:50:14 Jan 06 2021,94,71,0,0,0
01:50:16 Jan 06 2021,94,68,1,0,0
01:50:18 Jan 06 2021,94,67,0,0,0
01:50:20 Jan 06 2021,93,66,0,0,0
01:50:22 Jan 06 2021,94,66,0,0,0
01:50:24 Jan 06 2021,94,67,1,0,0
01:50:26 Jan 06 2021,94,67,0,0,0
01:50:28 Jan 06 2021,95,70,0,0,0
01:50:30 Jan 06 2021,96,71,0,0,0
01:50:32 Jan 06 2021,97,73,1,0,0
01:50:34 Jan 06 2021,97,75,0,0,0
01:50:36 Jan 06 2021,97,73,0,0,0
01:50:38 Jan 06 2021,97,73,0,0,0
01:50:40 Jan 06 2021,97,74,0,0,0
01:50:42 Jan 06 2021,97,73,0,0,0
01:50:44 Jan 06 2021,97,71,0,0,0
01:50:46 Jan 06 2021,97,63,1,0,0
01:50:48 Jan 06 2021,97,61,0,0,0
01:50:50 Jan 06 2021,97,60,0,0,0
01:50:52 Jan 06 2021,97,64,0,0,0
01:50:54 Jan 06 2021,96,67,0,0,0
01:50:56 Jan 06 2021,97,68,0,0,0
01:50:58 Jan 06 2021,96,69,1,0,0
01:51:00 Jan 06 2021,95,69,0,0,0
01:51:02 Jan 06 2021,95,72,0,0,0
01:51:04 Jan 06 2021,95,73,0,0,0
01:51:06 Jan 06 2021,95,75,0,0,0
01:51:08 Jan 06 2021,95,76,0,0,0
01:51:10 Jan 06 2021,95,73,0,0,0
01:51:12 Jan 06 2021,94,72,0,0,0
01:51:14 Jan 06 2021,93,73,1,0,0
01:51:16 Jan 06 2021,92,73,0,0,0
01:51:18 Jan 06 2021,92,72,0,0,0
01:51:20 Jan 06 2021,92,74,0,0,0
01:51:22 Jan 06 2021,92,75,0,0,0
01:51:24 Jan 06 2021,92,75,0,0,0
01:51:26 Jan 06 2021,92,75,1,0,0
01:51:28 Jan 06 2021,92,75,0,0,0
01:51:30 Jan 06 2021,93,74,0,0,0
01:51:32 Jan 06 2021,94,74,0,0,0
01:51:34 Jan 06 2021,95,74,0,0,0
01:51:36 Jan 06 2021,95,74,0,0,0
01:51:38 Jan 06 2021,95,75,0,0,0
01:51:40 Jan 06 2021,96,75,0,0,0
01:51:42 Jan 06 2021,97,73,0,0,0
01:51:44 Jan 06 2021,97,70,0,0,0
01:51:46 Jan 06 2021,97,69,0,0,0
01:51:48 Jan 06 2021,97,71,0,0,0
01:51:50 Jan 06 2021,97,73,0,0,0
01:51:52 Jan 06 2021,97,74,0,0,0
01:51:54 Jan 06 2021,97,76,1,0,0
01:51:56 Jan 06 2021,96,76,0,0,0
01:51:58 Jan 06 2021,96,75,0,0,0
01:52:00 Jan 06 2021,95,74,0,0,0
01:52:02 Jan 06 2021,95,72,1,0,0
01:52:04 Jan 06 2021,95,68,0,0,0
01:52:06 Jan 06 2021,94,64,0,0,0
01:52:08 Jan 06 2021,94,65,0,0,0
01:52:10 Jan 06 2021,93,67,0,0,0
01:52:12 Jan 06 2021,93,75,0,0,0
01:52:14 Jan 06 2021,93,79,0,0,0
01:52:16 Jan 06 2021,92,80,0,0,0
01:52:18 Jan 06 2021,92,79,0,0,0
01:52:20 Jan 06 2021,91,77,0,0,0
01:52:22 Jan 06 2021,90,76,0,0,0
01:52:24 Jan 06 2021,90,77,0,0,0
01:52:26 Jan 06 2021,90,78,0,0,0
01:52:28 Jan 06 2021,91,77,0,0,0
01:52:30 Jan 06 2021,91,77,0,0,0
01:52:32 Jan 06 2021,93,75,1,0,0
01:52:34 Jan 06 2021,95,76,0,0,0
01:52:36 Jan 06 2021,96,77,0,0,0
01:52:38 Jan 06 2021,97,77,0,0,0
01:52:40 Jan 06 2021,97,77,0,0,0
01:52:42 Jan 06 2021,97,77,0,0,0
01:52:44 Jan 06 2021,97,77,0,0,0
01:52:46 Jan 06 2021,97,77,0,0,0
01:52:48 Jan 06 2021,97,75,0,0,0
01:52:50 Jan 06 2021,97,75,0,0,0
01:52:52 Jan 06 2021,97,75,0,0,0
01:52:54 Jan 06 2021,97,72,0,0,0
01:52:56 Jan 06 2021,97,73,0,0,0
01:52:58 Jan 06 2021,97,70,0,0,0
01:53:00 Jan 06 2021,97,67,0,0,0
01:53:02 Jan 06 2021,97,66,1,0,0
01:53:04 Jan 06 2021,96,65,1,0,0
01:53:06 Jan 06 2021,96,61,0,0,0
01:53:08 Jan 06 2021,96,60,0,0,0
01:53:10 Jan 06 2021,96,63,0,0,0
01:53:12 Jan 06 2021,97,62,0,0,0
01:53:14 Jan 06 2021,96,63,0,0,0
01:53:16 Jan 06 2021,95,67,0,0,0
01:53:18 Jan 06 2021,94,66,0,0,0
01:53:20 Jan 06 2021,94,68,1,0,0
01:53:22 Jan 06 2021,94,69,0,0,0
01:53:24 Jan 06 2021,94,70,0,0,0
01:53:26 Jan 06 2021,93,70,0,0,0
01:53:28 Jan 06 2021,92,68,0,0,0
01:53:30 Jan 06 2021,91,66,0,0,0
01:53:32 Jan 06 2021,91,67,0,0,0
01:53:34 Jan 06 2021,92,70,0,0,0
01:53:36 Jan 06 2021,92,71,1,0,0
01:53:38 Jan 06 2021,93,71,0,0,0
01:53:40 Jan 06 2021,93,69,0,0,0
01:53:42 Jan 06 2021,94,69,0,0,0
01:53:44 Jan 06 2021,95,68,0,0,0
01:53:46 Jan 06 2021,95,68,0,0,0
01:53:48 Jan 06 2021,95,68,0,0,0
01:53:50 Jan 06 2021,95,68,0,0,0
01:53:52 Jan 06 2021,96,67,0,0,0
01:53:54 Jan 06 2021,97,67,0,0,0
01:53:56 Jan 06 2021,97,67,0,0,0
01:53:58 Jan 06 2021,97,71,0,0,0
01:54:00 Jan 06 2021,97,74,0,0,0
01:54:02 Jan 06 2021,97,74,0,0,0
01:54:04 Jan 06 2021,97,75,0,0,0
01:54:06 Jan 06 2021,97,74,0,0,0
01:54:08 Jan 06 2021,97,73,0,0,0
01:54:10 Jan 06 2021,97,74,0,0,0
01:54:12 Jan 06 2021,97,75,0,0,0
01:54:14 Jan 06 2021,97,74,0,0,0
01:54:16 Jan 06 2021,97,74,0,0,0
01:54:18 Jan 06 2021,96,73,0,0,0
01:54:20 Jan 06 2021,96,71,0,0,0
01:54:22 Jan 06 2021,95,69,0,0,0
01:54:24 Jan 06 2021,95,65,0,0,0
01:54:26 Jan 06 2021,95,63,0,0,0
01:54:28 Jan 06 2021,94,63,0,0,0
01:54:30 Jan 06 2021,93,67,0,0,0
01:54:32 Jan 06 2021,93,71,0,0,0
01:54:34 Jan 06 2021,92,72,0,0,0
01:54:36 Jan 06 2021,92,73,0,0,0
01:54:38 Jan 06 2021,92,71,0,0,0
01:54:40 Jan 06 2021,92,72,0,0,0
01:54:42 Jan 06 2021,92,74,0,0,0
01:54:44 Jan 06 2021,93,73,0,0,0
01:54:46 Jan 06 2021,93,73,0,0,0
01:54:48 Jan 06 2021,94,75,0,0,0
01:54:50 Jan 06 2021,95,72,0,0,0
01:54:52 Jan 06 2021,96,74,0,0,0
01:54:54 Jan 06 2021,96,75,0,0,0
01:54:56 Jan 06 2021,97,74,0,0,0
01:54:58 Jan 06 2021,97,74,0,0,0
01:55:00 Jan 06 2021,97,75,0,0,0
01:55:02 Jan 06 2021,97,73,0,0,0
01:55:04 Jan 06 2021,97,71,0,0,0
01:55:06 Jan 06 2021,97,73,0,0,0
01:55:08 Jan 06 2021,97,72,0,0,0
01:55:10 Jan 06 2021,97,72,0,0,0
01:55:12 Jan 06 2021,97,74,0,0,0
01:55:14 Jan 06 2021,97,74,1,0,0
01:55:16 Jan 06 2021,97,73,0,0,0
01:55:18 Jan 06 2021,97,72,1,0,0
01:55:20 Jan 06 2021,96,66,0,0,0
01:55:22 Jan 06 2021,95,65,0,0,0
01:55:24 Jan 06 2021,94,69,0,0,0
01:55:26 Jan 06 2021,95,66,0,0,0
01:55:28 Jan 06 2021,95,73,0,0,0
01:55:30 Jan 06 2021,95,77,0,0,0
01:55:32 Jan 06 2021,94,77,0,0,0
01:55:34 Jan 06 2021,93,79,0,0,0
01:55:36 Jan 06 2021,93,80,0,0,0
01:55:38 Jan 06 2021,93,80,0,0,0
01:55:40 Jan 06 2021,94,77,0,0,0
01:55:42 Jan 06 2021,94,75,0,0,0
01:55:44 Jan 06 2021,95,72,0,0,0
01:55:46 Jan 06 2021,96,70,0,0,0
01:55:48 Jan 06 2021,96,70,0,0,0
01:55:50 Jan 06 2021,97,70,0,0,0
01:55:52 Jan 06 2021,97,71,0,0,0
01:55:54 Jan 06 2021,97,71,0,0,0
01:55:56 Jan 06 2021,97,72,0,0,0
01:55:58 Jan 06 2021,97,71,0,0,0
01:56:00 Jan 06 2021,97,71,0,0,0
01:56:02 Jan 06 2021,97,71,0,0,0
01:56:04 Jan 06 2021,97,72,0,0,0
01:56:06 Jan 06 2021,97,73,0,0,0
01:56:08 Jan 06 2021,97,72,0,0,0
01:56:10 Jan 06 2021,97,73,0,0,0
01:56:12 Jan 06 2021,97,73,1,0,0
01:56:14 Jan 06 2021,97,72,0,0,0
01:56:16 Jan 06 2021,96,73,0,0,0
01:56:18 Jan 06 2021,96,73,0,0,0
01:56:20 Jan 06 2021,96,72,0,0,0
01:56:22 Jan 06 2021,95,72,0,0,0
01:56:24 Jan 06 2021,94,70,0,0,0
01:56:26 Jan 06 2021,94,70,0,0,0
01:56:28 Jan 06 2021,93,70,0,0,0
01:56:30 Jan 06 2021,93,71,0,0,0
01:56:32 Jan 06 2021,93,71,0,0,0
01:56:34 Jan 06 2021,93,71,0,0,0
01:56:36 Jan 06 2021,92,71,0,0,0
01:56:38 Jan 06 2021,92,71,0,0,0
01:56:40 Jan 06 2021,92,70,1,0,0
01:56:42 Jan 06 2021,92,69,1,0,0
01:56:44 Jan 06 2021,93,70,0,0,0
01:56:46 Jan 06 2021,93,67,1,0,0
01:56:48 Jan 06 2021,93,60,0,0,0
01:56:50 Jan 06 2021,94,61,1,0,0
01:56:52 Jan 06 2021,95,59,0,0,0
01:56:54 Jan 06 2021,96,66,0,0,0
01:56:56 Jan 06 2021,97,72,0,0,0
01:56:58 Jan 06 2021,97,70,0,0,0
01:57:00 Jan 06 2021,97,69,1,0,0
01:57:02 Jan 06 2021,97,68,1,0,0
01:57:04 Jan 06 2021,97,67,0,0,0
01:57:06 Jan 06 2021,97,68,0,0,0
01:57:08 Jan 06 2021,97,68,0,0,0
01:57:10 Jan 06 2021,97,61,0,0,0
01:57:12 Jan 06 2021,97,53,0,0,0
01:57:14 Jan 06 2021,97,51,0,0,0
01:57:16 Jan 06 2021,97,48,0,0,0
01:57:18 Jan 06 2021,97,51,0,0,0
01:57:20 Jan 06 2021,97,52,0,0,0
01:57:22 Jan 06 2021,97,49,1,0,0
01:57:24 Jan 06 2021,97,48,0,0,0
01:57:26 Jan 06 2021,97,46,0,0,0
01:57:28 Jan 06 2021,97,46,1,0,0
01:57:30 Jan 06 2021,96,50,0,0,0
01:57:32 Jan 06 2021,96,58,0,0,0
01:57:34 Jan 06 2021,95,60,0,0,0
01:57:36 Jan 06 2021,95,62,0,0,0
01:57:38 Jan 06 2021,95,54,0,0,0
01:57:40 Jan 06 2021,95,54,0,0,0
01:57:42 Jan 06 2021,95,54,0,0,0
01:57:44 Jan 06 2021,95,53,0,0,0
01:57:46 Jan 06 2021,95,53,0,0,0
01:57:48 Jan 06 2021,96,53,0,0,0
01:57:50 Jan 06 2021,96,51,0,0,0
01:57:52 Jan 06 2021,96,52,0,0,0
01:57:54 Jan 06 2021,96,52,0,0,0
01:57:56 Jan 06 2021,95,55,0,0,0
01:57:58 Jan 06 2021,95,62,0,0,0
01:58:00 Jan 06 2021,95,66,0,0,0
01:58:02 Jan 06 2021,95,69,0,0,0
01:58:04 Jan 06 2021,95,67,0,0,0
01:58:06 Jan 06 2021,96,62,0,0,0
01:58:08 Jan 06 2021,96,60,0,0,0
01:58:10 Jan 06 2021,96,64,0,0,0
01:58:12 Jan 06 2021,96,72,0,0,0
01:58:14 Jan 06 2021,96,76,1,0,0
01:58:16 Jan 06 2021,96,77,0,0,0
01:58:18 Jan 06 2021,96,77,0,0,0
01:58:20 Jan 06 2021,95,75,0,0,0
01:58:22 Jan 06 2021,95,77,0,0,0
01:58:24 Jan 06 2021,95,77,0,0,0
01:58:26 Jan 06 2021,95,76,0,0,0
01:58:28 Jan 06 2021,95,77,0,0,0
01:58:30 Jan 06 2021,95,77,0,0,0
01:58:32 Jan 06 2021,95,78,1,0,0
01:58:34 Jan 06 2021,94,79,1,0,0
01:58:36 Jan 06 2021,94,79,1,0,0
01:58:38 Jan 06 2021,93,78,1,0,0
01:58:40 Jan 06 2021,93,79,0,0,0
01:58:42 Jan 06 2021,93,78,0,0,0
01:58:44 Jan 06 2021,94,77,1,0,0
01:58:46 Jan 06 2021,95,78,0,0,0
01:58:48 Jan 06 2021,96,78,1,0,0
01:58:50 Jan 06 2021,96,77,0,0,0
01:58:52 Jan 06 2021,97,76,0,0,0
01:58:54 Jan 06 2021,97,75,0,0,0
01:58:56 Jan 06 2021,97,74,0,0,0
01:58:58 Jan 06 2021,97,74,0,0,0
01:59:00 Jan 06 2021,97,75,0,0,0
01:59:02 Jan 06 2021,97,75,0,0,0
01:59:04 Jan 06 2021,97,70,1,0,0
01:59:06 Jan 06 2021,97,64,0,0,0
01:59:08 Jan 06 2021,97,58,0,0,0
01:59:10 Jan 06 2021,97,59,0,0,0
01:59:12 Jan 06 2021,97,62,0,0,0
01:59:14 Jan 06 2021,97,69,0,0,0
01:59:16 Jan 06 2021,96,76,0,0,0
01:59:18 Jan 06 2021,95,75,1,0,0
01:59:20 Jan 06 2021,95,76,1,0,0
01:59:22 Jan 06 2021,95,77,0,0,0
01:59:24 Jan 06 2021,95,77,0,0,0
01:59:26 Jan 06 2021,95,77,0,0,0
01:59:28 Jan 06 2021,95,78,0,0,0
01:59:30 Jan 06 2021,95,77,0,0,0
01:59:32 Jan 06 2021,95,77,0,0,0
01:59:34 Jan 06 2021,95,77,0,0,0
01:59:36 Jan 06 2021,95,77,1,0,0
01:59:38 Jan 06 2021,94,73,0,0,0
01:59:40 Jan 06 2021,93,69,0,0,0
01:59:42 Jan 06 2021,92,64,0,0,0
01:59:44 Jan 06 2021,91,63,0,0,0
01:59:46 Jan 06 2021,92,64,0,0,0
01:59:48 Jan 06 2021,93,65,0,0,0
01:59:50 Jan 06 2021,94,70,0,0,0
01:59:52 Jan 06 2021,95,69,0,0,0
01:59:54 Jan 06 2021,96,75,0,0,0
01:59:56 Jan 06 2021,96,74,0,0,0
01:59:58 Jan 06 2021,97,73,0,0,0
02:00:00 Jan 06 2021,97,73,0,0,0
02:00:02 Jan 06 2021,97,75,0,0,0
02:00:04 Jan 06 2021,97,76,0,0,0
02:00:06 Jan 06 2021,97,77,0,0,0
02:00:08 Jan 06 2021,97,77,0,0,0
02:00:10 Jan 06 2021,97,76,0,0,0
02:00:12 Jan 06 2021,97,77,0,0,0
02:00:14 Jan 06 2021,97,77,0,0,0
02:00:16 Jan 06 2021,97,77,0,0,0
02:00:18 Jan 06 2021,97,77,0,0,0
02:00:20 Jan 06 2021,97,80,0,0,0
02:00:22 Jan 06 2021,96,81,1,0,0
02:00:24 Jan 06 2021,96,79,1,0,0
02:00:26 Jan 06 2021,96,82,1,0,0
02:00:28 Jan 06 2021,95,81,1,0,0
02:00:30 Jan 06 2021,95,81,1,0,0
02:00:32 Jan 06 2021,94,84,1,0,0
02:00:34 Jan 06 2021,94,81,1,0,0
02:00:36 Jan 06 2021,93,78,0,0,0
02:00:38 Jan 06 2021,93,78,0,0,0
02:00:40 Jan 06 2021,92,78,0,0,0
02:00:42 Jan 06 2021,92,79,0,0,0
02:00:44 Jan 06 2021,91,79,0,0,0
02:00:46 Jan 06 2021,91,80,0,0,0
02:00:48 Jan 06 2021,90,79,0,0,0
02:00:50 Jan 06 2021,89,75,0,0,0
02:00:52 Jan 06 2021,88,76,0,0,0
02:00:54 Jan 06 2021,88,75,0,0,0
02:00:56 Jan 06 2021,89,80,0,0,0
02:00:58 Jan 06 2021,89,79,0,0,0
02:01:00 Jan 06 2021,90,79,0,0,0
02:01:02 Jan 06 2021,92,81,0,0,0
02:01:04 Jan 06 2021,93,81,1,0,0
02:01:06 Jan 06 2021,95,81,0,0,0
02:01:08 Jan 06 2021,96,79,0,0,0
02:01:10 Jan 06 2021,97,76,0,0,0
02:01:12 Jan 06 2021,98,74,0,0,0
02:01:14 Jan 06 2021,98,73,0,0,0
02:01:16 Jan 06 2021,98,75,0,0,0
02:01:18 Jan 06 2021,98,77,0,0,0
02:01:20 Jan 06 2021,98,78,0,0,0
02:01:22 Jan 06 2021,98,79,0,0,0
02:01:24 Jan 06 2021,98,80,0,0,0
02:01:26 Jan 06 2021,98,80,0,0,0
02:01:28 Jan 06 2021,98,80,0,0,0
02:01:30 Jan 06 2021,98,80,1,0,0
02:01:32 Jan 06 2021,98,80,0,0,0
02:01:34 Jan 06 2021,98,80,0,0,0
02:01:36 Jan 06 2021,97,82,0,0,0
02:01:38 Jan 06 2021,97,81,0,0,0
02:01:40 Jan 06 2021,97,81,0,0,0
02:01:42 Jan 06 2021,97,83,0,0,0
02:01:44 Jan 06 2021,97,83,1,0,0
02:01:46 Jan 06 2021,97,83,0,0,0
02:01:48 Jan 06 2021,97,79,0,0,0
02:01:50 Jan 06 2021,97,81,1,0,0
02:01:52 Jan 06 2021,97,83,0,0,0
02:01:54 Jan 06 2021,97,83,0,0,0
02:01:56 Jan 06 2021,96,72,0,0,0
02:01:58 Jan 06 2021,94,61,0,0,0
02:02:00 Jan 06 2021,93,53,0,0,0
02:02:02 Jan 06 2021,92,47,0,0,0
02:02:04 Jan 06 2021,92,52,0,0,0
02:02:06 Jan 06 2021,93,54,0,0,0
02:02:08 Jan 06 2021,92,51,0,0,0
02:02:10 Jan 06 2021,92,51,0,0,0
02:02:12 Jan 06 2021,93,49,0,0,0
02:02:14 Jan 06 2021,93,48,0,0,0
02:02:16 Jan 06 2021,93,49,0,0,0
02:02:18 Jan 06 2021,94,48,0,0,0
02:02:20 Jan 06 2021,93,49,0,0,0
02:02:22 Jan 06 2021,95,52,0,0,0
02:02:24 Jan 06 2021,95,52,0,0,0
02:02:26 Jan 06 2021,95,52,0,0,0
02:02:28 Jan 06 2021,96,55,2,0,0
02:02:30 Jan 06 2021,97,57,13,0,0
02:02:32 Jan 06 2021,97,55,9,0,0
02:02:34 Jan 06 2021,97,54,10,0,0
02:02:36 Jan 06 2021,97,54,8,0,0
02:02:38 Jan 06 2021,97,54,0,0,0
02:02:40 Jan 06 2021,97,54,0,0,0
02:02:42 Jan 06 2021,97,54,0,0,0
02:02:44 Jan 06 2021,97,54,0,0,0
02:02:46 Jan 06 2021,97,54,0,0,0
02:02:48 Jan 06 2021,96,56,0,0,0
02:02:50 Jan 06 2021,95,53,0,0,0
02:02:52 Jan 06 2021,95,55,0,0,0
02:02:54 Jan 06 2021,94,58,0,0,0
02:02:56 Jan 06 2021,96,59,0,0,0
02:02:58 Jan 06 2021,97,62,0,0,0
02:03:00 Jan 06 2021,96,62,0,0,0
02:03:02 Jan 06 2021,96,63,0,0,0
02:03:04 Jan 06 2021,96,64,1,0,0
02:03:06 Jan 06 2021,96,64,0,0,0
02:03:08 Jan 06 2021,96,64,0,0,0
02:03:10 Jan 06 2021,96,64,0,0,0
02:03:12 Jan 06 2021,96,64,0,0,0
02:03:14 Jan 06 2021,97,64,0,0,0
02:03:16 Jan 06 2021,97,60,0,0,0
02:03:18 Jan 06 2021,97,60,1,0,0
02:03:20 Jan 06 2021,97,59,0,0,0
02:03:22 Jan 06 2021,97,58,0,0,0
02:03:24 Jan 06 2021,97,65,0,0,0
02:03:26 Jan 06 2021,97,63,0,0,0
02:03:28 Jan 06 2021,97,65,0,0,0
02:03:30 Jan 06 2021,97,66,0,0,0
02:03:32 Jan 06 2021,97,65,0,0,0
02:03:34 Jan 06 2021,97,65,0,0,0
02:03:36 Jan 06 2021,97,65,0,0,0
02:03:38 Jan 06 2021,97,65,0,0,0
02:03:40 Jan 06 2021,97,65,0,0,0
02:03:42 Jan 06 2021,97,65,0,0,0
02:03:44 Jan 06 2021,97,61,0,0,0
02:03:46 Jan 06 2021,97,60,0,0,0
02:03:48 Jan 06 2021,97,58,0,0,0
02:03:50 Jan 06 2021,97,59,0,0,0
02:03:52 Jan 06 2021,97,59,0,0,0
02:03:54 Jan 06 2021,97,59,0,0,0
02:03:56 Jan 06 2021,97,59,0,0,0
02:03:58 Jan 06 2021,97,57,1,0,0
02:04:00 Jan 06 2021,96,53,1,0,0
02:04:02 Jan 06 2021,96,51,0,0,0
02:04:04 Jan 06 2021,96,50,0,0,0
02:04:06 Jan 06 2021,96,49,0,0,0
02:04:08 Jan 06 2021,96,49,0,0,0
02:04:10 Jan 06 2021,96,44,1,0,0
02:04:12 Jan 06 2021,96,40,0,0,0
02:04:14 Jan 06 2021,96,38,1,0,0
02:04:16 Jan 06 2021,96,38,0,0,0
02:04:18 Jan 06 2021,96,38,0,0,0
02:04:20 Jan 06 2021,96,38,0,0,0
02:04:22 Jan 06 2021,96,38,0,0,0
02:04:24 Jan 06 2021,96,38,0,0,0
02:04:26 Jan 06 2021,96,38,1,0,0
02:04:28 Jan 06 2021,96,39,0,0,0
02:04:30 Jan 06 2021,96,43,0,0,0
02:04:32 Jan 06 2021,96,44,0,0,0
02:04:34 Jan 06 2021,96,46,1,0,0
02:04:36 Jan 06 2021,96,46,0,0,0
02:04:38 Jan 06 2021,95,44,0,0,0
02:04:40 Jan 06 2021,95,41,1,0,0
02:04:42 Jan 06 2021,95,39,0,0,0
02:04:44 Jan 06 2021,95,38,1,0,0
02:04:46 Jan 06 2021,95,38,0,0,0
02:04:48 Jan 06 2021,95,41,1,0,0
02:04:50 Jan 06 2021,94,46,0,0,0
02:04:52 Jan 06 2021,95,46,0,0,0
02:04:54 Jan 06 2021,94,48,0,0,0
02:04:56 Jan 06 2021,95,47,0,0,0
02:04:58 Jan 06 2021,95,47,0,0,0
02:05:00 Jan 06 2021,95,45,0,0,0
02:05:02 Jan 06 2021,95,46,0,0,0
02:05:04 Jan 06 2021,95,42,0,0,0
02:05:06 Jan 06 2021,95,39,0,0,0
02:05:08 Jan 06 2021,95,38,0,0,0
02:05:10 Jan 06 2021,95,36,1,0,0
02:05:12 Jan 06 2021,95,37,0,0,0
02:05:14 Jan 06 2021,95,37,1,0,0
02:05:16 Jan 06 2021,95,37,1,0,0
02:05:18 Jan 06 2021,95,36,1,0,0
02:05:20 Jan 06 2021,95,36,0,0,0
02:05:22 Jan 06 2021,95,36,0,0,0
02:05:24 Jan 06 2021,95,35,0,0,0
02:05:26 Jan 06 2021,95,42,1,0,0
02:05:28 Jan 06 2021,95,44,0,0,0
02:05:30 Jan 06 2021,95,46,1,0,0
02:05:32 Jan 06 2021,95,48,0,0,0
02:05:34 Jan 06 2021,95,43,1,0,0
02:05:36 Jan 06 2021,95,43,0,0,0
02:05:38 Jan 06 2021,95,44,1,0,0
02:05:40 Jan 06 2021,95,44,1,0,0
02:05:42 Jan 06 2021,95,44,0,0,0
02:05:44 Jan 06 2021,95,44,0,0,0
02:05:46 Jan 06 2021,95,44,1,0,0
02:05:48 Jan 06 2021,95,44,0,0,0
02:05:50 Jan 06 2021,95,44,0,0,0
02:05:52 Jan 06 2021,95,44,0,0,0
02:05:54 Jan 06 2021,95,44,1,0,0
02:05:56 Jan 06 2021,95,44,0,0,0
02:05:58 Jan 06 2021,95,44,1,0,0
02:06:00 Jan 06 2021,95,44,0,0,0
02:06:02 Jan 06 2021,95,51,1,0,0
02:06:04 Jan 06 2021,95,60,2,0,0
02:06:06 Jan 06 2021,95,68,7,0,0
02:06:08 Jan 06 2021,95,74,6,0,0
02:06:10 Jan 06 2021,95,72,4,0,0
02:06:12 Jan 06 2021,95,73,10,0,0
02:06:14 Jan 06 2021,95,73,3,0,0
02:06:16 Jan 06 2021,95,74,0,0,0
02:06:18 Jan 06 2021,95,73,11,0,0
02:06:20 Jan 06 2021,95,73,10,0,0
02:06:22 Jan 06 2021,95,73,1,0,0
02:06:24 Jan 06 2021,95,73,7,0,0
02:06:26 Jan 06 2021,95,73,11,0,0
02:06:28 Jan 06 2021,95,74,8,0,0
02:06:30 Jan 06 2021,95,74,1,0,0
02:06:32 Jan 06 2021,95,74,0,0,0
02:06:34 Jan 06 2021,95,77,0,0,0
02:06:36 Jan 06 2021,95,79,0,0,0
02:06:38 Jan 06 2021,95,81,0,0,0
02:06:40 Jan 06 2021,95,80,0,0,0
02:06:42 Jan 06 2021,95,79,0,0,0
02:06:44 Jan 06 2021,96,78,0,0,0
02:06:46 Jan 06 2021,97,76,1,0,0
02:06:48 Jan 06 2021,98,75,0,0,0
02:06:50 Jan 06 2021,98,75,0,0,0
02:06:52 Jan 06 2021,98,75,0,0,0
02:06:54 Jan 06 2021,98,75,0,0,0
02:06:56 Jan 06 2021,98,75,0,0,0
02:06:58 Jan 06 2021,98,77,0,0,0
02:07:00 Jan 06 2021,97,79,0,0,0
02:07:02 Jan 06 2021,97,78,0,0,0
02:07:04 Jan 06 2021,97,78,0,0,0
02:07:06 Jan 06 2021,97,79,0,0,0
02:07:08 Jan 06 2021,97,78,0,0,0
02:07:10 Jan 06 2021,97,78,0,0,0
02:07:12 Jan 06 2021,97,78,0,0,0
02:07:14 Jan 06 2021,97,75,0,0,0
02:07:16 Jan 06 2021,97,75,0,0,0
02:07:18 Jan 06 2021,97,76,0,0,0
02:07:20 Jan 06 2021,96,75,0,0,0
02:07:22 Jan 06 2021,97,75,0,0,0
02:07:24 Jan 06 2021,97,75,0,0,0
02:07:26 Jan 06 2021,96,75,0,0,0
02:07:28 Jan 06 2021,96,75,0,0,0
02:07:30 Jan 06 2021,95,75,0,0,0
02:07:32 Jan 06 2021,95,75,0,0,0
02:07:34 Jan 06 2021,95,74,0,0,0
02:07:36 Jan 06 2021,95,74,0,0,0
02:07:38 Jan 06 2021,95,75,0,0,0
02:07:40 Jan 06 2021,96,75,0,0,0
02:07:42 Jan 06 2021,97,74,0,0,0
02:07:44 Jan 06 2021,97,73,0,0,0
02:07:46 Jan 06 2021,97,71,0,0,0
02:07:48 Jan 06 2021,97,71,0,0,0
02:07:50 Jan 06 2021,97,70,0,0,0
02:07:52 Jan 06 2021,97,69,0,0,0
02:07:54 Jan 06 2021,97,68,0,0,0
02:07:56 Jan 06 2021,97,70,0,0,0
02:07:58 Jan 06 2021,97,70,0,0,0
02:08:00 Jan 06 2021,97,67,2,0,0
02:08:02 Jan 06 2021,97,66,0,0,0
02:08:04 Jan 06 2021,97,64,0,0,0
02:08:06 Jan 06 2021,97,67,0,0,0
02:08:08 Jan 06 2021,97,66,0,0,0
02:08:10 Jan 06 2021,97,65,0,0,0
02:08:12 Jan 06 2021,97,65,1,0,0
02:08:14 Jan 06 2021,96,67,0,0,0
02:08:16 Jan 06 2021,96,71,0,0,0
02:08:18 Jan 06 2021,96,73,0,0,0
02:08:20 Jan 06 2021,96,73,0,0,0
02:08:22 Jan 06 2021,97,74,0,0,0
02:08:24 Jan 06 2021,96,73,0,0,0
02:08:26 Jan 06 2021,95,73,0,0,0
02:08:28 Jan 06 2021,94,73,0,0,0
02:08:30 Jan 06 2021,93,72,0,0,0
02:08:32 Jan 06 2021,93,71,0,0,0
02:08:34 Jan 06 2021,93,71,0,0,0
02:08:36 Jan 06 2021,93,71,0,0,0
02:08:38 Jan 06 2021,94,71,0,0,0
02:08:40 Jan 06 2021,94,71,0,0,0
02:08:42 Jan 06 2021,95,71,0,0,0
02:08:44 Jan 06 2021,96,70,0,0,0
02:08:46 Jan 06 2021,97,68,0,0,0
02:08:48 Jan 06 2021,98,67,0,0,0
02:08:50 Jan 06 2021,98,68,0,0,0
02:08:52 Jan 06 2021,98,71,0,0,0
02:08:54 Jan 06 2021,98,73,0,0,0
02:08:56 Jan 06 2021,98,74,0,0,0
02:08:58 Jan 06 2021,97,71,0,0,0
02:09:00 Jan 06 2021,97,69,0,0,0
02:09:02 Jan 06 2021,97,69,0,0,0
02:09:04 Jan 06 2021,97,67,0,0,0
02:09:06 Jan 06 2021,97,68,0,0,0
02:09:08 Jan 06 2021,97,68,0,0,0
02:09:10 Jan 06 2021,97,68,0,0,0
02:09:12 Jan 06 2021,97,68,0,0,0
02:09:14 Jan 06 2021,97,69,0,0,0
02:09:16 Jan 06 2021,96,69,0,0,0
02:09:18 Jan 06 2021,95,69,0,0,0
02:09:20 Jan 06 2021,95,67,0,0,0
02:09:22 Jan 06 2021,95,63,0,0,0
02:09:24 Jan 06 2021,94,65,0,0,0
02:09:26 Jan 06 2021,95,64,0,0,0
02:09:28 Jan 06 2021,95,64,0,0,0
02:09:30 Jan 06 2021,95,66,0,0,0
02:09:32 Jan 06 2021,95,64,0,0,0
02:09:34 Jan 06 2021,94,64,0,0,0
02:09:36 Jan 06 2021,94,65,0,0,0
02:09:38 Jan 06 2021,93,64,0,0,0
02:09:40 Jan 06 2021,94,65,0,0,0
02:09:42 Jan 06 2021,94,64,0,0,0
02:09:44 Jan 06 2021,94,63,0,0,0
02:09:46 Jan 06 2021,94,64,0,0,0
02:09:48 Jan 06 2021,95,63,0,0,0
02:09:50 Jan 06 2021,96,64,0,0,0
02:09:52 Jan 06 2021,97,64,0,0,0
02:09:54 Jan 06 2021,97,65,0,0,0
02:09:56 Jan 06 2021,98,67,0,0,0
02:09:58 Jan 06 2021,98,69,0,0,0
02:10:00 Jan 06 2021,98,69,0,0,0
02:10:02 Jan 06 2021,98,69,0,0,0
02:10:04 Jan 06 2021,98,70,0,0,0
02:10:06 Jan 06 2021,98,70,0,0,0
02:10:08 Jan 06 2021,98,71,0,0,0
02:10:10 Jan 06 2021,98,71,0,0,0
02:10:12 Jan 06 2021,98,71,0,0,0
02:10:14 Jan 06 2021,97,71,1,0,0
02:10:16 Jan 06 2021,97,69,4,0,0
02:10:18 Jan 06 2021,97,70,0,0,0
02:10:20 Jan 06 2021,97,71,0,0,0
02:10:22 Jan 06 2021,97,72,1,0,0
02:10:24 Jan 06 2021,97,74,1,0,0
02:10:26 Jan 06 2021,96,74,0,0,0
02:10:28 Jan 06 2021,96,75,0,0,0
02:10:30 Jan 06 2021,95,74,1,0,0
02:10:32 Jan 06 2021,95,75,0,0,0
02:10:34 Jan 06 2021,94,75,0,0,0
02:10:36 Jan 06 2021,94,76,0,0,0
02:10:38 Jan 06 2021,95,77,0,0,0
02:10:40 Jan 06 2021,96,77,0,0,0
02:10:42 Jan 06 2021,97,78,0,0,0
02:10:44 Jan 06 2021,94,79,0,0,0
02:10:46 Jan 06 2021,93,81,0,0,0
02:10:48 Jan 06 2021,93,82,0,0,0
02:10:50 Jan 06 2021,95,82,0,0,0
02:10:52 Jan 06 2021,97,82,0,0,0
02:10:54 Jan 06 2021,97,81,0,0,0
02:10:56 Jan 06 2021,97,80,1,0,0
02:10:58 Jan 06 2021,97,80,0,0,0
02:11:00 Jan 06 2021,97,80,0,0,0
02:11:02 Jan 06 2021,97,72,0,0,0
02:11:04 Jan 06 2021,97,70,0,0,0
02:11:06 Jan 06 2021,97,73,0,0,0
02:11:08 Jan 06 2021,97,71,0,0,0
02:11:10 Jan 06 2021,97,71,0,0,0
02:11:12 Jan 06 2021,97,70,0,0,0
02:11:14 Jan 06 2021,97,72,0,0,0
02:11:16 Jan 06 2021,97,69,0,0,0
02:11:18 Jan 06 2021,97,72,0,0,0
02:11:20 Jan 06 2021,97,73,0,0,0
02:11:22 Jan 06 2021,97,73,0,0,0
02:11:24 Jan 06 2021,97,74,0,0,0
02:11:26 Jan 06 2021,97,74,1,0,0
02:11:28 Jan 06 2021,96,76,0,0,0
02:11:30 Jan 06 2021,97,77,1,0,0
02:11:32 Jan 06 2021,96,78,1,0,0
02:11:34 Jan 06 2021,96,78,0,0,0
02:11:36 Jan 06 2021,96,81,0,0,0
02:11:38 Jan 06 2021,96,81,0,0,0
02:11:40 Jan 06 2021,96,80,0,0,0
02:11:42 Jan 06 2021,96,80,0,0,0
02:11:44 Jan 06 2021,95,81,1,0,0
02:11:46 Jan 06 2021,94,81,0,0,0
02:11:48 Jan 06 2021,92,80,0,0,0
02:11:50 Jan 06 2021,91,81,0,0,0
02:11:52 Jan 06 2021,91,81,1,0,0
02:11:54 Jan 06 2021,91,81,0,0,0
02:11:56 Jan 06 2021,92,81,0,0,0
02:11:58 Jan 06 2021,92,81,0,0,0
02:12:00 Jan 06 2021,92,81,0,0,0
02:12:02 Jan 06 2021,92,81,0,0,0
02:12:04 Jan 06 2021,93,81,0,0,0
02:12:06 Jan 06 2021,94,81,0,0,0
02:12:08 Jan 06 2021,95,81,0,0,0
02:12:10 Jan 06 2021,96,81,0,0,0
02:12:12 Jan 06 2021,96,81,0,0,0
02:12:14 Jan 06 2021,97,81,0,0,0
02:12:16 Jan 06 2021,97,80,0,0,0
02:12:18 Jan 06 2021,97,80,0,0,0
02:12:20 Jan 06 2021,97,79,0,0,0
02:12:22 Jan 06 2021,97,79,0,0,0
02:12:24 Jan 06 2021,97,79,0,0,0
02:12:26 Jan 06 2021,97,79,1,0,0
02:12:28 Jan 06 2021,97,79,2,0,0
02:12:30 Jan 06 2021,97,79,0,0,0
02:12:32 Jan 06 2021,97,79,0,0,0
02:12:34 Jan 06 2021,97,79,1,0,0
02:12:36 Jan 06 2021,97,78,0,0,0
02:12:38 Jan 06 2021,97,79,0,0,0
02:12:40 Jan 06 2021,97,79,0,0,0
02:12:42 Jan 06 2021,97,79,0,0,0
02:12:44 Jan 06 2021,97,80,0,0,0
02:12:46 Jan 06 2021,97,78,0,0,0
02:12:48 Jan 06 2021,96,78,0,0,0
02:12:50 Jan 06 2021,94,78,0,0,0
02:12:52 Jan 06 2021,93,78,0,0,0
02:12:54 Jan 06 2021,91,78,1,0,0
02:12:56 Jan 06 2021,91,78,0,0,0
02:12:58 Jan 06 2021,91,78,1,0,0
02:13:00 Jan 06 2021,90,78,0,0,0
02:13:02 Jan 06 2021,90,78,0,0,0
02:13:04 Jan 06 2021,90,78,0,0,0
02:13:06 Jan 06 2021,91,78,0,0,0
02:13:08 Jan 06 2021,93,78,0,0,0
02:13:10 Jan 06 2021,95,78,0,0,0
02:13:12 Jan 06 2021,95,78,0,0,0
02:13:14 Jan 06 2021,95,78,0,0,0
02:13:16 Jan 06 2021,95,78,0,0,0
02:13:18 Jan 06 2021,95,78,1,0,0
02:13:20 Jan 06 2021,96,78,0,0,0
02:13:22 Jan 06 2021,97,78,0,0,0
02:13:24 Jan 06 2021,98,78,0,0,0
02:13:26 Jan 06 2021,98,78,0,0,0
02:13:28 Jan 06 2021,98,76,0,0,0
02:13:30 Jan 06 2021,97,76,0,0,0
02:13:32 Jan 06 2021,98,75,0,0,0
02:13:34 Jan 06 2021,98,78,1,0,0
02:13:36 Jan 06 2021,98,78,1,0,0
02:13:38 Jan 06 2021,97,80,0,0,0
02:13:40 Jan 06 2021,97,82,1,0,0
02:13:42 Jan 06 2021,98,82,1,0,0
02:13:44 Jan 06 2021,98,82,1,0,0
02:13:46 Jan 06 2021,98,83,1,0,0
02:13:48 Jan 06 2021,98,84,1,0,0
02:13:50 Jan 06 2021,98,84,0,0,0
02:13:52 Jan 06 2021,96,84,0,0,0
02:13:54 Jan 06 2021,94,84,0,0,0
02:13:56 Jan 06 2021,93,84,1,0,0
02:13:58 Jan 06 2021,93,84,1,0,0
02:14:00 Jan 06 2021,93,84,1,0,0
02:14:02 Jan 06 2021,93,84,1,0,0
02:14:04 Jan 06 2021,93,84,1,0,0
02:14:06 Jan 06 2021,93,82,0,0,0
02:14:08 Jan 06 2021,92,77,1,0,0
02:14:10 Jan 06 2021,91,75,1,0,0
02:14:12 Jan 06 2021,90,72,1,0,0
02:14:14 Jan 06 2021,89,70,1,0,0
02:14:16 Jan 06 2021,89,67,0,0,0
02:14:18 Jan 06 2021,89,64,1,0,0
02:14:20 Jan 06 2021,89,60,0,0,0
02:14:22 Jan 06 2021,89,63,1,0,0
02:14:24 Jan 06 2021,89,63,1,0,0
02:14:26 Jan 06 2021,90,62,0,0,0
02:14:28 Jan 06 2021,91,62,0,0,0
02:14:30 Jan 06 2021,93,54,1,0,0
02:14:32 Jan 06 2021,96,45,1,0,0
02:14:34 Jan 06 2021,97,36,1,0,0
02:14:36 Jan 06 2021,97,37,1,0,0
02:14:38 Jan 06 2021,97,37,1,0,0
02:14:40 Jan 06 2021,97,37,1,0,0
02:14:42 Jan 06 2021,97,37,1,0,0
02:14:44 Jan 06 2021,97,37,1,0,0
02:14:46 Jan 06 2021,97,37,1,0,0
02:14:48 Jan 06 2021,97,37,0,0,0
02:14:50 Jan 06 2021,97,37,1,0,0
02:14:52 Jan 06 2021,97,37,1,0,0
02:14:54 Jan 06 2021,97,37,1,0,0
02:14:56 Jan 06 2021,97,37,1,0,0
02:14:58 Jan 06 2021,97,37,1,0,0
02:15:00 Jan 06 2021,97,37,1,0,0
02:15:02 Jan 06 2021,97,37,1,0,0
02:15:04 Jan 06 2021,97,37,0,0,0
02:15:06 Jan 06 2021,96,38,1,0,0
02:15:08 Jan 06 2021,95,38,1,0,0
02:15:10 Jan 06 2021,94,38,1,0,0
02:15:12 Jan 06 2021,94,39,1,0,0
02:15:14 Jan 06 2021,94,39,0,0,0
02:15:16 Jan 06 2021,92,39,1,0,0
02:15:18 Jan 06 2021,91,39,1,0,0
02:15:20 Jan 06 2021,90,38,1,0,0
02:15:22 Jan 06 2021,90,38,0,0,0
02:15:24 Jan 06 2021,90,38,1,0,0
02:15:26 Jan 06 2021,90,39,1,0,0
02:15:28 Jan 06 2021,90,39,1,0,0
02:15:30 Jan 06 2021,90,39,1,0,0
02:15:32 Jan 06 2021,90,39,0,0,0
02:15:34 Jan 06 2021,90,39,0,0,0
02:15:36 Jan 06 2021,90,39,1,0,0
02:15:38 Jan 06 2021,90,39,1,0,0
02:15:40 Jan 06 2021,90,39,1,0,0
02:15:42 Jan 06 2021,91,39,0,0,0
02:15:44 Jan 06 2021,91,39,1,0,0
02:15:46 Jan 06 2021,91,39,1,0,0
02:15:48 Jan 06 2021,92,39,1,0,0
02:15:50 Jan 06 2021,95,39,0,0,0
02:15:52 Jan 06 2021,97,39,1,0,0
02:15:54 Jan 06 2021,97,39,1,0,0
02:15:56 Jan 06 2021,97,39,1,0,0
02:15:58 Jan 06 2021,97,40,1,0,0
02:16:00 Jan 06 2021,97,39,1,0,0
02:16:02 Jan 06 2021,96,39,1,0,0
02:16:04 Jan 06 2021,96,39,0,0,0
02:16:06 Jan 06 2021,96,38,0,0,0
02:16:08 Jan 06 2021,96,37,1,0,0
02:16:10 Jan 06 2021,96,37,1,0,0
02:16:12 Jan 06 2021,96,36,1,0,0
02:16:14 Jan 06 2021,96,36,1,0,0
02:16:16 Jan 06 2021,96,37,1,0,0
02:16:18 Jan 06 2021,96,37,1,0,0
02:16:20 Jan 06 2021,96,37,1,0,0
02:16:22 Jan 06 2021,96,37,0,0,0
02:16:24 Jan 06 2021,94,37,0,0,0
02:16:26 Jan 06 2021,93,38,1,0,0
02:16:28 Jan 06 2021,92,38,1,0,0
02:16:30 Jan 06 2021,92,39,1,0,0
02:16:32 Jan 06 2021,92,39,1,0,0
02:16:34 Jan 06 2021,92,39,1,0,0
02:16:36 Jan 06 2021,93,48,0,0,0
02:16:38 Jan 06 2021,94,52,1,0,0
02:16:40 Jan 06 2021,94,51,1,0,0
02:16:42 Jan 06 2021,95,54,0,0,0
02:16:44 Jan 06 2021,95,51,0,0,0
02:16:46 Jan 06 2021,96,47,0,0,0
02:16:48 Jan 06 2021,97,43,1,0,0
02:16:50 Jan 06 2021,97,41,1,0,0
02:16:52 Jan 06 2021,97,40,1,0,0
02:16:54 Jan 06 2021,97,41,1,0,0
02:16:56 Jan 06 2021,97,41,1,0,0
02:16:58 Jan 06 2021,97,40,1,0,0
02:17:00 Jan 06 2021,97,40,1,0,0
02:17:02 Jan 06 2021,97,40,8,0,0
02:17:04 Jan 06 2021,97,40,1,0,0
02:17:06 Jan 06 2021,97,40,1,0,0
02:17:08 Jan 06 2021,97,40,0,0,0
02:17:10 Jan 06 2021,97,40,1,0,0
02:17:12 Jan 06 2021,97,40,0,0,0
02:17:14 Jan 06 2021,97,40,1,0,0
02:17:16 Jan 06 2021,97,40,1,0,0
02:17:18 Jan 06 2021,97,40,0,0,0
02:17:20 Jan 06 2021,97,40,1,0,0
02:17:22 Jan 06 2021,97,40,0,0,0
02:17:24 Jan 06 2021,97,40,0,0,0
02:17:26 Jan 06 2021,96,39,1,0,0
02:17:28 Jan 06 2021,94,39,1,0,0
02:17:30 Jan 06 2021,92,37,1,0,0
02:17:32 Jan 06 2021,92,37,1,0,0
02:17:34 Jan 06 2021,92,37,1,0,0
02:17:36 Jan 06 2021,92,37,1,0,0
02:17:38 Jan 06 2021,93,37,0,0,0
02:17:40 Jan 06 2021,93,37,0,0,0
02:17:42 Jan 06 2021,93,37,1,0,0
02:17:44 Jan 06 2021,93,37,1,0,0
02:17:46 Jan 06 2021,93,37,0,0,0
02:17:48 Jan 06 2021,93,37,1,0,0
02:17:50 Jan 06 2021,93,37,1,0,0
02:17:52 Jan 06 2021,93,37,1,0,0
02:17:54 Jan 06 2021,93,37,1,0,0
02:17:56 Jan 06 2021,93,37,1,0,0
02:17:58 Jan 06 2021,93,37,1,0,0
02:18:00 Jan 06 2021,93,37,1,0,0
02:18:02 Jan 06 2021,94,38,0,0,0
02:18:04 Jan 06 2021,96,38,1,0,0
02:18:06 Jan 06 2021,97,41,1,0,0
02:18:08 Jan 06 2021,97,41,1,0,0
02:18:10 Jan 06 2021,97,42,1,0,0
02:18:12 Jan 06 2021,97,42,1,0,0
02:18:14 Jan 06 2021,97,42,1,0,0
02:18:16 Jan 06 2021,97,42,1,0,0
02:18:18 Jan 06 2021,97,42,1,0,0
02:18:20 Jan 06 2021,97,42,1,0,0
02:18:22 Jan 06 2021,97,42,1,0,0
02:18:24 Jan 06 2021,97,42,1,0,0
02:18:26 Jan 06 2021,96,41,1,0,0
02:18:28 Jan 06 2021,95,40,1,0,0
02:18:30 Jan 06 2021,94,38,1,0,0
02:18:32 Jan 06 2021,93,37,1,0,0
02:18:34 Jan 06 2021,93,37,1,0,0
02:18:36 Jan 06 2021,93,37,0,0,0
02:18:38 Jan 06 2021,93,37,1,0,0
02:18:40 Jan 06 2021,93,38,1,0,0
02:18:42 Jan 06 2021,93,39,1,0,0
02:18:44 Jan 06 2021,93,39,1,0,0
02:18:46 Jan 06 2021,92,40,1,0,0
02:18:48 Jan 06 2021,91,40,1,0,0
02:18:50 Jan 06 2021,90,40,1,0,0
02:18:52 Jan 06 2021,90,40,1,0,0
02:18:54 Jan 06 2021,91,39,1,0,0
02:18:56 Jan 06 2021,93,38,1,0,0
02:18:58 Jan 06 2021,95,37,1,0,0
02:19:00 Jan 06 2021,97,36,1,0,0
02:19:02 Jan 06 2021,97,36,1,0,0
02:19:04 Jan 06 2021,97,36,1,0,0
02:19:06 Jan 06 2021,97,36,1,0,0
02:19:08 Jan 06 2021,97,36,1,0,0
02:19:10 Jan 06 2021,97,44,1,0,0
02:19:12 Jan 06 2021,98,49,1,0,0
02:19:14 Jan 06 2021,98,55,1,0,0
02:19:16 Jan 06 2021,98,53,1,0,0
02:19:18 Jan 06 2021,98,52,1,0,0
02:19:20 Jan 06 2021,98,52,1,0,0
02:19:22 Jan 06 2021,98,52,1,0,0
02:19:24 Jan 06 2021,98,52,1,0,0
02:19:26 Jan 06 2021,98,52,1,0,0
02:19:28 Jan 06 2021,98,52,1,0,0
02:19:30 Jan 06 2021,97,52,1,0,0
02:19:32 Jan 06 2021,96,50,0,0,0
02:19:34 Jan 06 2021,95,49,1,0,0
02:19:36 Jan 06 2021,95,47,1,0,0
02:19:38 Jan 06 2021,95,47,1,0,0
02:19:40 Jan 06 2021,95,48,1,0,0
02:19:42 Jan 06 2021,95,47,0,0,0
02:19:44 Jan 06 2021,95,47,1,0,0
02:19:46 Jan 06 2021,95,47,1,0,0
02:19:48 Jan 06 2021,95,47,1,0,0
02:19:50 Jan 06 2021,95,47,1,0,0
02:19:52 Jan 06 2021,95,47,1,0,0
02:19:54 Jan 06 2021,95,47,1,0,0
02:19:56 Jan 06 2021,95,47,1,0,0
02:19:58 Jan 06 2021,95,46,1,0,0
02:20:00 Jan 06 2021,95,44,1,0,0
02:20:02 Jan 06 2021,96,41,1,0,0
02:20:04 Jan 06 2021,96,39,1,0,0
02:20:06 Jan 06 2021,96,39,1,0,0
02:20:08 Jan 06 2021,96,39,1,0,0
02:20:10 Jan 06 2021,96,39,1,0,0
02:20:12 Jan 06 2021,96,39,1,0,0
02:20:14 Jan 06 2021,96,39,1,0,0
02:20:16 Jan 06 2021,97,39,1,0,0
02:20:18 Jan 06 2021,97,39,1,0,0
02:20:20 Jan 06 2021,97,39,1,0,0
02:20:22 Jan 06 2021,97,39,1,0,0
02:20:24 Jan 06 2021,97,39,1,0,0
02:20:26 Jan 06 2021,97,39,0,0,0
02:20:28 Jan 06 2021,97,39,1,0,0
02:20:30 Jan 06 2021,97,39,0,0,0
02:20:32 Jan 06 2021,97,39,1,0,0
02:20:34 Jan 06 2021,97,39,1,0,0
02:20:36 Jan 06 2021,96,39,1,0,0
02:20:38 Jan 06 2021,97,39,1,0,0
02:20:40 Jan 06 2021,96,39,1,0,0
02:20:42 Jan 06 2021,94,41,1,0,0
02:20:44 Jan 06 2021,94,41,1,0,0
02:20:46 Jan 06 2021,93,40,1,0,0
02:20:48 Jan 06 2021,93,41,1,0,0
02:20:50 Jan 06 2021,93,40,1,0,0
02:20:52 Jan 06 2021,92,40,1,0,0
02:20:54 Jan 06 2021,91,39,1,0,0
02:20:56 Jan 06 2021,90,38,1,0,0
02:20:58 Jan 06 2021,90,38,1,0,0
02:21:00 Jan 06 2021,90,38,1,0,0
02:21:02 Jan 06 2021,90,39,1,0,0
02:21:04 Jan 06 2021,90,38,1,0,0
02:21:06 Jan 06 2021,91,38,1,0,0
02:21:08 Jan 06 2021,92,37,1,0,0
02:21:10 Jan 06 2021,93,36,1,0,0
02:21:12 Jan 06 2021,94,36,1,0,0
02:21:14 Jan 06 2021,96,36,1,0,0
02:21:16 Jan 06 2021,97,35,1,0,0
02:21:18 Jan 06 2021,97,35,1,0,0
02:21:20 Jan 06 2021,97,35,1,0,0
02:21:22 Jan 06 2021,97,35,1,0,0
02:21:24 Jan 06 2021,97,35,1,0,0
02:21:26 Jan 06 2021,97,35,1,0,0
02:21:28 Jan 06 2021,97,35,1,0,0
02:21:30 Jan 06 2021,97,36,1,0,0
02:21:32 Jan 06 2021,97,37,1,0,0
02:21:34 Jan 06 2021,97,38,1,0,0
02:21:36 Jan 06 2021,97,38,1,0,0
02:21:38 Jan 06 2021,97,38,1,0,0
02:21:40 Jan 06 2021,96,37,1,0,0
02:21:42 Jan 06 2021,97,37,1,0,0
02:21:44 Jan 06 2021,96,37,1,0,0
02:21:46 Jan 06 2021,96,38,1,0,0
02:21:48 Jan 06 2021,95,38,1,0,0
02:21:50 Jan 06 2021,95,38,1,0,0
02:21:52 Jan 06 2021,96,38,1,0,0
02:21:54 Jan 06 2021,96,38,1,0,0
02:21:56 Jan 06 2021,97,38,1,0,0
02:21:58 Jan 06 2021,96,38,1,0,0
02:22:00 Jan 06 2021,94,39,1,0,0
02:22:02 Jan 06 2021,94,39,1,0,0
02:22:04 Jan 06 2021,97,39,1,0,0
02:22:06 Jan 06 2021,97,39,1,0,0
02:22:08 Jan 06 2021,97,39,1,0,0
02:22:10 Jan 06 2021,97,39,1,0,0
02:22:12 Jan 06 2021,97,39,1,0,0
02:22:14 Jan 06 2021,97,39,1,0,0
02:22:16 Jan 06 2021,97,39,1,0,0
02:22:18 Jan 06 2021,97,39,1,0,0
02:22:20 Jan 06 2021,97,39,1,0,0
02:22:22 Jan 06 2021,97,39,2,0,0
02:22:24 Jan 06 2021,92,40,1,0,0
02:22:26 Jan 06 2021,92,39,1,0,0
02:22:28 Jan 06 2021,92,39,1,0,0
02:22:30 Jan 06 2021,90,39,1,0,0
02:22:32 Jan 06 2021,89,39,1,0,0
02:22:34 Jan 06 2021,90,39,1,0,0
02:22:36 Jan 06 2021,89,39,1,0,0
02:22:38 Jan 06 2021,89,39,1,0,0
02:22:40 Jan 06 2021,89,39,1,0,0
02:22:42 Jan 06 2021,89,39,1,0,0
02:22:44 Jan 06 2021,89,39,1,0,0
02:22:46 Jan 06 2021,89,39,0,0,0
02:22:48 Jan 06 2021,89,39,1,0,0
02:22:50 Jan 06 2021,89,39,1,0,0
02:22:52 Jan 06 2021,89,39,1,0,0
02:22:54 Jan 06 2021,90,39,1,0,0
02:22:56 Jan 06 2021,90,39,0,0,0
02:22:58 Jan 06 2021,90,39,0,0,0
02:23:00 Jan 06 2021,90,39,1,0,0
02:23:02 Jan 06 2021,90,39,1,0,0
02:23:04 Jan 06 2021,92,39,1,0,0
02:23:06 Jan 06 2021,95,39,1,0,0
02:23:08 Jan 06 2021,96,39,1,0,0
02:23:10 Jan 06 2021,97,39,0,0,0
02:23:12 Jan 06 2021,97,39,1,0,0
02:23:14 Jan 06 2021,97,39,1,0,0
02:23:16 Jan 06 2021,97,39,1,0,0
02:23:18 Jan 06 2021,97,39,1,0,0
02:23:20 Jan 06 2021,97,39,1,0,0
02:23:22 Jan 06 2021,97,39,1,0,0
02:23:24 Jan 06 2021,96,38,1,0,0
02:23:26 Jan 06 2021,95,36,1,0,0
02:23:28 Jan 06 2021,94,34,1,0,0
02:23:30 Jan 06 2021,93,33,1,0,0
02:23:32 Jan 06 2021,93,33,1,0,0
02:23:34 Jan 06 2021,93,33,1,0,0
02:23:36 Jan 06 2021,93,33,1,0,0
02:23:38 Jan 06 2021,93,33,1,0,0
02:23:40 Jan 06 2021,93,33,1,0,0
02:23:42 Jan 06 2021,93,33,1,0,0
02:23:44 Jan 06 2021,93,33,1,0,0
02:23:46 Jan 06 2021,92,33,1,0,0
02:23:48 Jan 06 2021,91,35,1,0,0
02:23:50 Jan 06 2021,91,36,1,0,0
02:23:52 Jan 06 2021,89,37,1,0,0
02:23:54 Jan 06 2021,89,37,1,0,0
02:23:56 Jan 06 2021,89,37,1,0,0
02:23:58 Jan 06 2021,89,37,1,0,0
02:24:00 Jan 06 2021,89,37,1,0,0
02:24:02 Jan 06 2021,89,37,1,0,0
02:24:04 Jan 06 2021,89,37,1,0,0
02:24:06 Jan 06 2021,89,42,1,0,0
02:24:08 Jan 06 2021,89,44,1,0,0
02:24:10 Jan 06 2021,89,43,0,0,0
02:24:12 Jan 06 2021,89,50,2,0,0
02:24:14 Jan 06 2021,89,46,2,0,0
02:24:16 Jan 06 2021,89,46,13,0,0
02:24:18 Jan 06 2021,89,46,1,0,0
02:24:20 Jan 06 2021,89,46,0,0,0
02:24:22 Jan 06 2021,89,46,1,0,0
02:24:24 Jan 06 2021,89,52,5,0,0
02:24:26 Jan 06 2021,89,54,19,0,0
02:24:28 Jan 06 2021,89,51,1,0,0
02:24:30 Jan 06 2021,89,52,1,0,0
02:24:32 Jan 06 2021,89,53,0,0,0
02:24:34 Jan 06 2021,89,57,0,0,0
02:24:36 Jan 06 2021,88,67,0,0,0
02:24:38 Jan 06 2021,88,77,0,0,0
02:24:40 Jan 06 2021,87,83,0,0,0
02:24:42 Jan 06 2021,87,88,0,0,0
02:24:44 Jan 06 2021,89,87,0,0,0
02:24:46 Jan 06 2021,89,88,0,0,0
02:24:48 Jan 06 2021,92,88,0,0,0
02:24:50 Jan 06 2021,94,89,0,0,0
02:24:52 Jan 06 2021,96,92,0,0,0
02:24:54 Jan 06 2021,96,91,1,0,0
02:24:56 Jan 06 2021,96,92,0,0,0
02:24:58 Jan 06 2021,96,89,1,0,0
02:25:00 Jan 06 2021,96,83,0,0,0
02:25:02 Jan 06 2021,96,81,0,0,0
02:25:04 Jan 06 2021,96,80,0,0,0
02:25:06 Jan 06 2021,96,80,1,0,0
02:25:08 Jan 06 2021,96,80,0,0,0
02:25:10 Jan 06 2021,96,80,0,0,0
02:25:12 Jan 06 2021,96,80,0,0,0
02:25:14 Jan 06 2021,96,80,0,0,0
02:25:16 Jan 06 2021,96,80,0,0,0
02:25:18 Jan 06 2021,96,81,0,0,0
02:25:20 Jan 06 2021,96,81,0,0,0
02:25:22 Jan 06 2021,96,81,1,0,0
02:25:24 Jan 06 2021,96,81,0,0,0
02:25:26 Jan 06 2021,96,82,0,0,0
02:25:28 Jan 06 2021,95,83,0,0,0
02:25:30 Jan 06 2021,95,83,0,0,0
02:25:32 Jan 06 2021,95,80,0,0,0
02:25:34 Jan 06 2021,96,76,0,0,0
02:25:36 Jan 06 2021,96,75,0,0,0
02:25:38 Jan 06 2021,96,77,0,0,0
02:25:40 Jan 06 2021,96,77,0,0,0
02:25:42 Jan 06 2021,96,77,0,0,0
02:25:44 Jan 06 2021,96,77,0,0,0
02:25:46 Jan 06 2021,96,77,0,0,0
02:25:48 Jan 06 2021,96,77,0,0,0
02:25:50 Jan 06 2021,96,77,0,0,0
02:25:52 Jan 06 2021,96,77,0,0,0
02:25:54 Jan 06 2021,96,77,0,0,0
02:25:56 Jan 06 2021,96,77,0,0,0
02:25:58 Jan 06 2021,97,77,0,0,0
02:26:00 Jan 06 2021,97,77,0,0,0
02:26:02 Jan 06 2021,96,77,0,0,0
02:26:04 Jan 06 2021,96,77,0,0,0
02:26:06 Jan 06 2021,96,77,0,0,0
02:26:08 Jan 06 2021,97,78,0,0,0
02:26:10 Jan 06 2021,97,78,0,0,0
02:26:12 Jan 06 2021,97,78,1,0,0
02:26:14 Jan 06 2021,97,77,0,0,0
02:26:16 Jan 06 2021,96,77,0,0,0
02:26:18 Jan 06 2021,96,77,0,0,0
02:26:20 Jan 06 2021,96,77,0,0,0
02:26:22 Jan 06 2021,96,76,0,0,0
02:26:24 Jan 06 2021,95,71,0,0,0
02:26:26 Jan 06 2021,95,68,0,0,0
02:26:28 Jan 06 2021,95,61,0,0,0
02:26:30 Jan 06 2021,95,63,0,0,0
02:26:32 Jan 06 2021,95,65,0,0,0
02:26:34 Jan 06 2021,95,60,0,0,0
02:26:36 Jan 06 2021,95,57,0,0,0
02:26:38 Jan 06 2021,95,55,0,0,0
02:26:40 Jan 06 2021,94,51,1,0,0
02:26:42 Jan 06 2021,94,53,0,0,0
02:26:44 Jan 06 2021,95,53,0,0,0
02:26:46 Jan 06 2021,95,51,0,0,0
02:26:48 Jan 06 2021,95,50,0,0,0
02:26:50 Jan 06 2021,96,54,0,0,0
02:26:52 Jan 06 2021,96,54,0,0,0
02:26:54 Jan 06 2021,96,63,0,0,0
02:26:56 Jan 06 2021,96,71,1,0,0
02:26:58 Jan 06 2021,96,65,0,0,0
02:27:00 Jan 06 2021,96,67,0,0,0
02:27:02 Jan 06 2021,96,63,0,0,0
02:27:04 Jan 06 2021,96,59,0,0,0
02:27:06 Jan 06 2021,96,60,0,0,0
02:27:08 Jan 06 2021,96,65,0,0,0
02:27:10 Jan 06 2021,96,61,0,0,0
02:27:12 Jan 06 2021,96,65,0,0,0
02:27:14 Jan 06 2021,96,69,0,0,0
02:27:16 Jan 06 2021,96,69,0,0,0
02:27:18 Jan 06 2021,96,73,0,0,0
02:27:20 Jan 06 2021,96,73,0,0,0
02:27:22 Jan 06 2021,96,74,0,0,0
02:27:24 Jan 06 2021,96,72,0,0,0
02:27:26 Jan 06 2021,95,72,0,0,0
02:27:28 Jan 06 2021,95,72,0,0,0
02:27:30 Jan 06 2021,95,75,0,0,0
02:27:32 Jan 06 2021,95,79,0,0,0
02:27:34 Jan 06 2021,94,80,0,0,0
02:27:36 Jan 06 2021,93,76,0,0,0
02:27:38 Jan 06 2021,93,74,0,0,0
02:27:40 Jan 06 2021,93,70,1,0,0
02:27:42 Jan 06 2021,92,68,0,0,0
02:27:44 Jan 06 2021,92,70,0,0,0
02:27:46 Jan 06 2021,92,70,0,0,0
02:27:48 Jan 06 2021,92,72,0,0,0
02:27:50 Jan 06 2021,92,73,0,0,0
02:27:52 Jan 06 2021,92,74,0,0,0
02:27:54 Jan 06 2021,93,75,0,0,0
02:27:56 Jan 06 2021,93,75,0,0,0
02:27:58 Jan 06 2021,94,74,0,0,0
02:28:00 Jan 06 2021,95,75,1,0,0
02:28:02 Jan 06 2021,96,68,1,0,0
02:28:04 Jan 06 2021,96,65,0,0,0
02:28:06 Jan 06 2021,96,66,0,0,0
02:28:08 Jan 06 2021,96,62,0,0,0
02:28:10 Jan 06 2021,96,66,0,0,0
02:28:12 Jan 06 2021,96,66,0,0,0
02:28:14 Jan 06 2021,96,66,0,0,0
02:28:16 Jan 06 2021,96,66,0,0,0
02:28:18 Jan 06 2021,97,66,0,0,0
02:28:20 Jan 06 2021,97,68,0,0,0
02:28:22 Jan 06 2021,97,67,0,0,0
02:28:24 Jan 06 2021,97,68,0,0,0
02:28:26 Jan 06 2021,97,68,0,0,0
02:28:28 Jan 06 2021,97,68,0,0,0
02:28:30 Jan 06 2021,97,70,1,0,0
02:28:32 Jan 06 2021,97,73,0,0,0
02:28:34 Jan 06 2021,97,73,0,0,0
02:28:36 Jan 06 2021,97,73,0,0,0
02:28:38 Jan 06 2021,96,74,0,0,0
02:28:40 Jan 06 2021,95,75,0,0,0
02:28:42 Jan 06 2021,94,74,0,0,0
02:28:44 Jan 06 2021,93,72,0,0,0
02:28:46 Jan 06 2021,92,71,0,0,0
02:28:48 Jan 06 2021,92,70,0,0,0
02:28:50 Jan 06 2021,92,71,0,0,0
02:28:52 Jan 06 2021,92,72,0,0,0
02:28:54 Jan 06 2021,92,73,0,0,0
02:28:56 Jan 06 2021,93,72,0,0,0
02:28:58 Jan 06 2021,93,72,0,0,0
02:29:00 Jan 06 2021,94,73,0,0,0
02:29:02 Jan 06 2021,95,74,0,0,0
02:29:04 Jan 06 2021,95,75,0,0,0
02:29:06 Jan 06 2021,95,76,0,0,0
02:29:08 Jan 06 2021,95,76,0,0,0
02:29:10 Jan 06 2021,95,75,0,0,0
02:29:12 Jan 06 2021,96,71,0,0,0
02:29:14 Jan 06 2021,96,71,0,0,0
02:29:16 Jan 06 2021,96,70,0,0,0
02:29:18 Jan 06 2021,95,67,0,0,0
02:29:20 Jan 06 2021,95,67,0,0,0
02:29:22 Jan 06 2021,95,67,0,0,0
02:29:24 Jan 06 2021,95,64,0,0,0
02:29:26 Jan 06 2021,95,63,0,0,0
02:29:28 Jan 06 2021,95,63,0,0,0
02:29:30 Jan 06 2021,95,63,0,0,0
02:29:32 Jan 06 2021,95,63,1,0,0
02:29:34 Jan 06 2021,95,63,0,0,0
02:29:36 Jan 06 2021,95,63,0,0,0
02:29:38 Jan 06 2021,95,63,0,0,0
02:29:40 Jan 06 2021,95,63,0,0,0
02:29:42 Jan 06 2021,95,63,0,0,0
02:29:44 Jan 06 2021,95,63,0,0,0
02:29:46 Jan 06 2021,95,64,0,0,0
02:29:48 Jan 06 2021,95,62,2,0,0
02:29:50 Jan 06 2021,93,56,3,0,0
02:29:52 Jan 06 2021,93,55,9,0,0
02:29:54 Jan 06 2021,92,54,5,0,0
02:29:56 Jan 06 2021,91,56,1,0,0
02:29:58 Jan 06 2021,92,56,1,0,0
02:30:00 Jan 06 2021,92,56,0,0,0
02:30:02 Jan 06 2021,92,56,0,0,0
02:30:04 Jan 06 2021,92,56,0,0,0
02:30:06 Jan 06 2021,91,56,0,0,0
02:30:08 Jan 06 2021,90,56,0,0,0
02:30:10 Jan 06 2021,89,56,0,0,0
02:30:12 Jan 06 2021,90,56,0,0,0
02:30:14 Jan 06 2021,90,56,0,0,0
02:30:16 Jan 06 2021,90,56,0,0,0
02:30:18 Jan 06 2021,90,56,0,0,0
02:30:20 Jan 06 2021,88,51,0,0,0
02:30:22 Jan 06 2021,87,48,0,0,0
02:30:24 Jan 06 2021,87,45,0,0,0
02:30:26 Jan 06 2021,87,45,0,0,0
02:30:28 Jan 06 2021,88,46,0,0,0
02:30:30 Jan 06 2021,88,45,0,0,0
02:30:32 Jan 06 2021,90,45,0,0,0
02:30:34 Jan 06 2021,93,45,0,0,0
02:30:36 Jan 06 2021,95,45,0,0,0
02:30:38 Jan 06 2021,95,45,0,0,0
02:30:40 Jan 06 2021,95,45,0,0,0
02:30:42 Jan 06 2021,96,45,0,0,0
02:30:44 Jan 06 2021,97,45,0,0,0
02:30:46 Jan 06 2021,98,45,0,0,0
02:30:48 Jan 06 2021,98,42,0,0,0
02:30:50 Jan 06 2021,98,42,0,0,0
02:30:52 Jan 06 2021,98,41,0,0,0
02:30:54 Jan 06 2021,98,40,0,0,0
02:30:56 Jan 06 2021,98,41,0,0,0
02:30:58 Jan 06 2021,98,41,0,0,0
02:31:00 Jan 06 2021,98,41,0,0,0
02:31:02 Jan 06 2021,98,41,0,0,0
02:31:04 Jan 06 2021,98,41,0,0,0
02:31:06 Jan 06 2021,98,41,1,0,0
02:31:08 Jan 06 2021,98,41,0,0,0
02:31:10 Jan 06 2021,98,41,0,0,0
02:31:12 Jan 06 2021,98,41,0,0,0
02:31:14 Jan 06 2021,96,40,0,0,0
02:31:16 Jan 06 2021,95,40,0,0,0
02:31:18 Jan 06 2021,95,40,0,0,0
02:31:20 Jan 06 2021,95,40,0,0,0
02:31:22 Jan 06 2021,95,40,0,0,0
02:31:24 Jan 06 2021,95,40,1,0,0
02:31:26 Jan 06 2021,95,40,0,0,0
02:31:28 Jan 06 2021,95,40,0,0,0
02:31:30 Jan 06 2021,95,40,0,0,0
02:31:32 Jan 06 2021,95,40,0,0,0
02:31:34 Jan 06 2021,95,40,0,0,0
02:31:36 Jan 06 2021,92,51,0,0,0
02:31:38 Jan 06 2021,89,62,0,0,0
02:31:40 Jan 06 2021,88,66,0,0,0
02:31:42 Jan 06 2021,88,64,0,0,0
02:31:44 Jan 06 2021,90,56,0,0,0
02:31:46 Jan 06 2021,92,44,0,0,0
02:31:48 Jan 06 2021,93,41,0,0,0
02:31:50 Jan 06 2021,93,39,0,0,0
02:31:52 Jan 06 2021,93,39,0,0,0
02:31:54 Jan 06 2021,93,39,0,0,0
02:31:56 Jan 06 2021,93,39,0,0,0
02:31:58 Jan 06 2021,93,39,0,0,0
02:32:00 Jan 06 2021,93,39,1,0,0
02:32:02 Jan 06 2021,95,38,0,0,0
02:32:04 Jan 06 2021,96,38,0,0,0
02:32:06 Jan 06 2021,97,37,0,0,0
02:32:08 Jan 06 2021,97,37,0,0,0
02:32:10 Jan 06 2021,97,37,1,0,0
02:32:12 Jan 06 2021,97,37,1,0,0
02:32:14 Jan 06 2021,97,37,1,0,0
02:32:16 Jan 06 2021,97,37,0,0,0
02:32:18 Jan 06 2021,97,37,0,0,0
02:32:20 Jan 06 2021,97,37,0,0,0
02:32:22 Jan 06 2021,97,37,1,0,0
02:32:24 Jan 06 2021,97,36,0,0,0
02:32:26 Jan 06 2021,96,36,2,0,0
02:32:28 Jan 06 2021,96,36,3,0,0
02:32:30 Jan 06 2021,96,36,0,0,0
02:32:32 Jan 06 2021,96,36,1,0,0
02:32:34 Jan 06 2021,96,36,1,0,0
02:32:36 Jan 06 2021,96,36,0,0,0
02:32:38 Jan 06 2021,96,36,0,0,0
02:32:40 Jan 06 2021,96,37,0,0,0
02:32:42 Jan 06 2021,96,37,0,0,0
02:32:44 Jan 06 2021,96,38,0,0,0
02:32:46 Jan 06 2021,96,38,0,0,0
02:32:48 Jan 06 2021,96,38,0,0,0
02:32:50 Jan 06 2021,96,39,0,0,0
02:32:52 Jan 06 2021,95,38,1,0,0
02:32:54 Jan 06 2021,91,38,0,0,0
02:32:56 Jan 06 2021,90,38,0,0,0
02:32:58 Jan 06 2021,88,38,0,0,0
02:33:00 Jan 06 2021,87,44,0,0,0
02:33:02 Jan 06 2021,88,52,0,0,0
02:33:04 Jan 06 2021,89,58,0,0,0
02:33:06 Jan 06 2021,89,61,0,0,0
02:33:08 Jan 06 2021,91,55,0,0,0
02:33:10 Jan 06 2021,92,52,0,0,0
02:33:12 Jan 06 2021,93,52,0,0,0
02:33:14 Jan 06 2021,94,54,0,0,0
02:33:16 Jan 06 2021,94,53,0,0,0
02:33:18 Jan 06 2021,96,48,0,0,0
02:33:20 Jan 06 2021,97,43,0,0,0
02:33:22 Jan 06 2021,97,38,0,0,0
02:33:24 Jan 06 2021,97,37,0,0,0
02:33:26 Jan 06 2021,97,36,0,0,0
02:33:28 Jan 06 2021,97,36,0,0,0
02:33:30 Jan 06 2021,97,37,0,0,0
02:33:32 Jan 06 2021,97,37,0,0,0
02:33:34 Jan 06 2021,97,37,0,0,0
02:33:36 Jan 06 2021,97,40,0,0,0
02:33:38 Jan 06 2021,97,41,0,0,0
02:33:40 Jan 06 2021,97,43,0,0,0
02:33:42 Jan 06 2021,97,44,0,0,0
02:33:44 Jan 06 2021,97,42,0,0,0
02:33:46 Jan 06 2021,97,42,3,0,0
02:33:48 Jan 06 2021,97,43,0,0,0
02:33:50 Jan 06 2021,97,43,0,0,0
02:33:52 Jan 06 2021,97,43,0,0,0
02:33:54 Jan 06 2021,97,43,0,0,0
02:33:56 Jan 06 2021,97,43,0,0,0
02:33:58 Jan 06 2021,97,43,0,0,0
02:34:00 Jan 06 2021,97,43,0,0,0
02:34:02 Jan 06 2021,97,43,0,0,0
02:34:04 Jan 06 2021,97,44,0,0,0
02:34:06 Jan 06 2021,97,45,0,0,0
02:34:08 Jan 06 2021,97,46,0,0,0
02:34:10 Jan 06 2021,97,46,0,0,0
02:34:12 Jan 06 2021,97,46,0,0,0
02:34:14 Jan 06 2021,97,46,0,0,0
02:34:16 Jan 06 2021,97,48,0,0,0
02:34:18 Jan 06 2021,97,49,0,0,0
02:34:20 Jan 06 2021,97,50,0,0,0
02:34:22 Jan 06 2021,97,49,0,0,0
02:34:24 Jan 06 2021,97,49,0,0,0
02:34:26 Jan 06 2021,97,49,0,0,0
02:34:28 Jan 06 2021,97,49,0,0,0
02:34:30 Jan 06 2021,97,48,0,0,0
02:34:32 Jan 06 2021,97,48,0,0,0
02:34:34 Jan 06 2021,97,46,0,0,0
02:34:36 Jan 06 2021,97,46,0,0,0
02:34:38 Jan 06 2021,97,45,0,0,0
02:34:40 Jan 06 2021,97,44,0,0,0
02:34:42 Jan 06 2021,97,45,0,0,0
02:34:44 Jan 06 2021,97,45,0,0,0
02:34:46 Jan 06 2021,97,49,0,0,0
02:34:48 Jan 06 2021,97,46,0,0,0
02:34:50 Jan 06 2021,97,48,0,0,0
02:34:52 Jan 06 2021,97,54,0,0,0
02:34:54 Jan 06 2021,97,55,0,0,0
02:34:56 Jan 06 2021,97,57,0,0,0
02:34:58 Jan 06 2021,97,61,0,0,0
02:35:00 Jan 06 2021,97,61,0,0,0
02:35:02 Jan 06 2021,97,63,0,0,0
02:35:04 Jan 06 2021,97,64,0,0,0
02:35:06 Jan 06 2021,97,65,0,0,0
02:35:08 Jan 06 2021,97,66,0,0,0
02:35:10 Jan 06 2021,97,67,0,0,0
02:35:12 Jan 06 2021,96,68,0,0,0
02:35:14 Jan 06 2021,97,67,0,0,0
02:35:16 Jan 06 2021,96,67,0,0,0
02:35:18 Jan 06 2021,96,67,0,0,0
02:35:20 Jan 06 2021,95,68,0,0,0
02:35:22 Jan 06 2021,95,70,0,0,0
02:35:24 Jan 06 2021,95,70,0,0,0
02:35:26 Jan 06 2021,93,70,0,0,0
02:35:28 Jan 06 2021,93,68,0,0,0
02:35:30 Jan 06 2021,92,67,0,0,0
02:35:32 Jan 06 2021,92,68,0,0,0
02:35:34 Jan 06 2021,92,68,0,0,0
02:35:36 Jan 06 2021,92,69,0,0,0
02:35:38 Jan 06 2021,92,68,0,0,0
02:35:40 Jan 06 2021,92,68,0,0,0
02:35:42 Jan 06 2021,92,68,0,0,0
02:35:44 Jan 06 2021,92,68,0,0,0
02:35:46 Jan 06 2021,92,68,0,0,0
02:35:48 Jan 06 2021,92,68,0,0,0
02:35:50 Jan 06 2021,93,69,0,0,0
02:35:52 Jan 06 2021,94,70,0,0,0
02:35:54 Jan 06 2021,96,72,0,0,0
02:35:56 Jan 06 2021,96,71,0,0,0
02:35:58 Jan 06 2021,96,72,0,0,0
02:36:00 Jan 06 2021,96,72,0,0,0
02:36:02 Jan 06 2021,96,71,0,0,0
02:36:04 Jan 06 2021,96,73,0,0,0
02:36:06 Jan 06 2021,96,73,2,0,0
02:36:08 Jan 06 2021,95,73,0,0,0
02:36:10 Jan 06 2021,95,74,2,0,0
02:36:12 Jan 06 2021,95,74,1,0,0
02:36:14 Jan 06 2021,95,75,2,0,0
02:36:16 Jan 06 2021,95,75,2,0,0
02:36:18 Jan 06 2021,95,76,0,0,0
02:36:20 Jan 06 2021,95,76,0,0,0
02:36:22 Jan 06 2021,94,76,0,0,0
02:36:24 Jan 06 2021,94,77,0,0,0
02:36:26 Jan 06 2021,95,73,0,0,0
02:36:28 Jan 06 2021,95,74,0,0,0
02:36:30 Jan 06 2021,95,73,0,0,0
02:36:32 Jan 06 2021,95,74,0,0,0
02:36:34 Jan 06 2021,95,75,0,0,0
02:36:36 Jan 06 2021,95,78,0,0,0
02:36:38 Jan 06 2021,95,79,0,0,0
02:36:40 Jan 06 2021,95,80,0,0,0
02:36:42 Jan 06 2021,93,79,0,0,0
02:36:44 Jan 06 2021,90,76,0,0,0
02:36:46 Jan 06 2021,88,75,0,0,0
02:36:48 Jan 06 2021,86,74,0,0,0
02:36:50 Jan 06 2021,86,74,0,0,0
02:36:52 Jan 06 2021,87,75,0,0,0
02:36:54 Jan 06 2021,88,76,0,0,0
02:36:56 Jan 06 2021,88,77,0,0,0
02:36:58 Jan 06 2021,90,77,0,0,0
02:37:00 Jan 06 2021,91,74,0,0,0
02:37:02 Jan 06 2021,92,74,0,0,0
02:37:04 Jan 06 2021,95,74,0,0,0
02:37:06 Jan 06 2021,96,77,0,0,0
02:37:08 Jan 06 2021,97,80,0,0,0
02:37:10 Jan 06 2021,97,81,0,0,0
02:37:12 Jan 06 2021,97,81,0,0,0
02:37:14 Jan 06 2021,97,80,0,0,0
02:37:16 Jan 06 2021,98,77,0,0,0
02:37:18 Jan 06 2021,98,77,0,0,0
02:37:20 Jan 06 2021,97,74,0,0,0
02:37:22 Jan 06 2021,97,76,0,0,0
02:37:24 Jan 06 2021,97,76,0,0,0
02:37:26 Jan 06 2021,96,76,0,0,0
02:37:28 Jan 06 2021,96,77,0,0,0
02:37:30 Jan 06 2021,96,76,0,0,0
02:37:32 Jan 06 2021,96,77,0,0,0
02:37:34 Jan 06 2021,95,77,0,0,0
02:37:36 Jan 06 2021,94,78,0,0,0
02:37:38 Jan 06 2021,92,77,0,0,0
02:37:40 Jan 06 2021,91,76,1,0,0
02:37:42 Jan 06 2021,90,74,0,0,0
02:37:44 Jan 06 2021,90,73,0,0,0
02:37:46 Jan 06 2021,90,73,0,0,0
02:37:48 Jan 06 2021,89,74,0,0,0
02:37:50 Jan 06 2021,89,76,0,0,0
02:37:52 Jan 06 2021,89,76,0,0,0
02:37:54 Jan 06 2021,89,76,0,0,0
02:37:56 Jan 06 2021,89,76,0,0,0
02:37:58 Jan 06 2021,89,77,0,0,0
02:38:00 Jan 06 2021,89,76,0,0,0
02:38:02 Jan 06 2021,89,77,0,0,0
02:38:04 Jan 06 2021,89,76,0,0,0
02:38:06 Jan 06 2021,88,75,0,0,0
02:38:08 Jan 06 2021,87,76,0,0,0
02:38:10 Jan 06 2021,86,77,0,0,0
02:38:12 Jan 06 2021,85,76,0,0,0
02:38:14 Jan 06 2021,84,77,0,0,0
02:38:16 Jan 06 2021,84,78,0,0,0
02:38:18 Jan 06 2021,84,78,0,0,0
02:38:20 Jan 06 2021,84,76,0,0,0
02:38:22 Jan 06 2021,85,79,0,0,0
02:38:24 Jan 06 2021,86,78,0,0,0
02:38:26 Jan 06 2021,87,74,0,0,0
02:38:28 Jan 06 2021,89,75,0,0,0
02:38:30 Jan 06 2021,90,74,0,0,0
02:38:32 Jan 06 2021,91,75,0,0,0
02:38:34 Jan 06 2021,92,75,0,0,0
02:38:36 Jan 06 2021,93,74,0,0,0
02:38:38 Jan 06 2021,94,73,0,0,0
02:38:40 Jan 06 2021,95,72,0,0,0
02:38:42 Jan 06 2021,96,71,0,0,0
02:38:44 Jan 06 2021,96,72,0,0,0
02:38:46 Jan 06 2021,96,73,0,0,0
02:38:48 Jan 06 2021,97,72,0,0,0
02:38:50 Jan 06 2021,96,73,0,0,0
02:38:52 Jan 06 2021,96,72,0,0,0
02:38:54 Jan 06 2021,96,72,0,0,0
02:38:56 Jan 06 2021,96,71,0,0,0
02:38:58 Jan 06 2021,96,72,0,0,0
02:39:00 Jan 06 2021,96,72,0,0,0
02:39:02 Jan 06 2021,96,72,0,0,0
02:39:04 Jan 06 2021,96,72,0,0,0
02:39:06 Jan 06 2021,96,71,0,0,0
02:39:08 Jan 06 2021,96,72,0,0,0
02:39:10 Jan 06 2021,96,72,0,0,0
02:39:12 Jan 06 2021,95,71,0,0,0
02:39:14 Jan 06 2021,94,71,0,0,0
02:39:16 Jan 06 2021,93,69,0,0,0
02:39:18 Jan 06 2021,93,68,0,0,0
02:39:20 Jan 06 2021,93,69,0,0,0
02:39:22 Jan 06 2021,93,70,0,0,0
02:39:24 Jan 06 2021,93,69,0,0,0
02:39:26 Jan 06 2021,93,68,0,0,0
02:39:28 Jan 06 2021,93,68,0,0,0
02:39:30 Jan 06 2021,93,66,0,0,0
02:39:32 Jan 06 2021,92,64,0,0,0
02:39:34 Jan 06 2021,92,67,0,0,0
02:39:36 Jan 06 2021,92,65,0,0,0
02:39:38 Jan 06 2021,93,63,0,0,0
02:39:40 Jan 06 2021,93,65,0,0,0
02:39:42 Jan 06 2021,93,64,0,0,0
02:39:44 Jan 06 2021,94,64,0,0,0
02:39:46 Jan 06 2021,94,70,0,0,0
02:39:48 Jan 06 2021,95,70,0,0,0
02:39:50 Jan 06 2021,96,73,0,0,0
02:39:52 Jan 06 2021,97,72,0,0,0
02:39:54 Jan 06 2021,97,73,0,0,0
02:39:56 Jan 06 2021,97,74,0,0,0
02:39:58 Jan 06 2021,97,74,0,0,0
02:40:00 Jan 06 2021,96,75,0,0,0
02:40:02 Jan 06 2021,96,75,0,0,0
02:40:04 Jan 06 2021,96,74,1,0,0
02:40:06 Jan 06 2021,97,74,4,0,0
02:40:08 Jan 06 2021,97,74,2,0,0
02:40:10 Jan 06 2021,97,74,1,0,0
02:40:12 Jan 06 2021,97,74,10,0,0
02:40:14 Jan 06 2021,97,74,0,0,0
02:40:16 Jan 06 2021,97,74,0,0,0
02:40:18 Jan 06 2021,97,74,0,0,0
02:40:20 Jan 06 2021,97,74,0,0,0
02:40:22 Jan 06 2021,96,74,0,0,0
02:40:24 Jan 06 2021,96,74,0,0,0
02:40:26 Jan 06 2021,97,73,0,0,0
02:40:28 Jan 06 2021,97,69,0,0,0
02:40:30 Jan 06 2021,97,69,0,0,0
02:40:32 Jan 06 2021,97,68,0,0,0
02:40:34 Jan 06 2021,96,68,0,0,0
02:40:36 Jan 06 2021,94,66,0,0,0
02:40:38 Jan 06 2021,93,65,0,0,0
02:40:40 Jan 06 2021,91,64,0,0,0
02:40:42 Jan 06 2021,93,69,0,0,0
02:40:44 Jan 06 2021,92,69,0,0,0
02:40:46 Jan 06 2021,91,69,0,0,0
02:40:48 Jan 06 2021,91,69,0,0,0
02:40:50 Jan 06 2021,90,69,0,0,0
02:40:52 Jan 06 2021,92,70,0,0,0
02:40:54 Jan 06 2021,93,70,0,0,0
02:40:56 Jan 06 2021,95,72,0,0,0
02:40:58 Jan 06 2021,97,71,0,0,0
02:41:00 Jan 06 2021,97,69,0,0,0
02:41:02 Jan 06 2021,97,67,0,0,0
02:41:04 Jan 06 2021,98,64,0,0,0
02:41:06 Jan 06 2021,98,65,0,0,0
02:41:08 Jan 06 2021,98,63,0,0,0
02:41:10 Jan 06 2021,98,61,0,0,0
02:41:12 Jan 06 2021,98,65,0,0,0
02:41:14 Jan 06 2021,98,58,0,0,0
02:41:16 Jan 06 2021,97,50,0,0,0
02:41:18 Jan 06 2021,97,43,0,0,0
02:41:20 Jan 06 2021,97,37,0,0,0
02:41:22 Jan 06 2021,97,38,0,0,0
02:41:24 Jan 06 2021,97,38,0,0,0
02:41:26 Jan 06 2021,97,38,0,0,0
02:41:28 Jan 06 2021,97,38,0,0,0
02:41:30 Jan 06 2021,97,38,0,0,0
02:41:32 Jan 06 2021,97,38,0,0,0
02:41:34 Jan 06 2021,96,38,0,0,0
02:41:36 Jan 06 2021,96,38,0,0,0
02:41:38 Jan 06 2021,96,38,0,0,0
02:41:40 Jan 06 2021,96,38,0,0,0
02:41:42 Jan 06 2021,96,38,0,0,0
02:41:44 Jan 06 2021,96,38,0,0,0
02:41:46 Jan 06 2021,97,38,0,0,0
02:41:48 Jan 06 2021,95,38,0,0,0
02:41:50 Jan 06 2021,95,38,0,0,0
02:41:52 Jan 06 2021,95,38,0,0,0
02:41:54 Jan 06 2021,95,38,0,0,0
02:41:56 Jan 06 2021,95,38,0,0,0
02:41:58 Jan 06 2021,95,38,0,0,0
02:42:00 Jan 06 2021,95,38,0,0,0
02:42:02 Jan 06 2021,95,38,0,0,0
02:42:04 Jan 06 2021,93,38,0,0,0
02:42:06 Jan 06 2021,91,37,0,0,0
02:42:08 Jan 06 2021,89,37,0,0,0
02:42:10 Jan 06 2021,89,37,0,0,0
02:42:12 Jan 06 2021,90,37,0,0,0
02:42:14 Jan 06 2021,91,37,0,0,0
02:42:16 Jan 06 2021,92,37,0,0,0
02:42:18 Jan 06 2021,94,42,0,0,0
02:42:20 Jan 06 2021,94,42,0,0,0
02:42:22 Jan 06 2021,94,42,0,0,0
02:42:24 Jan 06 2021,94,42,0,0,0
02:42:26 Jan 06 2021,95,47,0,0,0
02:42:28 Jan 06 2021,97,50,0,0,0
02:42:30 Jan 06 2021,98,50,0,0,0
02:42:32 Jan 06 2021,98,50,0,0,0
02:42:34 Jan 06 2021,98,50,0,0,0
02:42:36 Jan 06 2021,98,49,0,0,0
02:42:38 Jan 06 2021,97,49,0,0,0
02:42:40 Jan 06 2021,97,48,0,0,0
02:42:42 Jan 06 2021,97,48,0,0,0
02:42:44 Jan 06 2021,97,48,0,0,0
02:42:46 Jan 06 2021,97,48,0,0,0
02:42:48 Jan 06 2021,97,48,0,0,0
02:42:50 Jan 06 2021,97,48,0,0,0
02:42:52 Jan 06 2021,97,48,0,0,0
02:42:54 Jan 06 2021,97,48,0,0,0
02:42:56 Jan 06 2021,97,48,0,0,0
02:42:58 Jan 06 2021,97,48,0,0,0
02:43:00 Jan 06 2021,97,48,0,0,0
02:43:02 Jan 06 2021,97,48,0,0,0
02:43:04 Jan 06 2021,96,48,0,0,0
02:43:06 Jan 06 2021,96,48,0,0,0
02:43:08 Jan 06 2021,95,48,0,0,0
02:43:10 Jan 06 2021,95,48,0,0,0
02:43:12 Jan 06 2021,96,48,0,0,0
02:43:14 Jan 06 2021,96,48,0,0,0
02:43:16 Jan 06 2021,95,48,0,0,0
02:43:18 Jan 06 2021,95,48,0,0,0
02:43:20 Jan 06 2021,94,48,0,0,0
02:43:22 Jan 06 2021,94,48,0,0,0
02:43:24 Jan 06 2021,95,48,0,0,0
02:43:26 Jan 06 2021,95,48,0,0,0
02:43:28 Jan 06 2021,95,48,0,0,0
02:43:30 Jan 06 2021,95,48,0,0,0
02:43:32 Jan 06 2021,95,48,0,0,0
02:43:34 Jan 06 2021,94,47,0,0,0
02:43:36 Jan 06 2021,94,46,0,0,0
02:43:38 Jan 06 2021,94,47,0,0,0
02:43:40 Jan 06 2021,94,47,0,0,0
02:43:42 Jan 06 2021,94,45,0,0,0
02:43:44 Jan 06 2021,95,42,0,0,0
02:43:46 Jan 06 2021,96,38,0,0,0
02:43:48 Jan 06 2021,96,36,0,0,0
02:43:50 Jan 06 2021,96,36,0,0,0
02:43:52 Jan 06 2021,96,36,0,0,0
02:43:54 Jan 06 2021,96,36,0,0,0
02:43:56 Jan 06 2021,96,35,0,0,0
02:43:58 Jan 06 2021,96,36,0,0,0
02:44:00 Jan 06 2021,96,36,0,0,0
02:44:02 Jan 06 2021,96,37,0,0,0
02:44:04 Jan 06 2021,96,37,0,0,0
02:44:06 Jan 06 2021,96,37,0,0,0
02:44:08 Jan 06 2021,96,37,0,0,0
02:44:10 Jan 06 2021,95,42,0,0,0
02:44:12 Jan 06 2021,95,53,0,0,0
02:44:14 Jan 06 2021,95,64,0,0,0
02:44:16 Jan 06 2021,95,68,0,0,0
02:44:18 Jan 06 2021,94,61,0,0,0
02:44:20 Jan 06 2021,94,57,0,0,0
02:44:22 Jan 06 2021,94,55,0,0,0
02:44:24 Jan 06 2021,95,55,0,0,0
02:44:26 Jan 06 2021,95,56,0,0,0
02:44:28 Jan 06 2021,95,55,0,0,0
02:44:30 Jan 06 2021,95,55,0,0,0
02:44:32 Jan 06 2021,95,55,0,0,0
02:44:34 Jan 06 2021,95,55,0,0,0
02:44:36 Jan 06 2021,95,55,0,0,0
02:44:38 Jan 06 2021,95,55,0,0,0
02:44:40 Jan 06 2021,95,55,0,0,0
02:44:42 Jan 06 2021,95,64,0,0,0
02:44:44 Jan 06 2021,95,76,0,0,0
02:44:46 Jan 06 2021,95,81,0,0,0
02:44:48 Jan 06 2021,93,78,0,0,0
02:44:50 Jan 06 2021,91,75,0,0,0
02:44:52 Jan 06 2021,89,72,0,0,0
02:44:54 Jan 06 2021,88,72,0,0,0
02:44:56 Jan 06 2021,90,80,0,0,0
02:44:58 Jan 06 2021,91,83,0,0,0
02:45:00 Jan 06 2021,91,85,0,0,0
02:45:02 Jan 06 2021,92,86,0,0,0
02:45:04 Jan 06 2021,93,85,0,0,0
02:45:06 Jan 06 2021,94,81,0,0,0
02:45:08 Jan 06 2021,96,80,0,0,0
02:45:10 Jan 06 2021,97,78,0,0,0
02:45:12 Jan 06 2021,97,78,0,0,0
02:45:14 Jan 06 2021,97,79,0,0,0
02:45:16 Jan 06 2021,98,79,0,0,0
02:45:18 Jan 06 2021,98,78,0,0,0
02:45:20 Jan 06 2021,98,78,0,0,0
02:45:22 Jan 06 2021,98,77,0,0,0
02:45:24 Jan 06 2021,98,77,0,0,0
02:45:26 Jan 06 2021,98,77,0,0,0
02:45:28 Jan 06 2021,97,78,0,0,0
02:45:30 Jan 06 2021,97,78,0,0,0
02:45:32 Jan 06 2021,97,79,0,0,0
02:45:34 Jan 06 2021,96,80,0,0,0
02:45:36 Jan 06 2021,96,80,0,0,0
02:45:38 Jan 06 2021,96,80,0,0,0
02:45:40 Jan 06 2021,96,83,0,0,0
02:45:42 Jan 06 2021,96,85,0,0,0
02:45:44 Jan 06 2021,96,84,0,0,0
02:45:46 Jan 06 2021,96,85,0,0,0
02:45:48 Jan 06 2021,95,87,0,0,0
02:45:50 Jan 06 2021,94,91,0,0,0
02:45:52 Jan 06 2021,93,94,0,0,0
02:45:54 Jan 06 2021,93,94,0,0,0
02:45:56 Jan 06 2021,93,92,0,0,0
02:45:58 Jan 06 2021,93,86,0,0,0
02:46:00 Jan 06 2021,93,84,0,0,0
02:46:02 Jan 06 2021,93,83,0,0,0
02:46:04 Jan 06 2021,93,82,0,0,0
02:46:06 Jan 06 2021,93,83,0,0,0
02:46:08 Jan 06 2021,94,85,0,0,0
02:46:10 Jan 06 2021,94,84,0,0,0
02:46:12 Jan 06 2021,95,83,0,0,0
02:46:14 Jan 06 2021,96,80,0,0,0
02:46:16 Jan 06 2021,96,80,0,0,0
02:46:18 Jan 06 2021,97,78,0,0,0
02:46:20 Jan 06 2021,97,76,0,0,0
02:46:22 Jan 06 2021,97,81,0,0,0
02:46:24 Jan 06 2021,97,77,0,0,0
02:46:26 Jan 06 2021,97,80,0,0,0
02:46:28 Jan 06 2021,97,82,0,0,0
02:46:30 Jan 06 2021,97,79,0,0,0
02:46:32 Jan 06 2021,97,73,0,0,0
02:46:34 Jan 06 2021,97,76,0,0,0
02:46:36 Jan 06 2021,97,75,0,0,0
02:46:38 Jan 06 2021,97,75,0,0,0
02:46:40 Jan 06 2021,96,73,0,0,0
02:46:42 Jan 06 2021,96,75,0,0,0
02:46:44 Jan 06 2021,96,74,0,0,0
02:46:46 Jan 06 2021,96,72,0,0,0
02:46:48 Jan 06 2021,96,72,0,0,0
02:46:50 Jan 06 2021,96,72,0,0,0
02:46:52 Jan 06 2021,95,75,0,0,0
02:46:54 Jan 06 2021,95,77,0,0,0
02:46:56 Jan 06 2021,94,77,0,0,0
02:46:58 Jan 06 2021,94,77,0,0,0
02:47:00 Jan 06 2021,93,73,0,0,0
02:47:02 Jan 06 2021,93,73,0,0,0
02:47:04 Jan 06 2021,93,73,0,0,0
02:47:06 Jan 06 2021,93,72,0,0,0
02:47:08 Jan 06 2021,93,74,0,0,0
02:47:10 Jan 06 2021,93,73,0,0,0
02:47:12 Jan 06 2021,93,72,0,0,0
02:47:14 Jan 06 2021,93,73,0,0,0
02:47:16 Jan 06 2021,93,73,0,0,0
02:47:18 Jan 06 2021,93,67,0,0,0
02:47:20 Jan 06 2021,93,68,0,0,0
02:47:22 Jan 06 2021,94,68,0,0,0
02:47:24 Jan 06 2021,94,71,0,0,0
02:47:26 Jan 06 2021,94,73,0,0,0
02:47:28 Jan 06 2021,95,71,0,0,0
02:47:30 Jan 06 2021,95,69,0,0,0
02:47:32 Jan 06 2021,95,72,0,0,0
02:47:34 Jan 06 2021,95,70,0,0,0
02:47:36 Jan 06 2021,95,71,0,0,0
02:47:38 Jan 06 2021,96,69,0,0,0
02:47:40 Jan 06 2021,96,67,0,0,0
02:47:42 Jan 06 2021,96,64,0,0,0
02:47:44 Jan 06 2021,96,66,0,0,0
02:47:46 Jan 06 2021,96,68,0,0,0
02:47:48 Jan 06 2021,96,71,0,0,0
02:47:50 Jan 06 2021,96,72,0,0,0
02:47:52 Jan 06 2021,95,70,0,0,0
02:47:54 Jan 06 2021,95,70,0,0,0
02:47:56 Jan 06 2021,95,70,0,0,0
02:47:58 Jan 06 2021,95,70,0,0,0
02:48:00 Jan 06 2021,95,69,0,0,0
02:48:02 Jan 06 2021,95,68,0,0,0
02:48:04 Jan 06 2021,95,67,0,0,0
02:48:06 Jan 06 2021,94,68,0,0,0
02:48:08 Jan 06 2021,93,73,0,0,0
02:48:10 Jan 06 2021,92,75,0,0,0
02:48:12 Jan 06 2021,92,77,0,0,0
02:48:14 Jan 06 2021,92,78,0,0,0
02:48:16 Jan 06 2021,92,72,0,0,0
02:48:18 Jan 06 2021,92,74,0,0,0
02:48:20 Jan 06 2021,91,74,0,0,0
02:48:22 Jan 06 2021,90,72,0,0,0
02:48:24 Jan 06 2021,88,72,0,0,0
02:48:26 Jan 06 2021,86,72,0,0,0
02:48:28 Jan 06 2021,86,72,0,0,0
02:48:30 Jan 06 2021,87,72,0,0,0
02:48:32 Jan 06 2021,88,73,0,0,0
02:48:34 Jan 06 2021,89,73,0,0,0
02:48:36 Jan 06 2021,90,74,0,0,0
02:48:38 Jan 06 2021,93,76,0,0,0
02:48:40 Jan 06 2021,95,76,0,0,0
02:48:42 Jan 06 2021,98,77,0,0,0
02:48:44 Jan 06 2021,98,76,0,0,0
02:48:46 Jan 06 2021,98,74,0,0,0
02:48:48 Jan 06 2021,98,72,0,0,0
02:48:50 Jan 06 2021,98,72,0,0,0
02:48:52 Jan 06 2021,98,72,0,0,0
02:48:54 Jan 06 2021,98,72,0,0,0
02:48:56 Jan 06 2021,98,71,0,0,0
02:48:58 Jan 06 2021,98,69,0,0,0
02:49:00 Jan 06 2021,98,69,0,0,0
02:49:02 Jan 06 2021,98,70,0,0,0
02:49:04 Jan 06 2021,98,71,0,0,0
02:49:06 Jan 06 2021,98,71,0,0,0
02:49:08 Jan 06 2021,98,73,0,0,0
02:49:10 Jan 06 2021,97,75,0,0,0
02:49:12 Jan 06 2021,97,78,0,0,0
02:49:14 Jan 06 2021,96,79,0,0,0
02:49:16 Jan 06 2021,95,79,0,0,0
02:49:18 Jan 06 2021,94,75,0,0,0
02:49:20 Jan 06 2021,93,74,0,0,0
02:49:22 Jan 06 2021,93,77,0,0,0
02:49:24 Jan 06 2021,92,79,0,0,0
02:49:26 Jan 06 2021,92,80,0,0,0
02:49:28 Jan 06 2021,92,79,0,0,0
02:49:30 Jan 06 2021,92,75,0,0,0
02:49:32 Jan 06 2021,92,74,2,0,0
02:49:34 Jan 06 2021,92,74,5,0,0
02:49:36 Jan 06 2021,92,74,3,0,0
02:49:38 Jan 06 2021,92,74,1,0,0
02:49:40 Jan 06 2021,92,74,0,0,0
02:49:42 Jan 06 2021,92,74,1,0,0
02:49:44 Jan 06 2021,91,77,0,0,0
02:49:46 Jan 06 2021,91,78,0,0,0
02:49:48 Jan 06 2021,90,76,0,0,0
02:49:50 Jan 06 2021,89,80,0,0,0
02:49:52 Jan 06 2021,90,81,0,0,0
02:49:54 Jan 06 2021,90,84,0,0,0
02:49:56 Jan 06 2021,92,85,0,0,0
02:49:58 Jan 06 2021,94,83,0,0,0
02:50:00 Jan 06 2021,95,81,0,0,0
02:50:02 Jan 06 2021,96,79,0,0,0
02:50:04 Jan 06 2021,96,84,0,0,0
02:50:06 Jan 06 2021,96,86,0,0,0
02:50:08 Jan 06 2021,96,83,0,0,0
02:50:10 Jan 06 2021,96,84,1,0,0
02:50:12 Jan 06 2021,96,84,0,0,0
02:50:14 Jan 06 2021,96,84,0,0,0
02:50:16 Jan 06 2021,96,83,0,0,0
02:50:18 Jan 06 2021,96,83,0,0,0
02:50:20 Jan 06 2021,96,83,0,0,0
02:50:22 Jan 06 2021,96,84,0,0,0
02:50:24 Jan 06 2021,97,85,0,0,0
02:50:26 Jan 06 2021,97,85,0,0,0
02:50:28 Jan 06 2021,97,85,0,0,0
02:50:30 Jan 06 2021,97,85,0,0,0
02:50:32 Jan 06 2021,97,84,0,0,0
02:50:34 Jan 06 2021,96,87,0,0,0
02:50:36 Jan 06 2021,96,87,0,0,0
02:50:38 Jan 06 2021,95,89,0,0,0
02:50:40 Jan 06 2021,95,82,0,0,0
02:50:42 Jan 06 2021,95,79,0,0,0
02:50:44 Jan 06 2021,95,77,0,0,0
02:50:46 Jan 06 2021,95,73,0,0,0
02:50:48 Jan 06 2021,95,79,0,0,0
02:50:50 Jan 06 2021,94,78,0,0,0
02:50:52 Jan 06 2021,94,77,0,0,0
02:50:54 Jan 06 2021,93,77,0,0,0
02:50:56 Jan 06 2021,93,77,0,0,0
02:50:58 Jan 06 2021,94,77,0,0,0
02:51:00 Jan 06 2021,93,78,0,0,0
02:51:02 Jan 06 2021,94,80,0,0,0
02:51:04 Jan 06 2021,94,83,0,0,0
02:51:06 Jan 06 2021,94,82,0,0,0
02:51:08 Jan 06 2021,95,82,0,0,0
02:51:10 Jan 06 2021,95,82,0,0,0
02:51:12 Jan 06 2021,95,81,0,0,0
02:51:14 Jan 06 2021,95,82,0,0,0
02:51:16 Jan 06 2021,95,82,0,0,0
02:51:18 Jan 06 2021,95,82,0,0,0
02:51:20 Jan 06 2021,95,81,0,0,0
02:51:22 Jan 06 2021,96,79,0,0,0
02:51:24 Jan 06 2021,96,78,0,0,0
02:51:26 Jan 06 2021,96,74,0,0,0
02:51:28 Jan 06 2021,96,76,0,0,0
02:51:30 Jan 06 2021,96,76,0,0,0
02:51:32 Jan 06 2021,96,70,0,0,0
02:51:34 Jan 06 2021,96,71,0,0,0
02:51:36 Jan 06 2021,97,67,0,0,0
02:51:38 Jan 06 2021,97,63,0,0,0
02:51:40 Jan 06 2021,97,64,0,0,0
02:51:42 Jan 06 2021,97,62,0,0,0
02:51:44 Jan 06 2021,96,56,0,0,0
02:51:46 Jan 06 2021,96,54,0,0,0
02:51:48 Jan 06 2021,96,50,0,0,0
02:51:50 Jan 06 2021,96,47,0,0,0
02:51:52 Jan 06 2021,96,48,0,0,0
02:51:54 Jan 06 2021,96,49,0,0,0
02:51:56 Jan 06 2021,96,48,0,0,0
02:51:58 Jan 06 2021,96,48,0,0,0
02:52:00 Jan 06 2021,96,48,1,0,0
02:52:02 Jan 06 2021,95,48,0,0,0
02:52:04 Jan 06 2021,94,48,0,0,0
02:52:06 Jan 06 2021,93,48,0,0,0
02:52:08 Jan 06 2021,93,49,0,0,0
02:52:10 Jan 06 2021,93,50,0,0,0
02:52:12 Jan 06 2021,93,49,0,0,0
02:52:14 Jan 06 2021,93,49,0,0,0
02:52:16 Jan 06 2021,93,49,0,0,0
02:52:18 Jan 06 2021,94,49,0,0,0
02:52:20 Jan 06 2021,94,50,0,0,0
02:52:22 Jan 06 2021,95,50,0,0,0
02:52:24 Jan 06 2021,96,51,0,0,0
02:52:26 Jan 06 2021,96,51,0,0,0
02:52:28 Jan 06 2021,97,50,0,0,0
02:52:30 Jan 06 2021,97,50,0,0,0
02:52:32 Jan 06 2021,97,50,0,0,0
02:52:34 Jan 06 2021,97,48,0,0,0
02:52:36 Jan 06 2021,97,47,0,0,0
02:52:38 Jan 06 2021,97,45,0,0,0
02:52:40 Jan 06 2021,97,45,0,0,0
02:52:42 Jan 06 2021,97,46,0,0,0
02:52:44 Jan 06 2021,97,46,0,0,0
02:52:46 Jan 06 2021,97,46,0,0,0
02:52:48 Jan 06 2021,97,51,0,0,0
02:52:50 Jan 06 2021,97,53,0,0,0
02:52:52 Jan 06 2021,96,54,0,0,0
02:52:54 Jan 06 2021,97,55,0,0,0
02:52:56 Jan 06 2021,97,55,0,0,0
02:52:58 Jan 06 2021,96,53,0,0,0
02:53:00 Jan 06 2021,96,50,0,0,0
02:53:02 Jan 06 2021,95,51,0,0,0
02:53:04 Jan 06 2021,95,55,0,0,0
02:53:06 Jan 06 2021,95,55,0,0,0
02:53:08 Jan 06 2021,94,57,0,0,0
02:53:10 Jan 06 2021,93,48,0,0,0
02:53:12 Jan 06 2021,92,51,0,0,0
02:53:14 Jan 06 2021,91,57,0,0,0
02:53:16 Jan 06 2021,91,61,0,0,0
02:53:18 Jan 06 2021,92,70,0,0,0
02:53:20 Jan 06 2021,93,69,0,0,0
02:53:22 Jan 06 2021,94,67,0,0,0
02:53:24 Jan 06 2021,95,66,0,0,0
02:53:26 Jan 06 2021,95,66,0,0,0
02:53:28 Jan 06 2021,95,61,0,0,0
02:53:30 Jan 06 2021,96,59,0,0,0
02:53:32 Jan 06 2021,96,62,0,0,0
02:53:34 Jan 06 2021,96,62,0,0,0
02:53:36 Jan 06 2021,96,60,0,0,0
02:53:38 Jan 06 2021,96,60,0,0,0
02:53:40 Jan 06 2021,96,59,0,0,0
02:53:42 Jan 06 2021,96,55,0,0,0
02:53:44 Jan 06 2021,96,51,0,0,0
02:53:46 Jan 06 2021,96,43,0,0,0
02:53:48 Jan 06 2021,96,37,0,0,0
02:53:50 Jan 06 2021,96,38,0,0,0
02:53:52 Jan 06 2021,96,38,1,0,0
02:53:54 Jan 06 2021,96,40,1,0,0
02:53:56 Jan 06 2021,96,41,0,0,0
02:53:58 Jan 06 2021,96,40,0,0,0
02:54:00 Jan 06 2021,96,40,0,0,0
02:54:02 Jan 06 2021,96,40,0,0,0
02:54:04 Jan 06 2021,96,40,0,0,0
02:54:06 Jan 06 2021,96,41,0,0,0
02:54:08 Jan 06 2021,96,41,0,0,0
02:54:10 Jan 06 2021,96,41,0,0,0
02:54:12 Jan 06 2021,96,41,0,0,0
02:54:14 Jan 06 2021,96,41,0,0,0
02:54:16 Jan 06 2021,96,41,0,0,0
02:54:18 Jan 06 2021,96,41,0,0,0
02:54:20 Jan 06 2021,96,41,0,0,0
02:54:22 Jan 06 2021,96,41,0,0,0
02:54:24 Jan 06 2021,95,46,0,0,0
02:54:26 Jan 06 2021,95,47,0,0,0
02:54:28 Jan 06 2021,95,49,0,0,0
02:54:30 Jan 06 2021,94,51,0,0,0
02:54:32 Jan 06 2021,95,47,1,0,0
02:54:34 Jan 06 2021,95,48,0,0,0
02:54:36 Jan 06 2021,95,48,0,0,0
02:54:38 Jan 06 2021,95,48,0,0,0
02:54:40 Jan 06 2021,95,48,0,0,0
02:54:42 Jan 06 2021,96,48,0,0,0
02:54:44 Jan 06 2021,96,48,0,0,0
02:54:46 Jan 06 2021,96,46,0,0,0
02:54:48 Jan 06 2021,97,46,0,0,0
02:54:50 Jan 06 2021,97,45,0,0,0
02:54:52 Jan 06 2021,97,46,0,0,0
02:54:54 Jan 06 2021,97,47,1,0,0
02:54:56 Jan 06 2021,97,47,0,0,0
02:54:58 Jan 06 2021,97,47,0,0,0
02:55:00 Jan 06 2021,97,47,0,0,0
02:55:02 Jan 06 2021,97,47,0,0,0
02:55:04 Jan 06 2021,97,47,0,0,0
02:55:06 Jan 06 2021,97,47,0,0,0
02:55:08 Jan 06 2021,97,44,0,0,0
02:55:10 Jan 06 2021,94,48,0,0,0
02:55:12 Jan 06 2021,94,55,2,0,0
02:55:14 Jan 06 2021,93,59,2,0,0
02:55:16 Jan 06 2021,93,62,3,0,0
02:55:18 Jan 06 2021,93,61,0,0,0
02:55:20 Jan 06 2021,93,61,0,0,0
02:55:22 Jan 06 2021,93,64,0,0,0
02:55:24 Jan 06 2021,93,65,0,0,0
02:55:26 Jan 06 2021,93,64,0,0,0
02:55:28 Jan 06 2021,93,65,0,0,0
02:55:30 Jan 06 2021,93,65,0,0,0
02:55:32 Jan 06 2021,93,65,0,0,0
02:55:34 Jan 06 2021,93,66,0,0,0
02:55:36 Jan 06 2021,93,69,0,0,0
02:55:38 Jan 06 2021,93,71,0,0,0
02:55:40 Jan 06 2021,93,72,0,0,0
02:55:42 Jan 06 2021,94,73,0,0,0
02:55:44 Jan 06 2021,95,72,0,0,0
02:55:46 Jan 06 2021,95,73,0,0,0
02:55:48 Jan 06 2021,96,68,0,0,0
02:55:50 Jan 06 2021,96,61,0,0,0
02:55:52 Jan 06 2021,97,60,0,0,0
02:55:54 Jan 06 2021,97,55,0,0,0
02:55:56 Jan 06 2021,97,60,1,0,0
02:55:58 Jan 06 2021,97,66,0,0,0
02:56:00 Jan 06 2021,97,66,0,0,0
02:56:02 Jan 06 2021,97,68,0,0,0
02:56:04 Jan 06 2021,97,72,0,0,0
02:56:06 Jan 06 2021,97,73,0,0,0
02:56:08 Jan 06 2021,97,76,0,0,0
02:56:10 Jan 06 2021,97,76,0,0,0
02:56:12 Jan 06 2021,97,73,0,0,0
02:56:14 Jan 06 2021,97,73,0,0,0
02:56:16 Jan 06 2021,97,72,0,0,0
02:56:18 Jan 06 2021,97,71,0,0,0
02:56:20 Jan 06 2021,97,71,0,0,0
02:56:22 Jan 06 2021,97,70,0,0,0
02:56:24 Jan 06 2021,97,69,0,0,0
02:56:26 Jan 06 2021,97,73,0,0,0
02:56:28 Jan 06 2021,95,77,0,0,0
02:56:30 Jan 06 2021,94,80,0,0,0
02:56:32 Jan 06 2021,94,82,0,0,0
02:56:34 Jan 06 2021,94,82,0,0,0
02:56:36 Jan 06 2021,94,82,0,0,0
02:56:38 Jan 06 2021,94,83,0,0,0
02:56:40 Jan 06 2021,94,82,0,0,0
02:56:42 Jan 06 2021,94,83,0,0,0
02:56:44 Jan 06 2021,94,84,0,0,0
02:56:46 Jan 06 2021,94,82,0,0,0
02:56:48 Jan 06 2021,94,82,0,0,0
02:56:50 Jan 06 2021,94,77,0,0,0
02:56:52 Jan 06 2021,94,75,0,0,0
02:56:54 Jan 06 2021,94,75,0,0,0
02:56:56 Jan 06 2021,95,75,0,0,0
02:56:58 Jan 06 2021,95,78,0,0,0
02:57:00 Jan 06 2021,96,79,0,0,0
02:57:02 Jan 06 2021,96,80,0,0,0
02:57:04 Jan 06 2021,96,80,0,0,0
02:57:06 Jan 06 2021,96,80,0,0,0
02:57:08 Jan 06 2021,96,79,0,0,0
02:57:10 Jan 06 2021,96,78,0,0,0
02:57:12 Jan 06 2021,96,77,0,0,0
02:57:14 Jan 06 2021,96,77,0,0,0
02:57:16 Jan 06 2021,96,77,0,0,0
02:57:18 Jan 06 2021,96,78,0,0,0
02:57:20 Jan 06 2021,96,79,0,0,0
02:57:22 Jan 06 2021,96,80,0,0,0
02:57:24 Jan 06 2021,96,81,0,0,0
02:57:26 Jan 06 2021,96,81,2,0,0
02:57:28 Jan 06 2021,96,81,2,0,0
02:57:30 Jan 06 2021,95,80,0,0,0
02:57:32 Jan 06 2021,94,80,0,0,0
02:57:34 Jan 06 2021,93,80,0,0,0
02:57:36 Jan 06 2021,93,80,0,0,0
02:57:38 Jan 06 2021,93,80,0,0,0
02:57:40 Jan 06 2021,93,79,1,0,0
02:57:42 Jan 06 2021,93,79,6,0,0
02:57:44 Jan 06 2021,93,80,0,0,0
02:57:46 Jan 06 2021,93,80,0,0,0
02:57:48 Jan 06 2021,93,81,0,0,0
02:57:50 Jan 06 2021,92,81,0,0,0
02:57:52 Jan 06 2021,92,81,0,0,0
02:57:54 Jan 06 2021,92,81,0,0,0
02:57:56 Jan 06 2021,92,80,0,0,0
02:57:58 Jan 06 2021,92,78,0,0,0
02:58:00 Jan 06 2021,91,75,0,0,0
02:58:02 Jan 06 2021,92,73,0,0,0
02:58:04 Jan 06 2021,92,75,0,0,0
02:58:06 Jan 06 2021,93,74,0,0,0
02:58:08 Jan 06 2021,94,75,0,0,0
02:58:10 Jan 06 2021,96,79,0,0,0
02:58:12 Jan 06 2021,96,80,1,0,0
02:58:14 Jan 06 2021,96,80,1,0,0
02:58:16 Jan 06 2021,97,79,0,0,0
02:58:18 Jan 06 2021,96,76,0,0,0
02:58:20 Jan 06 2021,96,76,0,0,0
02:58:22 Jan 06 2021,96,75,0,0,0
02:58:24 Jan 06 2021,96,77,0,0,0
02:58:26 Jan 06 2021,96,79,0,0,0
02:58:28 Jan 06 2021,96,81,0,0,0
02:58:30 Jan 06 2021,97,82,0,0,0
02:58:32 Jan 06 2021,97,85,0,0,0
02:58:34 Jan 06 2021,97,86,0,0,0
02:58:36 Jan 06 2021,97,81,0,0,0
02:58:38 Jan 06 2021,97,78,0,0,0
02:58:40 Jan 06 2021,97,75,0,0,0
02:58:42 Jan 06 2021,96,73,0,0,0
02:58:44 Jan 06 2021,96,75,0,0,0
02:58:46 Jan 06 2021,96,75,0,0,0
02:58:48 Jan 06 2021,94,73,0,0,0
02:58:50 Jan 06 2021,93,74,0,0,0
02:58:52 Jan 06 2021,92,73,0,0,0
02:58:54 Jan 06 2021,91,73,0,0,0
02:58:56 Jan 06 2021,91,73,0,0,0
02:58:58 Jan 06 2021,91,72,0,0,0
02:59:00 Jan 06 2021,91,73,0,0,0
02:59:02 Jan 06 2021,91,73,0,0,0
02:59:04 Jan 06 2021,91,73,0,0,0
02:59:06 Jan 06 2021,91,68,0,0,0
02:59:08 Jan 06 2021,91,66,0,0,0
02:59:10 Jan 06 2021,92,66,0,0,0
02:59:12 Jan 06 2021,93,70,0,0,0
02:59:14 Jan 06 2021,93,70,0,0,0
02:59:16 Jan 06 2021,94,71,0,0,0
02:59:18 Jan 06 2021,94,73,0,0,0
02:59:20 Jan 06 2021,95,72,0,0,0
02:59:22 Jan 06 2021,95,69,0,0,0
02:59:24 Jan 06 2021,95,74,0,0,0
02:59:26 Jan 06 2021,95,72,0,0,0
02:59:28 Jan 06 2021,95,70,0,0,0
02:59:30 Jan 06 2021,95,71,0,0,0
02:59:32 Jan 06 2021,96,66,0,0,0
02:59:34 Jan 06 2021,96,64,0,0,0
02:59:36 Jan 06 2021,96,63,0,0,0
02:59:38 Jan 06 2021,96,66,0,0,0
02:59:40 Jan 06 2021,96,67,0,0,0
02:59:42 Jan 06 2021,96,70,0,0,0
02:59:44 Jan 06 2021,96,72,0,0,0
02:59:46 Jan 06 2021,96,72,0,0,0
02:59:48 Jan 06 2021,96,72,0,0,0
02:59:50 Jan 06 2021,95,71,0,0,0
02:59:52 Jan 06 2021,94,70,0,0,0
02:59:54 Jan 06 2021,93,66,0,0,0
02:59:56 Jan 06 2021,93,62,0,0,0
02:59:58 Jan 06 2021,93,59,0,0,0
03:00:00 Jan 06 2021,93,60,0,0,0
03:00:02 Jan 06 2021,92,59,0,0,0
03:00:04 Jan 06 2021,91,64,0,0,0
03:00:06 Jan 06 2021,90,68,0,0,0
03:00:08 Jan 06 2021,88,67,0,0,0
03:00:10 Jan 06 2021,89,67,0,0,0
03:00:12 Jan 06 2021,90,65,0,0,0
03:00:14 Jan 06 2021,91,65,0,0,0
03:00:16 Jan 06 2021,92,66,0,0,0
03:00:18 Jan 06 2021,93,67,0,0,0
03:00:20 Jan 06 2021,94,68,0,0,0
03:00:22 Jan 06 2021,94,68,0,0,0
03:00:24 Jan 06 2021,95,70,1,0,0
03:00:26 Jan 06 2021,95,71,0,0,0
03:00:28 Jan 06 2021,95,73,0,0,0
03:00:30 Jan 06 2021,95,71,0,0,0
03:00:32 Jan 06 2021,95,71,0,0,0
03:00:34 Jan 06 2021,95,72,0,0,0
03:00:36 Jan 06 2021,95,72,0,0,0
03:00:38 Jan 06 2021,95,72,0,0,0
03:00:40 Jan 06 2021,95,72,0,0,0
03:00:42 Jan 06 2021,95,71,0,0,0
03:00:44 Jan 06 2021,95,71,0,0,0
03:00:46 Jan 06 2021,95,72,0,0,0
03:00:48 Jan 06 2021,95,71,0,0,0
03:00:50 Jan 06 2021,95,72,0,0,0
03:00:52 Jan 06 2021,95,73,0,0,0
03:00:54 Jan 06 2021,95,73,0,0,0
03:00:56 Jan 06 2021,95,74,0,0,0
03:00:58 Jan 06 2021,95,73,0,0,0
03:01:00 Jan 06 2021,95,74,0,0,0
03:01:02 Jan 06 2021,95,73,0,0,0
03:01:04 Jan 06 2021,95,74,0,0,0
03:01:06 Jan 06 2021,94,74,0,0,0
03:01:08 Jan 06 2021,93,74,0,0,0
03:01:10 Jan 06 2021,92,73,0,0,0
03:01:12 Jan 06 2021,92,74,0,0,0
03:01:14 Jan 06 2021,92,75,0,0,0
03:01:16 Jan 06 2021,92,76,0,0,0
03:01:18 Jan 06 2021,92,76,0,0,0
03:01:20 Jan 06 2021,92,75,0,0,0
03:01:22 Jan 06 2021,92,74,0,0,0
03:01:24 Jan 06 2021,92,73,0,0,0
03:01:26 Jan 06 2021,92,73,0,0,0
03:01:28 Jan 06 2021,93,72,0,0,0
03:01:30 Jan 06 2021,93,70,0,0,0
03:01:32 Jan 06 2021,93,70,1,0,0
03:01:34 Jan 06 2021,94,71,0,0,0
03:01:36 Jan 06 2021,95,74,0,0,0
03:01:38 Jan 06 2021,95,76,0,0,0
03:01:40 Jan 06 2021,95,76,0,0,0
03:01:42 Jan 06 2021,95,75,0,0,0
03:01:44 Jan 06 2021,95,75,0,0,0
03:01:46 Jan 06 2021,95,75,2,0,0
03:01:48 Jan 06 2021,95,75,2,0,0
03:01:50 Jan 06 2021,95,77,1,0,0
03:01:52 Jan 06 2021,95,78,2,0,0
03:01:54 Jan 06 2021,95,79,0,0,0
03:01:56 Jan 06 2021,95,78,0,0,0
03:01:58 Jan 06 2021,95,77,0,0,0
03:02:00 Jan 06 2021,95,78,0,0,0
03:02:02 Jan 06 2021,95,78,0,0,0
03:02:04 Jan 06 2021,95,78,0,0,0
03:02:06 Jan 06 2021,95,78,0,0,0
03:02:08 Jan 06 2021,95,77,0,0,0
03:02:10 Jan 06 2021,95,77,0,0,0
03:02:12 Jan 06 2021,95,78,0,0,0
03:02:14 Jan 06 2021,94,77,0,0,0
03:02:16 Jan 06 2021,93,75,0,0,0
03:02:18 Jan 06 2021,92,74,0,0,0
03:02:20 Jan 06 2021,93,70,1,0,0
03:02:22 Jan 06 2021,93,72,0,0,0
03:02:24 Jan 06 2021,94,75,0,0,0
03:02:26 Jan 06 2021,94,76,0,0,0
03:02:28 Jan 06 2021,95,77,0,0,0
03:02:30 Jan 06 2021,95,78,0,0,0
03:02:32 Jan 06 2021,95,79,0,0,0
03:02:34 Jan 06 2021,95,79,0,0,0
03:02:36 Jan 06 2021,95,80,0,0,0
03:02:38 Jan 06 2021,95,79,0,0,0
03:02:40 Jan 06 2021,95,79,1,0,0
03:02:42 Jan 06 2021,95,71,0,0,0
03:02:44 Jan 06 2021,95,75,0,0,0
03:02:46 Jan 06 2021,95,75,0,0,0
03:02:48 Jan 06 2021,95,74,0,0,0
03:02:50 Jan 06 2021,95,75,1,0,0
03:02:52 Jan 06 2021,94,77,0,0,0
03:02:54 Jan 06 2021,95,77,0,0,0
03:02:56 Jan 06 2021,94,77,0,0,0
03:02:58 Jan 06 2021,94,78,0,0,0
03:03:00 Jan 06 2021,95,77,0,0,0
03:03:02 Jan 06 2021,95,77,0,0,0
03:03:04 Jan 06 2021,95,79,0,0,0
03:03:06 Jan 06 2021,95,78,0,0,0
03:03:08 Jan 06 2021,95,79,0,0,0
03:03:10 Jan 06 2021,95,78,0,0,0
03:03:12 Jan 06 2021,95,78,0,0,0
03:03:14 Jan 06 2021,95,78,1,0,0
03:03:16 Jan 06 2021,95,79,0,0,0
03:03:18 Jan 06 2021,95,80,0,0,0
03:03:20 Jan 06 2021,95,81,0,0,0
03:03:22 Jan 06 2021,95,81,0,0,0
03:03:24 Jan 06 2021,94,81,0,0,0
03:03:26 Jan 06 2021,93,82,0,0,0
03:03:28 Jan 06 2021,93,82,0,0,0
03:03:30 Jan 06 2021,91,82,0,0,0
03:03:32 Jan 06 2021,92,82,0,0,0
03:03:34 Jan 06 2021,92,82,0,0,0
03:03:36 Jan 06 2021,92,81,0,0,0
03:03:38 Jan 06 2021,92,80,0,0,0
03:03:40 Jan 06 2021,93,80,1,0,0
03:03:42 Jan 06 2021,93,79,0,0,0
03:03:44 Jan 06 2021,94,81,0,0,0
03:03:46 Jan 06 2021,95,80,0,0,0
03:03:48 Jan 06 2021,95,80,0,0,0
03:03:50 Jan 06 2021,96,78,0,0,0
03:03:52 Jan 06 2021,96,77,0,0,0
03:03:54 Jan 06 2021,96,77,1,0,0
03:03:56 Jan 06 2021,96,79,1,0,0
03:03:58 Jan 06 2021,96,79,0,0,0
03:04:00 Jan 06 2021,95,79,0,0,0
03:04:02 Jan 06 2021,95,80,1,0,0
03:04:04 Jan 06 2021,96,79,0,0,0
03:04:06 Jan 06 2021,96,79,0,0,0
03:04:08 Jan 06 2021,96,78,0,0,0
03:04:10 Jan 06 2021,96,79,3,0,0
03:04:12 Jan 06 2021,96,80,0,0,0
03:04:14 Jan 06 2021,96,80,0,0,0
03:04:16 Jan 06 2021,96,81,0,0,0
03:04:18 Jan 06 2021,96,80,0,0,0
03:04:20 Jan 06 2021,96,80,1,0,0
03:04:22 Jan 06 2021,96,81,0,0,0
03:04:24 Jan 06 2021,95,80,0,0,0
03:04:26 Jan 06 2021,94,80,0,0,0
03:04:28 Jan 06 2021,94,82,1,0,0
03:04:30 Jan 06 2021,93,82,0,0,0
03:04:32 Jan 06 2021,94,83,0,0,0
03:04:34 Jan 06 2021,93,84,0,0,0
03:04:36 Jan 06 2021,92,83,0,0,0
03:04:38 Jan 06 2021,90,75,0,0,0
03:04:40 Jan 06 2021,88,72,0,0,0
03:04:42 Jan 06 2021,86,63,0,0,0
03:04:44 Jan 06 2021,86,59,0,0,0
03:04:46 Jan 06 2021,86,55,0,0,0
03:04:48 Jan 06 2021,87,46,0,0,0
03:04:50 Jan 06 2021,88,43,0,0,0
03:04:52 Jan 06 2021,89,41,0,0,0
03:04:54 Jan 06 2021,90,39,0,0,0
03:04:56 Jan 06 2021,91,39,1,0,0
03:04:58 Jan 06 2021,92,39,0,0,0
03:05:00 Jan 06 2021,92,39,0,0,0
03:05:02 Jan 06 2021,93,39,1,0,0
03:05:04 Jan 06 2021,92,39,0,0,0
03:05:06 Jan 06 2021,92,39,0,0,0
03:05:08 Jan 06 2021,92,39,0,0,0
03:05:10 Jan 06 2021,93,39,0,0,0
03:05:12 Jan 06 2021,94,46,0,0,0
03:05:14 Jan 06 2021,94,49,0,0,0
03:05:16 Jan 06 2021,95,53,0,0,0
03:05:18 Jan 06 2021,95,49,0,0,0
03:05:20 Jan 06 2021,94,49,0,0,0
03:05:22 Jan 06 2021,95,50,0,0,0
03:05:24 Jan 06 2021,95,50,0,0,0
03:05:26 Jan 06 2021,95,50,0,0,0
03:05:28 Jan 06 2021,96,50,0,0,0
03:05:30 Jan 06 2021,96,50,2,0,0
03:05:32 Jan 06 2021,96,50,0,0,0
03:05:34 Jan 06 2021,96,49,0,0,0
03:05:36 Jan 06 2021,96,49,0,0,0
03:05:38 Jan 06 2021,96,49,0,0,0
03:05:40 Jan 06 2021,96,49,0,0,0
03:05:42 Jan 06 2021,96,49,0,0,0
03:05:44 Jan 06 2021,96,49,0,0,0
03:05:46 Jan 06 2021,96,49,1,0,0
03:05:48 Jan 06 2021,96,49,0,0,0
03:05:50 Jan 06 2021,96,49,0,0,0
03:05:52 Jan 06 2021,96,49,0,0,0
03:05:54 Jan 06 2021,96,48,0,0,0
03:05:56 Jan 06 2021,96,48,0,0,0
03:05:58 Jan 06 2021,96,48,0,0,0
03:06:00 Jan 06 2021,96,48,0,0,0
03:06:02 Jan 06 2021,96,48,0,0,0
03:06:04 Jan 06 2021,96,48,0,0,0
03:06:06 Jan 06 2021,96,53,0,0,0
03:06:08 Jan 06 2021,96,57,0,0,0
03:06:10 Jan 06 2021,96,62,0,0,0
03:06:12 Jan 06 2021,96,68,0,0,0
03:06:14 Jan 06 2021,97,70,0,0,0
03:06:16 Jan 06 2021,97,69,0,0,0
03:06:18 Jan 06 2021,97,71,0,0,0
03:06:20 Jan 06 2021,97,71,0,0,0
03:06:22 Jan 06 2021,97,71,0,0,0
03:06:24 Jan 06 2021,97,71,0,0,0
03:06:26 Jan 06 2021,97,69,0,0,0
03:06:28 Jan 06 2021,97,67,0,0,0
03:06:30 Jan 06 2021,97,66,0,0,0
03:06:32 Jan 06 2021,97,68,0,0,0
03:06:34 Jan 06 2021,97,69,11,0,0
03:06:36 Jan 06 2021,97,72,15,0,0
03:06:38 Jan 06 2021,97,74,1,0,0
03:06:40 Jan 06 2021,97,75,0,0,0
03:06:42 Jan 06 2021,97,75,1,0,0
03:06:44 Jan 06 2021,97,75,0,0,0
03:06:46 Jan 06 2021,97,76,0,0,0
03:06:48 Jan 06 2021,96,78,0,0,0
03:06:50 Jan 06 2021,96,78,0,0,0
03:06:52 Jan 06 2021,95,80,1,0,0
03:06:54 Jan 06 2021,95,80,0,0,0
03:06:56 Jan 06 2021,95,79,0,0,0
03:06:58 Jan 06 2021,94,78,0,0,0
03:07:00 Jan 06 2021,94,77,0,0,0
03:07:02 Jan 06 2021,93,72,0,0,0
03:07:04 Jan 06 2021,93,70,0,0,0
03:07:06 Jan 06 2021,93,69,0,0,0
03:07:08 Jan 06 2021,93,77,0,0,0
03:07:10 Jan 06 2021,92,76,0,0,0
03:07:12 Jan 06 2021,92,78,0,0,0
03:07:14 Jan 06 2021,91,79,0,0,0
03:07:16 Jan 06 2021,91,78,0,0,0
03:07:18 Jan 06 2021,91,78,0,0,0
03:07:20 Jan 06 2021,92,78,0,0,0
03:07:22 Jan 06 2021,93,78,0,0,0
03:07:24 Jan 06 2021,94,77,0,0,0
03:07:26 Jan 06 2021,95,76,0,0,0
03:07:28 Jan 06 2021,95,77,0,0,0
03:07:30 Jan 06 2021,96,78,0,0,0
03:07:32 Jan 06 2021,96,80,0,0,0
03:07:34 Jan 06 2021,96,80,0,0,0
03:07:36 Jan 06 2021,96,80,0,0,0
03:07:38 Jan 06 2021,96,80,0,0,0
03:07:40 Jan 06 2021,96,82,0,0,0
03:07:42 Jan 06 2021,96,82,0,0,0
03:07:44 Jan 06 2021,96,82,0,0,0
03:07:46 Jan 06 2021,96,81,0,0,0
03:07:48 Jan 06 2021,96,81,28,0,0
03:07:50 Jan 06 2021,96,82,0,0,0
03:07:52 Jan 06 2021,96,83,0,0,0
03:07:54 Jan 06 2021,96,84,0,0,0
03:07:56 Jan 06 2021,96,83,0,0,0
03:07:58 Jan 06 2021,96,84,0,0,0
03:08:00 Jan 06 2021,96,84,0,0,0
03:08:02 Jan 06 2021,96,83,0,0,0
03:08:04 Jan 06 2021,96,83,1,0,0
03:08:06 Jan 06 2021,95,83,0,0,0
03:08:08 Jan 06 2021,95,81,0,0,0
03:08:10 Jan 06 2021,94,82,0,0,0
03:08:12 Jan 06 2021,93,82,0,0,0
03:08:14 Jan 06 2021,92,83,0,0,0
03:08:16 Jan 06 2021,92,83,0,0,0
03:08:18 Jan 06 2021,91,84,0,0,0
03:08:20 Jan 06 2021,91,85,0,0,0
03:08:22 Jan 06 2021,91,83,0,0,0
03:08:24 Jan 06 2021,91,82,0,0,0
03:08:26 Jan 06 2021,92,81,0,0,0
03:08:28 Jan 06 2021,92,81,0,0,0
03:08:30 Jan 06 2021,92,80,0,0,0
03:08:32 Jan 06 2021,92,81,0,0,0
03:08:34 Jan 06 2021,92,81,0,0,0
03:08:36 Jan 06 2021,92,80,0,0,0
03:08:38 Jan 06 2021,94,80,0,0,0
03:08:40 Jan 06 2021,95,80,0,0,0
03:08:42 Jan 06 2021,95,80,0,0,0
03:08:44 Jan 06 2021,96,80,0,0,0
03:08:46 Jan 06 2021,96,80,0,0,0
03:08:48 Jan 06 2021,96,80,0,0,0
03:08:50 Jan 06 2021,96,80,0,0,0
03:08:52 Jan 06 2021,96,80,0,0,0
03:08:54 Jan 06 2021,97,80,0,0,0
03:08:56 Jan 06 2021,97,80,0,0,0
03:08:58 Jan 06 2021,97,80,0,0,0
03:09:00 Jan 06 2021,97,81,0,0,0
03:09:02 Jan 06 2021,97,81,0,0,0
03:09:04 Jan 06 2021,97,81,0,0,0
03:09:06 Jan 06 2021,97,81,0,0,0
03:09:08 Jan 06 2021,97,81,0,0,0
03:09:10 Jan 06 2021,97,81,0,0,0
03:09:12 Jan 06 2021,97,80,0,0,0
03:09:14 Jan 06 2021,97,80,0,0,0
03:09:16 Jan 06 2021,97,79,0,0,0
03:09:18 Jan 06 2021,97,78,0,0,0
03:09:20 Jan 06 2021,97,78,0,0,0
03:09:22 Jan 06 2021,97,77,0,0,0
03:09:24 Jan 06 2021,97,80,0,0,0
03:09:26 Jan 06 2021,97,80,0,0,0
03:09:28 Jan 06 2021,97,79,0,0,0
03:09:30 Jan 06 2021,97,80,0,0,0
03:09:32 Jan 06 2021,97,78,0,0,0
03:09:34 Jan 06 2021,97,78,0,0,0
03:09:36 Jan 06 2021,97,80,0,0,0
03:09:38 Jan 06 2021,97,80,0,0,0
03:09:40 Jan 06 2021,97,79,0,0,0
03:09:42 Jan 06 2021,96,80,0,0,0
03:09:44 Jan 06 2021,95,80,0,0,0
03:09:46 Jan 06 2021,93,80,0,0,0
03:09:48 Jan 06 2021,92,80,0,0,0
03:09:50 Jan 06 2021,93,80,0,0,0
03:09:52 Jan 06 2021,95,81,0,0,0
03:09:54 Jan 06 2021,95,81,0,0,0
03:09:56 Jan 06 2021,96,81,0,0,0
03:09:58 Jan 06 2021,96,81,0,0,0
03:10:00 Jan 06 2021,97,80,0,0,0
03:10:02 Jan 06 2021,97,80,0,0,0
03:10:04 Jan 06 2021,97,78,0,0,0
03:10:06 Jan 06 2021,97,78,0,0,0
03:10:08 Jan 06 2021,97,78,0,0,0
03:10:10 Jan 06 2021,97,77,0,0,0
03:10:12 Jan 06 2021,97,78,0,0,0
03:10:14 Jan 06 2021,97,77,0,0,0
03:10:16 Jan 06 2021,97,76,0,0,0
03:10:18 Jan 06 2021,97,77,3,0,0
03:10:20 Jan 06 2021,96,65,2,0,0
03:10:22 Jan 06 2021,96,69,0,0,0
03:10:24 Jan 06 2021,96,66,0,0,0
03:10:26 Jan 06 2021,96,62,0,0,0
03:10:28 Jan 06 2021,96,68,1,0,0
03:10:30 Jan 06 2021,96,73,0,0,0
03:10:32 Jan 06 2021,96,75,0,0,0
03:10:34 Jan 06 2021,96,80,0,0,0
03:10:36 Jan 06 2021,96,83,0,0,0
03:10:38 Jan 06 2021,96,81,0,0,0
03:10:40 Jan 06 2021,96,83,0,0,0
03:10:42 Jan 06 2021,96,84,0,0,0
03:10:44 Jan 06 2021,94,83,0,0,0
03:10:46 Jan 06 2021,94,83,0,0,0
03:10:48 Jan 06 2021,92,83,0,0,0
03:10:50 Jan 06 2021,90,80,0,0,0
03:10:52 Jan 06 2021,90,78,0,0,0
03:10:54 Jan 06 2021,90,77,1,0,0
03:10:56 Jan 06 2021,91,77,0,0,0
03:10:58 Jan 06 2021,92,77,1,0,0
03:11:00 Jan 06 2021,93,77,0,0,0
03:11:02 Jan 06 2021,93,77,0,0,0
03:11:04 Jan 06 2021,94,77,0,0,0
03:11:06 Jan 06 2021,95,77,0,0,0
03:11:08 Jan 06 2021,96,76,0,0,0
03:11:10 Jan 06 2021,96,75,0,0,0
03:11:12 Jan 06 2021,96,72,0,0,0
03:11:14 Jan 06 2021,96,71,0,0,0
03:11:16 Jan 06 2021,96,72,0,0,0
03:11:18 Jan 06 2021,96,71,0,0,0
03:11:20 Jan 06 2021,96,73,0,0,0
03:11:22 Jan 06 2021,96,72,0,0,0
03:11:24 Jan 06 2021,96,71,0,0,0
03:11:26 Jan 06 2021,96,75,0,0,0
03:11:28 Jan 06 2021,96,77,0,0,0
03:11:30 Jan 06 2021,96,78,3,0,0
03:11:32 Jan 06 2021,96,79,1,0,0
03:11:34 Jan 06 2021,96,79,0,0,0
03:11:36 Jan 06 2021,95,80,0,0,0
03:11:38 Jan 06 2021,95,81,0,0,0
03:11:40 Jan 06 2021,95,80,1,0,0
03:11:42 Jan 06 2021,96,78,1,0,0
03:11:44 Jan 06 2021,96,78,0,0,0
03:11:46 Jan 06 2021,96,79,0,0,0
03:11:48 Jan 06 2021,96,80,0,0,0
03:11:50 Jan 06 2021,96,79,0,0,0
03:11:52 Jan 06 2021,95,80,0,0,0
03:11:54 Jan 06 2021,95,81,0,0,0
03:11:56 Jan 06 2021,95,81,0,0,0
03:11:58 Jan 06 2021,96,81,0,0,0
03:12:00 Jan 06 2021,96,80,0,0,0
03:12:02 Jan 06 2021,96,78,0,0,0
03:12:04 Jan 06 2021,96,78,0,0,0
03:12:06 Jan 06 2021,95,77,0,0,0
03:12:08 Jan 06 2021,93,77,0,0,0
03:12:10 Jan 06 2021,93,77,0,0,0
03:12:12 Jan 06 2021,92,70,0,0,0
03:12:14 Jan 06 2021,94,69,0,0,0
03:12:16 Jan 06 2021,95,69,0,0,0
03:12:18 Jan 06 2021,96,74,0,0,0
03:12:20 Jan 06 2021,96,74,0,0,0
03:12:22 Jan 06 2021,96,68,0,0,0
03:12:24 Jan 06 2021,96,65,0,0,0
03:12:26 Jan 06 2021,96,61,1,0,0
03:12:28 Jan 06 2021,96,64,0,0,0
03:12:30 Jan 06 2021,96,66,0,0,0
03:12:32 Jan 06 2021,96,60,0,0,0
03:12:34 Jan 06 2021,96,55,0,0,0
03:12:36 Jan 06 2021,96,53,0,0,0
03:12:38 Jan 06 2021,96,50,0,0,0
03:12:40 Jan 06 2021,96,52,0,0,0
03:12:42 Jan 06 2021,96,54,0,0,0
03:12:44 Jan 06 2021,96,50,0,0,0
03:12:46 Jan 06 2021,96,44,0,0,0
03:12:48 Jan 06 2021,96,42,0,0,0
03:12:50 Jan 06 2021,96,36,0,0,0
03:12:52 Jan 06 2021,96,36,0,0,0
03:12:54 Jan 06 2021,96,37,0,0,0
03:12:56 Jan 06 2021,96,36,0,0,0
03:12:58 Jan 06 2021,96,37,0,0,0
03:13:00 Jan 06 2021,96,37,0,0,0
03:13:02 Jan 06 2021,96,37,0,0,0
03:13:04 Jan 06 2021,96,37,0,0,0
03:13:06 Jan 06 2021,96,37,0,0,0
03:13:08 Jan 06 2021,96,37,0,0,0
03:13:10 Jan 06 2021,96,37,0,0,0
03:13:12 Jan 06 2021,96,37,1,0,0
03:13:14 Jan 06 2021,96,37,0,0,0
03:13:16 Jan 06 2021,96,37,0,0,0
03:13:18 Jan 06 2021,96,37,0,0,0
03:13:20 Jan 06 2021,95,40,0,0,0
03:13:22 Jan 06 2021,96,39,0,0,0
03:13:24 Jan 06 2021,95,39,0,0,0
03:13:26 Jan 06 2021,94,39,0,0,0
03:13:28 Jan 06 2021,95,38,0,0,0
03:13:30 Jan 06 2021,94,38,0,0,0
03:13:32 Jan 06 2021,94,38,0,0,0
03:13:34 Jan 06 2021,95,38,0,0,0
03:13:36 Jan 06 2021,95,38,0,0,0
03:13:38 Jan 06 2021,95,38,0,0,0
03:13:40 Jan 06 2021,96,38,0,0,0
03:13:42 Jan 06 2021,96,38,0,0,0
03:13:44 Jan 06 2021,96,38,0,0,0
03:13:46 Jan 06 2021,96,38,0,0,0
03:13:48 Jan 06 2021,96,38,0,0,0
03:13:50 Jan 06 2021,96,38,0,0,0
03:13:52 Jan 06 2021,96,38,0,0,0
03:13:54 Jan 06 2021,96,38,0,0,0
03:13:56 Jan 06 2021,96,50,0,0,0
03:13:58 Jan 06 2021,96,54,0,0,0
03:14:00 Jan 06 2021,96,57,0,0,0
03:14:02 Jan 06 2021,95,58,0,0,0
03:14:04 Jan 06 2021,96,54,0,0,0
03:14:06 Jan 06 2021,95,63,0,0,0
03:14:08 Jan 06 2021,95,67,0,0,0
03:14:10 Jan 06 2021,95,67,0,0,0
03:14:12 Jan 06 2021,95,70,0,0,0
03:14:14 Jan 06 2021,95,66,0,0,0
03:14:16 Jan 06 2021,95,66,0,0,0
03:14:18 Jan 06 2021,95,67,1,0,0
03:14:20 Jan 06 2021,95,66,0,0,0
03:14:22 Jan 06 2021,94,65,0,0,0
03:14:24 Jan 06 2021,93,57,0,0,0
03:14:26 Jan 06 2021,90,47,0,0,0
03:14:28 Jan 06 2021,88,42,0,0,0
03:14:30 Jan 06 2021,88,42,0,0,0
03:14:32 Jan 06 2021,87,45,0,0,0
03:14:34 Jan 06 2021,88,46,0,0,0
03:14:36 Jan 06 2021,88,43,0,0,0
03:14:38 Jan 06 2021,89,39,0,0,0
03:14:40 Jan 06 2021,91,36,0,0,0
03:14:42 Jan 06 2021,91,35,0,0,0
03:14:44 Jan 06 2021,92,35,0,0,0
03:14:46 Jan 06 2021,92,35,0,0,0
03:14:48 Jan 06 2021,92,35,0,0,0
03:14:50 Jan 06 2021,92,35,0,0,0
03:14:52 Jan 06 2021,92,35,0,0,0
03:14:54 Jan 06 2021,92,35,0,0,0
03:14:56 Jan 06 2021,93,35,0,0,0
03:14:58 Jan 06 2021,92,35,0,0,0
03:15:00 Jan 06 2021,92,35,1,0,0
03:15:02 Jan 06 2021,92,35,0,0,0
03:15:04 Jan 06 2021,92,35,0,0,0
03:15:06 Jan 06 2021,92,35,0,0,0
03:15:08 Jan 06 2021,92,35,0,0,0
03:15:10 Jan 06 2021,92,35,0,0,0
03:15:12 Jan 06 2021,92,35,0,0,0
03:15:14 Jan 06 2021,93,35,0,0,0
03:15:16 Jan 06 2021,93,46,0,0,0
03:15:18 Jan 06 2021,93,55,0,0,0
03:15:20 Jan 06 2021,93,63,0,0,0
03:15:22 Jan 06 2021,93,64,0,0,0
03:15:24 Jan 06 2021,93,63,0,0,0
03:15:26 Jan 06 2021,93,63,0,0,0
03:15:28 Jan 06 2021,93,64,0,0,0
03:15:30 Jan 06 2021,93,62,0,0,0
03:15:32 Jan 06 2021,93,63,0,0,0
03:15:34 Jan 06 2021,92,63,0,0,0
03:15:36 Jan 06 2021,92,60,0,0,0
03:15:38 Jan 06 2021,90,62,0,0,0
03:15:40 Jan 06 2021,89,60,0,0,0
03:15:42 Jan 06 2021,88,59,0,0,0
03:15:44 Jan 06 2021,88,60,0,0,0
03:15:46 Jan 06 2021,88,60,0,0,0
03:15:48 Jan 06 2021,88,60,0,0,0
03:15:50 Jan 06 2021,88,59,0,0,0
03:15:52 Jan 06 2021,88,59,0,0,0
03:15:54 Jan 06 2021,88,55,0,0,0
03:15:56 Jan 06 2021,90,54,0,0,0
03:15:58 Jan 06 2021,91,55,0,0,0
03:16:00 Jan 06 2021,93,54,0,0,0
03:16:02 Jan 06 2021,94,56,0,0,0
03:16:04 Jan 06 2021,95,58,0,0,0
03:16:06 Jan 06 2021,96,60,0,0,0
03:16:08 Jan 06 2021,96,56,0,0,0
03:16:10 Jan 06 2021,96,55,0,0,0
03:16:12 Jan 06 2021,96,52,0,0,0
03:16:14 Jan 06 2021,96,49,0,0,0
03:16:16 Jan 06 2021,96,52,0,0,0
03:16:18 Jan 06 2021,96,55,0,0,0
03:16:20 Jan 06 2021,96,57,0,0,0
03:16:22 Jan 06 2021,96,59,0,0,0
03:16:24 Jan 06 2021,96,58,2,0,0
03:16:26 Jan 06 2021,96,54,17,0,0
03:16:28 Jan 06 2021,96,52,2,0,0
03:16:30 Jan 06 2021,96,50,4,0,0
03:16:32 Jan 06 2021,96,52,8,0,0
03:16:34 Jan 06 2021,96,53,0,0,0
03:16:36 Jan 06 2021,96,54,0,0,0
03:16:38 Jan 06 2021,96,54,1,0,0
03:16:40 Jan 06 2021,96,56,0,0,0
03:16:42 Jan 06 2021,96,56,0,0,0
03:16:44 Jan 06 2021,95,56,0,0,0
03:16:46 Jan 06 2021,94,58,1,0,0
03:16:48 Jan 06 2021,94,57,1,0,0
03:16:50 Jan 06 2021,93,57,0,0,0
03:16:52 Jan 06 2021,94,59,1,0,0
03:16:54 Jan 06 2021,94,58,0,0,0
03:16:56 Jan 06 2021,92,59,1,0,0
03:16:58 Jan 06 2021,92,61,0,0,0
03:17:00 Jan 06 2021,91,56,0,0,0
03:17:02 Jan 06 2021,89,54,0,0,0
03:17:04 Jan 06 2021,89,56,0,0,0
03:17:06 Jan 06 2021,89,54,0,0,0
03:17:08 Jan 06 2021,89,54,0,0,0
03:17:10 Jan 06 2021,90,53,0,0,0
03:17:12 Jan 06 2021,92,48,0,0,0
03:17:14 Jan 06 2021,93,50,0,0,0
03:17:16 Jan 06 2021,94,54,0,0,0
03:17:18 Jan 06 2021,95,54,0,0,0
03:17:20 Jan 06 2021,95,58,0,0,0
03:17:22 Jan 06 2021,95,55,1,0,0
03:17:24 Jan 06 2021,96,52,0,0,0
03:17:26 Jan 06 2021,96,53,0,0,0
03:17:28 Jan 06 2021,97,55,0,0,0
03:17:30 Jan 06 2021,97,52,0,0,0
03:17:32 Jan 06 2021,97,54,1,0,0
03:17:34 Jan 06 2021,97,58,0,0,0
03:17:36 Jan 06 2021,97,61,1,0,0
03:17:38 Jan 06 2021,97,69,0,0,0
03:17:40 Jan 06 2021,97,74,0,0,0
03:17:42 Jan 06 2021,97,73,1,0,0
03:17:44 Jan 06 2021,97,72,8,0,0
03:17:46 Jan 06 2021,97,71,8,0,0
03:17:48 Jan 06 2021,97,71,5,0,0
03:17:50 Jan 06 2021,97,71,35,0,0
03:17:52 Jan 06 2021,97,71,1,0,0
03:17:54 Jan 06 2021,97,71,0,0,0
03:17:56 Jan 06 2021,97,71,4,0,0
03:17:58 Jan 06 2021,97,71,0,0,0
03:18:00 Jan 06 2021,97,71,0,0,0
03:18:02 Jan 06 2021,97,71,1,0,0
03:18:04 Jan 06 2021,97,71,0,0,0
03:18:06 Jan 06 2021,94,72,0,0,0
03:18:08 Jan 06 2021,93,75,0,0,0
03:18:10 Jan 06 2021,92,78,0,0,0
03:18:12 Jan 06 2021,92,79,0,0,0
03:18:14 Jan 06 2021,91,77,0,0,0
03:18:16 Jan 06 2021,90,75,0,0,0
03:18:18 Jan 06 2021,90,72,1,0,0
03:18:20 Jan 06 2021,90,73,0,0,0
03:18:22 Jan 06 2021,90,71,0,0,0
03:18:24 Jan 06 2021,90,68,0,0,0
03:18:26 Jan 06 2021,90,68,0,0,0
03:18:28 Jan 06 2021,90,67,1,0,0
03:18:30 Jan 06 2021,90,68,0,0,0
03:18:32 Jan 06 2021,90,68,1,0,0
03:18:34 Jan 06 2021,91,69,0,0,0
03:18:36 Jan 06 2021,92,69,0,0,0
03:18:38 Jan 06 2021,93,67,0,0,0
03:18:40 Jan 06 2021,94,62,0,0,0
03:18:42 Jan 06 2021,95,59,1,0,0
03:18:44 Jan 06 2021,95,59,0,0,0
03:18:46 Jan 06 2021,95,61,1,0,0
03:18:48 Jan 06 2021,95,66,0,0,0
03:18:50 Jan 06 2021,94,69,0,0,0
03:18:52 Jan 06 2021,94,68,0,0,0
03:18:54 Jan 06 2021,94,70,0,0,0
03:18:56 Jan 06 2021,94,69,2,0,0
03:18:58 Jan 06 2021,94,68,1,0,0
03:19:00 Jan 06 2021,94,68,0,0,0
03:19:02 Jan 06 2021,94,68,0,0,0
03:19:04 Jan 06 2021,94,68,1,0,0
03:19:06 Jan 06 2021,94,69,0,0,0
03:19:08 Jan 06 2021,94,70,1,0,0
03:19:10 Jan 06 2021,94,71,1,0,0
03:19:12 Jan 06 2021,94,71,1,0,0
03:19:14 Jan 06 2021,94,71,6,0,0
03:19:16 Jan 06 2021,94,71,13,0,0
03:19:18 Jan 06 2021,94,71,0,0,0
03:19:20 Jan 06 2021,94,71,5,0,0
03:19:22 Jan 06 2021,94,71,9,0,0
03:19:24 Jan 06 2021,94,71,11,0,0
03:19:26 Jan 06 2021,94,71,1,0,0
03:19:28 Jan 06 2021,94,71,14,0,0
03:19:30 Jan 06 2021,94,71,2,0,0
03:19:32 Jan 06 2021,94,71,0,0,0
03:19:34 Jan 06 2021,94,70,0,0,0
03:19:36 Jan 06 2021,94,69,0,0,0
03:19:38 Jan 06 2021,94,69,1,0,0
03:19:40 Jan 06 2021,94,70,0,0,0
03:19:42 Jan 06 2021,94,70,0,0,0
03:19:44 Jan 06 2021,94,71,0,0,0
03:19:46 Jan 06 2021,92,72,0,0,0
03:19:48 Jan 06 2021,93,71,0,0,0
03:19:50 Jan 06 2021,93,71,0,0,0
03:19:52 Jan 06 2021,92,69,1,0,0
03:19:54 Jan 06 2021,93,68,0,0,0
03:19:56 Jan 06 2021,93,67,0,0,0
03:19:58 Jan 06 2021,93,67,1,0,0
03:20:00 Jan 06 2021,93,67,0,0,0
03:20:02 Jan 06 2021,93,67,0,0,0
03:20:04 Jan 06 2021,93,67,1,0,0
03:20:06 Jan 06 2021,93,67,1,0,0
03:20:08 Jan 06 2021,93,68,0,0,0
03:20:10 Jan 06 2021,93,68,1,0,0
03:20:12 Jan 06 2021,93,69,0,0,0
03:20:14 Jan 06 2021,93,69,0,0,0
03:20:16 Jan 06 2021,93,69,1,0,0
03:20:18 Jan 06 2021,93,69,1,0,0
03:20:20 Jan 06 2021,93,67,1,0,0
03:20:22 Jan 06 2021,91,71,0,0,0
03:20:24 Jan 06 2021,90,66,0,0,0
03:20:26 Jan 06 2021,89,65,1,0,0
03:20:28 Jan 06 2021,88,66,0,0,0
03:20:30 Jan 06 2021,88,60,1,0,0
03:20:32 Jan 06 2021,88,63,0,0,0
03:20:34 Jan 06 2021,88,63,0,0,0
03:20:36 Jan 06 2021,88,62,0,0,0
03:20:38 Jan 06 2021,87,60,0,0,0
03:20:40 Jan 06 2021,87,59,0,0,0
03:20:42 Jan 06 2021,87,58,0,0,0
03:20:44 Jan 06 2021,87,58,0,0,0
03:20:46 Jan 06 2021,87,58,0,0,0
03:20:48 Jan 06 2021,87,57,0,0,0
03:20:50 Jan 06 2021,87,57,0,0,0
03:20:52 Jan 06 2021,87,57,0,0,0
03:20:54 Jan 06 2021,87,57,0,0,0
03:20:56 Jan 06 2021,87,58,0,0,0
03:20:58 Jan 06 2021,87,56,0,0,0
03:21:00 Jan 06 2021,87,55,0,0,0
03:21:02 Jan 06 2021,88,57,0,0,0
03:21:04 Jan 06 2021,88,58,0,0,0
03:21:06 Jan 06 2021,88,61,0,0,0
03:21:08 Jan 06 2021,88,62,0,0,0
03:21:10 Jan 06 2021,88,62,0,0,0
03:21:12 Jan 06 2021,88,61,0,0,0
03:21:14 Jan 06 2021,88,61,0,0,0
03:21:16 Jan 06 2021,88,57,1,0,0
03:21:18 Jan 06 2021,88,59,4,0,0
03:21:20 Jan 06 2021,88,61,2,0,0
03:21:22 Jan 06 2021,88,61,2,0,0
03:21:24 Jan 06 2021,88,68,3,0,0
03:21:26 Jan 06 2021,88,65,0,0,0
03:21:28 Jan 06 2021,88,66,0,0,0
03:21:30 Jan 06 2021,88,67,0,0,0
03:21:32 Jan 06 2021,89,67,0,0,0
03:21:34 Jan 06 2021,90,68,0,0,0
03:21:36 Jan 06 2021,91,71,0,0,0
03:21:38 Jan 06 2021,91,70,0,0,0
03:21:40 Jan 06 2021,90,66,1,0,0
03:21:42 Jan 06 2021,90,62,0,0,0
03:21:44 Jan 06 2021,89,60,0,0,0
03:21:46 Jan 06 2021,89,66,0,0,0
03:21:48 Jan 06 2021,88,71,0,0,0
03:21:50 Jan 06 2021,87,76,0,0,0
03:21:52 Jan 06 2021,86,81,1,0,0
03:21:54 Jan 06 2021,84,79,1,0,0
03:21:56 Jan 06 2021,81,71,0,0,0
03:21:58 Jan 06 2021,81,67,0,0,0
03:22:00 Jan 06 2021,81,61,0,0,0
03:22:02 Jan 06 2021,82,56,0,0,0
03:22:04 Jan 06 2021,83,66,1,0,0
03:22:06 Jan 06 2021,84,67,0,0,0
03:22:08 Jan 06 2021,86,73,1,0,0
03:22:10 Jan 06 2021,89,79,0,0,0
03:22:12 Jan 06 2021,91,80,0,0,0
03:22:14 Jan 06 2021,92,79,0,0,0
03:22:16 Jan 06 2021,93,78,0,0,0
03:22:18 Jan 06 2021,94,77,0,0,0
03:22:20 Jan 06 2021,95,76,0,0,0
03:22:22 Jan 06 2021,95,77,0,0,0
03:22:24 Jan 06 2021,95,78,0,0,0
03:22:26 Jan 06 2021,95,80,0,0,0
03:22:28 Jan 06 2021,96,83,0,0,0
03:22:30 Jan 06 2021,96,83,0,0,0
03:22:32 Jan 06 2021,96,77,0,0,0
03:22:34 Jan 06 2021,96,75,4,0,0
03:22:36 Jan 06 2021,96,70,0,0,0
03:22:38 Jan 06 2021,96,72,0,0,0
03:22:40 Jan 06 2021,96,71,0,0,0
03:22:42 Jan 06 2021,96,72,0,0,0
03:22:44 Jan 06 2021,96,74,0,0,0
03:22:46 Jan 06 2021,96,77,0,0,0
03:22:48 Jan 06 2021,96,80,0,0,0
03:22:50 Jan 06 2021,96,79,0,0,0
03:22:52 Jan 06 2021,95,81,0,0,0
03:22:54 Jan 06 2021,95,83,0,0,0
03:22:56 Jan 06 2021,93,81,0,0,0
03:22:58 Jan 06 2021,92,81,0,0,0
03:23:00 Jan 06 2021,92,81,0,0,0
03:23:02 Jan 06 2021,90,80,0,0,0
03:23:04 Jan 06 2021,90,81,0,0,0
03:23:06 Jan 06 2021,90,82,0,0,0
03:23:08 Jan 06 2021,88,81,0,0,0
03:23:10 Jan 06 2021,86,80,0,0,0
03:23:12 Jan 06 2021,84,81,0,0,0
03:23:14 Jan 06 2021,82,81,0,0,0
03:23:16 Jan 06 2021,82,83,0,0,0
03:23:18 Jan 06 2021,83,81,0,0,0
03:23:20 Jan 06 2021,84,78,0,0,0
03:23:22 Jan 06 2021,84,76,0,0,0
03:23:24 Jan 06 2021,85,75,0,0,0
03:23:26 Jan 06 2021,86,75,0,0,0
03:23:28 Jan 06 2021,88,80,0,0,0
03:23:30 Jan 06 2021,90,83,0,0,0
03:23:32 Jan 06 2021,91,81,0,0,0
03:23:34 Jan 06 2021,93,83,0,0,0
03:23:36 Jan 06 2021,93,80,0,0,0
03:23:38 Jan 06 2021,93,78,0,0,0
03:23:40 Jan 06 2021,94,78,1,0,0
03:23:42 Jan 06 2021,93,78,0,0,0
03:23:44 Jan 06 2021,92,79,0,0,0
03:23:46 Jan 06 2021,92,79,0,0,0
03:23:48 Jan 06 2021,92,79,0,0,0
03:23:50 Jan 06 2021,92,80,0,0,0
03:23:52 Jan 06 2021,92,80,0,0,0
03:23:54 Jan 06 2021,92,80,0,0,0
03:23:56 Jan 06 2021,92,81,0,0,0
03:23:58 Jan 06 2021,92,78,0,0,0
03:24:00 Jan 06 2021,92,76,0,0,0
03:24:02 Jan 06 2021,92,76,0,0,0
03:24:04 Jan 06 2021,92,75,0,0,0
03:24:06 Jan 06 2021,92,76,0,0,0
03:24:08 Jan 06 2021,92,77,0,0,0
03:24:10 Jan 06 2021,92,68,0,0,0
03:24:12 Jan 06 2021,92,67,0,0,0
03:24:14 Jan 06 2021,92,66,0,0,0
03:24:16 Jan 06 2021,92,67,0,0,0
03:24:18 Jan 06 2021,92,72,0,0,0
03:24:20 Jan 06 2021,92,71,0,0,0
03:24:22 Jan 06 2021,92,71,0,0,0
03:24:24 Jan 06 2021,91,68,0,0,0
03:24:26 Jan 06 2021,90,70,0,0,0
03:24:28 Jan 06 2021,88,72,0,0,0
03:24:30 Jan 06 2021,86,73,0,0,0
03:24:32 Jan 06 2021,87,76,0,0,0
03:24:34 Jan 06 2021,87,75,0,0,0
03:24:36 Jan 06 2021,87,76,0,0,0
03:24:38 Jan 06 2021,87,74,0,0,0
03:24:40 Jan 06 2021,87,77,0,0,0
03:24:42 Jan 06 2021,87,78,0,0,0
03:24:44 Jan 06 2021,87,76,0,0,0
03:24:46 Jan 06 2021,87,78,0,0,0
03:24:48 Jan 06 2021,87,78,0,0,0
03:24:50 Jan 06 2021,87,79,0,0,0
03:24:52 Jan 06 2021,87,78,2,0,0
03:24:54 Jan 06 2021,87,75,1,0,0
03:24:56 Jan 06 2021,87,73,0,0,0
03:24:58 Jan 06 2021,87,73,0,0,0
03:25:00 Jan 06 2021,87,73,0,0,0
03:25:02 Jan 06 2021,87,73,0,0,0
03:25:04 Jan 06 2021,87,73,0,0,0
03:25:06 Jan 06 2021,88,73,0,0,0
03:25:08 Jan 06 2021,88,73,0,0,0
03:25:10 Jan 06 2021,88,72,0,0,0
03:25:12 Jan 06 2021,88,72,0,0,0
03:25:14 Jan 06 2021,87,73,0,0,0
03:25:16 Jan 06 2021,87,76,0,0,0
03:25:18 Jan 06 2021,86,78,0,0,0
03:25:20 Jan 06 2021,86,80,0,0,0
03:25:22 Jan 06 2021,85,79,0,0,0
03:25:24 Jan 06 2021,84,79,0,0,0
03:25:26 Jan 06 2021,85,77,0,0,0
03:25:28 Jan 06 2021,85,74,0,0,0
03:25:30 Jan 06 2021,85,75,1,0,0
03:25:32 Jan 06 2021,86,74,0,0,0
03:25:34 Jan 06 2021,87,75,0,0,0
03:25:36 Jan 06 2021,88,78,0,0,0
03:25:38 Jan 06 2021,90,82,1,0,0
03:25:40 Jan 06 2021,91,82,0,0,0
03:25:42 Jan 06 2021,91,76,0,0,0
03:25:44 Jan 06 2021,92,67,0,0,0
03:25:46 Jan 06 2021,93,61,0,0,0
03:25:48 Jan 06 2021,93,58,0,0,0
03:25:50 Jan 06 2021,93,62,0,0,0
03:25:52 Jan 06 2021,93,64,0,0,0
03:25:54 Jan 06 2021,93,62,0,0,0
03:25:56 Jan 06 2021,93,57,0,0,0
03:25:58 Jan 06 2021,93,54,0,0,0
03:26:00 Jan 06 2021,92,50,0,0,0
03:26:02 Jan 06 2021,92,49,0,0,0
03:26:04 Jan 06 2021,93,49,0,0,0
03:26:06 Jan 06 2021,93,48,0,0,0
03:26:08 Jan 06 2021,93,48,0,0,0
03:26:10 Jan 06 2021,93,48,0,0,0
03:26:12 Jan 06 2021,93,48,0,0,0
03:26:14 Jan 06 2021,93,48,0,0,0
03:26:16 Jan 06 2021,93,48,0,0,0
03:26:18 Jan 06 2021,93,48,1,0,0
03:26:20 Jan 06 2021,93,55,3,0,0
03:26:22 Jan 06 2021,93,62,0,0,0
03:26:24 Jan 06 2021,93,67,0,0,0
03:26:26 Jan 06 2021,93,72,0,0,0
03:26:28 Jan 06 2021,93,68,0,0,0
03:26:30 Jan 06 2021,93,69,0,0,0
03:26:32 Jan 06 2021,93,70,0,0,0
03:26:34 Jan 06 2021,93,74,0,0,0
03:26:36 Jan 06 2021,93,75,0,0,0
03:26:38 Jan 06 2021,93,80,0,0,0
03:26:40 Jan 06 2021,91,87,0,0,0
03:26:42 Jan 06 2021,91,85,0,0,0
03:26:44 Jan 06 2021,91,84,0,0,0
03:26:46 Jan 06 2021,92,84,0,0,0
03:26:48 Jan 06 2021,91,86,0,0,0
03:26:50 Jan 06 2021,91,87,0,0,0
03:26:52 Jan 06 2021,92,87,2,0,0
03:26:54 Jan 06 2021,92,87,0,0,0
03:26:56 Jan 06 2021,92,86,0,0,0
03:26:58 Jan 06 2021,92,87,0,0,0
03:27:00 Jan 06 2021,92,87,0,0,0
03:27:02 Jan 06 2021,93,88,0,0,0
03:27:04 Jan 06 2021,94,88,0,0,0
03:27:06 Jan 06 2021,96,75,0,0,0
03:27:08 Jan 06 2021,96,69,0,0,0
03:27:10 Jan 06 2021,97,62,0,0,0
03:27:12 Jan 06 2021,97,57,0,0,0
03:27:14 Jan 06 2021,97,57,0,0,0
03:27:16 Jan 06 2021,97,52,0,0,0
03:27:18 Jan 06 2021,96,49,0,0,0
03:27:20 Jan 06 2021,96,50,0,0,0
03:27:22 Jan 06 2021,96,49,0,0,0
03:27:24 Jan 06 2021,95,44,0,0,0
03:27:26 Jan 06 2021,94,41,0,0,0
03:27:28 Jan 06 2021,93,39,0,0,0
03:27:30 Jan 06 2021,93,46,0,0,0
03:27:32 Jan 06 2021,93,54,0,0,0
03:27:34 Jan 06 2021,93,58,0,0,0
03:27:36 Jan 06 2021,93,63,14,0,0
03:27:38 Jan 06 2021,93,60,0,0,0
03:27:40 Jan 06 2021,93,59,0,0,0
03:27:42 Jan 06 2021,93,58,0,0,0
03:27:44 Jan 06 2021,93,58,0,0,0
03:27:46 Jan 06 2021,93,56,0,0,0
03:27:48 Jan 06 2021,93,57,0,0,0
03:27:50 Jan 06 2021,93,57,0,0,0
03:27:52 Jan 06 2021,91,65,0,0,0
03:27:54 Jan 06 2021,90,69,0,0,0
03:27:56 Jan 06 2021,89,76,1,0,0
03:27:58 Jan 06 2021,89,77,0,0,0
03:28:00 Jan 06 2021,89,76,0,0,0
03:28:02 Jan 06 2021,89,78,0,0,0
03:28:04 Jan 06 2021,89,78,0,0,0
03:28:06 Jan 06 2021,90,77,0,0,0
03:28:08 Jan 06 2021,91,78,0,0,0
03:28:10 Jan 06 2021,91,78,0,0,0
03:28:12 Jan 06 2021,91,79,0,0,0
03:28:14 Jan 06 2021,91,79,0,0,0
03:28:16 Jan 06 2021,91,81,1,0,0
03:28:18 Jan 06 2021,91,81,0,0,0
03:28:20 Jan 06 2021,92,82,0,0,0
03:28:22 Jan 06 2021,92,82,4,0,0
03:28:24 Jan 06 2021,92,81,0,0,0
03:28:26 Jan 06 2021,92,79,0,0,0
03:28:28 Jan 06 2021,93,80,0,0,0
03:28:30 Jan 06 2021,93,80,0,0,0
03:28:32 Jan 06 2021,93,77,1,0,0
03:28:34 Jan 06 2021,93,78,0,0,0
03:28:36 Jan 06 2021,93,75,0,0,0
03:28:38 Jan 06 2021,93,72,0,0,0
03:28:40 Jan 06 2021,93,70,0,0,0
03:28:42 Jan 06 2021,93,69,0,0,0
03:28:44 Jan 06 2021,93,72,0,0,0
03:28:46 Jan 06 2021,93,73,1,0,0
03:28:48 Jan 06 2021,93,74,0,0,0
03:28:50 Jan 06 2021,93,73,0,0,0
03:28:52 Jan 06 2021,92,71,0,0,0
03:28:54 Jan 06 2021,91,68,0,0,0
03:28:56 Jan 06 2021,90,66,0,0,0
03:28:58 Jan 06 2021,90,64,0,0,0
03:29:00 Jan 06 2021,90,64,0,0,0
03:29:02 Jan 06 2021,90,64,0,0,0
03:29:04 Jan 06 2021,90,65,0,0,0
03:29:06 Jan 06 2021,90,64,0,0,0
03:29:08 Jan 06 2021,90,63,0,0,0
03:29:10 Jan 06 2021,90,60,0,0,0
03:29:12 Jan 06 2021,90,57,0,0,0
03:29:14 Jan 06 2021,90,56,1,0,0
03:29:16 Jan 06 2021,90,55,0,0,0
03:29:18 Jan 06 2021,90,56,0,0,0
03:29:20 Jan 06 2021,90,56,0,0,0
03:29:22 Jan 06 2021,90,58,0,0,0
03:29:24 Jan 06 2021,91,58,0,0,0
03:29:26 Jan 06 2021,91,58,0,0,0
03:29:28 Jan 06 2021,92,59,0,0,0
03:29:30 Jan 06 2021,93,57,0,0,0
03:29:32 Jan 06 2021,93,59,0,0,0
03:29:34 Jan 06 2021,93,58,0,0,0
03:29:36 Jan 06 2021,92,60,0,0,0
03:29:38 Jan 06 2021,92,63,1,0,0
03:29:40 Jan 06 2021,92,63,2,0,0
03:29:42 Jan 06 2021,92,60,0,0,0
03:29:44 Jan 06 2021,93,62,0,0,0
03:29:46 Jan 06 2021,93,58,1,0,0
03:29:48 Jan 06 2021,92,58,0,0,0
03:29:50 Jan 06 2021,93,61,0,0,0
03:29:52 Jan 06 2021,93,61,0,0,0
03:29:54 Jan 06 2021,93,61,1,0,0
03:29:56 Jan 06 2021,93,63,0,0,0
03:29:58 Jan 06 2021,93,62,0,0,0
03:30:00 Jan 06 2021,93,62,1,0,0
03:30:02 Jan 06 2021,93,62,0,0,0
03:30:04 Jan 06 2021,92,61,0,0,0
03:30:06 Jan 06 2021,91,60,0,0,0
03:30:08 Jan 06 2021,89,61,0,0,0
03:30:10 Jan 06 2021,88,58,0,0,0
03:30:12 Jan 06 2021,88,59,0,0,0
03:30:14 Jan 06 2021,88,59,0,0,0
03:30:16 Jan 06 2021,88,59,0,0,0
03:30:18 Jan 06 2021,88,59,0,0,0
03:30:20 Jan 06 2021,88,60,0,0,0
03:30:22 Jan 06 2021,88,61,0,0,0
03:30:24 Jan 06 2021,88,62,0,0,0
03:30:26 Jan 06 2021,88,62,0,0,0
03:30:28 Jan 06 2021,88,61,0,0,0
03:30:30 Jan 06 2021,88,62,1,0,0
03:30:32 Jan 06 2021,89,62,0,0,0
03:30:34 Jan 06 2021,90,63,0,0,0
03:30:36 Jan 06 2021,91,64,1,0,0
03:30:38 Jan 06 2021,91,62,0,0,0
03:30:40 Jan 06 2021,91,63,0,0,0
03:30:42 Jan 06 2021,92,59,0,0,0
03:30:44 Jan 06 2021,92,53,0,0,0
03:30:46 Jan 06 2021,92,55,0,0,0
03:30:48 Jan 06 2021,92,47,1,0,0
03:30:50 Jan 06 2021,92,43,1,0,0
03:30:52 Jan 06 2021,92,55,1,0,0
03:30:54 Jan 06 2021,92,58,0,0,0
03:30:56 Jan 06 2021,92,63,0,0,0
03:30:58 Jan 06 2021,91,71,7,0,0
03:31:00 Jan 06 2021,90,68,2,0,0
03:31:02 Jan 06 2021,90,68,1,0,0
03:31:04 Jan 06 2021,90,70,0,0,0
03:31:06 Jan 06 2021,91,69,0,0,0
03:31:08 Jan 06 2021,92,69,0,0,0
03:31:10 Jan 06 2021,92,69,1,0,0
03:31:12 Jan 06 2021,92,69,0,0,0
03:31:14 Jan 06 2021,91,67,0,0,0
03:31:16 Jan 06 2021,91,64,0,0,0
03:31:18 Jan 06 2021,91,64,0,0,0
03:31:20 Jan 06 2021,91,59,0,0,0
03:31:22 Jan 06 2021,91,59,0,0,0
03:31:24 Jan 06 2021,91,60,0,0,0
03:31:26 Jan 06 2021,91,58,0,0,0
03:31:28 Jan 06 2021,90,61,0,0,0
03:31:30 Jan 06 2021,90,62,0,0,0
03:31:32 Jan 06 2021,89,59,1,0,0
03:31:34 Jan 06 2021,90,60,0,0,0
03:31:36 Jan 06 2021,90,59,0,0,0
03:31:38 Jan 06 2021,90,58,0,0,0
03:31:40 Jan 06 2021,90,57,0,0,0
03:31:42 Jan 06 2021,90,58,0,0,0
03:31:44 Jan 06 2021,90,59,1,0,0
03:31:46 Jan 06 2021,90,58,0,0,0
03:31:48 Jan 06 2021,90,58,0,0,0
03:31:50 Jan 06 2021,90,58,0,0,0
03:31:52 Jan 06 2021,90,58,0,0,0
03:31:54 Jan 06 2021,90,55,1,0,0
03:31:56 Jan 06 2021,91,47,0,0,0
03:31:58 Jan 06 2021,93,39,0,0,0
03:32:00 Jan 06 2021,94,34,0,0,0
03:32:02 Jan 06 2021,94,34,0,0,0
03:32:04 Jan 06 2021,94,34,1,0,0
03:32:06 Jan 06 2021,94,35,0,0,0
03:32:08 Jan 06 2021,94,35,0,0,0
03:32:10 Jan 06 2021,94,35,0,0,0
03:32:12 Jan 06 2021,94,35,0,0,0
03:32:14 Jan 06 2021,94,35,0,0,0
03:32:16 Jan 06 2021,94,35,1,0,0
03:32:18 Jan 06 2021,94,43,0,0,0
03:32:20 Jan 06 2021,94,46,0,0,0
03:32:22 Jan 06 2021,94,47,0,0,0
03:32:24 Jan 06 2021,93,45,0,0,0
03:32:26 Jan 06 2021,93,45,0,0,0
03:32:28 Jan 06 2021,93,46,0,0,0
03:32:30 Jan 06 2021,93,47,0,0,0
03:32:32 Jan 06 2021,93,53,1,0,0
03:32:34 Jan 06 2021,93,64,0,0,0
03:32:36 Jan 06 2021,93,70,0,0,0
03:32:38 Jan 06 2021,92,76,0,0,0
03:32:40 Jan 06 2021,92,76,0,0,0
03:32:42 Jan 06 2021,90,69,0,0,0
03:32:44 Jan 06 2021,88,66,1,0,0
03:32:46 Jan 06 2021,89,68,1,0,0
03:32:48 Jan 06 2021,87,63,0,0,0
03:32:50 Jan 06 2021,87,64,0,0,0
03:32:52 Jan 06 2021,86,69,0,0,0
03:32:54 Jan 06 2021,84,71,0,0,0
03:32:56 Jan 06 2021,85,73,0,0,0
03:32:58 Jan 06 2021,85,74,0,0,0
03:33:00 Jan 06 2021,86,76,0,0,0
03:33:02 Jan 06 2021,88,74,0,0,0
03:33:04 Jan 06 2021,90,76,0,0,0
03:33:06 Jan 06 2021,91,73,1,0,0
03:33:08 Jan 06 2021,91,72,1,0,0
03:33:10 Jan 06 2021,91,70,1,0,0
03:33:12 Jan 06 2021,92,68,0,0,0
03:33:14 Jan 06 2021,92,68,0,0,0
03:33:16 Jan 06 2021,93,67,0,0,0
03:33:18 Jan 06 2021,93,68,1,0,0
03:33:20 Jan 06 2021,93,67,0,0,0
03:33:22 Jan 06 2021,94,68,0,0,0
03:33:24 Jan 06 2021,94,70,0,0,0
03:33:26 Jan 06 2021,94,69,0,0,0
03:33:28 Jan 06 2021,94,71,0,0,0
03:33:30 Jan 06 2021,94,73,1,0,0
03:33:32 Jan 06 2021,94,73,0,0,0
03:33:34 Jan 06 2021,94,74,1,0,0
03:33:36 Jan 06 2021,94,75,0,0,0
03:33:38 Jan 06 2021,94,73,0,0,0
03:33:40 Jan 06 2021,94,73,1,0,0
03:33:42 Jan 06 2021,93,73,0,0,0
03:33:44 Jan 06 2021,93,73,0,0,0
03:33:46 Jan 06 2021,92,69,0,0,0
03:33:48 Jan 06 2021,92,67,0,0,0
03:33:50 Jan 06 2021,92,66,0,0,0
03:33:52 Jan 06 2021,91,64,0,0,0
03:33:54 Jan 06 2021,91,71,0,0,0
03:33:56 Jan 06 2021,91,73,0,0,0
03:33:58 Jan 06 2021,90,73,0,0,0
03:34:00 Jan 06 2021,89,74,1,0,0
03:34:02 Jan 06 2021,89,72,1,0,0
03:34:04 Jan 06 2021,88,72,1,0,0
03:34:06 Jan 06 2021,91,72,1,0,0
03:34:08 Jan 06 2021,90,72,1,0,0
03:34:10 Jan 06 2021,91,71,1,0,0
03:34:12 Jan 06 2021,91,69,0,0,0
03:34:14 Jan 06 2021,91,68,1,0,0
03:34:16 Jan 06 2021,91,70,1,0,0
03:34:18 Jan 06 2021,92,67,0,0,0
03:34:20 Jan 06 2021,93,67,1,0,0
03:34:22 Jan 06 2021,93,67,1,0,0
03:34:24 Jan 06 2021,93,64,1,0,0
03:34:26 Jan 06 2021,93,63,1,0,0
03:34:28 Jan 06 2021,93,64,0,0,0
03:34:30 Jan 06 2021,93,63,1,0,0
03:34:32 Jan 06 2021,93,61,0,0,0
03:34:34 Jan 06 2021,93,64,1,0,0
03:34:36 Jan 06 2021,93,64,0,0,0
03:34:38 Jan 06 2021,93,58,1,0,0
03:34:40 Jan 06 2021,93,61,1,0,0
03:34:42 Jan 06 2021,93,60,1,0,0
03:34:44 Jan 06 2021,93,56,1,0,0
03:34:46 Jan 06 2021,92,65,1,0,0
03:34:48 Jan 06 2021,91,65,1,0,0
03:34:50 Jan 06 2021,91,67,0,0,0
03:34:52 Jan 06 2021,91,65,0,0,0
03:34:54 Jan 06 2021,93,61,1,0,0
03:34:56 Jan 06 2021,93,59,1,0,0
03:34:58 Jan 06 2021,93,59,1,0,0
03:35:00 Jan 06 2021,93,61,1,0,0
03:35:02 Jan 06 2021,93,60,1,0,0
03:35:04 Jan 06 2021,93,60,1,0,0
03:35:06 Jan 06 2021,92,60,1,0,0
03:35:08 Jan 06 2021,93,60,1,0,0
03:35:10 Jan 06 2021,93,62,0,0,0
03:35:12 Jan 06 2021,93,62,1,0,0
03:35:14 Jan 06 2021,93,62,1,0,0
03:35:16 Jan 06 2021,93,61,1,0,0
03:35:18 Jan 06 2021,93,60,1,0,0
03:35:20 Jan 06 2021,93,60,0,0,0
03:35:22 Jan 06 2021,93,60,2,0,0
03:35:24 Jan 06 2021,93,61,0,0,0
03:35:26 Jan 06 2021,93,63,1,0,0
03:35:28 Jan 06 2021,94,60,0,0,0
03:35:30 Jan 06 2021,95,60,0,0,0
03:35:32 Jan 06 2021,95,59,0,0,0
03:35:34 Jan 06 2021,95,57,0,0,0
03:35:36 Jan 06 2021,95,60,1,0,0
03:35:38 Jan 06 2021,95,62,0,0,0
03:35:40 Jan 06 2021,95,64,1,0,0
03:35:42 Jan 06 2021,95,64,0,0,0
03:35:44 Jan 06 2021,95,61,6,0,0
03:35:46 Jan 06 2021,94,60,11,0,0
03:35:48 Jan 06 2021,94,59,18,0,0
03:35:50 Jan 06 2021,94,61,1,0,0
03:35:52 Jan 06 2021,94,62,7,0,0
03:35:54 Jan 06 2021,94,61,1,0,0
03:35:56 Jan 06 2021,94,61,1,0,0
03:35:58 Jan 06 2021,94,61,1,0,0
03:36:00 Jan 06 2021,94,65,0,0,0
03:36:02 Jan 06 2021,94,66,1,0,0
03:36:04 Jan 06 2021,94,68,1,0,0
03:36:06 Jan 06 2021,94,67,1,0,0
03:36:08 Jan 06 2021,94,66,1,0,0
03:36:10 Jan 06 2021,94,66,1,0,0
03:36:12 Jan 06 2021,94,62,1,0,0
03:36:14 Jan 06 2021,93,58,0,0,0
03:36:16 Jan 06 2021,93,56,1,0,0
03:36:18 Jan 06 2021,93,56,1,0,0
03:36:20 Jan 06 2021,93,58,0,0,0
03:36:22 Jan 06 2021,93,60,1,0,0
03:36:24 Jan 06 2021,92,62,1,0,0
03:36:26 Jan 06 2021,92,64,1,0,0
03:36:28 Jan 06 2021,92,63,0,0,0
03:36:30 Jan 06 2021,92,63,0,0,0
03:36:32 Jan 06 2021,92,63,1,0,0
03:36:34 Jan 06 2021,91,63,0,0,0
03:36:36 Jan 06 2021,91,63,1,0,0
03:36:38 Jan 06 2021,90,66,1,0,0
03:36:40 Jan 06 2021,91,71,0,0,0
03:36:42 Jan 06 2021,91,69,1,0,0
03:36:44 Jan 06 2021,91,68,0,0,0
03:36:46 Jan 06 2021,92,68,1,0,0
03:36:48 Jan 06 2021,92,67,1,0,0
03:36:50 Jan 06 2021,92,70,1,0,0
03:36:52 Jan 06 2021,92,73,3,0,0
03:36:54 Jan 06 2021,91,74,2,0,0
03:36:56 Jan 06 2021,91,75,3,0,0
03:36:58 Jan 06 2021,92,74,3,0,0
03:37:00 Jan 06 2021,92,70,2,0,0
03:37:02 Jan 06 2021,92,68,1,0,0
03:37:04 Jan 06 2021,92,66,0,0,0
03:37:06 Jan 06 2021,92,68,1,0,0
03:37:08 Jan 06 2021,92,68,1,0,0
03:37:10 Jan 06 2021,92,68,0,0,0
03:37:12 Jan 06 2021,92,68,0,0,0
03:37:14 Jan 06 2021,92,66,1,0,0
03:37:16 Jan 06 2021,92,62,1,0,0
03:37:18 Jan 06 2021,92,59,1,0,0
03:37:20 Jan 06 2021,90,60,0,0,0
03:37:22 Jan 06 2021,90,59,1,0,0
03:37:24 Jan 06 2021,92,59,0,0,0
03:37:26 Jan 06 2021,90,59,0,0,0
03:37:28 Jan 06 2021,90,60,0,0,0
03:37:30 Jan 06 2021,91,64,0,0,0
03:37:32 Jan 06 2021,90,68,1,0,0
03:37:34 Jan 06 2021,90,74,0,0,0
03:37:36 Jan 06 2021,89,81,0,0,0
03:37:38 Jan 06 2021,87,84,0,0,0
03:37:40 Jan 06 2021,88,85,1,0,0
03:37:42 Jan 06 2021,87,86,1,0,0
03:37:44 Jan 06 2021,87,84,0,0,0
03:37:46 Jan 06 2021,87,84,0,0,0
03:37:48 Jan 06 2021,87,84,1,0,0
03:37:50 Jan 06 2021,87,85,1,0,0
03:37:52 Jan 06 2021,87,88,1,0,0
03:37:54 Jan 06 2021,87,89,0,0,0
03:37:56 Jan 06 2021,87,88,0,0,0
03:37:58 Jan 06 2021,87,89,1,0,0
03:38:00 Jan 06 2021,87,88,1,0,0
03:38:02 Jan 06 2021,87,87,0,0,0
03:38:04 Jan 06 2021,87,86,0,0,0
03:38:06 Jan 06 2021,86,84,0,0,0
03:38:08 Jan 06 2021,86,84,0,0,0
03:38:10 Jan 06 2021,86,83,0,0,0
03:38:12 Jan 06 2021,86,80,0,0,0
03:38:14 Jan 06 2021,87,80,1,0,0
03:38:16 Jan 06 2021,87,80,1,0,0
03:38:18 Jan 06 2021,87,80,1,0,0
03:38:20 Jan 06 2021,86,79,1,0,0
03:38:22 Jan 06 2021,86,79,0,0,0
03:38:24 Jan 06 2021,86,79,1,0,0
03:38:26 Jan 06 2021,86,81,1,0,0
03:38:28 Jan 06 2021,86,83,1,0,0
03:38:30 Jan 06 2021,86,90,0,0,0
03:38:32 Jan 06 2021,86,94,1,0,0
03:38:34 Jan 06 2021,86,96,1,0,0
03:38:36 Jan 06 2021,87,93,0,0,0
03:38:38 Jan 06 2021,87,90,1,0,0
03:38:40 Jan 06 2021,87,89,0,0,0
03:38:42 Jan 06 2021,87,95,1,0,0
03:38:44 Jan 06 2021,87,98,0,0,0
03:38:46 Jan 06 2021,87,101,1,0,0
03:38:48 Jan 06 2021,87,101,10,0,0
03:38:50 Jan 06 2021,87,96,7,0,0
03:38:52 Jan 06 2021,87,99,17,0,0
03:38:54 Jan 06 2021,87,99,16,0,0
03:38:56 Jan 06 2021,87,98,0,0,0
03:38:58 Jan 06 2021,88,99,1,0,0
03:39:00 Jan 06 2021,89,96,1,0,0
03:39:02 Jan 06 2021,90,91,0,0,0
03:39:04 Jan 06 2021,92,85,0,0,0
03:39:06 Jan 06 2021,93,78,0,0,0
03:39:08 Jan 06 2021,93,73,0,0,0
03:39:10 Jan 06 2021,93,72,1,0,0
03:39:12 Jan 06 2021,93,73,0,0,0
03:39:14 Jan 06 2021,93,73,0,0,0
03:39:16 Jan 06 2021,91,68,0,0,0
03:39:18 Jan 06 2021,88,58,0,0,0
03:39:20 Jan 06 2021,86,45,1,0,0
03:39:22 Jan 06 2021,85,37,1,0,0
03:39:24 Jan 06 2021,86,37,0,0,0
03:39:26 Jan 06 2021,86,38,1,0,0
03:39:28 Jan 06 2021,87,38,1,0,0
03:39:30 Jan 06 2021,87,38,1,0,0
03:39:32 Jan 06 2021,89,38,1,0,0
03:39:34 Jan 06 2021,90,38,1,0,0
03:39:36 Jan 06 2021,90,39,1,0,0
03:39:38 Jan 06 2021,93,39,0,0,0
03:39:40 Jan 06 2021,92,39,0,0,0
03:39:42 Jan 06 2021,93,39,0,0,0
03:39:44 Jan 06 2021,94,39,0,0,0
03:39:46 Jan 06 2021,93,39,0,0,0
03:39:48 Jan 06 2021,93,39,0,0,0
03:39:50 Jan 06 2021,94,39,0,0,0
03:39:52 Jan 06 2021,94,39,0,0,0
03:39:54 Jan 06 2021,94,39,0,0,0
03:39:56 Jan 06 2021,94,39,0,0,0
03:39:58 Jan 06 2021,94,39,1,0,0
03:40:00 Jan 06 2021,94,39,0,0,0
03:40:02 Jan 06 2021,94,39,1,0,0
03:40:04 Jan 06 2021,94,39,1,0,0
03:40:06 Jan 06 2021,94,41,1,0,0
03:40:08 Jan 06 2021,94,54,1,0,0
03:40:10 Jan 06 2021,95,66,1,0,0
03:40:12 Jan 06 2021,94,72,1,0,0
03:40:14 Jan 06 2021,94,70,1,0,0
03:40:16 Jan 06 2021,94,68,0,0,0
03:40:18 Jan 06 2021,94,63,1,0,0
03:40:20 Jan 06 2021,93,72,1,0,0
03:40:22 Jan 06 2021,92,82,1,0,0
03:40:24 Jan 06 2021,91,88,0,0,0
03:40:26 Jan 06 2021,91,89,1,0,0
03:40:28 Jan 06 2021,91,90,1,0,0
03:40:30 Jan 06 2021,91,90,1,0,0
03:40:32 Jan 06 2021,91,91,0,0,0
03:40:34 Jan 06 2021,91,90,1,0,0
03:40:36 Jan 06 2021,91,88,1,0,0
03:40:38 Jan 06 2021,91,87,1,0,0
03:40:40 Jan 06 2021,91,83,0,0,0
03:40:42 Jan 06 2021,91,83,0,0,0
03:40:44 Jan 06 2021,92,82,1,0,0
03:40:46 Jan 06 2021,93,80,0,0,0
03:40:48 Jan 06 2021,94,81,0,0,0
03:40:50 Jan 06 2021,95,82,0,0,0
03:40:52 Jan 06 2021,95,82,1,0,0
03:40:54 Jan 06 2021,95,83,0,0,0
03:40:56 Jan 06 2021,95,82,0,0,0
03:40:58 Jan 06 2021,95,82,1,0,0
03:41:00 Jan 06 2021,96,82,0,0,0
03:41:02 Jan 06 2021,96,82,0,0,0
03:41:04 Jan 06 2021,96,83,1,0,0
03:41:06 Jan 06 2021,96,83,1,0,0
03:41:08 Jan 06 2021,96,85,1,0,0
03:41:10 Jan 06 2021,96,82,0,0,0
03:41:12 Jan 06 2021,96,80,1,0,0
03:41:14 Jan 06 2021,96,78,1,0,0
03:41:16 Jan 06 2021,96,77,0,0,0
03:41:18 Jan 06 2021,96,78,0,0,0
03:41:20 Jan 06 2021,96,77,1,0,0
03:41:22 Jan 06 2021,96,76,1,0,0
03:41:24 Jan 06 2021,96,77,0,0,0
03:41:26 Jan 06 2021,96,77,1,0,0
03:41:28 Jan 06 2021,95,77,1,0,0
03:41:30 Jan 06 2021,94,78,0,0,0
03:41:32 Jan 06 2021,92,77,1,0,0
03:41:34 Jan 06 2021,92,78,1,0,0
03:41:36 Jan 06 2021,92,78,1,0,0
03:41:38 Jan 06 2021,91,78,1,0,0
03:41:40 Jan 06 2021,90,78,1,0,0
03:41:42 Jan 06 2021,89,78,1,0,0
03:41:44 Jan 06 2021,89,76,1,0,0
03:41:46 Jan 06 2021,89,76,0,0,0
03:41:48 Jan 06 2021,89,76,1,0,0
03:41:50 Jan 06 2021,89,75,0,0,0
03:41:52 Jan 06 2021,89,76,0,0,0
03:41:54 Jan 06 2021,89,74,0,0,0
03:41:56 Jan 06 2021,89,74,1,0,0
03:41:58 Jan 06 2021,88,75,0,0,0
03:42:00 Jan 06 2021,88,75,0,0,0
03:42:02 Jan 06 2021,88,77,1,0,0
03:42:04 Jan 06 2021,88,76,0,0,0
03:42:06 Jan 06 2021,88,74,1,0,0
03:42:08 Jan 06 2021,89,73,1,0,0
03:42:10 Jan 06 2021,89,72,1,0,0
03:42:12 Jan 06 2021,89,71,0,0,0
03:42:14 Jan 06 2021,89,72,1,0,0
03:42:16 Jan 06 2021,89,71,1,0,0
03:42:18 Jan 06 2021,89,72,0,0,0
03:42:20 Jan 06 2021,89,72,1,0,0
03:42:22 Jan 06 2021,89,72,1,0,0
03:42:24 Jan 06 2021,89,72,1,0,0
03:42:26 Jan 06 2021,89,72,1,0,0
03:42:28 Jan 06 2021,89,72,0,0,0
03:42:30 Jan 06 2021,89,72,1,0,0
03:42:32 Jan 06 2021,91,71,0,0,0
03:42:34 Jan 06 2021,93,69,1,0,0
03:42:36 Jan 06 2021,94,75,0,0,0
03:42:38 Jan 06 2021,95,80,1,0,0
03:42:40 Jan 06 2021,94,79,0,0,0
03:42:42 Jan 06 2021,94,78,1,0,0
03:42:44 Jan 06 2021,94,75,1,0,0
03:42:46 Jan 06 2021,95,67,1,0,0
03:42:48 Jan 06 2021,95,67,1,0,0
03:42:50 Jan 06 2021,95,68,0,0,0
03:42:52 Jan 06 2021,95,66,0,0,0
03:42:54 Jan 06 2021,95,67,0,0,0
03:42:56 Jan 06 2021,95,67,0,0,0
03:42:58 Jan 06 2021,95,67,0,0,0
03:43:00 Jan 06 2021,95,66,0,0,0
03:43:02 Jan 06 2021,95,66,1,0,0
03:43:04 Jan 06 2021,95,60,1,0,0
03:43:06 Jan 06 2021,95,60,0,0,0
03:43:08 Jan 06 2021,95,60,1,0,0
03:43:10 Jan 06 2021,95,60,1,0,0
03:43:12 Jan 06 2021,95,59,1,0,0
03:43:14 Jan 06 2021,95,59,0,0,0
03:43:16 Jan 06 2021,95,59,1,0,0
03:43:18 Jan 06 2021,95,56,0,0,0
03:43:20 Jan 06 2021,96,52,1,0,0
03:43:22 Jan 06 2021,96,55,1,0,0
03:43:24 Jan 06 2021,96,53,1,0,0
03:43:26 Jan 06 2021,97,54,1,0,0
03:43:28 Jan 06 2021,97,60,0,0,0
03:43:30 Jan 06 2021,97,61,1,0,0
03:43:32 Jan 06 2021,97,60,1,0,0
03:43:34 Jan 06 2021,97,60,0,0,0
03:43:36 Jan 06 2021,97,59,1,0,0
03:43:38 Jan 06 2021,97,58,1,0,0
03:43:40 Jan 06 2021,96,56,1,0,0
03:43:42 Jan 06 2021,97,58,0,0,0
03:43:44 Jan 06 2021,97,56,1,0,0
03:43:46 Jan 06 2021,96,55,0,0,0
03:43:48 Jan 06 2021,97,57,1,0,0
03:43:50 Jan 06 2021,96,55,1,0,0
03:43:52 Jan 06 2021,96,51,0,0,0
03:43:54 Jan 06 2021,96,51,1,0,0
03:43:56 Jan 06 2021,95,49,1,0,0
03:43:58 Jan 06 2021,96,49,1,0,0
03:44:00 Jan 06 2021,96,50,1,0,0
03:44:02 Jan 06 2021,96,49,1,0,0
03:44:04 Jan 06 2021,96,49,1,0,0
03:44:06 Jan 06 2021,95,55,0,0,0
03:44:08 Jan 06 2021,94,57,0,0,0
03:44:10 Jan 06 2021,94,60,1,0,0
03:44:12 Jan 06 2021,95,57,1,0,0
03:44:14 Jan 06 2021,95,57,1,0,0
03:44:16 Jan 06 2021,95,57,0,0,0
03:44:18 Jan 06 2021,95,57,1,0,0
03:44:20 Jan 06 2021,95,57,1,0,0
03:44:22 Jan 06 2021,95,57,1,0,0
03:44:24 Jan 06 2021,95,55,1,0,0
03:44:26 Jan 06 2021,95,54,1,0,0
03:44:28 Jan 06 2021,95,52,1,0,0
03:44:30 Jan 06 2021,94,51,0,0,0
03:44:32 Jan 06 2021,95,52,0,0,0
03:44:34 Jan 06 2021,95,51,1,0,0
03:44:36 Jan 06 2021,95,53,0,0,0
03:44:38 Jan 06 2021,96,57,0,0,0
03:44:40 Jan 06 2021,97,62,0,0,0
03:44:42 Jan 06 2021,97,65,1,0,0
03:44:44 Jan 06 2021,97,62,0,0,0
03:44:46 Jan 06 2021,97,62,1,0,0
03:44:48 Jan 06 2021,97,63,1,0,0
03:44:50 Jan 06 2021,97,65,0,0,0
03:44:52 Jan 06 2021,97,66,0,0,0
03:44:54 Jan 06 2021,97,67,1,0,0
03:44:56 Jan 06 2021,96,67,0,0,0
03:44:58 Jan 06 2021,96,67,1,0,0
03:45:00 Jan 06 2021,96,67,0,0,0
03:45:02 Jan 06 2021,96,67,1,0,0
03:45:04 Jan 06 2021,96,68,1,0,0
03:45:06 Jan 06 2021,95,63,1,0,0
03:45:08 Jan 06 2021,95,63,1,0,0
03:45:10 Jan 06 2021,94,60,1,0,0
03:45:12 Jan 06 2021,94,60,0,0,0
03:45:14 Jan 06 2021,94,62,0,0,0
03:45:16 Jan 06 2021,93,67,1,0,0
03:45:18 Jan 06 2021,93,67,1,0,0
03:45:20 Jan 06 2021,93,62,1,0,0
03:45:22 Jan 06 2021,93,65,1,0,0
03:45:24 Jan 06 2021,92,64,0,0,0
03:45:26 Jan 06 2021,93,68,1,0,0
03:45:28 Jan 06 2021,93,71,1,0,0
03:45:30 Jan 06 2021,93,72,1,0,0
03:45:32 Jan 06 2021,93,70,1,0,0
03:45:34 Jan 06 2021,93,70,1,0,0
03:45:36 Jan 06 2021,94,74,0,0,0
03:45:38 Jan 06 2021,94,76,1,0,0
03:45:40 Jan 06 2021,95,78,1,0,0
03:45:42 Jan 06 2021,96,79,1,0,0
03:45:44 Jan 06 2021,96,72,1,0,0
03:45:46 Jan 06 2021,97,71,1,0,0
03:45:48 Jan 06 2021,97,70,1,0,0
03:45:50 Jan 06 2021,97,70,0,0,0
03:45:52 Jan 06 2021,97,73,1,0,0
03:45:54 Jan 06 2021,97,74,1,0,0
03:45:56 Jan 06 2021,97,74,1,0,0
03:45:58 Jan 06 2021,97,75,1,0,0
03:46:00 Jan 06 2021,96,78,1,0,0
03:46:02 Jan 06 2021,96,79,1,0,0
03:46:04 Jan 06 2021,96,81,0,0,0
03:46:06 Jan 06 2021,96,82,0,0,0
03:46:08 Jan 06 2021,96,71,1,0,0
03:46:10 Jan 06 2021,95,67,0,0,0
03:46:12 Jan 06 2021,95,62,0,0,0
03:46:14 Jan 06 2021,94,63,1,0,0
03:46:16 Jan 06 2021,94,69,0,0,0
03:46:18 Jan 06 2021,94,69,0,0,0
03:46:20 Jan 06 2021,94,68,0,0,0
03:46:22 Jan 06 2021,94,69,1,0,0
03:46:24 Jan 06 2021,94,69,0,0,0
03:46:26 Jan 06 2021,92,58,1,0,0
03:46:28 Jan 06 2021,91,57,0,0,0
03:46:30 Jan 06 2021,91,57,1,0,0
03:46:32 Jan 06 2021,91,65,0,0,0
03:46:34 Jan 06 2021,91,75,0,0,0
03:46:36 Jan 06 2021,91,75,0,0,0
03:46:38 Jan 06 2021,91,73,0,0,0
03:46:40 Jan 06 2021,92,72,0,0,0
03:46:42 Jan 06 2021,93,70,0,0,0
03:46:44 Jan 06 2021,94,69,1,0,0
03:46:46 Jan 06 2021,95,70,0,0,0
03:46:48 Jan 06 2021,96,68,0,0,0
03:46:50 Jan 06 2021,97,69,0,0,0
03:46:52 Jan 06 2021,97,71,0,0,0
03:46:54 Jan 06 2021,97,71,1,0,0
03:46:56 Jan 06 2021,97,72,0,0,0
03:46:58 Jan 06 2021,97,72,0,0,0
03:47:00 Jan 06 2021,97,73,1,0,0
03:47:02 Jan 06 2021,97,74,0,0,0
03:47:04 Jan 06 2021,97,73,1,0,0
03:47:06 Jan 06 2021,97,73,0,0,0
03:47:08 Jan 06 2021,97,73,0,0,0
03:47:10 Jan 06 2021,97,73,0,0,0
03:47:12 Jan 06 2021,97,72,0,0,0
03:47:14 Jan 06 2021,96,72,1,0,0
03:47:16 Jan 06 2021,96,72,1,0,0
03:47:18 Jan 06 2021,96,71,1,0,0
03:47:20 Jan 06 2021,96,72,1,0,0
03:47:22 Jan 06 2021,96,72,1,0,0
03:47:24 Jan 06 2021,96,72,1,0,0
03:47:26 Jan 06 2021,96,72,1,0,0
03:47:28 Jan 06 2021,96,72,1,0,0
03:47:30 Jan 06 2021,96,72,1,0,0
03:47:32 Jan 06 2021,96,72,1,0,0
03:47:34 Jan 06 2021,96,72,1,0,0
03:47:36 Jan 06 2021,96,67,0,0,0
03:47:38 Jan 06 2021,96,62,1,0,0
03:47:40 Jan 06 2021,95,63,0,0,0
03:47:42 Jan 06 2021,94,65,1,0,0
03:47:44 Jan 06 2021,94,73,1,0,0
03:47:46 Jan 06 2021,92,77,1,0,0
03:47:48 Jan 06 2021,94,77,1,0,0
03:47:50 Jan 06 2021,92,77,1,0,0
03:47:52 Jan 06 2021,88,77,0,0,0
03:47:54 Jan 06 2021,87,77,0,0,0
03:47:56 Jan 06 2021,84,76,1,0,0
03:47:58 Jan 06 2021,85,76,1,0,0
03:48:00 Jan 06 2021,87,75,0,0,0
03:48:02 Jan 06 2021,88,75,0,0,0
03:48:04 Jan 06 2021,89,74,1,0,0
03:48:06 Jan 06 2021,90,74,1,0,0
03:48:08 Jan 06 2021,91,75,1,0,0
03:48:10 Jan 06 2021,93,75,1,0,0
03:48:12 Jan 06 2021,95,76,0,0,0
03:48:14 Jan 06 2021,96,75,1,0,0
03:48:16 Jan 06 2021,97,74,1,0,0
03:48:18 Jan 06 2021,97,73,1,0,0
03:48:20 Jan 06 2021,97,73,1,0,0
03:48:22 Jan 06 2021,97,74,1,0,0
03:48:24 Jan 06 2021,97,75,1,0,0
03:48:26 Jan 06 2021,97,75,0,0,0
03:48:28 Jan 06 2021,97,76,0,0,0
03:48:30 Jan 06 2021,97,76,1,0,0
03:48:32 Jan 06 2021,97,75,1,0,0
03:48:34 Jan 06 2021,97,76,1,0,0
03:48:36 Jan 06 2021,97,77,1,0,0
03:48:38 Jan 06 2021,97,77,0,0,0
03:48:40 Jan 06 2021,97,76,0,0,0
03:48:42 Jan 06 2021,96,75,1,0,0
03:48:44 Jan 06 2021,95,73,1,0,0
03:48:46 Jan 06 2021,94,74,1,0,0
03:48:48 Jan 06 2021,93,77,0,0,0
03:48:50 Jan 06 2021,93,80,1,0,0
03:48:52 Jan 06 2021,93,81,1,0,0
03:48:54 Jan 06 2021,92,80,1,0,0
03:48:56 Jan 06 2021,91,79,1,0,0
03:48:58 Jan 06 2021,91,78,1,0,0
03:49:00 Jan 06 2021,91,78,1,0,0
03:49:02 Jan 06 2021,91,81,1,0,0
03:49:04 Jan 06 2021,91,80,1,0,0
03:49:06 Jan 06 2021,91,81,0,0,0
03:49:08 Jan 06 2021,90,81,0,0,0
03:49:10 Jan 06 2021,90,81,1,0,0
03:49:12 Jan 06 2021,88,81,0,0,0
03:49:14 Jan 06 2021,89,84,1,0,0
03:49:16 Jan 06 2021,90,81,1,0,0
03:49:18 Jan 06 2021,90,77,3,0,0
03:49:20 Jan 06 2021,91,76,1,0,0
03:49:22 Jan 06 2021,91,74,1,0,0
03:49:24 Jan 06 2021,92,76,0,0,0
03:49:26 Jan 06 2021,92,77,1,0,0
03:49:28 Jan 06 2021,92,77,0,0,0
03:49:30 Jan 06 2021,92,77,0,0,0
03:49:32 Jan 06 2021,93,76,0,0,0
03:49:34 Jan 06 2021,95,76,0,0,0
03:49:36 Jan 06 2021,95,77,0,0,0
03:49:38 Jan 06 2021,96,75,0,0,0
03:49:40 Jan 06 2021,96,73,1,0,0
03:49:42 Jan 06 2021,96,70,1,0,0
03:49:44 Jan 06 2021,96,68,1,0,0
03:49:46 Jan 06 2021,96,67,0,0,0
03:49:48 Jan 06 2021,96,67,0,0,0
03:49:50 Jan 06 2021,96,68,0,0,0
03:49:52 Jan 06 2021,96,67,1,0,0
03:49:54 Jan 06 2021,96,70,1,0,0
03:49:56 Jan 06 2021,96,71,0,0,0
03:49:58 Jan 06 2021,96,69,0,0,0
03:50:00 Jan 06 2021,96,69,0,0,0
03:50:02 Jan 06 2021,95,69,0,0,0
03:50:04 Jan 06 2021,95,67,0,0,0
03:50:06 Jan 06 2021,94,70,1,0,0
03:50:08 Jan 06 2021,92,69,0,0,0
03:50:10 Jan 06 2021,92,68,0,0,0
03:50:12 Jan 06 2021,91,77,0,0,0
03:50:14 Jan 06 2021,90,78,0,0,0
03:50:16 Jan 06 2021,90,79,1,0,0
03:50:18 Jan 06 2021,89,80,0,0,0
03:50:20 Jan 06 2021,88,80,0,0,0
03:50:22 Jan 06 2021,87,80,1,0,0
03:50:24 Jan 06 2021,87,79,0,0,0
03:50:26 Jan 06 2021,86,79,1,0,0
03:50:28 Jan 06 2021,86,79,1,0,0
03:50:30 Jan 06 2021,85,79,0,0,0
03:50:32 Jan 06 2021,86,79,1,0,0
03:50:34 Jan 06 2021,87,80,1,0,0
03:50:36 Jan 06 2021,87,78,0,0,0
03:50:38 Jan 06 2021,88,72,0,0,0
03:50:40 Jan 06 2021,89,68,1,0,0
03:50:42 Jan 06 2021,89,65,0,0,0
03:50:44 Jan 06 2021,89,64,0,0,0
03:50:46 Jan 06 2021,89,66,1,0,0
03:50:48 Jan 06 2021,89,66,0,0,0
03:50:50 Jan 06 2021,90,60,0,0,0
03:50:52 Jan 06 2021,90,58,0,0,0
03:50:54 Jan 06 2021,90,53,1,0,0
03:50:56 Jan 06 2021,90,55,1,0,0
03:50:58 Jan 06 2021,90,55,0,0,0
03:51:00 Jan 06 2021,90,53,1,0,0
03:51:02 Jan 06 2021,90,57,1,0,0
03:51:04 Jan 06 2021,91,63,0,0,0
03:51:06 Jan 06 2021,91,62,0,0,0
03:51:08 Jan 06 2021,91,67,0,0,0
03:51:10 Jan 06 2021,91,68,0,0,0
03:51:12 Jan 06 2021,91,70,0,0,0
03:51:14 Jan 06 2021,91,75,0,0,0
03:51:16 Jan 06 2021,91,75,0,0,0
03:51:18 Jan 06 2021,91,76,0,0,0
03:51:20 Jan 06 2021,91,76,0,0,0
03:51:22 Jan 06 2021,91,76,1,0,0
03:51:24 Jan 06 2021,91,77,0,0,0
03:51:26 Jan 06 2021,90,76,0,0,0
03:51:28 Jan 06 2021,90,77,0,0,0
03:51:30 Jan 06 2021,89,78,1,0,0
03:51:32 Jan 06 2021,87,77,1,0,0
03:51:34 Jan 06 2021,85,78,1,0,0
03:51:36 Jan 06 2021,85,76,0,0,0
03:51:38 Jan 06 2021,85,74,1,0,0
03:51:40 Jan 06 2021,85,74,0,0,0
03:51:42 Jan 06 2021,84,75,1,0,0
03:51:44 Jan 06 2021,84,75,0,0,0
03:51:46 Jan 06 2021,83,77,1,0,0
03:51:48 Jan 06 2021,84,78,1,0,0
03:51:50 Jan 06 2021,86,75,0,0,0
03:51:52 Jan 06 2021,87,71,1,0,0
03:51:54 Jan 06 2021,88,67,1,0,0
03:51:56 Jan 06 2021,88,65,1,0,0
03:51:58 Jan 06 2021,89,68,0,0,0
03:52:00 Jan 06 2021,89,71,0,0,0
03:52:02 Jan 06 2021,89,72,0,0,0
03:52:04 Jan 06 2021,89,74,0,0,0
03:52:06 Jan 06 2021,90,74,1,0,0
03:52:08 Jan 06 2021,90,76,1,0,0
03:52:10 Jan 06 2021,90,74,0,0,0
03:52:12 Jan 06 2021,90,73,0,0,0
03:52:14 Jan 06 2021,90,71,0,0,0
03:52:16 Jan 06 2021,90,63,1,0,0
03:52:18 Jan 06 2021,89,52,0,0,0
03:52:20 Jan 06 2021,90,44,1,0,0
03:52:22 Jan 06 2021,90,38,0,0,0
03:52:24 Jan 06 2021,90,38,0,0,0
03:52:26 Jan 06 2021,90,38,0,0,0
03:52:28 Jan 06 2021,90,38,0,0,0
03:52:30 Jan 06 2021,90,38,0,0,0
03:52:32 Jan 06 2021,90,38,0,0,0
03:52:34 Jan 06 2021,90,38,0,0,0
03:52:36 Jan 06 2021,90,38,0,0,0
03:52:38 Jan 06 2021,90,38,0,0,0
03:52:40 Jan 06 2021,90,38,0,0,0
03:52:42 Jan 06 2021,90,38,0,0,0
03:52:44 Jan 06 2021,90,38,0,0,0
03:52:46 Jan 06 2021,90,38,1,0,0
03:52:48 Jan 06 2021,90,38,0,0,0
03:52:50 Jan 06 2021,90,38,1,0,0
03:52:52 Jan 06 2021,89,39,1,0,0
03:52:54 Jan 06 2021,88,43,0,0,0
03:52:56 Jan 06 2021,87,49,0,0,0
03:52:58 Jan 06 2021,85,55,0,0,0
03:53:00 Jan 06 2021,84,56,1,0,0
03:53:02 Jan 06 2021,84,61,0,0,0
03:53:04 Jan 06 2021,85,64,0,0,0
03:53:06 Jan 06 2021,85,66,1,0,0
03:53:08 Jan 06 2021,85,69,0,0,0
03:53:10 Jan 06 2021,87,66,1,0,0
03:53:12 Jan 06 2021,87,69,0,0,0
03:53:14 Jan 06 2021,88,71,1,0,0
03:53:16 Jan 06 2021,89,70,0,0,0
03:53:18 Jan 06 2021,89,70,0,0,0
03:53:20 Jan 06 2021,90,68,1,0,0
03:53:22 Jan 06 2021,90,68,0,0,0
03:53:24 Jan 06 2021,90,70,1,0,0
03:53:26 Jan 06 2021,90,70,1,0,0
03:53:28 Jan 06 2021,90,72,1,0,0
03:53:30 Jan 06 2021,90,72,1,0,0
03:53:32 Jan 06 2021,90,72,1,0,0
03:53:34 Jan 06 2021,90,65,0,0,0
03:53:36 Jan 06 2021,90,63,1,0,0
03:53:38 Jan 06 2021,90,59,1,0,0
03:53:40 Jan 06 2021,91,63,1,0,0
03:53:42 Jan 06 2021,91,65,0,0,0
03:53:44 Jan 06 2021,91,65,3,0,0
03:53:46 Jan 06 2021,91,67,2,0,0
03:53:48 Jan 06 2021,91,66,3,0,0
03:53:50 Jan 06 2021,91,66,1,0,0
03:53:52 Jan 06 2021,91,68,1,0,0
03:53:54 Jan 06 2021,91,68,1,0,0
03:53:56 Jan 06 2021,91,71,0,0,0
03:53:58 Jan 06 2021,91,72,0,0,0
03:54:00 Jan 06 2021,91,71,0,0,0
03:54:02 Jan 06 2021,91,70,0,0,0
03:54:04 Jan 06 2021,91,70,0,0,0
03:54:06 Jan 06 2021,90,72,1,0,0
03:54:08 Jan 06 2021,90,74,0,0,0
03:54:10 Jan 06 2021,89,76,0,0,0
03:54:12 Jan 06 2021,89,77,0,0,0
03:54:14 Jan 06 2021,90,77,1,0,0
03:54:16 Jan 06 2021,90,78,0,0,0
03:54:18 Jan 06 2021,90,81,0,0,0
03:54:20 Jan 06 2021,90,81,0,0,0
03:54:22 Jan 06 2021,90,83,1,0,0
03:54:24 Jan 06 2021,91,83,0,0,0
03:54:26 Jan 06 2021,91,82,0,0,0
03:54:28 Jan 06 2021,92,82,1,0,0
03:54:30 Jan 06 2021,93,81,1,0,0
03:54:32 Jan 06 2021,94,78,1,0,0
03:54:34 Jan 06 2021,95,80,1,0,0
03:54:36 Jan 06 2021,96,79,1,0,0
03:54:38 Jan 06 2021,96,79,1,0,0
03:54:40 Jan 06 2021,96,79,0,0,0
03:54:42 Jan 06 2021,96,77,0,0,0
03:54:44 Jan 06 2021,96,77,1,0,0
03:54:46 Jan 06 2021,96,77,1,0,0
03:54:48 Jan 06 2021,96,78,1,0,0
03:54:50 Jan 06 2021,96,77,0,0,0
03:54:52 Jan 06 2021,96,76,1,0,0
03:54:54 Jan 06 2021,96,75,1,0,0
03:54:56 Jan 06 2021,95,75,0,0,0
03:54:58 Jan 06 2021,95,77,1,0,0
03:55:00 Jan 06 2021,95,78,1,0,0
03:55:02 Jan 06 2021,94,78,1,0,0
03:55:04 Jan 06 2021,93,75,0,0,0
03:55:06 Jan 06 2021,93,73,1,0,0
03:55:08 Jan 06 2021,93,72,1,0,0
03:55:10 Jan 06 2021,93,73,0,0,0
03:55:12 Jan 06 2021,93,76,0,0,0
03:55:14 Jan 06 2021,93,75,1,0,0
03:55:16 Jan 06 2021,93,75,1,0,0
03:55:18 Jan 06 2021,93,75,1,0,0
03:55:20 Jan 06 2021,93,75,1,0,0
03:55:22 Jan 06 2021,93,75,1,0,0
03:55:24 Jan 06 2021,93,75,0,0,0
03:55:26 Jan 06 2021,93,75,0,0,0
03:55:28 Jan 06 2021,92,74,1,0,0
03:55:30 Jan 06 2021,92,73,0,0,0
03:55:32 Jan 06 2021,90,73,0,0,0
03:55:34 Jan 06 2021,89,70,0,0,0
03:55:36 Jan 06 2021,89,73,1,0,0
03:55:38 Jan 06 2021,90,76,0,0,0
03:55:40 Jan 06 2021,90,76,0,0,0
03:55:42 Jan 06 2021,90,76,1,0,0
03:55:44 Jan 06 2021,90,76,1,0,0
03:55:46 Jan 06 2021,92,76,1,0,0
03:55:48 Jan 06 2021,95,76,0,0,0
03:55:50 Jan 06 2021,97,77,1,0,0
03:55:52 Jan 06 2021,97,77,0,0,0
03:55:54 Jan 06 2021,97,77,0,0,0
03:55:56 Jan 06 2021,97,77,1,0,0
03:55:58 Jan 06 2021,97,77,0,0,0
03:56:00 Jan 06 2021,97,77,0,0,0
03:56:02 Jan 06 2021,97,74,0,0,0
03:56:04 Jan 06 2021,97,73,1,0,0
03:56:06 Jan 06 2021,97,70,1,0,0
03:56:08 Jan 06 2021,96,66,1,0,0
03:56:10 Jan 06 2021,96,62,1,0,0
03:56:12 Jan 06 2021,96,55,1,0,0
03:56:14 Jan 06 2021,96,49,1,0,0
03:56:16 Jan 06 2021,96,52,1,0,0
03:56:18 Jan 06 2021,95,59,0,0,0
03:56:20 Jan 06 2021,95,65,0,0,0
03:56:22 Jan 06 2021,94,67,0,0,0
03:56:24 Jan 06 2021,94,66,1,0,0
03:56:26 Jan 06 2021,94,65,1,0,0
03:56:28 Jan 06 2021,94,66,1,0,0
03:56:30 Jan 06 2021,94,69,0,0,0
03:56:32 Jan 06 2021,94,70,0,0,0
03:56:34 Jan 06 2021,93,71,1,0,0
03:56:36 Jan 06 2021,93,71,1,0,0
03:56:38 Jan 06 2021,93,72,0,0,0
03:56:40 Jan 06 2021,91,69,1,0,0
03:56:42 Jan 06 2021,92,71,1,0,0
03:56:44 Jan 06 2021,92,71,0,0,0
03:56:46 Jan 06 2021,91,66,0,0,0
03:56:48 Jan 06 2021,93,74,1,0,0
03:56:50 Jan 06 2021,94,74,0,0,0
03:56:52 Jan 06 2021,95,75,0,0,0
03:56:54 Jan 06 2021,96,77,1,0,0
03:56:56 Jan 06 2021,96,77,1,0,0
03:56:58 Jan 06 2021,96,76,0,0,0
03:57:00 Jan 06 2021,96,75,1,0,0
03:57:02 Jan 06 2021,97,74,0,0,0
03:57:04 Jan 06 2021,97,72,1,0,0
03:57:06 Jan 06 2021,97,67,1,0,0
03:57:08 Jan 06 2021,97,67,1,0,0
03:57:10 Jan 06 2021,97,69,3,0,0
03:57:12 Jan 06 2021,97,68,19,0,0
03:57:14 Jan 06 2021,97,69,2,0,0
03:57:16 Jan 06 2021,97,68,1,0,0
03:57:18 Jan 06 2021,97,68,1,0,0
03:57:20 Jan 06 2021,97,69,0,0,0
03:57:22 Jan 06 2021,97,70,1,0,0
03:57:24 Jan 06 2021,97,71,0,0,0
03:57:26 Jan 06 2021,97,68,0,0,0
03:57:28 Jan 06 2021,97,71,0,0,0
03:57:30 Jan 06 2021,97,73,0,0,0
03:57:32 Jan 06 2021,97,77,0,0,0
03:57:34 Jan 06 2021,96,80,0,0,0
03:57:36 Jan 06 2021,95,78,0,0,0
03:57:38 Jan 06 2021,94,78,0,0,0
03:57:40 Jan 06 2021,93,76,0,0,0
03:57:42 Jan 06 2021,92,73,1,0,0
03:57:44 Jan 06 2021,92,73,0,0,0
03:57:46 Jan 06 2021,91,74,1,0,0
03:57:48 Jan 06 2021,91,77,0,0,0
03:57:50 Jan 06 2021,91,76,1,0,0
03:57:52 Jan 06 2021,91,75,0,0,0
03:57:54 Jan 06 2021,91,73,0,0,0
03:57:56 Jan 06 2021,90,73,1,0,0
03:57:58 Jan 06 2021,90,73,1,0,0
03:58:00 Jan 06 2021,89,76,1,0,0
03:58:02 Jan 06 2021,90,79,0,0,0
03:58:04 Jan 06 2021,90,81,0,0,0
03:58:06 Jan 06 2021,90,81,0,0,0
03:58:08 Jan 06 2021,90,82,0,0,0
03:58:10 Jan 06 2021,90,80,1,0,0
03:58:12 Jan 06 2021,91,79,0,0,0
03:58:14 Jan 06 2021,91,80,0,0,0
03:58:16 Jan 06 2021,91,79,1,0,0
03:58:18 Jan 06 2021,91,79,1,0,0
03:58:20 Jan 06 2021,91,80,1,0,0
03:58:22 Jan 06 2021,91,79,0,0,0
03:58:24 Jan 06 2021,92,77,1,0,0
03:58:26 Jan 06 2021,93,77,1,0,0
03:58:28 Jan 06 2021,94,77,3,0,0
03:58:30 Jan 06 2021,95,75,2,0,0
03:58:32 Jan 06 2021,95,76,1,0,0
03:58:34 Jan 06 2021,95,74,1,0,0
03:58:36 Jan 06 2021,95,73,0,0,0
03:58:38 Jan 06 2021,95,75,0,0,0
03:58:40 Jan 06 2021,95,76,0,0,0
03:58:42 Jan 06 2021,95,77,3,0,0
03:58:44 Jan 06 2021,94,79,5,0,0
03:58:46 Jan 06 2021,94,79,0,0,0
03:58:48 Jan 06 2021,95,79,1,0,0
03:58:50 Jan 06 2021,94,79,12,0,0
03:58:52 Jan 06 2021,93,80,3,0,0
03:58:54 Jan 06 2021,93,81,2,0,0
03:58:56 Jan 06 2021,92,83,1,0,0
03:58:58 Jan 06 2021,92,85,2,0,0
03:59:00 Jan 06 2021,93,85,2,0,0
03:59:02 Jan 06 2021,93,86,3,0,0
03:59:04 Jan 06 2021,93,85,2,0,0
03:59:06 Jan 06 2021,93,85,18,0,0
03:59:08 Jan 06 2021,93,86,10,0,0
03:59:10 Jan 06 2021,93,86,13,0,0
03:59:12 Jan 06 2021,93,83,0,0,0
03:59:14 Jan 06 2021,93,83,0,0,0
03:59:16 Jan 06 2021,93,81,1,0,0
03:59:18 Jan 06 2021,93,81,1,0,0
03:59:20 Jan 06 2021,94,82,4,0,0
03:59:22 Jan 06 2021,95,81,2,0,0
03:59:24 Jan 06 2021,96,82,0,0,0
03:59:26 Jan 06 2021,97,84,0,0,0
03:59:28 Jan 06 2021,97,82,1,0,0
03:59:30 Jan 06 2021,97,85,0,0,0
03:59:32 Jan 06 2021,97,85,2,0,0
03:59:34 Jan 06 2021,97,86,8,0,0
03:59:36 Jan 06 2021,96,88,0,0,0
03:59:38 Jan 06 2021,96,89,2,0,0
03:59:40 Jan 06 2021,96,88,1,0,0
03:59:42 Jan 06 2021,96,89,0,0,0
03:59:44 Jan 06 2021,96,91,0,0,0
03:59:46 Jan 06 2021,96,89,0,0,0
03:59:48 Jan 06 2021,96,90,0,0,0
03:59:50 Jan 06 2021,96,90,1,0,0
03:59:52 Jan 06 2021,96,90,0,0,0
03:59:54 Jan 06 2021,96,85,2,0,0
03:59:56 Jan 06 2021,96,84,0,0,0
03:59:58 Jan 06 2021,96,83,1,0,0
04:00:00 Jan 06 2021,96,81,0,0,0
04:00:02 Jan 06 2021,96,83,5,0,0
04:00:04 Jan 06 2021,96,82,7,0,0
04:00:06 Jan 06 2021,96,83,12,0,0
04:00:08 Jan 06 2021,96,82,52,0,0
04:00:10 Jan 06 2021,96,83,7,0,0
04:00:12 Jan 06 2021,96,83,41,0,0
04:00:14 Jan 06 2021,96,83,4,0,0
04:00:16 Jan 06 2021,96,83,3,0,0
04:00:18 Jan 06 2021,96,83,1,0,0
04:00:20 Jan 06 2021,96,83,0,0,0
04:00:22 Jan 06 2021,96,85,2,0,0
04:00:24 Jan 06 2021,96,86,1,0,0
04:00:26 Jan 06 2021,96,87,1,0,0
04:00:28 Jan 06 2021,96,87,0,0,0
04:00:30 Jan 06 2021,96,87,0,0,0
04:00:32 Jan 06 2021,96,87,0,0,0
04:00:34 Jan 06 2021,96,88,1,0,0
04:00:36 Jan 06 2021,96,87,1,0,0
04:00:38 Jan 06 2021,96,87,1,0,0
04:00:40 Jan 06 2021,96,87,2,0,0
04:00:42 Jan 06 2021,96,87,0,0,0
04:00:44 Jan 06 2021,96,87,0,0,0
04:00:46 Jan 06 2021,95,88,3,0,0
04:00:48 Jan 06 2021,93,90,0,0,0
04:00:50 Jan 06 2021,93,94,0,0,0
04:00:52 Jan 06 2021,92,93,1,0,0
04:00:54 Jan 06 2021,91,92,4,0,0
04:00:56 Jan 06 2021,91,91,3,0,0
04:00:58 Jan 06 2021,91,89,7,0,0
04:01:00 Jan 06 2021,91,89,3,0,0
04:01:02 Jan 06 2021,91,90,6,0,0
04:01:04 Jan 06 2021,91,90,3,0,0
04:01:06 Jan 06 2021,91,90,1,0,0
04:01:08 Jan 06 2021,91,90,0,0,0
04:01:10 Jan 06 2021,91,90,0,0,0
04:01:12 Jan 06 2021,91,90,0,0,0
04:01:14 Jan 06 2021,93,90,1,0,0
04:01:16 Jan 06 2021,94,91,0,0,0
04:01:18 Jan 06 2021,96,91,0,0,0
04:01:20 Jan 06 2021,96,91,0,0,0
04:01:22 Jan 06 2021,96,88,1,0,0
04:01:24 Jan 06 2021,96,86,0,0,0
04:01:26 Jan 06 2021,96,84,0,0,0
04:01:28 Jan 06 2021,96,84,0,0,0
04:01:30 Jan 06 2021,96,85,1,0,0
04:01:32 Jan 06 2021,96,83,1,0,0
04:01:34 Jan 06 2021,96,82,0,0,0
04:01:36 Jan 06 2021,96,81,0,0,0
04:01:38 Jan 06 2021,96,81,1,0,0
04:01:40 Jan 06 2021,96,78,0,0,0
04:01:42 Jan 06 2021,96,77,3,0,0
04:01:44 Jan 06 2021,96,75,68,0,0
04:01:46 Jan 06 2021,96,74,18,0,0
04:01:48 Jan 06 2021,96,76,1,0,0
04:01:50 Jan 06 2021,96,76,6,0,0
04:01:52 Jan 06 2021,96,75,2,0,0
04:01:54 Jan 06 2021,96,79,1,0,0
04:01:56 Jan 06 2021,96,83,4,0,0
04:01:58 Jan 06 2021,96,86,4,0,0
04:02:00 Jan 06 2021,96,88,4,0,0
04:02:02 Jan 06 2021,96,88,1,0,0
04:02:04 Jan 06 2021,96,87,0,0,0
04:02:06 Jan 06 2021,96,85,3,0,0
04:02:08 Jan 06 2021,96,85,21,0,0
04:02:10 Jan 06 2021,96,83,7,0,0
04:02:12 Jan 06 2021,96,82,6,0,0
04:02:14 Jan 06 2021,96,80,3,0,0
04:02:16 Jan 06 2021,96,76,2,0,0
04:02:18 Jan 06 2021,96,76,0,0,0
04:02:20 Jan 06 2021,97,74,0,0,0
04:02:22 Jan 06 2021,97,76,4,0,0
04:02:24 Jan 06 2021,97,78,7,0,0
04:02:26 Jan 06 2021,97,79,0,0,0
04:02:28 Jan 06 2021,97,79,0,0,0
04:02:30 Jan 06 2021,97,79,1,0,0
04:02:32 Jan 06 2021,97,78,2,0,0
04:02:34 Jan 06 2021,97,78,1,0,0
04:02:36 Jan 06 2021,97,75,0,0,0
04:02:38 Jan 06 2021,96,74,1,0,0
04:02:40 Jan 06 2021,97,71,2,0,0
04:02:42 Jan 06 2021,96,69,0,0,0
04:02:44 Jan 06 2021,96,69,2,0,0
04:02:46 Jan 06 2021,96,68,5,0,0
