Time,Oxygen Level,Pulse Rate,Motion,O2 Reminder,PR Reminder
19:45:31 Feb 03 2021,97,42,3,0,0
19:45:33 Feb 03 2021,97,42,1,0,0
19:45:35 Feb 03 2021,97,43,13,0,0
19:45:37 Feb 03 2021,97,43,7,0,0
19:45:39 Feb 03 2021,97,43,3,0,0
19:45:41 Feb 03 2021,97,43,0,0,0
19:45:43 Feb 03 2021,96,43,0,0,0
19:45:45 Feb 03 2021,97,43,0,0,0
19:45:47 Feb 03 2021,97,43,0,0,0
19:45:49 Feb 03 2021,97,43,1,0,0
19:45:51 Feb 03 2021,97,43,0,0,0
19:45:53 Feb 03 2021,96,43,5,0,0
19:45:55 Feb 03 2021,96,43,10,0,0
19:45:57 Feb 03 2021,96,43,0,0,0
19:45:59 Feb 03 2021,96,43,0,0,0
19:46:01 Feb 03 2021,96,43,0,0,0
19:46:03 Feb 03 2021,96,43,0,0,0
19:46:05 Feb 03 2021,96,43,0,0,0
19:46:07 Feb 03 2021,96,43,0,0,0
19:46:09 Feb 03 2021,97,43,0,0,0
19:46:11 Feb 03 2021,97,43,0,0,0
19:46:13 Feb 03 2021,97,43,0,0,0
19:46:15 Feb 03 2021,97,43,0,0,0
19:46:17 Feb 03 2021,96,43,3,0,0
19:46:19 Feb 03 2021,96,43,0,0,0
19:46:21 Feb 03 2021,96,43,0,0,0
19:46:23 Feb 03 2021,96,43,0,0,0
19:46:25 Feb 03 2021,98,65,0,0,0
19:46:27 Feb 03 2021,99,63,0,0,0
19:46:29 Feb 03 2021,99,62,0,0,0
19:46:31 Feb 03 2021,99,61,0,0,0
19:46:33 Feb 03 2021,99,61,0,0,0
19:46:35 Feb 03 2021,99,63,0,0,0
19:46:37 Feb 03 2021,99,64,0,0,0
19:46:39 Feb 03 2021,99,65,0,0,0
19:46:41 Feb 03 2021,99,65,0,0,0
19:46:43 Feb 03 2021,99,65,0,0,0
19:46:45 Feb 03 2021,99,65,0,0,0
19:46:47 Feb 03 2021,99,65,0,0,0
19:46:49 Feb 03 2021,99,65,0,0,0
19:46:51 Feb 03 2021,99,66,0,0,0
19:46:53 Feb 03 2021,99,66,0,0,0
19:46:55 Feb 03 2021,99,66,0,0,0
19:46:57 Feb 03 2021,99,65,0,0,0
19:46:59 Feb 03 2021,99,65,0,0,0
19:47:01 Feb 03 2021,99,65,0,0,0
19:47:03 Feb 03 2021,99,65,0,0,0
19:47:05 Feb 03 2021,99,65,0,0,0
19:47:07 Feb 03 2021,99,65,0,0,0
19:47:09 Feb 03 2021,99,62,0,0,0
19:47:11 Feb 03 2021,98,63,0,0,0
19:47:13 Feb 03 2021,98,63,0,0,0
19:47:15 Feb 03 2021,98,62,0,0,0
19:47:17 Feb 03 2021,98,62,0,0,0
19:47:19 Feb 03 2021,98,62,0,0,0
19:47:21 Feb 03 2021,98,62,0,0,0
19:47:23 Feb 03 2021,98,62,0,0,0
19:47:25 Feb 03 2021,98,62,1,0,0
19:47:27 Feb 03 2021,98,62,2,0,0
19:47:29 Feb 03 2021,98,62,0,0,0
19:47:31 Feb 03 2021,98,62,1,0,0
19:47:33 Feb 03 2021,98,62,0,0,0
19:47:35 Feb 03 2021,98,62,0,0,0
19:47:37 Feb 03 2021,98,62,4,0,0
19:47:39 Feb 03 2021,98,62,1,0,0
19:47:41 Feb 03 2021,97,62,2,0,0
19:47:43 Feb 03 2021,97,62,1,0,0
19:47:45 Feb 03 2021,97,62,0,0,0
19:47:47 Feb 03 2021,97,62,0,0,0
19:47:49 Feb 03 2021,97,62,13,0,0
19:47:51 Feb 03 2021,97,62,9,0,0
19:47:53 Feb 03 2021,97,62,0,0,0
19:47:55 Feb 03 2021,97,62,0,0,0
19:47:57 Feb 03 2021,97,62,0,0,0
19:47:59 Feb 03 2021,97,62,0,0,0
19:48:01 Feb 03 2021,97,61,0,0,0
19:48:03 Feb 03 2021,97,61,0,0,0
19:48:05 Feb 03 2021,97,61,0,0,0
19:48:07 Feb 03 2021,97,61,0,0,0
19:48:09 Feb 03 2021,96,57,0,0,0
19:48:11 Feb 03 2021,97,56,1,0,0
19:48:13 Feb 03 2021,97,55,0,0,0
19:48:15 Feb 03 2021,97,54,0,0,0
19:48:17 Feb 03 2021,97,55,3,0,0
19:48:19 Feb 03 2021,97,55,0,0,0
19:48:21 Feb 03 2021,97,55,0,0,0
19:48:23 Feb 03 2021,97,54,0,0,0
19:48:25 Feb 03 2021,97,55,0,0,0
19:48:27 Feb 03 2021,97,55,0,0,0
19:48:29 Feb 03 2021,97,53,0,0,0
19:48:31 Feb 03 2021,97,50,0,0,0
19:48:33 Feb 03 2021,97,48,0,0,0
19:48:35 Feb 03 2021,97,48,0,0,0
19:48:37 Feb 03 2021,97,48,0,0,0
19:48:39 Feb 03 2021,97,48,0,0,0
19:48:41 Feb 03 2021,97,45,0,0,0
19:48:43 Feb 03 2021,97,48,0,0,0
19:48:45 Feb 03 2021,97,52,0,0,0
19:48:47 Feb 03 2021,97,53,0,0,0
19:48:49 Feb 03 2021,97,57,0,0,0
19:48:51 Feb 03 2021,97,59,0,0,0
19:48:53 Feb 03 2021,98,68,0,0,0
19:48:55 Feb 03 2021,98,68,0,0,0
19:48:57 Feb 03 2021,98,68,0,0,0
19:48:59 Feb 03 2021,98,71,0,0,0
19:49:01 Feb 03 2021,98,65,0,0,0
19:49:03 Feb 03 2021,98,67,0,0,0
19:49:05 Feb 03 2021,98,64,0,0,0
19:49:07 Feb 03 2021,98,63,0,0,0
19:49:09 Feb 03 2021,98,71,0,0,0
19:49:11 Feb 03 2021,98,78,1,0,0
19:49:13 Feb 03 2021,98,81,7,0,0
19:49:15 Feb 03 2021,98,78,8,0,0
19:49:17 Feb 03 2021,98,78,7,0,0
19:49:19 Feb 03 2021,98,77,17,0,0
19:49:21 Feb 03 2021,98,79,12,0,0
19:49:23 Feb 03 2021,98,81,6,0,0
19:49:25 Feb 03 2021,98,82,2,0,0
19:49:27 Feb 03 2021,98,83,1,0,0
19:49:29 Feb 03 2021,98,82,10,0,0
19:49:31 Feb 03 2021,98,82,6,0,0
19:49:33 Feb 03 2021,98,82,5,0,0
19:49:35 Feb 03 2021,98,82,4,0,0
19:49:37 Feb 03 2021,98,82,15,0,0
19:49:39 Feb 03 2021,98,83,9,0,0
19:49:41 Feb 03 2021,98,83,7,0,0
19:49:43 Feb 03 2021,98,83,8,0,0
19:49:45 Feb 03 2021,98,83,6,0,0
19:49:47 Feb 03 2021,98,83,8,0,0
19:49:49 Feb 03 2021,98,81,10,0,0
19:49:51 Feb 03 2021,98,80,4,0,0
19:49:53 Feb 03 2021,98,78,4,0,0
19:49:55 Feb 03 2021,98,79,3,0,0
19:49:57 Feb 03 2021,98,80,3,0,0
19:49:59 Feb 03 2021,98,81,2,0,0
19:50:01 Feb 03 2021,98,80,11,0,0
19:50:03 Feb 03 2021,98,83,4,0,0
19:50:05 Feb 03 2021,98,81,13,0,0
19:50:07 Feb 03 2021,98,81,0,0,0
19:50:09 Feb 03 2021,98,81,0,0,0
19:50:11 Feb 03 2021,98,81,0,0,0
19:50:13 Feb 03 2021,98,81,0,0,0
19:50:15 Feb 03 2021,98,83,0,0,0
19:50:17 Feb 03 2021,98,84,0,0,0
19:50:19 Feb 03 2021,98,82,0,0,0
19:50:21 Feb 03 2021,98,81,0,0,0
19:50:23 Feb 03 2021,98,82,1,0,0
19:50:25 Feb 03 2021,98,75,1,0,0
19:50:27 Feb 03 2021,98,71,0,0,0
19:50:29 Feb 03 2021,98,72,3,0,0
19:50:31 Feb 03 2021,98,72,7,0,0
19:50:33 Feb 03 2021,98,72,1,0,0
19:50:35 Feb 03 2021,98,72,3,0,0
19:50:37 Feb 03 2021,98,72,6,0,0
19:50:39 Feb 03 2021,98,72,7,0,0
19:50:41 Feb 03 2021,98,72,5,0,0
19:50:43 Feb 03 2021,98,69,3,0,0
19:50:45 Feb 03 2021,98,66,3,0,0
19:50:47 Feb 03 2021,98,64,10,0,0
19:50:49 Feb 03 2021,98,64,14,0,0
19:50:51 Feb 03 2021,98,64,6,0,0
19:50:53 Feb 03 2021,98,64,1,0,0
19:50:55 Feb 03 2021,98,64,3,0,0
19:50:57 Feb 03 2021,98,64,3,0,0
19:50:59 Feb 03 2021,98,64,6,0,0
19:51:01 Feb 03 2021,98,64,0,0,0
19:51:03 Feb 03 2021,98,64,0,0,0
19:51:05 Feb 03 2021,98,65,10,0,0
19:51:07 Feb 03 2021,98,65,21,0,0
19:51:09 Feb 03 2021,98,66,8,0,0
19:51:11 Feb 03 2021,98,66,5,0,0
19:51:13 Feb 03 2021,98,66,4,0,0
19:51:15 Feb 03 2021,98,66,2,0,0
19:51:17 Feb 03 2021,98,66,0,0,0
19:51:19 Feb 03 2021,98,66,0,0,0
19:51:21 Feb 03 2021,98,66,0,0,0
19:51:23 Feb 03 2021,98,66,0,0,0
19:51:25 Feb 03 2021,98,66,0,0,0
19:51:27 Feb 03 2021,98,67,0,0,0
19:51:29 Feb 03 2021,98,67,0,0,0
19:51:31 Feb 03 2021,98,68,0,0,0
19:51:33 Feb 03 2021,98,68,0,0,0
19:51:35 Feb 03 2021,97,69,0,0,0
19:51:37 Feb 03 2021,97,69,0,0,0
19:51:39 Feb 03 2021,97,70,0,0,0
19:51:41 Feb 03 2021,97,70,0,0,0
19:51:43 Feb 03 2021,97,70,0,0,0
19:51:45 Feb 03 2021,97,72,0,0,0
19:51:47 Feb 03 2021,97,70,0,0,0
19:51:49 Feb 03 2021,97,70,0,0,0
19:51:51 Feb 03 2021,97,74,0,0,0
19:51:53 Feb 03 2021,97,72,0,0,0
19:51:55 Feb 03 2021,97,72,0,0,0
19:51:57 Feb 03 2021,98,70,0,0,0
19:51:59 Feb 03 2021,98,68,0,0,0
19:52:01 Feb 03 2021,98,71,0,0,0
19:52:03 Feb 03 2021,98,76,0,0,0
19:52:05 Feb 03 2021,97,78,0,0,0
19:52:07 Feb 03 2021,97,80,0,0,0
19:52:09 Feb 03 2021,97,79,0,0,0
19:52:11 Feb 03 2021,97,79,0,0,0
19:52:13 Feb 03 2021,97,77,0,0,0
19:52:15 Feb 03 2021,97,75,0,0,0
19:52:17 Feb 03 2021,97,73,0,0,0
19:52:19 Feb 03 2021,97,75,0,0,0
19:52:21 Feb 03 2021,97,74,0,0,0
19:52:23 Feb 03 2021,97,73,0,0,0
19:52:25 Feb 03 2021,97,75,0,0,0
19:52:27 Feb 03 2021,97,72,0,0,0
19:52:29 Feb 03 2021,97,72,0,0,0
19:52:31 Feb 03 2021,97,73,0,0,0
19:52:33 Feb 03 2021,97,73,0,0,0
19:52:35 Feb 03 2021,97,72,0,0,0
19:52:37 Feb 03 2021,97,72,0,0,0
19:52:39 Feb 03 2021,97,72,0,0,0
19:52:41 Feb 03 2021,97,71,0,0,0
19:52:43 Feb 03 2021,97,72,0,0,0
19:52:45 Feb 03 2021,97,74,6,0,0
19:52:47 Feb 03 2021,97,75,1,0,0
19:52:49 Feb 03 2021,97,75,4,0,0
19:52:51 Feb 03 2021,97,75,6,0,0
19:52:53 Feb 03 2021,97,75,10,0,0
19:52:55 Feb 03 2021,97,75,18,0,0
19:52:57 Feb 03 2021,97,75,7,0,0
19:52:59 Feb 03 2021,97,75,6,0,0
19:53:01 Feb 03 2021,97,75,2,0,0
19:53:03 Feb 03 2021,97,76,0,0,0
19:53:05 Feb 03 2021,97,77,8,0,0
19:53:07 Feb 03 2021,97,77,0,0,0
19:53:09 Feb 03 2021,97,77,0,0,0
19:53:11 Feb 03 2021,97,77,0,0,0
19:53:13 Feb 03 2021,97,77,0,0,0
19:53:15 Feb 03 2021,97,77,0,0,0
19:53:17 Feb 03 2021,97,77,0,0,0
19:53:19 Feb 03 2021,97,80,0,0,0
19:53:21 Feb 03 2021,97,81,0,0,0
19:53:23 Feb 03 2021,97,81,0,0,0
19:53:25 Feb 03 2021,97,82,0,0,0
19:53:27 Feb 03 2021,97,84,0,0,0
19:53:29 Feb 03 2021,97,85,0,0,0
19:53:31 Feb 03 2021,97,85,0,0,0
19:53:33 Feb 03 2021,97,85,0,0,0
19:53:35 Feb 03 2021,97,85,0,0,0
19:53:37 Feb 03 2021,97,85,1,0,0
19:53:39 Feb 03 2021,97,82,5,0,0
19:53:41 Feb 03 2021,97,83,5,0,0
19:53:43 Feb 03 2021,97,82,5,0,0
19:53:45 Feb 03 2021,97,74,6,0,0
19:53:47 Feb 03 2021,97,79,4,0,0
19:53:49 Feb 03 2021,97,78,6,0,0
19:53:51 Feb 03 2021,97,77,5,0,0
19:53:53 Feb 03 2021,97,78,1,0,0
19:53:55 Feb 03 2021,97,78,0,0,0
19:53:57 Feb 03 2021,97,78,0,0,0
19:53:59 Feb 03 2021,97,67,0,0,0
19:54:01 Feb 03 2021,97,62,0,0,0
19:54:03 Feb 03 2021,97,51,0,0,0
19:54:05 Feb 03 2021,97,46,0,0,0
19:54:07 Feb 03 2021,97,46,0,0,0
19:54:09 Feb 03 2021,97,46,0,0,0
19:54:11 Feb 03 2021,97,46,0,0,0
19:54:13 Feb 03 2021,97,45,0,0,0
19:54:15 Feb 03 2021,97,45,0,0,0
19:54:17 Feb 03 2021,97,45,0,0,0
19:54:19 Feb 03 2021,97,45,0,0,0
19:54:21 Feb 03 2021,97,44,0,0,0
19:54:23 Feb 03 2021,97,44,0,0,0
19:54:25 Feb 03 2021,97,44,0,0,0
19:54:27 Feb 03 2021,97,44,0,0,0
19:54:29 Feb 03 2021,97,44,0,0,0
19:54:31 Feb 03 2021,97,45,0,0,0
19:54:33 Feb 03 2021,97,45,0,0,0
19:54:35 Feb 03 2021,97,45,0,0,0
19:54:37 Feb 03 2021,97,45,0,0,0
19:54:39 Feb 03 2021,97,46,0,0,0
19:54:41 Feb 03 2021,97,46,0,0,0
19:54:43 Feb 03 2021,97,46,0,0,0
19:54:45 Feb 03 2021,97,46,0,0,0
19:54:47 Feb 03 2021,97,46,0,0,0
19:54:49 Feb 03 2021,97,52,0,0,0
19:54:51 Feb 03 2021,97,53,0,0,0
19:54:53 Feb 03 2021,97,56,0,0,0
19:54:55 Feb 03 2021,97,60,0,0,0
19:54:57 Feb 03 2021,97,53,0,0,0
19:54:59 Feb 03 2021,97,55,0,0,0
19:55:01 Feb 03 2021,97,54,0,0,0
19:55:03 Feb 03 2021,97,53,0,0,0
19:55:05 Feb 03 2021,97,55,0,0,0
19:55:07 Feb 03 2021,97,55,0,0,0
19:55:09 Feb 03 2021,97,56,0,0,0
19:55:11 Feb 03 2021,97,57,0,0,0
19:55:13 Feb 03 2021,97,56,0,0,0
19:55:15 Feb 03 2021,97,56,0,0,0
19:55:17 Feb 03 2021,97,57,0,0,0
19:55:19 Feb 03 2021,97,55,0,0,0
19:55:21 Feb 03 2021,97,55,0,0,0
19:55:23 Feb 03 2021,97,54,0,0,0
19:55:25 Feb 03 2021,97,50,0,0,0
19:55:27 Feb 03 2021,97,51,0,0,0
19:55:29 Feb 03 2021,97,51,0,0,0
19:55:31 Feb 03 2021,97,51,0,0,0
19:55:33 Feb 03 2021,97,51,0,0,0
19:55:35 Feb 03 2021,97,51,0,0,0
19:55:37 Feb 03 2021,97,51,0,0,0
19:55:39 Feb 03 2021,97,51,0,0,0
19:55:41 Feb 03 2021,97,51,0,0,0
19:55:43 Feb 03 2021,97,51,0,0,0
19:55:45 Feb 03 2021,97,51,1,0,0
19:55:47 Feb 03 2021,97,51,0,0,0
19:55:49 Feb 03 2021,97,51,0,0,0
19:55:51 Feb 03 2021,97,51,0,0,0
19:55:53 Feb 03 2021,97,51,0,0,0
19:55:55 Feb 03 2021,97,51,0,0,0
19:55:57 Feb 03 2021,97,51,0,0,0
19:55:59 Feb 03 2021,97,51,0,0,0
19:56:01 Feb 03 2021,97,51,0,0,0
19:56:03 Feb 03 2021,97,51,0,0,0
19:56:05 Feb 03 2021,97,51,0,0,0
19:56:07 Feb 03 2021,97,51,0,0,0
19:56:09 Feb 03 2021,96,53,0,0,0
19:56:11 Feb 03 2021,96,55,0,0,0
19:56:13 Feb 03 2021,96,56,0,0,0
19:56:15 Feb 03 2021,96,59,0,0,0
19:56:17 Feb 03 2021,96,58,0,0,0
19:56:19 Feb 03 2021,96,55,0,0,0
19:56:21 Feb 03 2021,96,51,0,0,0
19:56:23 Feb 03 2021,96,50,0,0,0
19:56:25 Feb 03 2021,96,52,0,0,0
19:56:27 Feb 03 2021,96,53,0,0,0
19:56:29 Feb 03 2021,96,55,0,0,0
19:56:31 Feb 03 2021,96,58,0,0,0
19:56:33 Feb 03 2021,97,59,0,0,0
19:56:35 Feb 03 2021,97,58,0,0,0
19:56:37 Feb 03 2021,97,58,0,0,0
19:56:39 Feb 03 2021,97,58,0,0,0
19:56:41 Feb 03 2021,97,58,0,0,0
19:56:43 Feb 03 2021,97,58,0,0,0
19:56:45 Feb 03 2021,97,58,0,0,0
19:56:47 Feb 03 2021,97,58,0,0,0
19:56:49 Feb 03 2021,97,58,0,0,0
19:56:51 Feb 03 2021,97,60,0,0,0
19:56:53 Feb 03 2021,97,61,0,0,0
19:56:55 Feb 03 2021,97,64,0,0,0
19:56:57 Feb 03 2021,97,63,0,0,0
19:56:59 Feb 03 2021,97,63,0,0,0
19:57:01 Feb 03 2021,97,63,0,0,0
19:57:03 Feb 03 2021,97,63,0,0,0
19:57:05 Feb 03 2021,97,66,0,0,0
19:57:07 Feb 03 2021,97,73,0,0,0
19:57:09 Feb 03 2021,97,75,0,0,0
19:57:11 Feb 03 2021,97,73,0,0,0
19:57:13 Feb 03 2021,97,72,0,0,0
19:57:15 Feb 03 2021,97,72,0,0,0
19:57:17 Feb 03 2021,97,73,0,0,0
19:57:19 Feb 03 2021,97,74,0,0,0
19:57:21 Feb 03 2021,97,75,0,0,0
19:57:23 Feb 03 2021,97,76,0,0,0
19:57:25 Feb 03 2021,97,76,0,0,0
19:57:27 Feb 03 2021,97,76,0,0,0
19:57:29 Feb 03 2021,97,76,0,0,0
19:57:31 Feb 03 2021,97,79,0,0,0
19:57:33 Feb 03 2021,97,82,0,0,0
19:57:35 Feb 03 2021,97,82,0,0,0
19:57:37 Feb 03 2021,97,83,0,0,0
19:57:39 Feb 03 2021,97,83,0,0,0
19:57:41 Feb 03 2021,97,82,0,0,0
19:57:43 Feb 03 2021,97,82,0,0,0
19:57:45 Feb 03 2021,97,82,0,0,0
19:57:47 Feb 03 2021,97,78,0,0,0
19:57:49 Feb 03 2021,97,76,0,0,0
19:57:51 Feb 03 2021,97,71,0,0,0
19:57:53 Feb 03 2021,97,69,0,0,0
19:57:55 Feb 03 2021,97,66,0,0,0
19:57:57 Feb 03 2021,97,63,0,0,0
19:57:59 Feb 03 2021,97,64,0,0,0
19:58:01 Feb 03 2021,97,72,0,0,0
19:58:03 Feb 03 2021,97,74,0,0,0
19:58:05 Feb 03 2021,97,77,0,0,0
19:58:07 Feb 03 2021,97,75,0,0,0
19:58:09 Feb 03 2021,97,70,0,0,0
19:58:11 Feb 03 2021,97,63,0,0,0
19:58:13 Feb 03 2021,97,60,0,0,0
19:58:15 Feb 03 2021,97,60,0,0,0
19:58:17 Feb 03 2021,97,65,0,0,0
19:58:19 Feb 03 2021,97,68,0,0,0
19:58:21 Feb 03 2021,96,69,0,0,0
19:58:23 Feb 03 2021,96,66,0,0,0
19:58:25 Feb 03 2021,96,67,0,0,0
19:58:27 Feb 03 2021,96,68,1,0,0
19:58:29 Feb 03 2021,96,67,0,0,0
19:58:31 Feb 03 2021,96,67,0,0,0
19:58:33 Feb 03 2021,96,71,0,0,0
19:58:35 Feb 03 2021,96,70,0,0,0
19:58:37 Feb 03 2021,96,73,0,0,0
19:58:39 Feb 03 2021,96,75,0,0,0
19:58:41 Feb 03 2021,96,76,0,0,0
19:58:43 Feb 03 2021,96,78,0,0,0
19:58:45 Feb 03 2021,96,77,0,0,0
19:58:47 Feb 03 2021,96,77,0,0,0
19:58:49 Feb 03 2021,96,80,0,0,0
19:58:51 Feb 03 2021,96,79,0,0,0
19:58:53 Feb 03 2021,96,81,0,0,0
19:58:55 Feb 03 2021,96,81,0,0,0
19:58:57 Feb 03 2021,96,80,0,0,0
19:58:59 Feb 03 2021,96,79,0,0,0
19:59:01 Feb 03 2021,96,79,0,0,0
19:59:03 Feb 03 2021,96,78,0,0,0
19:59:05 Feb 03 2021,96,78,0,0,0
19:59:07 Feb 03 2021,96,79,0,0,0
19:59:09 Feb 03 2021,96,75,0,0,0
19:59:11 Feb 03 2021,96,77,0,0,0
19:59:13 Feb 03 2021,96,76,0,0,0
19:59:15 Feb 03 2021,96,82,0,0,0
19:59:17 Feb 03 2021,96,80,1,0,0
19:59:19 Feb 03 2021,96,83,0,0,0
19:59:21 Feb 03 2021,96,86,0,0,0
19:59:23 Feb 03 2021,96,85,0,0,0
19:59:25 Feb 03 2021,96,85,0,0,0
19:59:27 Feb 03 2021,96,81,1,0,0
19:59:29 Feb 03 2021,96,79,0,0,0
19:59:31 Feb 03 2021,96,79,0,0,0
19:59:33 Feb 03 2021,96,79,0,0,0
19:59:35 Feb 03 2021,96,79,0,0,0
19:59:37 Feb 03 2021,96,79,0,0,0
19:59:39 Feb 03 2021,96,83,0,0,0
19:59:41 Feb 03 2021,95,85,1,0,0
19:59:43 Feb 03 2021,95,87,0,0,0
19:59:45 Feb 03 2021,95,86,1,0,0
19:59:47 Feb 03 2021,95,85,0,0,0
19:59:49 Feb 03 2021,95,86,0,0,0
19:59:51 Feb 03 2021,95,84,0,0,0
19:59:53 Feb 03 2021,95,83,0,0,0
19:59:55 Feb 03 2021,95,83,0,0,0
19:59:57 Feb 03 2021,95,82,0,0,0
19:59:59 Feb 03 2021,95,82,0,0,0
20:00:01 Feb 03 2021,95,83,0,0,0
20:00:03 Feb 03 2021,95,83,0,0,0
20:00:05 Feb 03 2021,95,84,0,0,0
20:00:07 Feb 03 2021,96,86,0,0,0
20:00:09 Feb 03 2021,96,88,0,0,0
20:00:11 Feb 03 2021,96,88,0,0,0
20:00:13 Feb 03 2021,96,86,0,0,0
20:00:15 Feb 03 2021,96,85,0,0,0
20:00:17 Feb 03 2021,96,83,0,0,0
20:00:19 Feb 03 2021,96,83,0,0,0
20:00:21 Feb 03 2021,96,84,0,0,0
20:00:23 Feb 03 2021,96,84,0,0,0
20:00:25 Feb 03 2021,96,84,0,0,0
20:00:27 Feb 03 2021,96,84,0,0,0
20:00:29 Feb 03 2021,96,83,0,0,0
20:00:31 Feb 03 2021,96,83,0,0,0
20:00:33 Feb 03 2021,96,83,0,0,0
20:00:35 Feb 03 2021,96,83,0,0,0
20:00:37 Feb 03 2021,97,80,0,0,0
20:00:39 Feb 03 2021,97,82,0,0,0
20:00:41 Feb 03 2021,97,84,0,0,0
20:00:43 Feb 03 2021,97,86,0,0,0
20:00:45 Feb 03 2021,96,89,0,0,0
20:00:47 Feb 03 2021,96,88,0,0,0
20:00:49 Feb 03 2021,96,90,0,0,0
20:00:51 Feb 03 2021,96,90,0,0,0
20:00:53 Feb 03 2021,96,87,0,0,0
20:00:55 Feb 03 2021,96,85,0,0,0
20:00:57 Feb 03 2021,96,82,0,0,0
20:00:59 Feb 03 2021,96,79,0,0,0
20:01:01 Feb 03 2021,96,81,0,0,0
20:01:03 Feb 03 2021,96,74,0,0,0
20:01:05 Feb 03 2021,96,69,0,0,0
20:01:07 Feb 03 2021,96,72,0,0,0
20:01:09 Feb 03 2021,96,71,0,0,0
20:01:11 Feb 03 2021,96,75,0,0,0
20:01:13 Feb 03 2021,96,78,0,0,0
20:01:15 Feb 03 2021,96,81,0,0,0
20:01:17 Feb 03 2021,96,81,0,0,0
20:01:19 Feb 03 2021,96,82,0,0,0
20:01:21 Feb 03 2021,96,84,0,0,0
20:01:23 Feb 03 2021,96,81,0,0,0
20:01:25 Feb 03 2021,96,81,0,0,0
20:01:27 Feb 03 2021,96,82,0,0,0
20:01:29 Feb 03 2021,96,81,0,0,0
20:01:31 Feb 03 2021,96,81,0,0,0
20:01:33 Feb 03 2021,96,81,0,0,0
20:01:35 Feb 03 2021,96,81,0,0,0
20:01:37 Feb 03 2021,96,81,0,0,0
20:01:39 Feb 03 2021,96,81,0,0,0
20:01:41 Feb 03 2021,96,81,0,0,0
20:01:43 Feb 03 2021,96,81,0,0,0
20:01:45 Feb 03 2021,96,81,0,0,0
20:01:47 Feb 03 2021,96,80,0,0,0
20:01:49 Feb 03 2021,96,81,0,0,0
20:01:51 Feb 03 2021,96,82,0,0,0
20:01:53 Feb 03 2021,96,87,0,0,0
20:01:55 Feb 03 2021,96,86,0,0,0
20:01:57 Feb 03 2021,96,86,0,0,0
20:01:59 Feb 03 2021,95,86,0,0,0
20:02:01 Feb 03 2021,95,85,0,0,0
20:02:03 Feb 03 2021,95,83,0,0,0
20:02:05 Feb 03 2021,96,83,0,0,0
20:02:07 Feb 03 2021,96,84,0,0,0
20:02:09 Feb 03 2021,96,84,0,0,0
20:02:11 Feb 03 2021,96,84,0,0,0
20:02:13 Feb 03 2021,96,84,0,0,0
20:02:15 Feb 03 2021,96,84,0,0,0
20:02:17 Feb 03 2021,96,85,0,0,0
20:02:19 Feb 03 2021,96,85,0,0,0
20:02:21 Feb 03 2021,95,87,0,0,0
20:02:23 Feb 03 2021,96,85,0,0,0
20:02:25 Feb 03 2021,96,80,0,0,0
20:02:27 Feb 03 2021,96,81,0,0,0
20:02:29 Feb 03 2021,96,85,0,0,0
20:02:31 Feb 03 2021,96,87,0,0,0
20:02:33 Feb 03 2021,96,88,0,0,0
20:02:35 Feb 03 2021,96,87,0,0,0
20:02:37 Feb 03 2021,96,88,0,0,0
20:02:39 Feb 03 2021,96,86,0,0,0
20:02:41 Feb 03 2021,96,86,0,0,0
20:02:43 Feb 03 2021,96,86,0,0,0
20:02:45 Feb 03 2021,96,85,0,0,0
20:02:47 Feb 03 2021,96,84,0,0,0
20:02:49 Feb 03 2021,96,84,0,0,0
20:02:51 Feb 03 2021,96,84,0,0,0
20:02:53 Feb 03 2021,96,84,0,0,0
20:02:55 Feb 03 2021,96,84,0,0,0
20:02:57 Feb 03 2021,96,84,0,0,0
20:02:59 Feb 03 2021,96,84,0,0,0
20:03:01 Feb 03 2021,96,84,0,0,0
20:03:03 Feb 03 2021,96,84,0,0,0
20:03:05 Feb 03 2021,96,84,0,0,0
20:03:07 Feb 03 2021,96,84,0,0,0
20:03:09 Feb 03 2021,96,84,0,0,0
20:03:11 Feb 03 2021,96,84,0,0,0
20:03:13 Feb 03 2021,96,84,0,0,0
20:03:15 Feb 03 2021,96,82,0,0,0
20:03:17 Feb 03 2021,96,84,0,0,0
20:03:19 Feb 03 2021,96,84,0,0,0
20:03:21 Feb 03 2021,96,85,0,0,0
20:03:23 Feb 03 2021,96,85,0,0,0
20:03:25 Feb 03 2021,96,86,0,0,0
20:03:27 Feb 03 2021,96,87,0,0,0
20:03:29 Feb 03 2021,96,89,0,0,0
20:03:31 Feb 03 2021,97,90,0,0,0
20:03:33 Feb 03 2021,97,89,0,0,0
20:03:35 Feb 03 2021,97,88,0,0,0
20:03:37 Feb 03 2021,97,85,0,0,0
20:03:39 Feb 03 2021,97,83,0,0,0
20:03:41 Feb 03 2021,97,79,0,0,0
20:03:43 Feb 03 2021,97,79,0,0,0
20:03:45 Feb 03 2021,97,76,0,0,0
20:03:47 Feb 03 2021,97,69,0,0,0
20:03:49 Feb 03 2021,97,68,0,0,0
20:03:51 Feb 03 2021,97,68,0,0,0
20:03:53 Feb 03 2021,97,66,0,0,0
20:03:55 Feb 03 2021,96,68,0,0,0
20:03:57 Feb 03 2021,96,66,0,0,0
20:03:59 Feb 03 2021,96,68,0,0,0
20:04:01 Feb 03 2021,96,73,0,0,0
20:04:03 Feb 03 2021,97,73,0,0,0
20:04:05 Feb 03 2021,96,75,0,0,0
20:04:07 Feb 03 2021,97,78,0,0,0
20:04:09 Feb 03 2021,96,79,0,0,0
20:04:11 Feb 03 2021,96,79,0,0,0
20:04:13 Feb 03 2021,97,80,0,0,0
20:04:15 Feb 03 2021,97,81,0,0,0
20:04:17 Feb 03 2021,97,82,0,0,0
20:04:19 Feb 03 2021,96,81,0,0,0
20:04:21 Feb 03 2021,96,82,0,0,0
20:04:23 Feb 03 2021,96,80,0,0,0
20:04:25 Feb 03 2021,96,79,0,0,0
20:04:27 Feb 03 2021,96,83,0,0,0
20:04:29 Feb 03 2021,97,85,0,0,0
20:04:31 Feb 03 2021,97,85,0,0,0
20:04:33 Feb 03 2021,97,86,0,0,0
20:04:35 Feb 03 2021,97,82,0,0,0
20:04:37 Feb 03 2021,97,81,0,0,0
20:04:39 Feb 03 2021,97,83,0,0,0
20:04:41 Feb 03 2021,97,83,0,0,0
20:04:43 Feb 03 2021,97,84,0,0,0
20:04:45 Feb 03 2021,97,84,0,0,0
20:04:47 Feb 03 2021,97,80,0,0,0
20:04:49 Feb 03 2021,97,76,0,0,0
20:04:51 Feb 03 2021,97,75,0,0,0
20:04:53 Feb 03 2021,97,74,0,0,0
20:04:55 Feb 03 2021,97,77,0,0,0
20:04:57 Feb 03 2021,97,78,0,0,0
20:04:59 Feb 03 2021,97,79,0,0,0
20:05:01 Feb 03 2021,95,79,0,0,0
20:05:03 Feb 03 2021,94,78,0,0,0
20:05:05 Feb 03 2021,93,78,0,0,0
20:05:07 Feb 03 2021,93,78,0,0,0
20:05:09 Feb 03 2021,93,80,0,0,0
20:05:11 Feb 03 2021,94,81,0,0,0
20:05:13 Feb 03 2021,94,82,0,0,0
20:05:15 Feb 03 2021,94,82,0,0,0
20:05:17 Feb 03 2021,95,80,0,0,0
20:05:19 Feb 03 2021,95,80,0,0,0
20:05:21 Feb 03 2021,96,80,0,0,0
20:05:23 Feb 03 2021,96,80,0,0,0
20:05:25 Feb 03 2021,96,80,0,0,0
20:05:27 Feb 03 2021,97,79,0,0,0
20:05:29 Feb 03 2021,97,78,0,0,0
20:05:31 Feb 03 2021,97,78,0,0,0
20:05:33 Feb 03 2021,97,77,0,0,0
20:05:35 Feb 03 2021,97,78,0,0,0
20:05:37 Feb 03 2021,97,79,0,0,0
20:05:39 Feb 03 2021,97,80,0,0,0
20:05:41 Feb 03 2021,96,82,0,0,0
20:05:43 Feb 03 2021,96,81,0,0,0
20:05:45 Feb 03 2021,96,83,0,0,0
20:05:47 Feb 03 2021,94,86,0,0,0
20:05:49 Feb 03 2021,94,86,0,0,0
20:05:51 Feb 03 2021,93,85,0,0,0
20:05:53 Feb 03 2021,93,86,0,0,0
20:05:55 Feb 03 2021,93,86,0,0,0
20:05:57 Feb 03 2021,93,83,0,0,0
20:05:59 Feb 03 2021,93,84,0,0,0
20:06:01 Feb 03 2021,93,81,0,0,0
20:06:03 Feb 03 2021,93,78,0,0,0
20:06:05 Feb 03 2021,93,77,0,0,0
20:06:07 Feb 03 2021,93,76,0,0,0
20:06:09 Feb 03 2021,94,76,0,0,0
20:06:11 Feb 03 2021,95,76,0,0,0
20:06:13 Feb 03 2021,95,77,0,0,0
20:06:15 Feb 03 2021,96,73,0,0,0
20:06:17 Feb 03 2021,97,70,0,0,0
20:06:19 Feb 03 2021,97,75,0,0,0
20:06:21 Feb 03 2021,97,75,0,0,0
20:06:23 Feb 03 2021,97,75,0,0,0
20:06:25 Feb 03 2021,97,77,0,0,0
20:06:27 Feb 03 2021,97,76,0,0,0
20:06:29 Feb 03 2021,97,76,0,0,0
20:06:31 Feb 03 2021,97,76,0,0,0
20:06:33 Feb 03 2021,97,76,0,0,0
20:06:35 Feb 03 2021,97,76,0,0,0
20:06:37 Feb 03 2021,97,76,0,0,0
20:06:39 Feb 03 2021,97,76,0,0,0
20:06:41 Feb 03 2021,97,76,0,0,0
20:06:43 Feb 03 2021,97,76,0,0,0
20:06:45 Feb 03 2021,97,76,0,0,0
20:06:47 Feb 03 2021,97,76,0,0,0
20:06:49 Feb 03 2021,97,76,0,0,0
20:06:51 Feb 03 2021,97,76,0,0,0
20:06:53 Feb 03 2021,97,77,0,0,0
20:06:55 Feb 03 2021,97,81,0,0,0
20:06:57 Feb 03 2021,97,81,0,0,0
20:06:59 Feb 03 2021,97,83,0,0,0
20:07:01 Feb 03 2021,96,81,0,0,0
20:07:03 Feb 03 2021,95,81,0,0,0
20:07:05 Feb 03 2021,95,81,0,0,0
20:07:07 Feb 03 2021,94,81,0,0,0
20:07:09 Feb 03 2021,95,81,0,0,0
20:07:11 Feb 03 2021,95,79,0,0,0
20:07:13 Feb 03 2021,95,72,0,0,0
20:07:15 Feb 03 2021,96,70,0,0,0
20:07:17 Feb 03 2021,96,66,0,0,0
20:07:19 Feb 03 2021,97,66,0,0,0
20:07:21 Feb 03 2021,97,70,0,0,0
20:07:23 Feb 03 2021,97,70,0,0,0
20:07:25 Feb 03 2021,97,73,0,0,0
20:07:27 Feb 03 2021,97,77,0,0,0
20:07:29 Feb 03 2021,97,77,0,0,0
20:07:31 Feb 03 2021,97,80,0,0,0
20:07:33 Feb 03 2021,97,79,0,0,0
20:07:35 Feb 03 2021,97,77,0,0,0
20:07:37 Feb 03 2021,97,79,0,0,0
20:07:39 Feb 03 2021,97,81,0,0,0
20:07:41 Feb 03 2021,97,82,0,0,0
20:07:43 Feb 03 2021,96,84,0,0,0
20:07:45 Feb 03 2021,96,78,0,0,0
20:07:47 Feb 03 2021,96,77,0,0,0
20:07:49 Feb 03 2021,96,83,0,0,0
20:07:51 Feb 03 2021,95,82,0,0,0
20:07:53 Feb 03 2021,95,81,0,0,0
20:07:55 Feb 03 2021,94,81,0,0,0
20:07:57 Feb 03 2021,94,81,0,0,0
20:07:59 Feb 03 2021,95,80,0,0,0
20:08:01 Feb 03 2021,95,80,0,0,0
20:08:03 Feb 03 2021,95,79,0,0,0
20:08:05 Feb 03 2021,93,73,0,0,0
20:08:07 Feb 03 2021,92,66,0,0,0
20:08:09 Feb 03 2021,91,62,0,0,0
20:08:11 Feb 03 2021,92,65,0,0,0
20:08:13 Feb 03 2021,93,69,0,0,0
20:08:15 Feb 03 2021,93,71,0,0,0
20:08:17 Feb 03 2021,94,73,0,0,0
20:08:19 Feb 03 2021,94,74,0,0,0
20:08:21 Feb 03 2021,95,75,0,0,0
20:08:23 Feb 03 2021,95,75,0,0,0
20:08:25 Feb 03 2021,95,75,0,0,0
20:08:27 Feb 03 2021,96,75,0,0,0
20:08:29 Feb 03 2021,96,76,0,0,0
20:08:31 Feb 03 2021,96,77,0,0,0
20:08:33 Feb 03 2021,96,78,0,0,0
20:08:35 Feb 03 2021,97,79,0,0,0
20:08:37 Feb 03 2021,97,79,0,0,0
20:08:39 Feb 03 2021,97,80,0,0,0
20:08:41 Feb 03 2021,97,83,0,0,0
20:08:43 Feb 03 2021,97,84,0,0,0
20:08:45 Feb 03 2021,97,84,0,0,0
20:08:47 Feb 03 2021,97,86,0,0,0
20:08:49 Feb 03 2021,96,84,0,0,0
20:08:51 Feb 03 2021,96,85,0,0,0
20:08:53 Feb 03 2021,96,85,0,0,0
20:08:55 Feb 03 2021,96,83,0,0,0
20:08:57 Feb 03 2021,95,83,0,0,0
20:08:59 Feb 03 2021,95,81,0,0,0
20:09:01 Feb 03 2021,94,81,0,0,0
20:09:03 Feb 03 2021,93,79,0,0,0
20:09:05 Feb 03 2021,93,80,0,0,0
20:09:07 Feb 03 2021,92,79,0,0,0
20:09:09 Feb 03 2021,92,82,0,0,0
20:09:11 Feb 03 2021,92,82,0,0,0
20:09:13 Feb 03 2021,92,83,0,0,0
20:09:15 Feb 03 2021,92,84,0,0,0
20:09:17 Feb 03 2021,92,83,0,0,0
20:09:19 Feb 03 2021,92,83,0,0,0
20:09:21 Feb 03 2021,92,83,0,0,0
20:09:23 Feb 03 2021,93,83,0,0,0
20:09:25 Feb 03 2021,94,81,0,0,0
20:09:27 Feb 03 2021,96,79,0,0,0
20:09:29 Feb 03 2021,97,78,0,0,0
20:09:31 Feb 03 2021,97,77,0,0,0
20:09:33 Feb 03 2021,97,78,0,0,0
20:09:35 Feb 03 2021,97,82,0,0,0
20:09:37 Feb 03 2021,97,85,0,0,0
20:09:39 Feb 03 2021,97,89,0,0,0
20:09:41 Feb 03 2021,97,89,0,0,0
20:09:43 Feb 03 2021,97,82,0,0,0
20:09:45 Feb 03 2021,97,82,0,0,0
20:09:47 Feb 03 2021,97,81,0,0,0
20:09:49 Feb 03 2021,97,80,0,0,0
20:09:51 Feb 03 2021,97,82,0,0,0
20:09:53 Feb 03 2021,97,82,0,0,0
20:09:55 Feb 03 2021,97,82,0,0,0
20:09:57 Feb 03 2021,97,82,0,0,0
20:09:59 Feb 03 2021,97,82,0,0,0
20:10:01 Feb 03 2021,97,83,0,0,0
20:10:03 Feb 03 2021,97,84,0,0,0
20:10:05 Feb 03 2021,97,85,0,0,0
20:10:07 Feb 03 2021,97,85,0,0,0
20:10:09 Feb 03 2021,97,84,0,0,0
20:10:11 Feb 03 2021,97,83,0,0,0
20:10:13 Feb 03 2021,97,83,0,0,0
20:10:15 Feb 03 2021,97,84,0,0,0
20:10:17 Feb 03 2021,97,84,0,0,0
20:10:19 Feb 03 2021,97,84,0,0,0
20:10:21 Feb 03 2021,97,86,0,0,0
20:10:23 Feb 03 2021,97,90,0,0,0
20:10:25 Feb 03 2021,97,90,0,0,0
20:10:27 Feb 03 2021,97,91,0,0,0
20:10:29 Feb 03 2021,97,92,0,0,0
20:10:31 Feb 03 2021,97,92,0,0,0
20:10:33 Feb 03 2021,97,91,0,0,0
20:10:35 Feb 03 2021,97,91,0,0,0
20:10:37 Feb 03 2021,97,90,0,0,0
20:10:39 Feb 03 2021,97,90,0,0,0
20:10:41 Feb 03 2021,97,88,0,0,0
20:10:43 Feb 03 2021,97,89,0,0,0
20:10:45 Feb 03 2021,97,89,0,0,0
20:10:47 Feb 03 2021,97,89,0,0,0
20:10:49 Feb 03 2021,97,89,0,0,0
20:10:51 Feb 03 2021,97,89,0,0,0
20:10:53 Feb 03 2021,97,88,0,0,0
20:10:55 Feb 03 2021,96,86,0,0,0
20:10:57 Feb 03 2021,96,86,0,0,0
20:10:59 Feb 03 2021,96,85,0,0,0
20:11:01 Feb 03 2021,96,86,0,0,0
20:11:03 Feb 03 2021,96,86,0,0,0
20:11:05 Feb 03 2021,96,80,0,0,0
20:11:07 Feb 03 2021,97,82,0,0,0
20:11:09 Feb 03 2021,97,84,0,0,0
20:11:11 Feb 03 2021,97,81,0,0,0
20:11:13 Feb 03 2021,97,81,0,0,0
20:11:15 Feb 03 2021,97,80,0,0,0
20:11:17 Feb 03 2021,97,77,0,0,0
20:11:19 Feb 03 2021,97,77,0,0,0
20:11:21 Feb 03 2021,97,76,0,0,0
20:11:23 Feb 03 2021,97,77,0,0,0
20:11:25 Feb 03 2021,97,77,0,0,0
20:11:27 Feb 03 2021,97,77,0,0,0
20:11:29 Feb 03 2021,97,77,0,0,0
20:11:31 Feb 03 2021,97,78,0,0,0
20:11:33 Feb 03 2021,97,78,0,0,0
20:11:35 Feb 03 2021,97,79,0,0,0
20:11:37 Feb 03 2021,97,78,0,0,0
20:11:39 Feb 03 2021,97,80,0,0,0
20:11:41 Feb 03 2021,97,80,0,0,0
20:11:43 Feb 03 2021,97,81,0,0,0
20:11:45 Feb 03 2021,97,80,0,0,0
20:11:47 Feb 03 2021,97,80,0,0,0
20:11:49 Feb 03 2021,97,80,0,0,0
20:11:51 Feb 03 2021,97,79,0,0,0
20:11:53 Feb 03 2021,97,79,0,0,0
20:11:55 Feb 03 2021,97,78,0,0,0
20:11:57 Feb 03 2021,97,79,0,0,0
20:11:59 Feb 03 2021,97,78,0,0,0
20:12:01 Feb 03 2021,97,78,0,0,0
20:12:03 Feb 03 2021,97,79,0,0,0
20:12:05 Feb 03 2021,96,78,0,0,0
20:12:07 Feb 03 2021,97,81,0,0,0
20:12:09 Feb 03 2021,97,81,0,0,0
20:12:11 Feb 03 2021,97,80,0,0,0
20:12:13 Feb 03 2021,97,79,0,0,0
20:12:15 Feb 03 2021,97,80,0,0,0
20:12:17 Feb 03 2021,97,80,0,0,0
20:12:19 Feb 03 2021,96,79,0,0,0
20:12:21 Feb 03 2021,95,79,0,0,0
20:12:23 Feb 03 2021,94,79,0,0,0
20:12:25 Feb 03 2021,94,79,0,0,0
20:12:27 Feb 03 2021,95,73,0,0,0
20:12:29 Feb 03 2021,96,70,0,0,0
20:12:31 Feb 03 2021,96,67,0,0,0
20:12:33 Feb 03 2021,96,64,0,0,0
20:12:35 Feb 03 2021,96,68,0,0,0
20:12:37 Feb 03 2021,96,68,0,0,0
20:12:39 Feb 03 2021,96,66,0,0,0
20:12:41 Feb 03 2021,97,66,0,0,0
20:12:43 Feb 03 2021,97,66,0,0,0
20:12:45 Feb 03 2021,97,66,0,0,0
20:12:47 Feb 03 2021,97,66,0,0,0
20:12:49 Feb 03 2021,97,65,0,0,0
20:12:51 Feb 03 2021,97,61,0,0,0
20:12:53 Feb 03 2021,97,61,0,0,0
20:12:55 Feb 03 2021,97,61,0,0,0
20:12:57 Feb 03 2021,97,64,0,0,0
20:12:59 Feb 03 2021,97,68,0,0,0
20:13:01 Feb 03 2021,97,68,0,0,0
20:13:03 Feb 03 2021,97,69,0,0,0
20:13:05 Feb 03 2021,97,69,0,0,0
20:13:07 Feb 03 2021,97,68,0,0,0
20:13:09 Feb 03 2021,97,69,0,0,0
20:13:11 Feb 03 2021,97,64,0,0,0
20:13:13 Feb 03 2021,97,60,0,0,0
20:13:15 Feb 03 2021,97,56,0,0,0
20:13:17 Feb 03 2021,97,51,0,0,0
20:13:19 Feb 03 2021,97,53,0,0,0
20:13:21 Feb 03 2021,97,53,0,0,0
20:13:23 Feb 03 2021,97,53,0,0,0
20:13:25 Feb 03 2021,97,52,0,0,0
20:13:27 Feb 03 2021,96,52,0,0,0
20:13:29 Feb 03 2021,96,53,0,0,0
20:13:31 Feb 03 2021,97,52,0,0,0
20:13:33 Feb 03 2021,97,53,0,0,0
20:13:35 Feb 03 2021,97,53,0,0,0
20:13:37 Feb 03 2021,97,58,0,0,0
20:13:39 Feb 03 2021,97,54,0,0,0
20:13:41 Feb 03 2021,97,51,0,0,0
20:13:43 Feb 03 2021,97,48,0,0,0
20:13:45 Feb 03 2021,97,42,0,0,0
20:13:47 Feb 03 2021,97,42,0,0,0
20:13:49 Feb 03 2021,97,43,0,0,0
20:13:51 Feb 03 2021,97,43,0,0,0
20:13:53 Feb 03 2021,97,43,0,0,0
20:13:55 Feb 03 2021,97,43,0,0,0
20:13:57 Feb 03 2021,97,43,0,0,0
20:13:59 Feb 03 2021,97,43,0,0,0
20:14:01 Feb 03 2021,97,43,0,0,0
20:14:03 Feb 03 2021,97,43,0,0,0
20:14:05 Feb 03 2021,97,43,0,0,0
20:14:07 Feb 03 2021,97,43,0,0,0
20:14:09 Feb 03 2021,97,43,0,0,0
20:14:11 Feb 03 2021,97,43,0,0,0
20:14:13 Feb 03 2021,97,43,0,0,0
20:14:15 Feb 03 2021,97,43,0,0,0
20:14:17 Feb 03 2021,97,43,0,0,0
20:14:19 Feb 03 2021,97,43,0,0,0
20:14:21 Feb 03 2021,97,43,0,0,0
20:14:23 Feb 03 2021,97,43,0,0,0
20:14:25 Feb 03 2021,97,43,0,0,0
20:14:27 Feb 03 2021,97,51,0,0,0
20:14:29 Feb 03 2021,97,65,0,0,0
20:14:31 Feb 03 2021,96,77,0,0,0
20:14:33 Feb 03 2021,96,84,0,0,0
20:14:35 Feb 03 2021,97,85,0,0,0
20:14:37 Feb 03 2021,97,87,0,0,0
20:14:39 Feb 03 2021,97,88,0,0,0
20:14:41 Feb 03 2021,97,90,0,0,0
20:14:43 Feb 03 2021,97,88,0,0,0
20:14:45 Feb 03 2021,97,87,0,0,0
20:14:47 Feb 03 2021,97,84,0,0,0
20:14:49 Feb 03 2021,97,81,0,0,0
20:14:51 Feb 03 2021,97,80,0,0,0
20:14:53 Feb 03 2021,97,78,0,0,0
20:14:55 Feb 03 2021,97,79,0,0,0
20:14:57 Feb 03 2021,97,81,0,0,0
20:14:59 Feb 03 2021,97,81,0,0,0
20:15:01 Feb 03 2021,97,81,0,0,0
20:15:03 Feb 03 2021,97,83,0,0,0
20:15:05 Feb 03 2021,97,81,0,0,0
20:15:07 Feb 03 2021,97,81,0,0,0
20:15:09 Feb 03 2021,97,81,0,0,0
20:15:11 Feb 03 2021,97,80,0,0,0
20:15:13 Feb 03 2021,96,80,0,0,0
20:15:15 Feb 03 2021,96,80,0,0,0
20:15:17 Feb 03 2021,96,80,0,0,0
20:15:19 Feb 03 2021,96,79,0,0,0
20:15:21 Feb 03 2021,96,79,0,0,0
20:15:23 Feb 03 2021,96,79,0,0,0
20:15:25 Feb 03 2021,96,79,0,0,0
20:15:27 Feb 03 2021,96,79,0,0,0
20:15:29 Feb 03 2021,96,79,0,0,0
20:15:31 Feb 03 2021,96,77,0,0,0
20:15:33 Feb 03 2021,96,75,0,0,0
20:15:35 Feb 03 2021,96,79,0,0,0
20:15:37 Feb 03 2021,96,75,0,0,0
20:15:39 Feb 03 2021,96,80,0,0,0
20:15:41 Feb 03 2021,96,80,0,0,0
20:15:43 Feb 03 2021,96,80,0,0,0
20:15:45 Feb 03 2021,96,81,0,0,0
20:15:47 Feb 03 2021,96,81,0,0,0
20:15:49 Feb 03 2021,96,81,0,0,0
20:15:51 Feb 03 2021,96,81,0,0,0
20:15:53 Feb 03 2021,96,81,0,0,0
20:15:55 Feb 03 2021,96,82,0,0,0
20:15:57 Feb 03 2021,97,81,0,0,0
20:15:59 Feb 03 2021,96,81,0,0,0
20:16:01 Feb 03 2021,96,79,0,0,0
20:16:03 Feb 03 2021,97,77,0,0,0
20:16:05 Feb 03 2021,96,76,0,0,0
20:16:07 Feb 03 2021,97,76,0,0,0
20:16:09 Feb 03 2021,97,76,0,0,0
20:16:11 Feb 03 2021,97,76,0,0,0
20:16:13 Feb 03 2021,97,76,0,0,0
20:16:15 Feb 03 2021,97,76,0,0,0
20:16:17 Feb 03 2021,97,76,0,0,0
20:16:19 Feb 03 2021,97,76,0,0,0
20:16:21 Feb 03 2021,96,77,0,0,0
20:16:23 Feb 03 2021,96,77,0,0,0
20:16:25 Feb 03 2021,96,76,0,0,0
20:16:27 Feb 03 2021,96,78,0,0,0
20:16:29 Feb 03 2021,97,77,0,0,0
20:16:31 Feb 03 2021,97,77,0,0,0
20:16:33 Feb 03 2021,97,78,0,0,0
20:16:35 Feb 03 2021,97,78,0,0,0
20:16:37 Feb 03 2021,97,78,0,0,0
20:16:39 Feb 03 2021,97,78,0,0,0
20:16:41 Feb 03 2021,97,78,0,0,0
20:16:43 Feb 03 2021,97,78,0,0,0
20:16:45 Feb 03 2021,96,80,0,0,0
20:16:47 Feb 03 2021,96,80,0,0,0
20:16:49 Feb 03 2021,96,82,0,0,0
20:16:51 Feb 03 2021,96,84,0,0,0
20:16:53 Feb 03 2021,96,83,0,0,0
20:16:55 Feb 03 2021,96,83,0,0,0
20:16:57 Feb 03 2021,96,83,0,0,0
20:16:59 Feb 03 2021,96,83,0,0,0
20:17:01 Feb 03 2021,96,83,0,0,0
20:17:03 Feb 03 2021,96,80,0,0,0
20:17:05 Feb 03 2021,96,81,0,0,0
20:17:07 Feb 03 2021,97,77,0,0,0
20:17:09 Feb 03 2021,97,75,0,0,0
20:17:11 Feb 03 2021,97,78,0,0,0
20:17:13 Feb 03 2021,97,78,0,0,0
20:17:15 Feb 03 2021,97,80,0,0,0
20:17:17 Feb 03 2021,97,82,0,0,0
20:17:19 Feb 03 2021,97,81,0,0,0
20:17:21 Feb 03 2021,96,72,0,0,0
20:17:23 Feb 03 2021,96,69,0,0,0
20:17:25 Feb 03 2021,97,68,0,0,0
20:17:27 Feb 03 2021,96,69,0,0,0
20:17:29 Feb 03 2021,97,71,0,0,0
20:17:31 Feb 03 2021,97,72,0,0,0
20:17:33 Feb 03 2021,96,73,0,0,0
20:17:35 Feb 03 2021,96,71,0,0,0
20:17:37 Feb 03 2021,96,72,0,0,0
20:17:39 Feb 03 2021,96,72,6,0,0
20:17:41 Feb 03 2021,--,--,2,0,0
20:17:43 Feb 03 2021,--,--,4,0,0
20:17:45 Feb 03 2021,--,--,3,0,0
20:17:47 Feb 03 2021,--,--,3,0,0
20:17:49 Feb 03 2021,--,--,4,0,0
20:17:51 Feb 03 2021,--,--,1,0,0
20:17:53 Feb 03 2021,--,--,1,0,0
20:17:55 Feb 03 2021,--,--,1,0,0
20:17:57 Feb 03 2021,--,--,1,0,0
20:17:59 Feb 03 2021,--,--,1,0,0
20:18:01 Feb 03 2021,97,37,0,0,0
20:18:03 Feb 03 2021,97,97,1,0,0
20:18:05 Feb 03 2021,97,93,1,0,0
20:18:07 Feb 03 2021,97,94,1,0,0
20:18:09 Feb 03 2021,97,94,0,0,0
20:18:11 Feb 03 2021,97,94,1,0,0
20:18:13 Feb 03 2021,97,94,1,0,0
20:18:15 Feb 03 2021,97,94,0,0,0
20:18:17 Feb 03 2021,97,94,1,0,0
20:18:19 Feb 03 2021,97,94,2,0,0
20:18:21 Feb 03 2021,97,94,1,0,0
20:18:23 Feb 03 2021,97,92,1,0,0
20:18:25 Feb 03 2021,97,92,1,0,0
20:18:27 Feb 03 2021,97,90,0,0,0
20:18:29 Feb 03 2021,97,89,1,0,0
20:18:31 Feb 03 2021,97,89,1,0,0
20:18:33 Feb 03 2021,97,87,1,0,0
20:18:35 Feb 03 2021,97,84,1,0,0
20:18:37 Feb 03 2021,96,84,1,0,0
20:18:39 Feb 03 2021,96,84,1,0,0
20:18:41 Feb 03 2021,96,82,0,0,0
20:18:43 Feb 03 2021,96,81,1,0,0
20:18:45 Feb 03 2021,95,79,1,0,0
20:18:47 Feb 03 2021,95,78,0,0,0
20:18:49 Feb 03 2021,95,78,1,0,0
20:18:51 Feb 03 2021,95,79,1,0,0
20:18:53 Feb 03 2021,95,79,4,0,0
20:18:55 Feb 03 2021,95,78,1,0,0
20:18:57 Feb 03 2021,96,78,1,0,0
20:18:59 Feb 03 2021,96,77,1,0,0
20:19:01 Feb 03 2021,96,76,0,0,0
20:19:03 Feb 03 2021,96,74,0,0,0
20:19:05 Feb 03 2021,97,74,1,0,0
20:19:07 Feb 03 2021,97,74,1,0,0
20:19:09 Feb 03 2021,97,74,0,0,0
20:19:11 Feb 03 2021,97,76,1,0,0
20:19:13 Feb 03 2021,97,78,1,0,0
20:19:15 Feb 03 2021,97,79,1,0,0
20:19:17 Feb 03 2021,97,80,0,0,0
20:19:19 Feb 03 2021,97,81,0,0,0
20:19:21 Feb 03 2021,97,80,1,0,0
20:19:23 Feb 03 2021,97,80,0,0,0
20:19:25 Feb 03 2021,97,83,0,0,0
20:19:27 Feb 03 2021,97,84,1,0,0
20:19:29 Feb 03 2021,97,88,1,0,0
20:19:31 Feb 03 2021,97,88,1,0,0
20:19:33 Feb 03 2021,97,88,1,0,0
20:19:35 Feb 03 2021,97,88,0,0,0
20:19:37 Feb 03 2021,97,85,0,0,0
20:19:39 Feb 03 2021,96,83,0,0,0
20:19:41 Feb 03 2021,96,83,0,0,0
20:19:43 Feb 03 2021,96,80,1,0,0
20:19:45 Feb 03 2021,96,80,1,0,0
20:19:47 Feb 03 2021,96,80,1,0,0
20:19:49 Feb 03 2021,96,78,1,0,0
20:19:51 Feb 03 2021,95,80,1,0,0
20:19:53 Feb 03 2021,95,80,0,0,0
20:19:55 Feb 03 2021,95,80,1,0,0
20:19:57 Feb 03 2021,95,80,0,0,0
20:19:59 Feb 03 2021,95,79,1,0,0
20:20:01 Feb 03 2021,95,76,0,0,0
20:20:03 Feb 03 2021,95,70,0,0,0
20:20:05 Feb 03 2021,95,66,0,0,0
20:20:07 Feb 03 2021,96,64,0,0,0
20:20:09 Feb 03 2021,96,64,1,0,0
20:20:11 Feb 03 2021,96,65,0,0,0
20:20:13 Feb 03 2021,96,65,1,0,0
20:20:15 Feb 03 2021,96,65,1,0,0
20:20:17 Feb 03 2021,96,65,0,0,0
20:20:19 Feb 03 2021,96,65,1,0,0
20:20:21 Feb 03 2021,96,65,0,0,0
20:20:23 Feb 03 2021,96,62,0,0,0
20:20:25 Feb 03 2021,97,62,1,0,0
20:20:27 Feb 03 2021,97,61,0,0,0
20:20:29 Feb 03 2021,97,62,1,0,0
20:20:31 Feb 03 2021,97,62,1,0,0
20:20:33 Feb 03 2021,97,62,1,0,0
20:20:35 Feb 03 2021,97,62,0,0,0
20:20:37 Feb 03 2021,97,62,0,0,0
20:20:39 Feb 03 2021,96,66,0,0,0
20:20:41 Feb 03 2021,96,68,0,0,0
20:20:43 Feb 03 2021,96,70,1,0,0
20:20:45 Feb 03 2021,97,70,0,0,0
20:20:47 Feb 03 2021,97,64,1,0,0
20:20:49 Feb 03 2021,97,63,0,0,0
20:20:51 Feb 03 2021,97,61,1,0,0
20:20:53 Feb 03 2021,97,58,1,0,0
20:20:55 Feb 03 2021,97,61,0,0,0
20:20:57 Feb 03 2021,97,62,0,0,0
20:20:59 Feb 03 2021,96,61,1,0,0
20:21:01 Feb 03 2021,96,64,0,0,0
20:21:03 Feb 03 2021,96,65,1,0,0
20:21:05 Feb 03 2021,95,66,0,0,0
20:21:07 Feb 03 2021,95,67,1,0,0
20:21:09 Feb 03 2021,95,66,1,0,0
20:21:11 Feb 03 2021,95,62,1,0,0
20:21:13 Feb 03 2021,94,60,1,0,0
20:21:15 Feb 03 2021,94,60,1,0,0
20:21:17 Feb 03 2021,94,62,1,0,0
20:21:19 Feb 03 2021,94,64,1,0,0
20:21:21 Feb 03 2021,94,65,1,0,0
20:21:23 Feb 03 2021,94,66,0,0,0
20:21:25 Feb 03 2021,95,65,0,0,0
20:21:27 Feb 03 2021,95,65,1,0,0
20:21:29 Feb 03 2021,95,64,1,0,0
20:21:31 Feb 03 2021,95,65,1,0,0
20:21:33 Feb 03 2021,95,65,1,0,0
20:21:35 Feb 03 2021,95,65,0,0,0
20:21:37 Feb 03 2021,95,65,0,0,0
20:21:39 Feb 03 2021,95,64,1,0,0
20:21:41 Feb 03 2021,96,63,0,0,0
20:21:43 Feb 03 2021,96,62,1,0,0
20:21:45 Feb 03 2021,96,62,0,0,0
20:21:47 Feb 03 2021,96,61,0,0,0
20:21:49 Feb 03 2021,96,61,0,0,0
20:21:51 Feb 03 2021,96,61,1,0,0
20:21:53 Feb 03 2021,96,61,0,0,0
20:21:55 Feb 03 2021,96,59,0,0,0
20:21:57 Feb 03 2021,96,58,1,0,0
20:21:59 Feb 03 2021,96,58,0,0,0
20:22:01 Feb 03 2021,96,58,1,0,0
20:22:03 Feb 03 2021,96,58,0,0,0
20:22:05 Feb 03 2021,95,58,1,0,0
20:22:07 Feb 03 2021,94,61,1,0,0
20:22:09 Feb 03 2021,94,60,0,0,0
20:22:11 Feb 03 2021,94,61,1,0,0
20:22:13 Feb 03 2021,93,59,1,0,0
20:22:15 Feb 03 2021,93,56,1,0,0
20:22:17 Feb 03 2021,93,56,1,0,0
20:22:19 Feb 03 2021,93,56,0,0,0
20:22:21 Feb 03 2021,94,57,1,0,0
20:22:23 Feb 03 2021,94,58,1,0,0
20:22:25 Feb 03 2021,94,60,0,0,0
20:22:27 Feb 03 2021,95,62,0,0,0
20:22:29 Feb 03 2021,95,63,1,0,0
20:22:31 Feb 03 2021,95,65,0,0,0
20:22:33 Feb 03 2021,95,63,1,0,0
20:22:35 Feb 03 2021,95,62,0,0,0
20:22:37 Feb 03 2021,96,61,1,0,0
20:22:39 Feb 03 2021,96,60,1,0,0
20:22:41 Feb 03 2021,96,60,1,0,0
20:22:43 Feb 03 2021,96,60,1,0,0
20:22:45 Feb 03 2021,96,65,1,0,0
20:22:47 Feb 03 2021,96,64,0,0,0
20:22:49 Feb 03 2021,96,66,0,0,0
20:22:51 Feb 03 2021,96,72,0,0,0
20:22:53 Feb 03 2021,96,72,0,0,0
20:22:55 Feb 03 2021,96,73,1,0,0
20:22:57 Feb 03 2021,96,76,1,0,0
20:22:59 Feb 03 2021,96,75,1,0,0
20:23:01 Feb 03 2021,96,73,1,0,0
20:23:03 Feb 03 2021,96,74,0,0,0
20:23:05 Feb 03 2021,96,77,1,0,0
20:23:07 Feb 03 2021,96,78,1,0,0
20:23:09 Feb 03 2021,96,77,1,0,0
20:23:11 Feb 03 2021,96,78,0,0,0
20:23:13 Feb 03 2021,96,75,1,0,0
20:23:15 Feb 03 2021,96,75,10,0,0
20:23:17 Feb 03 2021,96,75,1,0,0
20:23:19 Feb 03 2021,96,75,0,0,0
20:23:21 Feb 03 2021,96,77,0,0,0
20:23:23 Feb 03 2021,95,80,0,0,0
20:23:25 Feb 03 2021,95,79,0,0,0
20:23:27 Feb 03 2021,95,79,1,0,0
20:23:29 Feb 03 2021,95,79,0,0,0
20:23:31 Feb 03 2021,95,80,0,0,0
20:23:33 Feb 03 2021,95,79,0,0,0
20:23:35 Feb 03 2021,95,79,1,0,0
20:23:37 Feb 03 2021,95,80,0,0,0
20:23:39 Feb 03 2021,95,80,0,0,0
20:23:41 Feb 03 2021,95,81,0,0,0
20:23:43 Feb 03 2021,95,80,0,0,0
20:23:45 Feb 03 2021,96,81,0,0,0
20:23:47 Feb 03 2021,96,81,0,0,0
20:23:49 Feb 03 2021,96,79,0,0,0
20:23:51 Feb 03 2021,97,77,0,0,0
20:23:53 Feb 03 2021,97,76,0,0,0
20:23:55 Feb 03 2021,97,75,0,0,0
20:23:57 Feb 03 2021,97,76,0,0,0
20:23:59 Feb 03 2021,97,76,0,0,0
20:24:01 Feb 03 2021,97,76,0,0,0
20:24:03 Feb 03 2021,97,76,0,0,0
20:24:05 Feb 03 2021,97,76,0,0,0
20:24:07 Feb 03 2021,97,78,1,0,0
20:24:09 Feb 03 2021,97,77,1,0,0
20:24:11 Feb 03 2021,97,76,1,0,0
20:24:13 Feb 03 2021,97,72,1,0,0
20:24:15 Feb 03 2021,96,70,0,0,0
20:24:17 Feb 03 2021,96,69,1,0,0
20:24:19 Feb 03 2021,95,69,0,0,0
20:24:21 Feb 03 2021,95,75,0,0,0
20:24:23 Feb 03 2021,94,78,0,0,0
20:24:25 Feb 03 2021,93,73,0,0,0
20:24:27 Feb 03 2021,92,82,0,0,0
20:24:29 Feb 03 2021,92,84,0,0,0
20:24:31 Feb 03 2021,91,87,0,0,0
20:24:33 Feb 03 2021,91,89,0,0,0
20:24:35 Feb 03 2021,91,87,1,0,0
20:24:37 Feb 03 2021,92,87,0,0,0
20:24:39 Feb 03 2021,92,86,0,0,0
20:24:41 Feb 03 2021,92,85,0,0,0
20:24:43 Feb 03 2021,92,85,0,0,0
20:24:45 Feb 03 2021,92,83,0,0,0
20:24:47 Feb 03 2021,93,77,1,0,0
20:24:49 Feb 03 2021,95,76,1,0,0
20:24:51 Feb 03 2021,96,72,0,0,0
20:24:53 Feb 03 2021,96,76,1,0,0
20:24:55 Feb 03 2021,96,81,0,0,0
20:24:57 Feb 03 2021,96,81,0,0,0
20:24:59 Feb 03 2021,96,81,1,0,0
20:25:01 Feb 03 2021,96,81,1,0,0
20:25:03 Feb 03 2021,96,81,0,0,0
20:25:05 Feb 03 2021,97,81,0,0,0
20:25:07 Feb 03 2021,97,81,0,0,0
20:25:09 Feb 03 2021,97,82,0,0,0
20:25:11 Feb 03 2021,97,82,0,0,0
20:25:13 Feb 03 2021,97,82,1,0,0
20:25:15 Feb 03 2021,97,82,0,0,0
20:25:17 Feb 03 2021,97,80,0,0,0
20:25:19 Feb 03 2021,97,80,0,0,0
20:25:21 Feb 03 2021,97,80,1,0,0
20:25:23 Feb 03 2021,97,78,1,0,0
20:25:25 Feb 03 2021,97,81,0,0,0
20:25:27 Feb 03 2021,97,80,1,0,0
20:25:29 Feb 03 2021,96,80,0,0,0
20:25:31 Feb 03 2021,96,80,1,0,0
20:25:33 Feb 03 2021,95,78,0,0,0
20:25:35 Feb 03 2021,94,77,1,0,0
20:25:37 Feb 03 2021,94,76,0,0,0
20:25:39 Feb 03 2021,94,76,1,0,0
20:25:41 Feb 03 2021,93,80,0,0,0
20:25:43 Feb 03 2021,93,79,0,0,0
20:25:45 Feb 03 2021,94,78,0,0,0
20:25:47 Feb 03 2021,94,80,0,0,0
20:25:49 Feb 03 2021,94,78,0,0,0
20:25:51 Feb 03 2021,95,77,0,0,0
20:25:53 Feb 03 2021,95,79,0,0,0
20:25:55 Feb 03 2021,96,79,0,0,0
20:25:57 Feb 03 2021,97,81,0,0,0
20:25:59 Feb 03 2021,97,83,0,0,0
20:26:01 Feb 03 2021,97,83,0,0,0
20:26:03 Feb 03 2021,97,75,0,0,0
20:26:05 Feb 03 2021,97,72,1,0,0
20:26:07 Feb 03 2021,97,72,1,0,0
20:26:09 Feb 03 2021,97,70,0,0,0
20:26:11 Feb 03 2021,97,79,1,0,0
20:26:13 Feb 03 2021,97,75,0,0,0
20:26:15 Feb 03 2021,96,73,0,0,0
20:26:17 Feb 03 2021,96,78,1,0,0
20:26:19 Feb 03 2021,96,76,0,0,0
20:26:21 Feb 03 2021,96,76,0,0,0
20:26:23 Feb 03 2021,96,75,1,0,0
20:26:25 Feb 03 2021,96,78,0,0,0
20:26:27 Feb 03 2021,96,76,1,0,0
20:26:29 Feb 03 2021,96,78,0,0,0
20:26:31 Feb 03 2021,96,80,1,0,0
20:26:33 Feb 03 2021,96,79,0,0,0
20:26:35 Feb 03 2021,96,80,0,0,0
20:26:37 Feb 03 2021,96,79,0,0,0
20:26:39 Feb 03 2021,95,81,0,0,0
20:26:41 Feb 03 2021,95,80,1,0,0
20:26:43 Feb 03 2021,95,80,1,0,0
20:26:45 Feb 03 2021,95,81,0,0,0
20:26:47 Feb 03 2021,95,80,0,0,0
20:26:49 Feb 03 2021,95,80,0,0,0
20:26:51 Feb 03 2021,95,80,0,0,0
20:26:53 Feb 03 2021,95,82,1,0,0
20:26:55 Feb 03 2021,96,83,0,0,0
20:26:57 Feb 03 2021,96,82,0,0,0
20:26:59 Feb 03 2021,96,83,0,0,0
20:27:01 Feb 03 2021,96,83,0,0,0
20:27:03 Feb 03 2021,96,83,0,0,0
20:27:05 Feb 03 2021,96,83,0,0,0
20:27:07 Feb 03 2021,96,83,0,0,0
20:27:09 Feb 03 2021,96,84,0,0,0
20:27:11 Feb 03 2021,96,84,1,0,0
20:27:13 Feb 03 2021,96,85,0,0,0
20:27:15 Feb 03 2021,96,85,0,0,0
20:27:17 Feb 03 2021,96,82,0,0,0
20:27:19 Feb 03 2021,96,81,0,0,0
20:27:21 Feb 03 2021,96,79,0,0,0
20:27:23 Feb 03 2021,96,79,0,0,0
20:27:25 Feb 03 2021,96,81,1,0,0
20:27:27 Feb 03 2021,96,81,0,0,0
20:27:29 Feb 03 2021,95,83,1,0,0
20:27:31 Feb 03 2021,96,83,1,0,0
20:27:33 Feb 03 2021,96,84,0,0,0
20:27:35 Feb 03 2021,96,87,0,0,0
20:27:37 Feb 03 2021,96,84,0,0,0
20:27:39 Feb 03 2021,96,85,0,0,0
20:27:41 Feb 03 2021,96,84,0,0,0
20:27:43 Feb 03 2021,96,84,0,0,0
20:27:45 Feb 03 2021,96,85,1,0,0
20:27:47 Feb 03 2021,96,85,0,0,0
20:27:49 Feb 03 2021,96,85,0,0,0
20:27:51 Feb 03 2021,95,85,1,0,0
20:27:53 Feb 03 2021,96,86,1,0,0
20:27:55 Feb 03 2021,96,88,0,0,0
20:27:57 Feb 03 2021,96,89,0,0,0
20:27:59 Feb 03 2021,96,84,0,0,0
20:28:01 Feb 03 2021,96,85,0,0,0
20:28:03 Feb 03 2021,96,81,0,0,0
20:28:05 Feb 03 2021,96,77,0,0,0
20:28:07 Feb 03 2021,96,82,1,0,0
20:28:09 Feb 03 2021,96,82,0,0,0
20:28:11 Feb 03 2021,96,81,0,0,0
20:28:13 Feb 03 2021,96,83,0,0,0
20:28:15 Feb 03 2021,96,81,0,0,0
20:28:17 Feb 03 2021,96,80,0,0,0
20:28:19 Feb 03 2021,96,83,1,0,0
20:28:21 Feb 03 2021,96,85,1,0,0
20:28:23 Feb 03 2021,96,83,0,0,0
20:28:25 Feb 03 2021,96,83,0,0,0
20:28:27 Feb 03 2021,96,81,0,0,0
20:28:29 Feb 03 2021,96,78,0,0,0
20:28:31 Feb 03 2021,95,77,0,0,0
20:28:33 Feb 03 2021,95,77,1,0,0
20:28:35 Feb 03 2021,95,80,0,0,0
20:28:37 Feb 03 2021,95,83,0,0,0
20:28:39 Feb 03 2021,95,83,0,0,0
20:28:41 Feb 03 2021,95,80,0,0,0
20:28:43 Feb 03 2021,94,77,0,0,0
20:28:45 Feb 03 2021,93,75,1,0,0
20:28:47 Feb 03 2021,92,72,1,0,0
20:28:49 Feb 03 2021,93,71,0,0,0
20:28:51 Feb 03 2021,93,69,1,0,0
20:28:53 Feb 03 2021,93,69,0,0,0
20:28:55 Feb 03 2021,94,72,0,0,0
20:28:57 Feb 03 2021,94,73,0,0,0
20:28:59 Feb 03 2021,95,75,0,0,0
20:29:01 Feb 03 2021,95,74,1,0,0
20:29:03 Feb 03 2021,96,74,0,0,0
20:29:05 Feb 03 2021,96,75,0,0,0
20:29:07 Feb 03 2021,96,74,0,0,0
20:29:09 Feb 03 2021,96,75,1,0,0
20:29:11 Feb 03 2021,96,75,1,0,0
20:29:13 Feb 03 2021,97,73,1,0,0
20:29:15 Feb 03 2021,97,73,0,0,0
20:29:17 Feb 03 2021,97,72,0,0,0
20:29:19 Feb 03 2021,97,72,0,0,0
20:29:21 Feb 03 2021,97,73,1,0,0
20:29:23 Feb 03 2021,97,73,0,0,0
20:29:25 Feb 03 2021,97,73,1,0,0
20:29:27 Feb 03 2021,97,73,0,0,0
20:29:29 Feb 03 2021,97,73,0,0,0
20:29:31 Feb 03 2021,97,73,0,0,0
20:29:33 Feb 03 2021,97,73,0,0,0
20:29:35 Feb 03 2021,97,73,0,0,0
20:29:37 Feb 03 2021,97,73,0,0,0
20:29:39 Feb 03 2021,97,74,0,0,0
20:29:41 Feb 03 2021,97,74,0,0,0
20:29:43 Feb 03 2021,97,74,0,0,0
20:29:45 Feb 03 2021,96,76,0,0,0
20:29:47 Feb 03 2021,96,78,0,0,0
20:29:49 Feb 03 2021,96,79,0,0,0
20:29:51 Feb 03 2021,95,80,1,0,0
20:29:53 Feb 03 2021,95,80,0,0,0
20:29:55 Feb 03 2021,95,78,1,0,0
20:29:57 Feb 03 2021,94,76,0,0,0
20:29:59 Feb 03 2021,95,75,0,0,0
20:30:01 Feb 03 2021,95,74,0,0,0
20:30:03 Feb 03 2021,95,74,0,0,0
20:30:05 Feb 03 2021,95,75,0,0,0
20:30:07 Feb 03 2021,95,77,1,0,0
20:30:09 Feb 03 2021,95,77,0,0,0
20:30:11 Feb 03 2021,95,78,0,0,0
20:30:13 Feb 03 2021,96,78,1,0,0
20:30:15 Feb 03 2021,96,76,1,0,0
20:30:17 Feb 03 2021,97,76,0,0,0
20:30:19 Feb 03 2021,97,78,1,0,0
20:30:21 Feb 03 2021,97,79,0,0,0
20:30:23 Feb 03 2021,97,80,1,0,0
20:30:25 Feb 03 2021,97,79,0,0,0
20:30:27 Feb 03 2021,97,79,1,0,0
20:30:29 Feb 03 2021,97,78,0,0,0
20:30:31 Feb 03 2021,97,78,0,0,0
20:30:33 Feb 03 2021,97,80,0,0,0
20:30:35 Feb 03 2021,97,80,0,0,0
20:30:37 Feb 03 2021,97,81,0,0,0
20:30:39 Feb 03 2021,97,81,0,0,0
20:30:41 Feb 03 2021,97,81,0,0,0
20:30:43 Feb 03 2021,96,81,0,0,0
20:30:45 Feb 03 2021,95,82,0,0,0
20:30:47 Feb 03 2021,94,82,1,0,0
20:30:49 Feb 03 2021,94,82,0,0,0
20:30:51 Feb 03 2021,94,81,0,0,0
20:30:53 Feb 03 2021,94,81,0,0,0
20:30:55 Feb 03 2021,95,80,0,0,0
20:30:57 Feb 03 2021,95,81,1,0,0
20:30:59 Feb 03 2021,94,81,0,0,0
20:31:01 Feb 03 2021,95,82,1,0,0
20:31:03 Feb 03 2021,95,81,1,0,0
20:31:05 Feb 03 2021,95,80,0,0,0
20:31:07 Feb 03 2021,95,81,1,0,0
20:31:09 Feb 03 2021,95,81,0,0,0
20:31:11 Feb 03 2021,95,81,0,0,0
20:31:13 Feb 03 2021,96,80,0,0,0
20:31:15 Feb 03 2021,96,76,0,0,0
20:31:17 Feb 03 2021,97,76,0,0,0
20:31:19 Feb 03 2021,97,74,0,0,0
20:31:21 Feb 03 2021,97,74,1,0,0
20:31:23 Feb 03 2021,97,76,0,0,0
20:31:25 Feb 03 2021,97,70,0,0,0
20:31:27 Feb 03 2021,97,68,0,0,0
20:31:29 Feb 03 2021,97,66,0,0,0
20:31:31 Feb 03 2021,97,65,0,0,0
20:31:33 Feb 03 2021,97,68,1,0,0
20:31:35 Feb 03 2021,97,69,0,0,0
20:31:37 Feb 03 2021,97,73,0,0,0
20:31:39 Feb 03 2021,97,69,0,0,0
20:31:41 Feb 03 2021,96,77,0,0,0
20:31:43 Feb 03 2021,96,78,1,0,0
20:31:45 Feb 03 2021,95,75,1,0,0
20:31:47 Feb 03 2021,94,78,0,0,0
20:31:49 Feb 03 2021,94,76,0,0,0
20:31:51 Feb 03 2021,93,78,0,0,0
20:31:53 Feb 03 2021,93,78,1,0,0
20:31:55 Feb 03 2021,93,78,1,0,0
20:31:57 Feb 03 2021,93,78,0,0,0
20:31:59 Feb 03 2021,93,79,1,0,0
20:32:01 Feb 03 2021,93,79,0,0,0
20:32:03 Feb 03 2021,93,79,0,0,0
20:32:05 Feb 03 2021,94,78,1,0,0
20:32:07 Feb 03 2021,95,76,0,0,0
20:32:09 Feb 03 2021,95,76,0,0,0
20:32:11 Feb 03 2021,95,77,0,0,0
20:32:13 Feb 03 2021,96,78,0,0,0
20:32:15 Feb 03 2021,96,77,0,0,0
20:32:17 Feb 03 2021,96,75,0,0,0
20:32:19 Feb 03 2021,97,73,1,0,0
20:32:21 Feb 03 2021,97,72,0,0,0
20:32:23 Feb 03 2021,97,71,0,0,0
20:32:25 Feb 03 2021,97,71,1,0,0
20:32:27 Feb 03 2021,97,71,0,0,0
20:32:29 Feb 03 2021,97,71,0,0,0
20:32:31 Feb 03 2021,97,66,1,0,0
20:32:33 Feb 03 2021,97,64,0,0,0
20:32:35 Feb 03 2021,97,63,0,0,0
20:32:37 Feb 03 2021,97,60,1,0,0
20:32:39 Feb 03 2021,97,65,0,0,0
20:32:41 Feb 03 2021,97,68,1,0,0
20:32:43 Feb 03 2021,97,67,0,0,0
20:32:45 Feb 03 2021,97,69,0,0,0
20:32:47 Feb 03 2021,97,68,1,0,0
20:32:49 Feb 03 2021,97,66,0,0,0
20:32:51 Feb 03 2021,97,68,0,0,0
20:32:53 Feb 03 2021,96,73,0,0,0
20:32:55 Feb 03 2021,96,68,0,0,0
20:32:57 Feb 03 2021,96,67,0,0,0
20:32:59 Feb 03 2021,96,65,1,0,0
20:33:01 Feb 03 2021,96,61,0,0,0
20:33:03 Feb 03 2021,96,63,0,0,0
20:33:05 Feb 03 2021,96,63,0,0,0
20:33:07 Feb 03 2021,96,63,0,0,0
20:33:09 Feb 03 2021,96,66,0,0,0
20:33:11 Feb 03 2021,97,67,1,0,0
20:33:13 Feb 03 2021,96,74,0,0,0
20:33:15 Feb 03 2021,96,73,0,0,0
20:33:17 Feb 03 2021,96,74,0,0,0
20:33:19 Feb 03 2021,96,76,1,0,0
20:33:21 Feb 03 2021,96,74,0,0,0
20:33:23 Feb 03 2021,96,75,0,0,0
20:33:25 Feb 03 2021,96,75,0,0,0
20:33:27 Feb 03 2021,96,74,0,0,0
20:33:29 Feb 03 2021,96,74,0,0,0
20:33:31 Feb 03 2021,96,74,0,0,0
20:33:33 Feb 03 2021,96,73,0,0,0
20:33:35 Feb 03 2021,96,74,1,0,0
20:33:37 Feb 03 2021,96,74,0,0,0
20:33:39 Feb 03 2021,96,74,0,0,0
20:33:41 Feb 03 2021,96,74,0,0,0
20:33:43 Feb 03 2021,96,74,0,0,0
20:33:45 Feb 03 2021,96,74,0,0,0
20:33:47 Feb 03 2021,96,73,0,0,0
20:33:49 Feb 03 2021,96,71,1,0,0
20:33:51 Feb 03 2021,95,71,0,0,0
20:33:53 Feb 03 2021,95,72,1,0,0
20:33:55 Feb 03 2021,95,76,0,0,0
20:33:57 Feb 03 2021,95,77,0,0,0
20:33:59 Feb 03 2021,94,79,0,0,0
20:34:01 Feb 03 2021,94,80,0,0,0
20:34:03 Feb 03 2021,95,79,0,0,0
20:34:05 Feb 03 2021,94,80,0,0,0
20:34:07 Feb 03 2021,94,79,0,0,0
20:34:09 Feb 03 2021,94,79,0,0,0
20:34:11 Feb 03 2021,94,79,0,0,0
20:34:13 Feb 03 2021,95,79,1,0,0
20:34:15 Feb 03 2021,95,77,1,0,0
20:34:17 Feb 03 2021,95,73,0,0,0
20:34:19 Feb 03 2021,95,71,1,0,0
20:34:21 Feb 03 2021,95,72,0,0,0
20:34:23 Feb 03 2021,95,74,0,0,0
20:34:25 Feb 03 2021,95,76,0,0,0
20:34:27 Feb 03 2021,95,75,0,0,0
20:34:29 Feb 03 2021,95,73,0,0,0
20:34:31 Feb 03 2021,95,72,0,0,0
20:34:33 Feb 03 2021,96,72,0,0,0
20:34:35 Feb 03 2021,96,72,0,0,0
20:34:37 Feb 03 2021,96,72,0,0,0
20:34:39 Feb 03 2021,96,74,0,0,0
20:34:41 Feb 03 2021,96,74,0,0,0
20:34:43 Feb 03 2021,95,77,0,0,0
20:34:45 Feb 03 2021,95,78,0,0,0
20:34:47 Feb 03 2021,95,77,0,0,0
20:34:49 Feb 03 2021,95,77,0,0,0
20:34:51 Feb 03 2021,95,77,0,0,0
20:34:53 Feb 03 2021,95,76,0,0,0
20:34:55 Feb 03 2021,95,76,0,0,0
20:34:57 Feb 03 2021,95,75,0,0,0
20:34:59 Feb 03 2021,95,74,0,0,0
20:35:01 Feb 03 2021,95,73,0,0,0
20:35:03 Feb 03 2021,95,71,0,0,0
20:35:05 Feb 03 2021,95,72,0,0,0
20:35:07 Feb 03 2021,95,72,0,0,0
20:35:09 Feb 03 2021,95,72,1,0,0
20:35:11 Feb 03 2021,95,72,0,0,0
20:35:13 Feb 03 2021,95,69,0,0,0
20:35:15 Feb 03 2021,96,66,1,0,0
20:35:17 Feb 03 2021,96,66,0,0,0
20:35:19 Feb 03 2021,96,65,0,0,0
20:35:21 Feb 03 2021,96,67,0,0,0
20:35:23 Feb 03 2021,96,68,0,0,0
20:35:25 Feb 03 2021,96,68,0,0,0
20:35:27 Feb 03 2021,97,69,0,0,0
20:35:29 Feb 03 2021,97,69,0,0,0
20:35:31 Feb 03 2021,97,69,1,0,0
20:35:33 Feb 03 2021,97,68,0,0,0
20:35:35 Feb 03 2021,97,68,0,0,0
20:35:37 Feb 03 2021,97,71,0,0,0
20:35:39 Feb 03 2021,97,71,0,0,0
20:35:41 Feb 03 2021,97,72,0,0,0
20:35:43 Feb 03 2021,96,72,0,0,0
20:35:45 Feb 03 2021,96,72,0,0,0
20:35:47 Feb 03 2021,96,75,0,0,0
20:35:49 Feb 03 2021,95,79,0,0,0
20:35:51 Feb 03 2021,95,80,1,0,0
20:35:53 Feb 03 2021,94,82,0,0,0
20:35:55 Feb 03 2021,94,82,0,0,0
20:35:57 Feb 03 2021,94,81,0,0,0
20:35:59 Feb 03 2021,93,82,0,0,0
20:36:01 Feb 03 2021,93,83,0,0,0
20:36:03 Feb 03 2021,93,83,0,0,0
20:36:05 Feb 03 2021,93,83,0,0,0
20:36:07 Feb 03 2021,92,84,1,0,0
20:36:09 Feb 03 2021,91,84,0,0,0
20:36:11 Feb 03 2021,91,82,0,0,0
20:36:13 Feb 03 2021,91,83,0,0,0
20:36:15 Feb 03 2021,91,82,0,0,0
20:36:17 Feb 03 2021,92,80,0,0,0
20:36:19 Feb 03 2021,94,82,0,0,0
20:36:21 Feb 03 2021,95,82,0,0,0
20:36:23 Feb 03 2021,96,82,0,0,0
20:36:25 Feb 03 2021,96,82,1,0,0
20:36:27 Feb 03 2021,97,82,0,0,0
20:36:29 Feb 03 2021,97,81,0,0,0
20:36:31 Feb 03 2021,97,81,0,0,0
20:36:33 Feb 03 2021,97,81,0,0,0
20:36:35 Feb 03 2021,97,81,0,0,0
20:36:37 Feb 03 2021,97,80,0,0,0
20:36:39 Feb 03 2021,97,78,0,0,0
20:36:41 Feb 03 2021,97,78,0,0,0
20:36:43 Feb 03 2021,97,77,0,0,0
20:36:45 Feb 03 2021,97,70,0,0,0
20:36:47 Feb 03 2021,97,68,0,0,0
20:36:49 Feb 03 2021,97,66,0,0,0
20:36:51 Feb 03 2021,97,63,0,0,0
20:36:53 Feb 03 2021,97,65,0,0,0
20:36:55 Feb 03 2021,97,64,1,0,0
20:36:57 Feb 03 2021,97,66,0,0,0
20:36:59 Feb 03 2021,97,71,0,0,0
20:37:01 Feb 03 2021,97,78,0,0,0
20:37:03 Feb 03 2021,97,80,0,0,0
20:37:05 Feb 03 2021,97,78,0,0,0
20:37:07 Feb 03 2021,97,74,0,0,0
20:37:09 Feb 03 2021,97,72,0,0,0
20:37:11 Feb 03 2021,97,72,0,0,0
20:37:13 Feb 03 2021,97,72,0,0,0
20:37:15 Feb 03 2021,97,74,0,0,0
20:37:17 Feb 03 2021,97,75,1,0,0
20:37:19 Feb 03 2021,96,78,0,0,0
20:37:21 Feb 03 2021,96,80,0,0,0
20:37:23 Feb 03 2021,96,78,0,0,0
20:37:25 Feb 03 2021,94,76,0,0,0
20:37:27 Feb 03 2021,95,73,0,0,0
20:37:29 Feb 03 2021,94,72,0,0,0
20:37:31 Feb 03 2021,94,71,0,0,0
20:37:33 Feb 03 2021,94,72,1,0,0
20:37:35 Feb 03 2021,94,73,0,0,0
20:37:37 Feb 03 2021,94,72,0,0,0
20:37:39 Feb 03 2021,94,72,0,0,0
20:37:41 Feb 03 2021,94,72,0,0,0
20:37:43 Feb 03 2021,95,71,0,0,0
20:37:45 Feb 03 2021,95,70,0,0,0
20:37:47 Feb 03 2021,96,70,0,0,0
20:37:49 Feb 03 2021,96,70,0,0,0
20:37:51 Feb 03 2021,96,71,0,0,0
20:37:53 Feb 03 2021,96,71,0,0,0
20:37:55 Feb 03 2021,96,71,0,0,0
20:37:57 Feb 03 2021,96,71,0,0,0
20:37:59 Feb 03 2021,96,71,1,0,0
20:38:01 Feb 03 2021,96,71,1,0,0
20:38:03 Feb 03 2021,96,71,0,0,0
20:38:05 Feb 03 2021,96,71,0,0,0
20:38:07 Feb 03 2021,96,71,2,0,0
20:38:09 Feb 03 2021,96,73,0,0,0
20:38:11 Feb 03 2021,96,73,0,0,0
20:38:13 Feb 03 2021,96,72,1,0,0
20:38:15 Feb 03 2021,96,70,0,0,0
20:38:17 Feb 03 2021,96,70,0,0,0
20:38:19 Feb 03 2021,96,69,0,0,0
20:38:21 Feb 03 2021,95,69,0,0,0
20:38:23 Feb 03 2021,94,70,0,0,0
20:38:25 Feb 03 2021,93,72,1,0,0
20:38:27 Feb 03 2021,92,74,0,0,0
20:38:29 Feb 03 2021,91,78,0,0,0
20:38:31 Feb 03 2021,90,81,0,0,0
20:38:33 Feb 03 2021,89,82,0,1,0
20:38:35 Feb 03 2021,89,81,0,0,0
20:38:37 Feb 03 2021,89,80,0,0,0
20:38:39 Feb 03 2021,89,81,0,0,0
20:38:41 Feb 03 2021,89,81,0,0,0
20:38:43 Feb 03 2021,89,81,1,0,0
20:38:45 Feb 03 2021,89,81,0,0,0
20:38:47 Feb 03 2021,89,81,0,0,0
20:38:49 Feb 03 2021,89,81,1,0,0
20:38:51 Feb 03 2021,90,81,0,0,0
20:38:53 Feb 03 2021,92,81,0,0,0
20:38:55 Feb 03 2021,95,82,0,0,0
20:38:57 Feb 03 2021,96,82,0,0,0
20:38:59 Feb 03 2021,97,82,1,0,0
20:39:01 Feb 03 2021,97,80,0,0,0
20:39:03 Feb 03 2021,97,79,0,0,0
20:39:05 Feb 03 2021,97,80,0,0,0
20:39:07 Feb 03 2021,97,78,0,0,0
20:39:09 Feb 03 2021,97,78,0,0,0
20:39:11 Feb 03 2021,97,76,0,0,0
20:39:13 Feb 03 2021,97,76,1,0,0
20:39:15 Feb 03 2021,97,76,0,0,0
20:39:17 Feb 03 2021,97,76,0,0,0
20:39:19 Feb 03 2021,97,78,0,0,0
20:39:21 Feb 03 2021,97,80,0,0,0
20:39:23 Feb 03 2021,97,78,0,0,0
20:39:25 Feb 03 2021,97,81,0,0,0
20:39:27 Feb 03 2021,97,82,0,0,0
20:39:29 Feb 03 2021,97,81,0,0,0
20:39:31 Feb 03 2021,97,81,0,0,0
20:39:33 Feb 03 2021,97,78,0,0,0
20:39:35 Feb 03 2021,97,77,0,0,0
20:39:37 Feb 03 2021,96,77,0,0,0
20:39:39 Feb 03 2021,96,82,0,0,0
20:39:41 Feb 03 2021,96,82,0,0,0
20:39:43 Feb 03 2021,95,83,0,0,0
20:39:45 Feb 03 2021,96,83,0,0,0
20:39:47 Feb 03 2021,96,82,0,0,0
20:39:49 Feb 03 2021,96,82,0,0,0
20:39:51 Feb 03 2021,96,82,0,0,0
20:39:53 Feb 03 2021,95,82,0,0,0
20:39:55 Feb 03 2021,95,82,0,0,0
20:39:57 Feb 03 2021,95,83,0,0,0
20:39:59 Feb 03 2021,94,82,0,0,0
20:40:01 Feb 03 2021,95,82,0,0,0
20:40:03 Feb 03 2021,95,80,0,0,0
20:40:05 Feb 03 2021,95,80,0,0,0
20:40:07 Feb 03 2021,96,79,0,0,0
20:40:09 Feb 03 2021,96,80,0,0,0
20:40:11 Feb 03 2021,96,80,0,0,0
20:40:13 Feb 03 2021,96,80,0,0,0
20:40:15 Feb 03 2021,96,80,0,0,0
20:40:17 Feb 03 2021,97,81,0,0,0
20:40:19 Feb 03 2021,97,82,0,0,0
20:40:21 Feb 03 2021,97,77,0,0,0
20:40:23 Feb 03 2021,97,84,0,0,0
20:40:25 Feb 03 2021,97,84,0,0,0
20:40:27 Feb 03 2021,97,83,0,0,0
20:40:29 Feb 03 2021,97,83,0,0,0
20:40:31 Feb 03 2021,97,82,0,0,0
20:40:33 Feb 03 2021,97,80,0,0,0
20:40:35 Feb 03 2021,96,78,0,0,0
20:40:37 Feb 03 2021,96,79,0,0,0
20:40:39 Feb 03 2021,96,78,0,0,0
20:40:41 Feb 03 2021,96,78,0,0,0
20:40:43 Feb 03 2021,96,81,0,0,0
20:40:45 Feb 03 2021,95,80,0,0,0
20:40:47 Feb 03 2021,95,80,0,0,0
20:40:49 Feb 03 2021,95,80,1,0,0
20:40:51 Feb 03 2021,94,79,0,0,0
20:40:53 Feb 03 2021,94,80,0,0,0
20:40:55 Feb 03 2021,93,80,0,0,0
20:40:57 Feb 03 2021,93,79,0,0,0
20:40:59 Feb 03 2021,93,79,0,0,0
20:41:01 Feb 03 2021,93,80,0,0,0
20:41:03 Feb 03 2021,93,77,0,0,0
20:41:05 Feb 03 2021,93,77,0,0,0
20:41:07 Feb 03 2021,92,78,1,0,0
20:41:09 Feb 03 2021,92,77,0,0,0
20:41:11 Feb 03 2021,92,78,0,0,0
20:41:13 Feb 03 2021,93,73,0,0,0
20:41:15 Feb 03 2021,94,72,0,0,0
20:41:17 Feb 03 2021,95,67,0,0,0
20:41:19 Feb 03 2021,95,66,0,0,0
20:41:21 Feb 03 2021,96,66,0,0,0
20:41:23 Feb 03 2021,96,64,0,0,0
20:41:25 Feb 03 2021,96,68,0,0,0
20:41:27 Feb 03 2021,97,67,0,0,0
20:41:29 Feb 03 2021,97,68,0,0,0
20:41:31 Feb 03 2021,97,71,0,0,0
20:41:33 Feb 03 2021,97,72,0,0,0
20:41:35 Feb 03 2021,96,70,0,0,0
20:41:37 Feb 03 2021,96,65,0,0,0
20:41:39 Feb 03 2021,96,64,1,0,0
20:41:41 Feb 03 2021,96,65,0,0,0
20:41:43 Feb 03 2021,96,71,0,0,0
20:41:45 Feb 03 2021,96,74,0,0,0
20:41:47 Feb 03 2021,96,74,0,0,0
20:41:49 Feb 03 2021,96,75,0,0,0
20:41:51 Feb 03 2021,96,77,0,0,0
20:41:53 Feb 03 2021,95,74,0,0,0
20:41:55 Feb 03 2021,95,72,0,0,0
20:41:57 Feb 03 2021,95,70,0,0,0
20:41:59 Feb 03 2021,94,69,0,0,0
20:42:01 Feb 03 2021,94,71,0,0,0
20:42:03 Feb 03 2021,94,70,0,0,0
20:42:05 Feb 03 2021,94,70,0,0,0
20:42:07 Feb 03 2021,94,72,0,0,0
20:42:09 Feb 03 2021,94,72,1,0,0
20:42:11 Feb 03 2021,94,73,0,0,0
20:42:13 Feb 03 2021,93,74,0,0,0
20:42:15 Feb 03 2021,93,73,0,0,0
20:42:17 Feb 03 2021,93,72,0,0,0
20:42:19 Feb 03 2021,93,72,0,0,0
20:42:21 Feb 03 2021,93,72,1,0,0
20:42:23 Feb 03 2021,94,73,0,0,0
20:42:25 Feb 03 2021,94,73,0,0,0
20:42:27 Feb 03 2021,94,74,0,0,0
20:42:29 Feb 03 2021,94,75,0,0,0
20:42:31 Feb 03 2021,94,74,0,0,0
20:42:33 Feb 03 2021,95,74,0,0,0
20:42:35 Feb 03 2021,96,74,0,0,0
20:42:37 Feb 03 2021,96,75,0,0,0
20:42:39 Feb 03 2021,97,73,0,0,0
20:42:41 Feb 03 2021,97,71,0,0,0
20:42:43 Feb 03 2021,97,68,0,0,0
20:42:45 Feb 03 2021,97,64,0,0,0
20:42:47 Feb 03 2021,97,63,0,0,0
20:42:49 Feb 03 2021,96,60,0,0,0
20:42:51 Feb 03 2021,97,62,0,0,0
20:42:53 Feb 03 2021,97,66,0,0,0
20:42:55 Feb 03 2021,97,71,0,0,0
20:42:57 Feb 03 2021,97,69,0,0,0
20:42:59 Feb 03 2021,97,63,0,0,0
20:43:01 Feb 03 2021,96,62,0,0,0
20:43:03 Feb 03 2021,96,57,0,0,0
20:43:05 Feb 03 2021,96,55,0,0,0
20:43:07 Feb 03 2021,96,57,1,0,0
20:43:09 Feb 03 2021,96,60,0,0,0
20:43:11 Feb 03 2021,96,61,0,0,0
20:43:13 Feb 03 2021,96,63,0,0,0
20:43:15 Feb 03 2021,96,62,0,0,0
20:43:17 Feb 03 2021,97,62,0,0,0
20:43:19 Feb 03 2021,97,62,0,0,0
20:43:21 Feb 03 2021,97,62,1,0,0
20:43:23 Feb 03 2021,97,61,0,0,0
20:43:25 Feb 03 2021,97,61,0,0,0
20:43:27 Feb 03 2021,97,62,0,0,0
20:43:29 Feb 03 2021,97,65,0,0,0
20:43:31 Feb 03 2021,97,67,0,0,0
20:43:33 Feb 03 2021,97,68,0,0,0
20:43:35 Feb 03 2021,97,67,0,0,0
20:43:37 Feb 03 2021,97,67,0,0,0
20:43:39 Feb 03 2021,97,67,0,0,0
20:43:41 Feb 03 2021,97,65,0,0,0
20:43:43 Feb 03 2021,97,65,0,0,0
20:43:45 Feb 03 2021,97,65,0,0,0
20:43:47 Feb 03 2021,97,61,0,0,0
20:43:49 Feb 03 2021,97,57,0,0,0
20:43:51 Feb 03 2021,97,56,0,0,0
20:43:53 Feb 03 2021,97,56,0,0,0
20:43:55 Feb 03 2021,97,56,0,0,0
20:43:57 Feb 03 2021,96,57,0,0,0
20:43:59 Feb 03 2021,96,56,0,0,0
20:44:01 Feb 03 2021,96,57,0,0,0
20:44:03 Feb 03 2021,96,56,0,0,0
20:44:05 Feb 03 2021,96,56,0,0,0
20:44:07 Feb 03 2021,96,56,0,0,0
20:44:09 Feb 03 2021,96,56,0,0,0
20:44:11 Feb 03 2021,96,56,0,0,0
20:44:13 Feb 03 2021,96,56,0,0,0
20:44:15 Feb 03 2021,96,56,0,0,0
20:44:17 Feb 03 2021,96,59,0,0,0
20:44:19 Feb 03 2021,96,69,0,0,0
20:44:21 Feb 03 2021,95,77,0,0,0
20:44:23 Feb 03 2021,94,81,0,0,0
20:44:25 Feb 03 2021,94,81,0,0,0
20:44:27 Feb 03 2021,93,78,0,0,0
20:44:29 Feb 03 2021,93,78,0,0,0
20:44:31 Feb 03 2021,93,78,0,0,0
20:44:33 Feb 03 2021,93,78,0,0,0
20:44:35 Feb 03 2021,94,78,0,0,0
20:44:37 Feb 03 2021,95,76,0,0,0
20:44:39 Feb 03 2021,96,74,0,0,0
20:44:41 Feb 03 2021,96,74,1,0,0
20:44:43 Feb 03 2021,96,72,0,0,0
20:44:45 Feb 03 2021,96,70,0,0,0
20:44:47 Feb 03 2021,97,70,0,0,0
20:44:49 Feb 03 2021,97,69,0,0,0
20:44:51 Feb 03 2021,97,70,0,0,0
20:44:53 Feb 03 2021,97,71,1,0,0
20:44:55 Feb 03 2021,97,72,0,0,0
20:44:57 Feb 03 2021,97,73,0,0,0
20:44:59 Feb 03 2021,97,71,0,0,0
20:45:01 Feb 03 2021,97,71,0,0,0
20:45:03 Feb 03 2021,97,71,0,0,0
20:45:05 Feb 03 2021,97,71,0,0,0
20:45:07 Feb 03 2021,97,71,0,0,0
20:45:09 Feb 03 2021,97,74,0,0,0
20:45:11 Feb 03 2021,97,76,0,0,0
20:45:13 Feb 03 2021,97,77,0,0,0
20:45:15 Feb 03 2021,97,77,0,0,0
20:45:17 Feb 03 2021,97,76,0,0,0
20:45:19 Feb 03 2021,96,77,0,0,0
20:45:21 Feb 03 2021,96,72,0,0,0
20:45:23 Feb 03 2021,96,70,0,0,0
20:45:25 Feb 03 2021,96,70,0,0,0
20:45:27 Feb 03 2021,97,67,0,0,0
20:45:29 Feb 03 2021,96,70,0,0,0
20:45:31 Feb 03 2021,96,69,0,0,0
20:45:33 Feb 03 2021,96,66,0,0,0
20:45:35 Feb 03 2021,96,66,0,0,0
20:45:37 Feb 03 2021,96,66,0,0,0
20:45:39 Feb 03 2021,96,66,0,0,0
20:45:41 Feb 03 2021,96,68,0,0,0
20:45:43 Feb 03 2021,96,69,0,0,0
20:45:45 Feb 03 2021,96,69,0,0,0
20:45:47 Feb 03 2021,96,70,0,0,0
20:45:49 Feb 03 2021,96,68,0,0,0
20:45:51 Feb 03 2021,96,67,0,0,0
20:45:53 Feb 03 2021,96,69,0,0,0
20:45:55 Feb 03 2021,96,69,0,0,0
20:45:57 Feb 03 2021,96,70,0,0,0
20:45:59 Feb 03 2021,96,71,0,0,0
20:46:01 Feb 03 2021,96,72,0,0,0
20:46:03 Feb 03 2021,96,72,0,0,0
20:46:05 Feb 03 2021,96,71,0,0,0
20:46:07 Feb 03 2021,96,74,0,0,0
20:46:09 Feb 03 2021,96,73,0,0,0
20:46:11 Feb 03 2021,96,73,0,0,0
20:46:13 Feb 03 2021,95,72,0,0,0
20:46:15 Feb 03 2021,95,70,0,0,0
20:46:17 Feb 03 2021,95,69,0,0,0
20:46:19 Feb 03 2021,95,67,0,0,0
20:46:21 Feb 03 2021,94,66,0,0,0
20:46:23 Feb 03 2021,94,66,0,0,0
20:46:25 Feb 03 2021,93,64,0,0,0
20:46:27 Feb 03 2021,94,66,1,0,0
20:46:29 Feb 03 2021,94,66,0,0,0
20:46:31 Feb 03 2021,93,67,0,0,0
20:46:33 Feb 03 2021,93,72,0,0,0
20:46:35 Feb 03 2021,92,76,1,0,0
20:46:37 Feb 03 2021,92,78,0,0,0
20:46:39 Feb 03 2021,92,77,0,0,0
20:46:41 Feb 03 2021,92,76,1,0,0
20:46:43 Feb 03 2021,91,74,0,0,0
20:46:45 Feb 03 2021,91,78,0,0,0
20:46:47 Feb 03 2021,91,81,1,0,0
20:46:49 Feb 03 2021,91,82,0,0,0
20:46:51 Feb 03 2021,91,82,0,0,0
20:46:53 Feb 03 2021,92,81,0,0,0
20:46:55 Feb 03 2021,93,78,0,0,0
20:46:57 Feb 03 2021,95,73,1,0,0
20:46:59 Feb 03 2021,96,71,0,0,0
20:47:01 Feb 03 2021,97,72,0,0,0
20:47:03 Feb 03 2021,97,72,0,0,0
20:47:05 Feb 03 2021,97,74,0,0,0
20:47:07 Feb 03 2021,97,75,0,0,0
20:47:09 Feb 03 2021,97,76,0,0,0
20:47:11 Feb 03 2021,97,77,0,0,0
20:47:13 Feb 03 2021,97,78,0,0,0
20:47:15 Feb 03 2021,97,76,0,0,0
20:47:17 Feb 03 2021,97,71,0,0,0
20:47:19 Feb 03 2021,97,68,1,0,0
20:47:21 Feb 03 2021,97,62,0,0,0
20:47:23 Feb 03 2021,97,59,0,0,0
20:47:25 Feb 03 2021,97,59,0,0,0
20:47:27 Feb 03 2021,97,58,0,0,0
20:47:29 Feb 03 2021,97,58,0,0,0
20:47:31 Feb 03 2021,97,61,0,0,0
20:47:33 Feb 03 2021,97,62,1,0,0
20:47:35 Feb 03 2021,97,66,0,0,0
20:47:37 Feb 03 2021,97,68,0,0,0
20:47:39 Feb 03 2021,96,68,0,0,0
20:47:41 Feb 03 2021,96,69,0,0,0
20:47:43 Feb 03 2021,97,68,0,0,0
20:47:45 Feb 03 2021,97,67,0,0,0
20:47:47 Feb 03 2021,97,66,1,0,0
20:47:49 Feb 03 2021,97,65,0,0,0
20:47:51 Feb 03 2021,96,66,0,0,0
20:47:53 Feb 03 2021,96,67,0,0,0
20:47:55 Feb 03 2021,95,71,0,0,0
20:47:57 Feb 03 2021,94,69,0,0,0
20:47:59 Feb 03 2021,94,67,0,0,0
20:48:01 Feb 03 2021,94,65,0,0,0
20:48:03 Feb 03 2021,94,62,0,0,0
20:48:05 Feb 03 2021,94,62,0,0,0
20:48:07 Feb 03 2021,94,63,0,0,0
20:48:09 Feb 03 2021,94,62,0,0,0
20:48:11 Feb 03 2021,94,62,0,0,0
20:48:13 Feb 03 2021,94,62,0,0,0
20:48:15 Feb 03 2021,94,62,0,0,0
20:48:17 Feb 03 2021,95,62,0,0,0
20:48:19 Feb 03 2021,95,63,0,0,0
20:48:21 Feb 03 2021,96,63,0,0,0
20:48:23 Feb 03 2021,97,63,0,0,0
20:48:25 Feb 03 2021,97,63,1,0,0
20:48:27 Feb 03 2021,97,63,0,0,0
20:48:29 Feb 03 2021,97,63,0,0,0
20:48:31 Feb 03 2021,97,63,0,0,0
20:48:33 Feb 03 2021,97,65,0,0,0
20:48:35 Feb 03 2021,97,68,0,0,0
20:48:37 Feb 03 2021,97,70,0,0,0
20:48:39 Feb 03 2021,97,71,0,0,0
20:48:41 Feb 03 2021,97,70,0,0,0
20:48:43 Feb 03 2021,97,63,0,0,0
20:48:45 Feb 03 2021,97,61,0,0,0
20:48:47 Feb 03 2021,97,63,0,0,0
20:48:49 Feb 03 2021,97,63,0,0,0
20:48:51 Feb 03 2021,97,65,0,0,0
20:48:53 Feb 03 2021,96,65,0,0,0
20:48:55 Feb 03 2021,96,64,0,0,0
20:48:57 Feb 03 2021,95,67,0,0,0
20:48:59 Feb 03 2021,94,69,0,0,0
20:49:01 Feb 03 2021,93,72,0,0,0
20:49:03 Feb 03 2021,92,72,1,0,0
20:49:05 Feb 03 2021,92,72,0,0,0
20:49:07 Feb 03 2021,91,74,0,0,0
20:49:09 Feb 03 2021,91,75,0,0,0
20:49:11 Feb 03 2021,90,75,0,0,0
20:49:13 Feb 03 2021,89,74,1,1,0
20:49:15 Feb 03 2021,89,71,0,0,0
20:49:17 Feb 03 2021,89,69,0,0,0
20:49:19 Feb 03 2021,89,72,0,0,0
20:49:21 Feb 03 2021,89,71,0,0,0
20:49:23 Feb 03 2021,89,72,0,0,0
20:49:25 Feb 03 2021,89,73,0,0,0
20:49:27 Feb 03 2021,90,72,0,0,0
20:49:29 Feb 03 2021,92,72,0,0,0
20:49:31 Feb 03 2021,94,69,0,0,0
20:49:33 Feb 03 2021,95,65,0,0,0
20:49:35 Feb 03 2021,96,65,0,0,0
20:49:37 Feb 03 2021,96,64,0,0,0
20:49:39 Feb 03 2021,97,65,0,0,0
20:49:41 Feb 03 2021,97,65,0,0,0
20:49:43 Feb 03 2021,97,64,0,0,0
20:49:45 Feb 03 2021,97,64,0,0,0
20:49:47 Feb 03 2021,97,65,0,0,0
20:49:49 Feb 03 2021,97,65,0,0,0
20:49:51 Feb 03 2021,97,71,0,0,0
20:49:53 Feb 03 2021,97,71,0,0,0
20:49:55 Feb 03 2021,97,71,0,0,0
20:49:57 Feb 03 2021,97,73,0,0,0
20:49:59 Feb 03 2021,97,71,0,0,0
20:50:01 Feb 03 2021,97,71,0,0,0
20:50:03 Feb 03 2021,97,70,0,0,0
20:50:05 Feb 03 2021,97,69,0,0,0
20:50:07 Feb 03 2021,97,69,0,0,0
20:50:09 Feb 03 2021,97,69,0,0,0
20:50:11 Feb 03 2021,96,69,0,0,0
20:50:13 Feb 03 2021,96,68,0,0,0
20:50:15 Feb 03 2021,96,71,0,0,0
20:50:17 Feb 03 2021,96,70,0,0,0
20:50:19 Feb 03 2021,96,74,0,0,0
20:50:21 Feb 03 2021,95,76,1,0,0
20:50:23 Feb 03 2021,96,77,0,0,0
20:50:25 Feb 03 2021,96,79,0,0,0
20:50:27 Feb 03 2021,96,78,0,0,0
20:50:29 Feb 03 2021,96,78,0,0,0
20:50:31 Feb 03 2021,96,77,0,0,0
20:50:33 Feb 03 2021,96,78,0,0,0
20:50:35 Feb 03 2021,95,78,0,0,0
20:50:37 Feb 03 2021,95,78,0,0,0
20:50:39 Feb 03 2021,95,78,0,0,0
20:50:41 Feb 03 2021,96,76,0,0,0
20:50:43 Feb 03 2021,96,75,0,0,0
20:50:45 Feb 03 2021,96,73,0,0,0
20:50:47 Feb 03 2021,96,74,0,0,0
20:50:49 Feb 03 2021,96,76,0,0,0
20:50:51 Feb 03 2021,96,76,0,0,0
20:50:53 Feb 03 2021,97,75,0,0,0
20:50:55 Feb 03 2021,97,76,0,0,0
20:50:57 Feb 03 2021,97,73,0,0,0
20:50:59 Feb 03 2021,97,72,0,0,0
20:51:01 Feb 03 2021,97,72,0,0,0
20:51:03 Feb 03 2021,97,72,0,0,0
20:51:05 Feb 03 2021,97,74,0,0,0
20:51:07 Feb 03 2021,97,78,0,0,0
20:51:09 Feb 03 2021,97,78,0,0,0
20:51:11 Feb 03 2021,97,79,0,0,0
20:51:13 Feb 03 2021,97,79,0,0,0
20:51:15 Feb 03 2021,97,77,0,0,0
20:51:17 Feb 03 2021,97,74,1,0,0
20:51:19 Feb 03 2021,96,75,0,0,0
20:51:21 Feb 03 2021,96,75,0,0,0
20:51:23 Feb 03 2021,96,78,0,0,0
20:51:25 Feb 03 2021,95,81,0,0,0
20:51:27 Feb 03 2021,95,80,0,0,0
20:51:29 Feb 03 2021,94,84,0,0,0
20:51:31 Feb 03 2021,94,83,0,0,0
20:51:33 Feb 03 2021,94,82,0,0,0
20:51:35 Feb 03 2021,94,81,0,0,0
20:51:37 Feb 03 2021,93,79,0,0,0
20:51:39 Feb 03 2021,93,76,0,0,0
20:51:41 Feb 03 2021,92,75,0,0,0
20:51:43 Feb 03 2021,92,76,0,0,0
20:51:45 Feb 03 2021,92,76,0,0,0
20:51:47 Feb 03 2021,92,79,0,0,0
20:51:49 Feb 03 2021,92,80,0,0,0
20:51:51 Feb 03 2021,92,81,0,0,0
20:51:53 Feb 03 2021,92,82,0,0,0
20:51:55 Feb 03 2021,92,78,0,0,0
20:51:57 Feb 03 2021,92,75,0,0,0
20:51:59 Feb 03 2021,92,72,0,0,0
20:52:01 Feb 03 2021,91,67,1,0,0
20:52:03 Feb 03 2021,91,64,8,0,0
20:52:05 Feb 03 2021,90,64,1,0,0
20:52:07 Feb 03 2021,90,62,0,0,0
20:52:09 Feb 03 2021,90,62,0,0,0
20:52:11 Feb 03 2021,90,64,1,0,0
20:52:13 Feb 03 2021,90,65,0,0,0
20:52:15 Feb 03 2021,90,65,0,0,0
20:52:17 Feb 03 2021,89,70,2,1,0
20:52:19 Feb 03 2021,89,72,1,0,0
20:52:21 Feb 03 2021,89,68,1,0,0
20:52:23 Feb 03 2021,88,72,0,0,0
20:52:25 Feb 03 2021,88,72,1,0,0
20:52:27 Feb 03 2021,88,71,1,0,0
20:52:29 Feb 03 2021,87,72,1,0,0
20:52:31 Feb 03 2021,88,71,1,0,0
20:52:33 Feb 03 2021,88,70,1,0,0
20:52:35 Feb 03 2021,88,66,1,0,0
20:52:37 Feb 03 2021,89,68,1,0,0
20:52:39 Feb 03 2021,89,66,0,0,0
20:52:41 Feb 03 2021,90,68,1,0,0
20:52:43 Feb 03 2021,91,71,0,0,0
20:52:45 Feb 03 2021,92,70,1,0,0
20:52:47 Feb 03 2021,94,73,1,0,0
20:52:49 Feb 03 2021,95,73,1,0,0
20:52:51 Feb 03 2021,95,71,1,0,0
20:52:53 Feb 03 2021,96,73,1,0,0
20:52:55 Feb 03 2021,96,72,1,0,0
20:52:57 Feb 03 2021,97,72,1,0,0
20:52:59 Feb 03 2021,97,71,1,0,0
20:53:01 Feb 03 2021,97,70,0,0,0
20:53:03 Feb 03 2021,97,70,1,0,0
20:53:05 Feb 03 2021,97,69,1,0,0
20:53:07 Feb 03 2021,97,70,1,0,0
20:53:09 Feb 03 2021,97,70,0,0,0
20:53:11 Feb 03 2021,97,69,1,0,0
20:53:13 Feb 03 2021,97,68,1,0,0
20:53:15 Feb 03 2021,97,68,1,0,0
20:53:17 Feb 03 2021,97,65,1,0,0
20:53:19 Feb 03 2021,97,65,1,0,0
20:53:21 Feb 03 2021,97,65,1,0,0
20:53:23 Feb 03 2021,97,64,1,0,0
20:53:25 Feb 03 2021,97,65,1,0,0
20:53:27 Feb 03 2021,96,65,0,0,0
20:53:29 Feb 03 2021,96,65,1,0,0
20:53:31 Feb 03 2021,96,68,0,0,0
20:53:33 Feb 03 2021,95,70,1,0,0
20:53:35 Feb 03 2021,96,70,1,0,0
20:53:37 Feb 03 2021,95,71,1,0,0
20:53:39 Feb 03 2021,95,69,1,0,0
20:53:41 Feb 03 2021,96,67,1,0,0
20:53:43 Feb 03 2021,96,68,1,0,0
20:53:45 Feb 03 2021,96,69,0,0,0
20:53:47 Feb 03 2021,96,68,1,0,0
20:53:49 Feb 03 2021,96,68,1,0,0
20:53:51 Feb 03 2021,96,68,1,0,0
20:53:53 Feb 03 2021,96,68,1,0,0
20:53:55 Feb 03 2021,96,65,1,0,0
20:53:57 Feb 03 2021,96,64,0,0,0
20:53:59 Feb 03 2021,97,63,1,0,0
20:54:01 Feb 03 2021,97,62,1,0,0
20:54:03 Feb 03 2021,97,63,1,0,0
20:54:05 Feb 03 2021,97,63,1,0,0
20:54:07 Feb 03 2021,97,64,1,0,0
20:54:09 Feb 03 2021,97,68,0,0,0
20:54:11 Feb 03 2021,96,72,1,0,0
20:54:13 Feb 03 2021,96,73,1,0,0
20:54:15 Feb 03 2021,96,75,1,0,0
20:54:17 Feb 03 2021,95,78,1,0,0
20:54:19 Feb 03 2021,96,78,0,0,0
20:54:21 Feb 03 2021,96,79,0,0,0
20:54:23 Feb 03 2021,96,81,0,0,0
20:54:25 Feb 03 2021,96,81,0,0,0
20:54:27 Feb 03 2021,96,79,0,0,0
20:54:29 Feb 03 2021,96,79,1,0,0
20:54:31 Feb 03 2021,96,78,0,0,0
20:54:33 Feb 03 2021,96,72,0,0,0
20:54:35 Feb 03 2021,96,74,0,0,0
20:54:37 Feb 03 2021,96,75,0,0,0
20:54:39 Feb 03 2021,96,68,1,0,0
20:54:41 Feb 03 2021,96,70,0,0,0
20:54:43 Feb 03 2021,96,67,1,0,0
20:54:45 Feb 03 2021,96,66,1,0,0
20:54:47 Feb 03 2021,96,68,0,0,0
20:54:49 Feb 03 2021,96,66,0,0,0
20:54:51 Feb 03 2021,96,66,0,0,0
20:54:53 Feb 03 2021,96,65,0,0,0
20:54:55 Feb 03 2021,96,64,0,0,0
20:54:57 Feb 03 2021,96,65,0,0,0
20:54:59 Feb 03 2021,96,65,0,0,0
20:55:01 Feb 03 2021,96,70,0,0,0
20:55:03 Feb 03 2021,96,70,0,0,0
20:55:05 Feb 03 2021,97,72,0,0,0
20:55:07 Feb 03 2021,97,73,0,0,0
20:55:09 Feb 03 2021,97,72,0,0,0
20:55:11 Feb 03 2021,97,72,0,0,0
20:55:13 Feb 03 2021,97,72,0,0,0
20:55:15 Feb 03 2021,97,73,0,0,0
20:55:17 Feb 03 2021,97,73,0,0,0
20:55:19 Feb 03 2021,97,73,0,0,0
20:55:21 Feb 03 2021,97,73,0,0,0
20:55:23 Feb 03 2021,97,70,1,0,0
20:55:25 Feb 03 2021,97,67,0,0,0
20:55:27 Feb 03 2021,97,66,0,0,0
20:55:29 Feb 03 2021,97,63,0,0,0
20:55:31 Feb 03 2021,97,63,0,0,0
20:55:33 Feb 03 2021,96,69,0,0,0
20:55:35 Feb 03 2021,96,66,0,0,0
20:55:37 Feb 03 2021,96,70,0,0,0
20:55:39 Feb 03 2021,96,72,0,0,0
20:55:41 Feb 03 2021,96,73,0,0,0
20:55:43 Feb 03 2021,95,78,0,0,0
20:55:45 Feb 03 2021,95,80,0,0,0
20:55:47 Feb 03 2021,96,83,0,0,0
20:55:49 Feb 03 2021,96,83,0,0,0
20:55:51 Feb 03 2021,97,83,0,0,0
20:55:53 Feb 03 2021,97,84,0,0,0
20:55:55 Feb 03 2021,97,82,0,0,0
20:55:57 Feb 03 2021,94,82,0,0,0
20:55:59 Feb 03 2021,92,83,1,0,0
20:56:01 Feb 03 2021,90,83,1,0,0
20:56:03 Feb 03 2021,90,84,0,0,0
20:56:05 Feb 03 2021,91,84,0,0,0
20:56:07 Feb 03 2021,90,83,0,0,0
20:56:09 Feb 03 2021,89,83,0,1,0
20:56:11 Feb 03 2021,89,84,0,0,0
20:56:13 Feb 03 2021,89,83,2,0,0
20:56:15 Feb 03 2021,90,81,0,0,0
20:56:17 Feb 03 2021,91,80,0,0,0
20:56:19 Feb 03 2021,93,75,0,0,0
20:56:21 Feb 03 2021,95,76,1,0,0
20:56:23 Feb 03 2021,96,70,0,0,0
20:56:25 Feb 03 2021,96,68,0,0,0
20:56:27 Feb 03 2021,97,74,0,0,0
20:56:29 Feb 03 2021,97,72,0,0,0
20:56:31 Feb 03 2021,97,79,0,0,0
20:56:33 Feb 03 2021,97,81,1,0,0
20:56:35 Feb 03 2021,97,80,0,0,0
20:56:37 Feb 03 2021,97,79,0,0,0
20:56:39 Feb 03 2021,97,76,0,0,0
20:56:41 Feb 03 2021,97,73,0,0,0
20:56:43 Feb 03 2021,97,74,0,0,0
20:56:45 Feb 03 2021,97,74,0,0,0
20:56:47 Feb 03 2021,97,76,0,0,0
20:56:49 Feb 03 2021,97,76,0,0,0
20:56:51 Feb 03 2021,97,75,0,0,0
20:56:53 Feb 03 2021,97,74,0,0,0
20:56:55 Feb 03 2021,97,74,0,0,0
20:56:57 Feb 03 2021,97,76,0,0,0
20:56:59 Feb 03 2021,97,79,0,0,0
20:57:01 Feb 03 2021,97,82,0,0,0
20:57:03 Feb 03 2021,97,84,0,0,0
20:57:05 Feb 03 2021,97,80,0,0,0
20:57:07 Feb 03 2021,97,79,0,0,0
20:57:09 Feb 03 2021,97,79,0,0,0
20:57:11 Feb 03 2021,97,78,0,0,0
20:57:13 Feb 03 2021,97,81,0,0,0
20:57:15 Feb 03 2021,97,81,0,0,0
20:57:17 Feb 03 2021,97,78,1,0,0
20:57:19 Feb 03 2021,96,75,0,0,0
20:57:21 Feb 03 2021,95,72,0,0,0
20:57:23 Feb 03 2021,94,70,1,0,0
20:57:25 Feb 03 2021,91,72,12,0,0
20:57:27 Feb 03 2021,92,73,1,0,0
20:57:29 Feb 03 2021,90,73,1,0,0
20:57:31 Feb 03 2021,91,74,1,0,0
20:57:33 Feb 03 2021,91,74,1,0,0
20:57:35 Feb 03 2021,91,74,0,0,0
20:57:37 Feb 03 2021,91,74,0,0,0
20:57:39 Feb 03 2021,91,74,0,0,0
20:57:41 Feb 03 2021,91,74,0,0,0
20:57:43 Feb 03 2021,91,74,1,0,0
20:57:45 Feb 03 2021,91,74,1,0,0
20:57:47 Feb 03 2021,91,75,0,0,0
20:57:49 Feb 03 2021,91,74,1,0,0
20:57:51 Feb 03 2021,91,74,1,0,0
20:57:53 Feb 03 2021,91,73,1,0,0
20:57:55 Feb 03 2021,89,75,1,1,0
20:57:57 Feb 03 2021,87,74,1,0,0
20:57:59 Feb 03 2021,86,72,1,0,0
20:58:01 Feb 03 2021,84,75,1,0,0
20:58:03 Feb 03 2021,87,76,1,0,0
20:58:05 Feb 03 2021,88,74,1,0,0
20:58:07 Feb 03 2021,91,78,1,0,0
20:58:09 Feb 03 2021,93,80,1,0,0
20:58:11 Feb 03 2021,94,83,1,0,0
20:58:13 Feb 03 2021,96,87,1,0,0
20:58:15 Feb 03 2021,96,89,0,0,0
20:58:17 Feb 03 2021,97,91,1,0,0
20:58:19 Feb 03 2021,97,89,1,0,0
20:58:21 Feb 03 2021,97,90,1,0,0
20:58:23 Feb 03 2021,98,89,1,0,0
20:58:25 Feb 03 2021,98,90,1,0,0
20:58:27 Feb 03 2021,98,90,1,0,0
20:58:29 Feb 03 2021,98,88,1,0,0
20:58:31 Feb 03 2021,98,87,1,0,0
20:58:33 Feb 03 2021,98,85,1,0,0
20:58:35 Feb 03 2021,98,85,1,0,0
20:58:37 Feb 03 2021,98,84,1,0,0
20:58:39 Feb 03 2021,98,85,1,0,0
20:58:41 Feb 03 2021,98,84,1,0,0
20:58:43 Feb 03 2021,98,84,1,0,0
20:58:45 Feb 03 2021,98,82,1,0,0
20:58:47 Feb 03 2021,98,82,1,0,0
20:58:49 Feb 03 2021,98,83,0,0,0
20:58:51 Feb 03 2021,98,82,1,0,0
20:58:53 Feb 03 2021,98,82,1,0,0
20:58:55 Feb 03 2021,98,83,1,0,0
20:58:57 Feb 03 2021,98,83,1,0,0
20:58:59 Feb 03 2021,98,83,1,0,0
20:59:01 Feb 03 2021,98,81,1,0,0
20:59:03 Feb 03 2021,98,80,1,0,0
20:59:05 Feb 03 2021,98,79,1,0,0
20:59:07 Feb 03 2021,97,74,1,0,0
20:59:09 Feb 03 2021,97,73,0,0,0
20:59:11 Feb 03 2021,97,72,1,0,0
20:59:13 Feb 03 2021,97,70,1,0,0
20:59:15 Feb 03 2021,97,74,1,0,0
20:59:17 Feb 03 2021,97,74,1,0,0
20:59:19 Feb 03 2021,97,75,0,0,0
20:59:21 Feb 03 2021,97,75,1,0,0
20:59:23 Feb 03 2021,97,80,0,0,0
20:59:25 Feb 03 2021,97,82,1,0,0
20:59:27 Feb 03 2021,97,81,1,0,0
20:59:29 Feb 03 2021,97,80,1,0,0
20:59:31 Feb 03 2021,97,77,0,0,0
20:59:33 Feb 03 2021,97,76,0,0,0
20:59:35 Feb 03 2021,97,75,0,0,0
20:59:37 Feb 03 2021,97,75,1,0,0
20:59:39 Feb 03 2021,97,78,1,0,0
20:59:41 Feb 03 2021,97,77,0,0,0
20:59:43 Feb 03 2021,97,78,0,0,0
20:59:45 Feb 03 2021,97,79,1,0,0
20:59:47 Feb 03 2021,97,77,0,0,0
20:59:49 Feb 03 2021,97,78,1,0,0
20:59:51 Feb 03 2021,97,78,0,0,0
20:59:53 Feb 03 2021,97,79,0,0,0
20:59:55 Feb 03 2021,96,79,0,0,0
20:59:57 Feb 03 2021,95,78,1,0,0
20:59:59 Feb 03 2021,95,78,1,0,0
21:00:01 Feb 03 2021,94,77,0,0,0
21:00:03 Feb 03 2021,94,75,0,0,0
21:00:05 Feb 03 2021,94,77,1,0,0
21:00:07 Feb 03 2021,93,81,1,0,0
21:00:09 Feb 03 2021,93,81,0,0,0
21:00:11 Feb 03 2021,93,86,1,0,0
21:00:13 Feb 03 2021,93,86,1,0,0
21:00:15 Feb 03 2021,93,85,1,0,0
21:00:17 Feb 03 2021,94,84,1,0,0
21:00:19 Feb 03 2021,95,79,0,0,0
21:00:21 Feb 03 2021,96,76,0,0,0
21:00:23 Feb 03 2021,97,73,1,0,0
21:00:25 Feb 03 2021,97,75,0,0,0
21:00:27 Feb 03 2021,97,74,0,0,0
21:00:29 Feb 03 2021,97,73,0,0,0
21:00:31 Feb 03 2021,97,74,1,0,0
21:00:33 Feb 03 2021,97,74,0,0,0
21:00:35 Feb 03 2021,97,74,1,0,0
21:00:37 Feb 03 2021,97,74,0,0,0
21:00:39 Feb 03 2021,97,74,1,0,0
21:00:41 Feb 03 2021,97,73,0,0,0
21:00:43 Feb 03 2021,97,72,0,0,0
21:00:45 Feb 03 2021,97,71,1,0,0
21:00:47 Feb 03 2021,97,71,1,0,0
21:00:49 Feb 03 2021,97,70,1,0,0
21:00:51 Feb 03 2021,97,71,0,0,0
21:00:53 Feb 03 2021,96,73,1,0,0
21:00:55 Feb 03 2021,96,77,1,0,0
21:00:57 Feb 03 2021,96,81,0,0,0
21:00:59 Feb 03 2021,95,84,1,0,0
21:01:01 Feb 03 2021,95,84,1,0,0
21:01:03 Feb 03 2021,95,85,0,0,0
21:01:05 Feb 03 2021,95,85,0,0,0
21:01:07 Feb 03 2021,96,85,1,0,0
21:01:09 Feb 03 2021,96,87,0,0,0
21:01:11 Feb 03 2021,96,88,0,0,0
21:01:13 Feb 03 2021,96,89,1,0,0
21:01:15 Feb 03 2021,96,86,1,0,0
21:01:17 Feb 03 2021,96,86,1,0,0
21:01:19 Feb 03 2021,96,81,0,0,0
21:01:21 Feb 03 2021,96,81,1,0,0
21:01:23 Feb 03 2021,96,83,0,0,0
21:01:25 Feb 03 2021,96,82,1,0,0
21:01:27 Feb 03 2021,96,81,1,0,0
21:01:29 Feb 03 2021,96,81,1,0,0
21:01:31 Feb 03 2021,96,81,0,0,0
21:01:33 Feb 03 2021,96,80,1,0,0
21:01:35 Feb 03 2021,96,80,0,0,0
21:01:37 Feb 03 2021,97,80,1,0,0
21:01:39 Feb 03 2021,97,78,1,0,0
21:01:41 Feb 03 2021,97,76,0,0,0
21:01:43 Feb 03 2021,97,77,1,0,0
21:01:45 Feb 03 2021,97,75,0,0,0
21:01:47 Feb 03 2021,97,77,1,0,0
21:01:49 Feb 03 2021,97,75,0,0,0
21:01:51 Feb 03 2021,97,75,0,0,0
21:01:53 Feb 03 2021,97,74,0,0,0
21:01:55 Feb 03 2021,97,72,1,0,0
21:01:57 Feb 03 2021,97,69,0,0,0
21:01:59 Feb 03 2021,96,64,0,0,0
21:02:01 Feb 03 2021,96,62,0,0,0
21:02:03 Feb 03 2021,95,61,1,0,0
21:02:05 Feb 03 2021,96,64,1,0,0
21:02:07 Feb 03 2021,96,68,1,0,0
21:02:09 Feb 03 2021,95,71,0,0,0
21:02:11 Feb 03 2021,95,75,0,0,0
21:02:13 Feb 03 2021,94,73,1,0,0
21:02:15 Feb 03 2021,94,71,0,0,0
21:02:17 Feb 03 2021,93,63,0,0,0
21:02:19 Feb 03 2021,93,59,0,0,0
21:02:21 Feb 03 2021,95,55,1,0,0
21:02:23 Feb 03 2021,95,54,1,0,0
21:02:25 Feb 03 2021,96,57,1,0,0
21:02:27 Feb 03 2021,96,61,0,0,0
21:02:29 Feb 03 2021,96,69,0,0,0
21:02:31 Feb 03 2021,95,77,1,0,0
21:02:33 Feb 03 2021,95,77,0,0,0
21:02:35 Feb 03 2021,95,79,0,0,0
21:02:37 Feb 03 2021,96,77,1,0,0
21:02:39 Feb 03 2021,96,77,1,0,0
21:02:41 Feb 03 2021,96,78,1,0,0
21:02:43 Feb 03 2021,96,78,1,0,0
21:02:45 Feb 03 2021,96,79,1,0,0
21:02:47 Feb 03 2021,96,79,0,0,0
21:02:49 Feb 03 2021,96,78,1,0,0
21:02:51 Feb 03 2021,96,78,1,0,0
21:02:53 Feb 03 2021,96,76,4,0,0
21:02:55 Feb 03 2021,96,71,1,0,0
21:02:57 Feb 03 2021,96,70,1,0,0
21:02:59 Feb 03 2021,96,68,1,0,0
21:03:01 Feb 03 2021,96,73,4,0,0
21:03:03 Feb 03 2021,96,75,3,0,0
21:03:05 Feb 03 2021,96,76,3,0,0
21:03:07 Feb 03 2021,96,80,1,0,0
21:03:09 Feb 03 2021,96,79,10,0,0
21:03:11 Feb 03 2021,96,78,9,0,0
21:03:13 Feb 03 2021,96,79,1,0,0
21:03:15 Feb 03 2021,96,78,1,0,0
21:03:17 Feb 03 2021,96,78,0,0,0
21:03:19 Feb 03 2021,96,77,0,0,0
21:03:21 Feb 03 2021,96,77,0,0,0
21:03:23 Feb 03 2021,96,73,0,0,0
21:03:25 Feb 03 2021,96,72,0,0,0
21:03:27 Feb 03 2021,96,74,0,0,0
21:03:29 Feb 03 2021,96,74,0,0,0
21:03:31 Feb 03 2021,96,74,0,0,0
21:03:33 Feb 03 2021,96,75,0,0,0
21:03:35 Feb 03 2021,96,75,0,0,0
21:03:37 Feb 03 2021,96,76,0,0,0
21:03:39 Feb 03 2021,96,76,0,0,0
21:03:41 Feb 03 2021,96,76,0,0,0
21:03:43 Feb 03 2021,96,76,0,0,0
21:03:45 Feb 03 2021,96,75,0,0,0
21:03:47 Feb 03 2021,96,75,0,0,0
21:03:49 Feb 03 2021,97,75,0,0,0
21:03:51 Feb 03 2021,97,78,0,0,0
21:03:53 Feb 03 2021,97,80,0,0,0
21:03:55 Feb 03 2021,97,80,0,0,0
21:03:57 Feb 03 2021,97,80,1,0,0
21:03:59 Feb 03 2021,97,77,0,0,0
21:04:01 Feb 03 2021,97,77,0,0,0
21:04:03 Feb 03 2021,97,75,0,0,0
21:04:05 Feb 03 2021,97,74,0,0,0
21:04:07 Feb 03 2021,97,76,0,0,0
21:04:09 Feb 03 2021,97,74,0,0,0
21:04:11 Feb 03 2021,97,74,0,0,0
21:04:13 Feb 03 2021,97,76,0,0,0
21:04:15 Feb 03 2021,97,78,0,0,0
21:04:17 Feb 03 2021,97,79,0,0,0
21:04:19 Feb 03 2021,97,80,0,0,0
21:04:21 Feb 03 2021,97,80,0,0,0
21:04:23 Feb 03 2021,97,80,0,0,0
21:04:25 Feb 03 2021,97,82,0,0,0
21:04:27 Feb 03 2021,97,81,0,0,0
21:04:29 Feb 03 2021,96,80,0,0,0
21:04:31 Feb 03 2021,96,79,0,0,0
21:04:33 Feb 03 2021,96,77,4,0,0
21:04:35 Feb 03 2021,96,77,1,0,0
21:04:37 Feb 03 2021,97,77,1,0,0
21:04:39 Feb 03 2021,97,76,1,0,0
21:04:41 Feb 03 2021,97,79,1,0,0
21:04:43 Feb 03 2021,97,80,1,0,0
21:04:45 Feb 03 2021,97,79,1,0,0
21:04:47 Feb 03 2021,97,79,0,0,0
21:04:49 Feb 03 2021,97,79,0,0,0
21:04:51 Feb 03 2021,97,79,1,0,0
21:04:53 Feb 03 2021,97,83,0,0,0
21:04:55 Feb 03 2021,97,84,1,0,0
21:04:57 Feb 03 2021,97,88,1,0,0
21:04:59 Feb 03 2021,97,90,1,0,0
21:05:01 Feb 03 2021,97,87,0,0,0
21:05:03 Feb 03 2021,97,87,1,0,0
21:05:05 Feb 03 2021,97,87,1,0,0
21:05:07 Feb 03 2021,97,87,1,0,0
21:05:09 Feb 03 2021,97,86,1,0,0
21:05:11 Feb 03 2021,97,87,0,0,0
21:05:13 Feb 03 2021,97,88,1,0,0
21:05:15 Feb 03 2021,97,86,1,0,0
21:05:17 Feb 03 2021,97,87,0,0,0
21:05:19 Feb 03 2021,97,88,1,0,0
21:05:21 Feb 03 2021,97,87,1,0,0
21:05:23 Feb 03 2021,97,87,1,0,0
21:05:25 Feb 03 2021,97,88,1,0,0
21:05:27 Feb 03 2021,97,86,1,0,0
21:05:29 Feb 03 2021,97,86,1,0,0
21:05:31 Feb 03 2021,97,86,1,0,0
21:05:33 Feb 03 2021,97,87,1,0,0
21:05:35 Feb 03 2021,96,88,1,0,0
21:05:37 Feb 03 2021,96,84,1,0,0
21:05:39 Feb 03 2021,96,82,1,0,0
21:05:41 Feb 03 2021,96,81,1,0,0
21:05:43 Feb 03 2021,96,81,0,0,0
21:05:45 Feb 03 2021,96,83,1,0,0
21:05:47 Feb 03 2021,95,83,1,0,0
21:05:49 Feb 03 2021,94,82,1,0,0
21:05:51 Feb 03 2021,93,82,0,0,0
21:05:53 Feb 03 2021,93,81,1,0,0
21:05:55 Feb 03 2021,93,82,1,0,0
21:05:57 Feb 03 2021,93,83,1,0,0
21:05:59 Feb 03 2021,93,82,1,0,0
21:06:01 Feb 03 2021,93,82,1,0,0
21:06:03 Feb 03 2021,93,79,1,0,0
21:06:05 Feb 03 2021,93,76,1,0,0
21:06:07 Feb 03 2021,93,73,1,0,0
21:06:09 Feb 03 2021,95,73,1,0,0
21:06:11 Feb 03 2021,96,74,1,0,0
21:06:13 Feb 03 2021,97,73,1,0,0
21:06:15 Feb 03 2021,97,73,1,0,0
21:06:17 Feb 03 2021,97,74,1,0,0
21:06:19 Feb 03 2021,97,75,1,0,0
21:06:21 Feb 03 2021,98,77,1,0,0
21:06:23 Feb 03 2021,98,79,1,0,0
21:06:25 Feb 03 2021,98,79,1,0,0
21:06:27 Feb 03 2021,98,80,1,0,0
21:06:29 Feb 03 2021,98,79,1,0,0
21:06:31 Feb 03 2021,98,79,1,0,0
21:06:33 Feb 03 2021,98,80,1,0,0
21:06:35 Feb 03 2021,98,80,1,0,0
21:06:37 Feb 03 2021,98,80,1,0,0
21:06:39 Feb 03 2021,98,80,1,0,0
21:06:41 Feb 03 2021,98,80,1,0,0
21:06:43 Feb 03 2021,98,77,1,0,0
21:06:45 Feb 03 2021,98,78,1,0,0
21:06:47 Feb 03 2021,98,76,0,0,0
21:06:49 Feb 03 2021,98,72,1,0,0
21:06:51 Feb 03 2021,98,75,1,0,0
21:06:53 Feb 03 2021,98,76,1,0,0
21:06:55 Feb 03 2021,97,79,1,0,0
21:06:57 Feb 03 2021,97,81,1,0,0
21:06:59 Feb 03 2021,96,81,1,0,0
21:07:01 Feb 03 2021,95,80,1,0,0
21:07:03 Feb 03 2021,95,81,1,0,0
21:07:05 Feb 03 2021,94,81,1,0,0
21:07:07 Feb 03 2021,94,82,1,0,0
21:07:09 Feb 03 2021,95,81,1,0,0
21:07:11 Feb 03 2021,95,80,1,0,0
21:07:13 Feb 03 2021,95,79,1,0,0
21:07:15 Feb 03 2021,96,79,1,0,0
21:07:17 Feb 03 2021,96,77,1,0,0
21:07:19 Feb 03 2021,97,78,1,0,0
21:07:21 Feb 03 2021,97,78,1,0,0
21:07:23 Feb 03 2021,97,77,1,0,0
21:07:25 Feb 03 2021,97,78,1,0,0
21:07:27 Feb 03 2021,97,78,1,0,0
21:07:29 Feb 03 2021,97,78,1,0,0
21:07:31 Feb 03 2021,97,77,0,0,0
21:07:33 Feb 03 2021,97,76,1,0,0
21:07:35 Feb 03 2021,97,77,1,0,0
21:07:37 Feb 03 2021,97,77,1,0,0
21:07:39 Feb 03 2021,97,77,1,0,0
21:07:41 Feb 03 2021,97,78,0,0,0
21:07:43 Feb 03 2021,97,77,1,0,0
21:07:45 Feb 03 2021,97,78,2,0,0
21:07:47 Feb 03 2021,97,78,0,0,0
21:07:49 Feb 03 2021,97,78,0,0,0
21:07:51 Feb 03 2021,97,78,1,0,0
21:07:53 Feb 03 2021,97,77,0,0,0
21:07:55 Feb 03 2021,96,78,0,0,0
21:07:57 Feb 03 2021,96,78,1,0,0
21:07:59 Feb 03 2021,96,75,1,0,0
21:08:01 Feb 03 2021,96,74,1,0,0
21:08:03 Feb 03 2021,95,70,0,0,0
21:08:05 Feb 03 2021,94,69,0,0,0
21:08:07 Feb 03 2021,94,69,0,0,0
21:08:09 Feb 03 2021,94,71,0,0,0
21:08:11 Feb 03 2021,94,70,0,0,0
21:08:13 Feb 03 2021,94,66,0,0,0
21:08:15 Feb 03 2021,93,69,1,0,0
21:08:17 Feb 03 2021,93,68,0,0,0
21:08:19 Feb 03 2021,93,71,0,0,0
21:08:21 Feb 03 2021,93,71,1,0,0
21:08:23 Feb 03 2021,93,68,1,0,0
21:08:25 Feb 03 2021,94,68,0,0,0
21:08:27 Feb 03 2021,94,66,0,0,0
21:08:29 Feb 03 2021,95,67,1,0,0
21:08:31 Feb 03 2021,96,67,0,0,0
21:08:33 Feb 03 2021,96,66,1,0,0
21:08:35 Feb 03 2021,96,65,0,0,0
21:08:37 Feb 03 2021,97,66,0,0,0
21:08:39 Feb 03 2021,97,67,0,0,0
21:08:41 Feb 03 2021,97,67,1,0,0
21:08:43 Feb 03 2021,97,70,0,0,0
21:08:45 Feb 03 2021,97,71,0,0,0
21:08:47 Feb 03 2021,97,70,0,0,0
21:08:49 Feb 03 2021,97,70,1,0,0
21:08:51 Feb 03 2021,97,69,1,0,0
21:08:53 Feb 03 2021,97,68,1,0,0
21:08:55 Feb 03 2021,97,66,0,0,0
21:08:57 Feb 03 2021,97,66,1,0,0
21:08:59 Feb 03 2021,97,65,1,0,0
21:09:01 Feb 03 2021,97,63,1,0,0
21:09:03 Feb 03 2021,97,64,1,0,0
21:09:05 Feb 03 2021,97,64,0,0,0
21:09:07 Feb 03 2021,97,62,1,0,0
21:09:09 Feb 03 2021,96,63,0,0,0
21:09:11 Feb 03 2021,96,58,0,0,0
21:09:13 Feb 03 2021,96,56,0,0,0
21:09:15 Feb 03 2021,96,55,0,0,0
21:09:17 Feb 03 2021,96,55,0,0,0
21:09:19 Feb 03 2021,96,56,0,0,0
21:09:21 Feb 03 2021,96,57,0,0,0
21:09:23 Feb 03 2021,96,58,0,0,0
21:09:25 Feb 03 2021,95,59,0,0,0
21:09:27 Feb 03 2021,95,61,0,0,0
21:09:29 Feb 03 2021,95,60,0,0,0
21:09:31 Feb 03 2021,95,61,0,0,0
21:09:33 Feb 03 2021,95,61,1,0,0
21:09:35 Feb 03 2021,96,58,0,0,0
21:09:37 Feb 03 2021,95,60,1,0,0
21:09:39 Feb 03 2021,95,60,0,0,0
21:09:41 Feb 03 2021,96,59,1,0,0
21:09:43 Feb 03 2021,96,61,1,0,0
21:09:45 Feb 03 2021,96,60,0,0,0
21:09:47 Feb 03 2021,96,61,1,0,0
21:09:49 Feb 03 2021,96,63,0,0,0
21:09:51 Feb 03 2021,95,62,1,0,0
21:09:53 Feb 03 2021,95,60,1,0,0
21:09:55 Feb 03 2021,95,60,0,0,0
21:09:57 Feb 03 2021,95,60,0,0,0
21:09:59 Feb 03 2021,95,60,0,0,0
21:10:01 Feb 03 2021,95,61,1,0,0
21:10:03 Feb 03 2021,96,60,0,0,0
21:10:05 Feb 03 2021,96,60,1,0,0
21:10:07 Feb 03 2021,96,60,1,0,0
21:10:09 Feb 03 2021,96,60,0,0,0
21:10:11 Feb 03 2021,96,60,0,0,0
21:10:13 Feb 03 2021,97,60,1,0,0
21:10:15 Feb 03 2021,97,60,1,0,0
21:10:17 Feb 03 2021,97,62,0,0,0
21:10:19 Feb 03 2021,97,61,0,0,0
21:10:21 Feb 03 2021,97,60,1,0,0
21:10:23 Feb 03 2021,97,60,0,0,0
21:10:25 Feb 03 2021,97,59,0,0,0
21:10:27 Feb 03 2021,97,59,0,0,0
21:10:29 Feb 03 2021,97,58,1,0,0
21:10:31 Feb 03 2021,97,59,1,0,0
21:10:33 Feb 03 2021,97,62,0,0,0
21:10:35 Feb 03 2021,97,63,1,0,0
21:10:37 Feb 03 2021,97,65,0,0,0
21:10:39 Feb 03 2021,97,63,1,0,0
21:10:41 Feb 03 2021,97,62,2,0,0
21:10:43 Feb 03 2021,97,62,1,0,0
21:10:45 Feb 03 2021,97,63,1,0,0
21:10:47 Feb 03 2021,97,63,0,0,0
21:10:49 Feb 03 2021,97,63,0,0,0
21:10:51 Feb 03 2021,97,63,0,0,0
21:10:53 Feb 03 2021,97,63,0,0,0
21:10:55 Feb 03 2021,97,63,1,0,0
21:10:57 Feb 03 2021,97,63,1,0,0
21:10:59 Feb 03 2021,97,62,0,0,0
21:11:01 Feb 03 2021,96,62,0,0,0
21:11:03 Feb 03 2021,96,63,0,0,0
21:11:05 Feb 03 2021,96,63,0,0,0
21:11:07 Feb 03 2021,97,63,0,0,0
21:11:09 Feb 03 2021,97,63,0,0,0
21:11:11 Feb 03 2021,97,63,1,0,0
21:11:13 Feb 03 2021,97,64,0,0,0
21:11:15 Feb 03 2021,94,65,1,0,0
21:11:17 Feb 03 2021,92,68,0,0,0
21:11:19 Feb 03 2021,92,69,1,0,0
21:11:21 Feb 03 2021,92,70,0,0,0
21:11:23 Feb 03 2021,95,67,0,0,0
21:11:25 Feb 03 2021,97,64,0,0,0
21:11:27 Feb 03 2021,97,65,1,0,0
21:11:29 Feb 03 2021,97,64,0,0,0
21:11:31 Feb 03 2021,97,64,0,0,0
21:11:33 Feb 03 2021,97,65,0,0,0
21:11:35 Feb 03 2021,97,69,0,0,0
21:11:37 Feb 03 2021,97,71,0,0,0
21:11:39 Feb 03 2021,97,73,1,0,0
21:11:41 Feb 03 2021,97,74,0,0,0
21:11:43 Feb 03 2021,97,73,1,0,0
21:11:45 Feb 03 2021,97,73,0,0,0
21:11:47 Feb 03 2021,97,74,1,0,0
21:11:49 Feb 03 2021,97,74,1,0,0
21:11:51 Feb 03 2021,97,74,0,0,0
21:11:53 Feb 03 2021,97,68,0,0,0
21:11:55 Feb 03 2021,97,65,0,0,0
21:11:57 Feb 03 2021,97,63,0,0,0
21:11:59 Feb 03 2021,97,65,0,0,0
21:12:01 Feb 03 2021,97,66,0,0,0
21:12:03 Feb 03 2021,97,66,0,0,0
21:12:05 Feb 03 2021,97,70,1,0,0
21:12:07 Feb 03 2021,97,73,0,0,0
21:12:09 Feb 03 2021,96,76,1,0,0
21:12:11 Feb 03 2021,96,80,1,0,0
21:12:13 Feb 03 2021,95,78,0,0,0
21:12:15 Feb 03 2021,95,80,0,0,0
21:12:17 Feb 03 2021,95,79,0,0,0
21:12:19 Feb 03 2021,94,78,1,0,0
21:12:21 Feb 03 2021,94,78,0,0,0
21:12:23 Feb 03 2021,93,78,0,0,0
21:12:25 Feb 03 2021,93,78,0,0,0
21:12:27 Feb 03 2021,94,74,1,0,0
21:12:29 Feb 03 2021,94,73,0,0,0
21:12:31 Feb 03 2021,94,73,0,0,0
21:12:33 Feb 03 2021,94,72,1,0,0
21:12:35 Feb 03 2021,95,77,0,0,0
21:12:37 Feb 03 2021,95,80,0,0,0
21:12:39 Feb 03 2021,96,82,0,0,0
21:12:41 Feb 03 2021,96,82,1,0,0
21:12:43 Feb 03 2021,96,78,0,0,0
21:12:45 Feb 03 2021,97,78,0,0,0
21:12:47 Feb 03 2021,97,79,1,0,0
21:12:49 Feb 03 2021,97,78,1,0,0
21:12:51 Feb 03 2021,97,78,0,0,0
21:12:53 Feb 03 2021,97,78,0,0,0
21:12:55 Feb 03 2021,97,76,1,0,0
21:12:57 Feb 03 2021,97,75,0,0,0
21:12:59 Feb 03 2021,97,77,1,0,0
21:13:01 Feb 03 2021,97,78,0,0,0
21:13:03 Feb 03 2021,97,79,0,0,0
21:13:05 Feb 03 2021,97,80,1,0,0
21:13:07 Feb 03 2021,97,80,0,0,0
21:13:09 Feb 03 2021,97,76,0,0,0
21:13:11 Feb 03 2021,97,75,1,0,0
21:13:13 Feb 03 2021,96,75,0,0,0
21:13:15 Feb 03 2021,96,79,1,0,0
21:13:17 Feb 03 2021,96,80,0,0,0
21:13:19 Feb 03 2021,96,82,0,0,0
21:13:21 Feb 03 2021,96,82,0,0,0
21:13:23 Feb 03 2021,95,81,0,0,0
21:13:25 Feb 03 2021,95,81,0,0,0
21:13:27 Feb 03 2021,95,79,1,0,0
21:13:29 Feb 03 2021,95,74,0,0,0
21:13:31 Feb 03 2021,96,72,0,0,0
21:13:33 Feb 03 2021,96,70,0,0,0
21:13:35 Feb 03 2021,96,73,0,0,0
21:13:37 Feb 03 2021,96,75,0,0,0
21:13:39 Feb 03 2021,96,74,0,0,0
21:13:41 Feb 03 2021,96,75,0,0,0
21:13:43 Feb 03 2021,96,74,0,0,0
21:13:45 Feb 03 2021,96,74,1,0,0
21:13:47 Feb 03 2021,96,74,0,0,0
21:13:49 Feb 03 2021,96,74,0,0,0
21:13:51 Feb 03 2021,96,71,1,0,0
21:13:53 Feb 03 2021,96,68,0,0,0
21:13:55 Feb 03 2021,96,67,0,0,0
21:13:57 Feb 03 2021,96,71,0,0,0
21:13:59 Feb 03 2021,96,74,0,0,0
21:14:01 Feb 03 2021,96,78,0,0,0
21:14:03 Feb 03 2021,96,78,1,0,0
21:14:05 Feb 03 2021,96,77,1,0,0
21:14:07 Feb 03 2021,95,81,0,0,0
21:14:09 Feb 03 2021,95,82,1,0,0
21:14:11 Feb 03 2021,95,83,0,0,0
21:14:13 Feb 03 2021,95,83,0,0,0
21:14:15 Feb 03 2021,95,80,0,0,0
21:14:17 Feb 03 2021,95,78,0,0,0
21:14:19 Feb 03 2021,95,77,0,0,0
21:14:21 Feb 03 2021,95,79,0,0,0
21:14:23 Feb 03 2021,95,82,0,0,0
21:14:25 Feb 03 2021,94,82,0,0,0
21:14:27 Feb 03 2021,94,84,0,0,0
21:14:29 Feb 03 2021,94,81,0,0,0
21:14:31 Feb 03 2021,94,81,1,0,0
21:14:33 Feb 03 2021,94,82,0,0,0
21:14:35 Feb 03 2021,94,80,1,0,0
21:14:37 Feb 03 2021,94,81,1,0,0
21:14:39 Feb 03 2021,94,78,0,0,0
21:14:41 Feb 03 2021,94,77,1,0,0
21:14:43 Feb 03 2021,93,77,1,0,0
21:14:45 Feb 03 2021,93,76,0,0,0
21:14:47 Feb 03 2021,93,77,0,0,0
21:14:49 Feb 03 2021,93,77,0,0,0
21:14:51 Feb 03 2021,93,79,0,0,0
21:14:53 Feb 03 2021,93,79,0,0,0
21:14:55 Feb 03 2021,94,80,0,0,0
21:14:57 Feb 03 2021,94,79,0,0,0
21:14:59 Feb 03 2021,94,78,0,0,0
21:15:01 Feb 03 2021,93,81,0,0,0
21:15:03 Feb 03 2021,93,81,0,0,0
21:15:05 Feb 03 2021,93,80,0,0,0
21:15:07 Feb 03 2021,93,77,0,0,0
21:15:09 Feb 03 2021,93,77,0,0,0
21:15:11 Feb 03 2021,93,77,0,0,0
21:15:13 Feb 03 2021,93,84,0,0,0
21:15:15 Feb 03 2021,93,86,0,0,0
21:15:17 Feb 03 2021,93,85,0,0,0
21:15:19 Feb 03 2021,94,87,0,0,0
21:15:21 Feb 03 2021,95,85,1,0,0
21:15:23 Feb 03 2021,96,86,1,0,0
21:15:25 Feb 03 2021,96,87,0,0,0
21:15:27 Feb 03 2021,96,86,0,0,0
21:15:29 Feb 03 2021,96,86,0,0,0
21:15:31 Feb 03 2021,96,90,0,0,0
21:15:33 Feb 03 2021,96,89,0,0,0
21:15:35 Feb 03 2021,96,89,0,0,0
21:15:37 Feb 03 2021,96,89,0,0,0
21:15:39 Feb 03 2021,96,86,0,0,0
21:15:41 Feb 03 2021,96,84,0,0,0
21:15:43 Feb 03 2021,96,82,0,0,0
21:15:45 Feb 03 2021,96,81,0,0,0
21:15:47 Feb 03 2021,96,79,1,0,0
21:15:49 Feb 03 2021,96,79,0,0,0
21:15:51 Feb 03 2021,96,79,0,0,0
21:15:53 Feb 03 2021,96,79,0,0,0
21:15:55 Feb 03 2021,96,77,1,0,0
21:15:57 Feb 03 2021,96,79,0,0,0
21:15:59 Feb 03 2021,96,79,0,0,0
21:16:01 Feb 03 2021,96,75,0,0,0
21:16:03 Feb 03 2021,96,79,0,0,0
21:16:05 Feb 03 2021,95,79,0,0,0
21:16:07 Feb 03 2021,94,79,0,0,0
21:16:09 Feb 03 2021,94,81,0,0,0
21:16:11 Feb 03 2021,94,81,0,0,0
21:16:13 Feb 03 2021,93,81,0,0,0
21:16:15 Feb 03 2021,93,80,0,0,0
21:16:17 Feb 03 2021,93,79,0,0,0
21:16:19 Feb 03 2021,93,78,0,0,0
21:16:21 Feb 03 2021,93,78,0,0,0
21:16:23 Feb 03 2021,93,79,0,0,0
21:16:25 Feb 03 2021,93,80,0,0,0
21:16:27 Feb 03 2021,93,79,0,0,0
21:16:29 Feb 03 2021,93,79,0,0,0
21:16:31 Feb 03 2021,93,79,0,0,0
21:16:33 Feb 03 2021,94,79,1,0,0
21:16:35 Feb 03 2021,95,77,0,0,0
21:16:37 Feb 03 2021,96,75,0,0,0
21:16:39 Feb 03 2021,97,74,0,0,0
21:16:41 Feb 03 2021,97,74,0,0,0
21:16:43 Feb 03 2021,97,74,0,0,0
21:16:45 Feb 03 2021,97,74,1,0,0
21:16:47 Feb 03 2021,97,74,1,0,0
21:16:49 Feb 03 2021,97,74,0,0,0
21:16:51 Feb 03 2021,97,74,1,0,0
21:16:53 Feb 03 2021,97,73,0,0,0
21:16:55 Feb 03 2021,97,73,0,0,0
21:16:57 Feb 03 2021,97,74,0,0,0
21:16:59 Feb 03 2021,97,73,0,0,0
21:17:01 Feb 03 2021,97,72,0,0,0
21:17:03 Feb 03 2021,97,72,0,0,0
21:17:05 Feb 03 2021,97,73,0,0,0
21:17:07 Feb 03 2021,97,73,0,0,0
21:17:09 Feb 03 2021,97,73,0,0,0
21:17:11 Feb 03 2021,97,71,0,0,0
21:17:13 Feb 03 2021,97,69,0,0,0
21:17:15 Feb 03 2021,97,68,0,0,0
21:17:17 Feb 03 2021,97,68,0,0,0
21:17:19 Feb 03 2021,97,69,0,0,0
21:17:21 Feb 03 2021,97,74,0,0,0
21:17:23 Feb 03 2021,97,78,1,0,0
21:17:25 Feb 03 2021,96,81,1,0,0
21:17:27 Feb 03 2021,95,83,0,0,0
21:17:29 Feb 03 2021,95,83,0,0,0
21:17:31 Feb 03 2021,95,83,1,0,0
21:17:33 Feb 03 2021,95,83,0,0,0
21:17:35 Feb 03 2021,94,84,1,0,0
21:17:37 Feb 03 2021,94,84,0,0,0
21:17:39 Feb 03 2021,94,85,0,0,0
21:17:41 Feb 03 2021,94,84,0,0,0
21:17:43 Feb 03 2021,94,82,0,0,0
21:17:45 Feb 03 2021,95,80,0,0,0
21:17:47 Feb 03 2021,95,77,0,0,0
21:17:49 Feb 03 2021,95,78,0,0,0
21:17:51 Feb 03 2021,95,77,0,0,0
21:17:53 Feb 03 2021,95,78,1,0,0
21:17:55 Feb 03 2021,95,79,0,0,0
21:17:57 Feb 03 2021,96,77,0,0,0
21:17:59 Feb 03 2021,96,77,0,0,0
21:18:01 Feb 03 2021,97,78,0,0,0
21:18:03 Feb 03 2021,97,78,1,0,0
21:18:05 Feb 03 2021,97,81,0,0,0
21:18:07 Feb 03 2021,97,84,0,0,0
21:18:09 Feb 03 2021,97,84,0,0,0
21:18:11 Feb 03 2021,97,85,0,0,0
21:18:13 Feb 03 2021,97,82,0,0,0
21:18:15 Feb 03 2021,97,82,0,0,0
21:18:17 Feb 03 2021,97,81,1,0,0
21:18:19 Feb 03 2021,97,80,0,0,0
21:18:21 Feb 03 2021,97,80,0,0,0
21:18:23 Feb 03 2021,97,80,0,0,0
21:18:25 Feb 03 2021,97,80,0,0,0
21:18:27 Feb 03 2021,97,78,0,0,0
21:18:29 Feb 03 2021,97,72,0,0,0
21:18:31 Feb 03 2021,96,68,0,0,0
21:18:33 Feb 03 2021,97,70,0,0,0
21:18:35 Feb 03 2021,96,71,1,0,0
21:18:37 Feb 03 2021,96,74,0,0,0
21:18:39 Feb 03 2021,96,76,0,0,0
21:18:41 Feb 03 2021,96,79,1,0,0
21:18:43 Feb 03 2021,97,80,0,0,0
21:18:45 Feb 03 2021,96,80,0,0,0
21:18:47 Feb 03 2021,95,81,0,0,0
21:18:49 Feb 03 2021,95,81,1,0,0
21:18:51 Feb 03 2021,94,81,0,0,0
21:18:53 Feb 03 2021,95,82,0,0,0
21:18:55 Feb 03 2021,94,83,0,0,0
21:18:57 Feb 03 2021,93,84,1,0,0
21:18:59 Feb 03 2021,93,83,0,0,0
21:19:01 Feb 03 2021,93,84,0,0,0
21:19:03 Feb 03 2021,93,83,1,0,0
21:19:05 Feb 03 2021,93,81,0,0,0
21:19:07 Feb 03 2021,92,79,0,0,0
21:19:09 Feb 03 2021,92,78,0,0,0
21:19:11 Feb 03 2021,92,72,0,0,0
21:19:13 Feb 03 2021,92,70,0,0,0
21:19:15 Feb 03 2021,92,69,0,0,0
21:19:17 Feb 03 2021,94,65,1,0,0
21:19:19 Feb 03 2021,95,71,1,0,0
21:19:21 Feb 03 2021,96,69,0,0,0
21:19:23 Feb 03 2021,97,70,1,0,0
21:19:25 Feb 03 2021,97,73,0,0,0
21:19:27 Feb 03 2021,97,75,0,0,0
21:19:29 Feb 03 2021,97,79,0,0,0
21:19:31 Feb 03 2021,97,80,0,0,0
21:19:33 Feb 03 2021,97,81,0,0,0
21:19:35 Feb 03 2021,97,82,0,0,0
21:19:37 Feb 03 2021,97,81,0,0,0
21:19:39 Feb 03 2021,97,83,1,0,0
21:19:41 Feb 03 2021,97,81,0,0,0
21:19:43 Feb 03 2021,97,78,0,0,0
21:19:45 Feb 03 2021,97,79,0,0,0
21:19:47 Feb 03 2021,97,72,0,0,0
21:19:49 Feb 03 2021,97,71,0,0,0
21:19:51 Feb 03 2021,97,74,0,0,0
21:19:53 Feb 03 2021,97,73,1,0,0
21:19:55 Feb 03 2021,97,73,0,0,0
21:19:57 Feb 03 2021,96,75,0,0,0
21:19:59 Feb 03 2021,96,74,0,0,0
21:20:01 Feb 03 2021,96,74,0,0,0
21:20:03 Feb 03 2021,96,74,0,0,0
21:20:05 Feb 03 2021,96,74,0,0,0
21:20:07 Feb 03 2021,96,74,0,0,0
21:20:09 Feb 03 2021,96,75,0,0,0
21:20:11 Feb 03 2021,96,75,0,0,0
21:20:13 Feb 03 2021,96,75,0,0,0
21:20:15 Feb 03 2021,96,75,0,0,0
21:20:17 Feb 03 2021,96,75,0,0,0
21:20:19 Feb 03 2021,96,75,0,0,0
21:20:21 Feb 03 2021,96,75,0,0,0
21:20:23 Feb 03 2021,96,75,0,0,0
21:20:25 Feb 03 2021,96,76,1,0,0
21:20:27 Feb 03 2021,96,77,0,0,0
21:20:29 Feb 03 2021,96,77,0,0,0
21:20:31 Feb 03 2021,96,77,1,0,0
21:20:33 Feb 03 2021,96,77,1,0,0
21:20:35 Feb 03 2021,96,78,0,0,0
21:20:37 Feb 03 2021,96,78,0,0,0
21:20:39 Feb 03 2021,97,78,0,0,0
21:20:41 Feb 03 2021,97,79,0,0,0
21:20:43 Feb 03 2021,97,78,0,0,0
21:20:45 Feb 03 2021,97,78,1,0,0
21:20:47 Feb 03 2021,97,78,1,0,0
21:20:49 Feb 03 2021,97,76,0,0,0
21:20:51 Feb 03 2021,97,76,0,0,0
21:20:53 Feb 03 2021,97,76,0,0,0
21:20:55 Feb 03 2021,97,77,0,0,0
21:20:57 Feb 03 2021,97,78,0,0,0
21:20:59 Feb 03 2021,97,79,0,0,0
21:21:01 Feb 03 2021,97,80,0,0,0
21:21:03 Feb 03 2021,97,76,0,0,0
21:21:05 Feb 03 2021,97,71,0,0,0
21:21:07 Feb 03 2021,97,66,1,0,0
21:21:09 Feb 03 2021,97,62,0,0,0
21:21:11 Feb 03 2021,97,67,0,0,0
21:21:13 Feb 03 2021,97,66,0,0,0
21:21:15 Feb 03 2021,96,61,0,0,0
21:21:17 Feb 03 2021,96,58,0,0,0
21:21:19 Feb 03 2021,96,57,0,0,0
21:21:21 Feb 03 2021,96,56,0,0,0
21:21:23 Feb 03 2021,97,61,0,0,0
21:21:25 Feb 03 2021,97,62,1,0,0
21:21:27 Feb 03 2021,97,64,0,0,0
21:21:29 Feb 03 2021,96,66,0,0,0
21:21:31 Feb 03 2021,96,64,0,0,0
21:21:33 Feb 03 2021,97,67,1,0,0
21:21:35 Feb 03 2021,96,67,1,0,0
21:21:37 Feb 03 2021,96,65,0,0,0
21:21:39 Feb 03 2021,96,64,0,0,0
21:21:41 Feb 03 2021,96,64,0,0,0
21:21:43 Feb 03 2021,96,60,0,0,0
21:21:45 Feb 03 2021,96,59,0,0,0
21:21:47 Feb 03 2021,96,58,0,0,0
21:21:49 Feb 03 2021,96,58,0,0,0
21:21:51 Feb 03 2021,96,58,0,0,0
21:21:53 Feb 03 2021,96,58,1,0,0
21:21:55 Feb 03 2021,96,59,0,0,0
21:21:57 Feb 03 2021,96,61,0,0,0
21:21:59 Feb 03 2021,96,64,0,0,0
21:22:01 Feb 03 2021,96,67,0,0,0
21:22:03 Feb 03 2021,96,68,0,0,0
21:22:05 Feb 03 2021,96,69,0,0,0
21:22:07 Feb 03 2021,96,69,0,0,0
21:22:09 Feb 03 2021,95,70,0,0,0
21:22:11 Feb 03 2021,95,67,0,0,0
21:22:13 Feb 03 2021,96,64,0,0,0
21:22:15 Feb 03 2021,96,61,0,0,0
21:22:17 Feb 03 2021,96,60,0,0,0
21:22:19 Feb 03 2021,96,62,0,0,0
21:22:21 Feb 03 2021,95,59,0,0,0
21:22:23 Feb 03 2021,95,58,0,0,0
21:22:25 Feb 03 2021,96,57,0,0,0
21:22:27 Feb 03 2021,96,57,0,0,0
21:22:29 Feb 03 2021,96,57,0,0,0
21:22:31 Feb 03 2021,95,57,0,0,0
21:22:33 Feb 03 2021,95,56,1,0,0
21:22:35 Feb 03 2021,94,56,0,0,0
21:22:37 Feb 03 2021,94,57,1,0,0
21:22:39 Feb 03 2021,94,58,0,0,0
21:22:41 Feb 03 2021,94,58,0,0,0
21:22:43 Feb 03 2021,94,59,0,0,0
21:22:45 Feb 03 2021,94,61,0,0,0
21:22:47 Feb 03 2021,94,63,0,0,0
21:22:49 Feb 03 2021,94,64,0,0,0
21:22:51 Feb 03 2021,94,70,1,0,0
21:22:53 Feb 03 2021,94,69,0,0,0
21:22:55 Feb 03 2021,94,68,0,0,0
21:22:57 Feb 03 2021,94,71,0,0,0
21:22:59 Feb 03 2021,94,68,0,0,0
21:23:01 Feb 03 2021,94,67,0,0,0
21:23:03 Feb 03 2021,94,68,0,0,0
21:23:05 Feb 03 2021,94,68,0,0,0
21:23:07 Feb 03 2021,94,68,0,0,0
21:23:09 Feb 03 2021,94,69,1,0,0
21:23:11 Feb 03 2021,94,72,1,0,0
21:23:13 Feb 03 2021,94,73,1,0,0
21:23:15 Feb 03 2021,94,75,0,0,0
21:23:17 Feb 03 2021,94,74,0,0,0
21:23:19 Feb 03 2021,94,75,0,0,0
21:23:21 Feb 03 2021,94,75,0,0,0
21:23:23 Feb 03 2021,94,75,0,0,0
21:23:25 Feb 03 2021,94,75,0,0,0
21:23:27 Feb 03 2021,93,72,0,0,0
21:23:29 Feb 03 2021,93,72,1,0,0
21:23:31 Feb 03 2021,93,71,0,0,0
21:23:33 Feb 03 2021,93,71,0,0,0
21:23:35 Feb 03 2021,93,71,0,0,0
21:23:37 Feb 03 2021,93,71,0,0,0
21:23:39 Feb 03 2021,92,71,0,0,0
21:23:41 Feb 03 2021,92,71,0,0,0
21:23:43 Feb 03 2021,92,71,0,0,0
21:23:45 Feb 03 2021,92,71,0,0,0
21:23:47 Feb 03 2021,92,71,0,0,0
21:23:49 Feb 03 2021,93,71,0,0,0
21:23:51 Feb 03 2021,94,70,0,0,0
21:23:53 Feb 03 2021,95,70,0,0,0
21:23:55 Feb 03 2021,96,68,0,0,0
21:23:57 Feb 03 2021,96,69,0,0,0
21:23:59 Feb 03 2021,96,69,0,0,0
21:24:01 Feb 03 2021,97,66,1,0,0
21:24:03 Feb 03 2021,97,66,0,0,0
21:24:05 Feb 03 2021,97,64,0,0,0
21:24:07 Feb 03 2021,97,65,0,0,0
21:24:09 Feb 03 2021,97,65,0,0,0
21:24:11 Feb 03 2021,97,65,0,0,0
21:24:13 Feb 03 2021,97,66,0,0,0
21:24:15 Feb 03 2021,97,66,0,0,0
21:24:17 Feb 03 2021,97,66,0,0,0
21:24:19 Feb 03 2021,97,66,0,0,0
21:24:21 Feb 03 2021,97,66,0,0,0
21:24:23 Feb 03 2021,97,66,1,0,0
21:24:25 Feb 03 2021,97,66,0,0,0
21:24:27 Feb 03 2021,97,67,1,0,0
21:24:29 Feb 03 2021,97,67,0,0,0
21:24:31 Feb 03 2021,97,68,0,0,0
21:24:33 Feb 03 2021,97,69,0,0,0
21:24:35 Feb 03 2021,97,70,0,0,0
21:24:37 Feb 03 2021,97,70,0,0,0
21:24:39 Feb 03 2021,97,73,0,0,0
21:24:41 Feb 03 2021,97,71,0,0,0
21:24:43 Feb 03 2021,97,71,0,0,0
21:24:45 Feb 03 2021,97,70,1,0,0
21:24:47 Feb 03 2021,97,70,1,0,0
21:24:49 Feb 03 2021,97,71,1,0,0
21:24:51 Feb 03 2021,97,71,0,0,0
21:24:53 Feb 03 2021,97,74,0,0,0
21:24:55 Feb 03 2021,97,72,0,0,0
21:24:57 Feb 03 2021,97,71,0,0,0
21:24:59 Feb 03 2021,97,71,1,0,0
21:25:01 Feb 03 2021,97,71,0,0,0
21:25:03 Feb 03 2021,97,70,0,0,0
21:25:05 Feb 03 2021,97,71,0,0,0
21:25:07 Feb 03 2021,97,71,1,0,0
21:25:09 Feb 03 2021,97,70,0,0,0
21:25:11 Feb 03 2021,97,67,0,0,0
21:25:13 Feb 03 2021,97,66,1,0,0
21:25:15 Feb 03 2021,97,64,0,0,0
21:25:17 Feb 03 2021,97,65,1,0,0
21:25:19 Feb 03 2021,97,65,0,0,0
21:25:21 Feb 03 2021,97,63,1,0,0
21:25:23 Feb 03 2021,97,62,1,0,0
21:25:25 Feb 03 2021,97,62,0,0,0
21:25:27 Feb 03 2021,97,64,1,0,0
21:25:29 Feb 03 2021,97,66,1,0,0
21:25:31 Feb 03 2021,97,69,1,0,0
21:25:33 Feb 03 2021,97,69,1,0,0
21:25:35 Feb 03 2021,97,69,0,0,0
21:25:37 Feb 03 2021,97,69,0,0,0
21:25:39 Feb 03 2021,97,69,0,0,0
21:25:41 Feb 03 2021,97,69,0,0,0
21:25:43 Feb 03 2021,97,69,0,0,0
21:25:45 Feb 03 2021,97,69,0,0,0
21:25:47 Feb 03 2021,97,69,1,0,0
21:25:49 Feb 03 2021,97,67,0,0,0
21:25:51 Feb 03 2021,96,63,1,0,0
21:25:53 Feb 03 2021,96,60,0,0,0
21:25:55 Feb 03 2021,96,58,0,0,0
21:25:57 Feb 03 2021,96,58,0,0,0
21:25:59 Feb 03 2021,96,59,1,0,0
21:26:01 Feb 03 2021,96,61,0,0,0
21:26:03 Feb 03 2021,96,61,0,0,0
21:26:05 Feb 03 2021,95,63,0,0,0
21:26:07 Feb 03 2021,95,67,0,0,0
21:26:09 Feb 03 2021,95,66,0,0,0
21:26:11 Feb 03 2021,95,67,0,0,0
21:26:13 Feb 03 2021,95,67,0,0,0
21:26:15 Feb 03 2021,96,63,1,0,0
21:26:17 Feb 03 2021,96,63,0,0,0
21:26:19 Feb 03 2021,96,63,0,0,0
21:26:21 Feb 03 2021,96,63,1,0,0
21:26:23 Feb 03 2021,96,64,1,0,0
21:26:25 Feb 03 2021,96,65,0,0,0
21:26:27 Feb 03 2021,96,65,1,0,0
21:26:29 Feb 03 2021,96,65,0,0,0
21:26:31 Feb 03 2021,96,65,1,0,0
21:26:33 Feb 03 2021,96,65,0,0,0
21:26:35 Feb 03 2021,96,65,1,0,0
21:26:37 Feb 03 2021,96,65,0,0,0
21:26:39 Feb 03 2021,96,65,1,0,0
21:26:41 Feb 03 2021,96,65,0,0,0
21:26:43 Feb 03 2021,96,65,0,0,0
21:26:45 Feb 03 2021,96,66,1,0,0
21:26:47 Feb 03 2021,96,67,0,0,0
21:26:49 Feb 03 2021,96,66,0,0,0
21:26:51 Feb 03 2021,96,66,1,0,0
21:26:53 Feb 03 2021,96,66,1,0,0
21:26:55 Feb 03 2021,96,67,0,0,0
21:26:57 Feb 03 2021,97,68,0,0,0
21:26:59 Feb 03 2021,97,68,0,0,0
21:27:01 Feb 03 2021,97,70,1,0,0
21:27:03 Feb 03 2021,97,71,0,0,0
21:27:05 Feb 03 2021,97,71,0,0,0
21:27:07 Feb 03 2021,97,74,0,0,0
21:27:09 Feb 03 2021,97,73,1,0,0
21:27:11 Feb 03 2021,97,74,0,0,0
21:27:13 Feb 03 2021,97,74,0,0,0
21:27:15 Feb 03 2021,97,74,0,0,0
21:27:17 Feb 03 2021,97,74,0,0,0
21:27:19 Feb 03 2021,97,74,0,0,0
21:27:21 Feb 03 2021,97,73,0,0,0
21:27:23 Feb 03 2021,97,71,0,0,0
21:27:25 Feb 03 2021,97,67,1,0,0
21:27:27 Feb 03 2021,97,66,0,0,0
21:27:29 Feb 03 2021,97,65,0,0,0
21:27:31 Feb 03 2021,97,66,0,0,0
21:27:33 Feb 03 2021,97,68,0,0,0
21:27:35 Feb 03 2021,97,68,0,0,0
21:27:37 Feb 03 2021,96,68,0,0,0
21:27:39 Feb 03 2021,96,68,1,0,0
21:27:41 Feb 03 2021,96,68,1,0,0
21:27:43 Feb 03 2021,96,68,1,0,0
21:27:45 Feb 03 2021,96,68,0,0,0
21:27:47 Feb 03 2021,96,68,1,0,0
21:27:49 Feb 03 2021,96,67,0,0,0
21:27:51 Feb 03 2021,96,68,1,0,0
21:27:53 Feb 03 2021,96,69,1,0,0
21:27:55 Feb 03 2021,96,69,1,0,0
21:27:57 Feb 03 2021,95,71,1,0,0
21:27:59 Feb 03 2021,95,70,0,0,0
21:28:01 Feb 03 2021,96,71,1,0,0
21:28:03 Feb 03 2021,95,71,0,0,0
21:28:05 Feb 03 2021,95,72,0,0,0
21:28:07 Feb 03 2021,95,72,0,0,0
21:28:09 Feb 03 2021,95,70,0,0,0
21:28:11 Feb 03 2021,94,67,1,0,0
21:28:13 Feb 03 2021,94,66,0,0,0
21:28:15 Feb 03 2021,93,66,0,0,0
21:28:17 Feb 03 2021,93,68,1,0,0
21:28:19 Feb 03 2021,93,68,1,0,0
21:28:21 Feb 03 2021,91,69,0,0,0
21:28:23 Feb 03 2021,90,68,0,0,0
21:28:25 Feb 03 2021,89,69,0,1,0
21:28:27 Feb 03 2021,89,70,0,0,0
21:28:29 Feb 03 2021,89,70,1,0,0
21:28:31 Feb 03 2021,89,70,1,0,0
21:28:33 Feb 03 2021,91,66,1,0,0
21:28:35 Feb 03 2021,93,63,0,0,0
21:28:37 Feb 03 2021,94,61,1,0,0
21:28:39 Feb 03 2021,94,61,0,0,0
21:28:41 Feb 03 2021,94,62,0,0,0
21:28:43 Feb 03 2021,94,63,0,0,0
21:28:45 Feb 03 2021,95,59,1,0,0
21:28:47 Feb 03 2021,96,57,1,0,0
21:28:49 Feb 03 2021,96,61,1,0,0
21:28:51 Feb 03 2021,97,61,0,0,0
21:28:53 Feb 03 2021,97,61,0,0,0
21:28:55 Feb 03 2021,98,62,1,0,0
21:28:57 Feb 03 2021,98,65,0,0,0
21:28:59 Feb 03 2021,98,64,0,0,0
21:29:01 Feb 03 2021,98,67,1,0,0
21:29:03 Feb 03 2021,97,71,0,0,0
21:29:05 Feb 03 2021,97,69,0,0,0
21:29:07 Feb 03 2021,97,71,0,0,0
21:29:09 Feb 03 2021,97,72,1,0,0
21:29:11 Feb 03 2021,97,71,0,0,0
21:29:13 Feb 03 2021,97,72,1,0,0
21:29:15 Feb 03 2021,97,69,0,0,0
21:29:17 Feb 03 2021,96,68,1,0,0
21:29:19 Feb 03 2021,96,67,1,0,0
21:29:21 Feb 03 2021,96,68,1,0,0
21:29:23 Feb 03 2021,96,69,0,0,0
21:29:25 Feb 03 2021,96,70,0,0,0
21:29:27 Feb 03 2021,95,70,1,0,0
21:29:29 Feb 03 2021,95,71,1,0,0
21:29:31 Feb 03 2021,95,71,0,0,0
21:29:33 Feb 03 2021,95,72,1,0,0
21:29:35 Feb 03 2021,95,72,1,0,0
21:29:37 Feb 03 2021,95,70,0,0,0
21:29:39 Feb 03 2021,96,72,0,0,0
21:29:41 Feb 03 2021,96,71,0,0,0
21:29:43 Feb 03 2021,96,71,1,0,0
21:29:45 Feb 03 2021,96,71,1,0,0
21:29:47 Feb 03 2021,96,71,0,0,0
21:29:49 Feb 03 2021,96,71,0,0,0
21:29:51 Feb 03 2021,96,72,0,0,0
21:29:53 Feb 03 2021,96,72,1,0,0
21:29:55 Feb 03 2021,96,72,1,0,0
21:29:57 Feb 03 2021,96,73,1,0,0
21:29:59 Feb 03 2021,96,73,0,0,0
21:30:01 Feb 03 2021,96,73,1,0,0
21:30:03 Feb 03 2021,96,73,1,0,0
21:30:05 Feb 03 2021,96,70,1,0,0
21:30:07 Feb 03 2021,96,70,1,0,0
21:30:09 Feb 03 2021,96,69,0,0,0
21:30:11 Feb 03 2021,96,68,0,0,0
21:30:13 Feb 03 2021,96,69,1,0,0
21:30:15 Feb 03 2021,96,69,0,0,0
21:30:17 Feb 03 2021,96,68,1,0,0
21:30:19 Feb 03 2021,96,69,0,0,0
21:30:21 Feb 03 2021,96,69,0,0,0
21:30:23 Feb 03 2021,96,71,0,0,0
21:30:25 Feb 03 2021,96,71,0,0,0
21:30:27 Feb 03 2021,96,71,0,0,0
21:30:29 Feb 03 2021,96,71,0,0,0
21:30:31 Feb 03 2021,96,73,0,0,0
21:30:33 Feb 03 2021,96,74,1,0,0
21:30:35 Feb 03 2021,96,76,0,0,0
21:30:37 Feb 03 2021,96,80,0,0,0
21:30:39 Feb 03 2021,96,79,0,0,0
21:30:41 Feb 03 2021,96,79,0,0,0
21:30:43 Feb 03 2021,96,80,0,0,0
21:30:45 Feb 03 2021,96,78,0,0,0
21:30:47 Feb 03 2021,96,77,0,0,0
21:30:49 Feb 03 2021,96,76,0,0,0
21:30:51 Feb 03 2021,96,73,0,0,0
21:30:53 Feb 03 2021,96,74,0,0,0
21:30:55 Feb 03 2021,97,74,1,0,0
21:30:57 Feb 03 2021,97,75,0,0,0
21:30:59 Feb 03 2021,97,77,0,0,0
21:31:01 Feb 03 2021,97,78,0,0,0
21:31:03 Feb 03 2021,97,77,0,0,0
21:31:05 Feb 03 2021,97,78,0,0,0
21:31:07 Feb 03 2021,97,78,0,0,0
21:31:09 Feb 03 2021,97,78,0,0,0
21:31:11 Feb 03 2021,97,78,0,0,0
21:31:13 Feb 03 2021,97,78,0,0,0
21:31:15 Feb 03 2021,97,74,1,0,0
21:31:17 Feb 03 2021,97,75,0,0,0
21:31:19 Feb 03 2021,97,75,0,0,0
21:31:21 Feb 03 2021,97,73,0,0,0
21:31:23 Feb 03 2021,97,77,0,0,0
21:31:25 Feb 03 2021,97,78,0,0,0
21:31:27 Feb 03 2021,97,76,0,0,0
21:31:29 Feb 03 2021,97,75,0,0,0
21:31:31 Feb 03 2021,97,74,0,0,0
21:31:33 Feb 03 2021,97,72,1,0,0
21:31:35 Feb 03 2021,97,71,0,0,0
21:31:37 Feb 03 2021,96,72,0,0,0
21:31:39 Feb 03 2021,96,74,0,0,0
21:31:41 Feb 03 2021,96,74,0,0,0
21:31:43 Feb 03 2021,96,76,0,0,0
21:31:45 Feb 03 2021,96,76,0,0,0
21:31:47 Feb 03 2021,96,75,0,0,0
21:31:49 Feb 03 2021,96,76,1,0,0
21:31:51 Feb 03 2021,96,74,0,0,0
21:31:53 Feb 03 2021,95,71,1,0,0
21:31:55 Feb 03 2021,94,65,0,0,0
21:31:57 Feb 03 2021,93,64,0,0,0
21:31:59 Feb 03 2021,93,64,0,0,0
21:32:01 Feb 03 2021,93,63,0,0,0
21:32:03 Feb 03 2021,93,64,0,0,0
21:32:05 Feb 03 2021,93,67,0,0,0
21:32:07 Feb 03 2021,93,65,0,0,0
21:32:09 Feb 03 2021,93,65,0,0,0
21:32:11 Feb 03 2021,93,66,1,0,0
21:32:13 Feb 03 2021,93,65,0,0,0
21:32:15 Feb 03 2021,94,66,0,0,0
21:32:17 Feb 03 2021,95,67,0,0,0
21:32:19 Feb 03 2021,96,67,0,0,0
21:32:21 Feb 03 2021,96,67,1,0,0
21:32:23 Feb 03 2021,96,67,0,0,0
21:32:25 Feb 03 2021,96,67,0,0,0
21:32:27 Feb 03 2021,97,70,1,0,0
21:32:29 Feb 03 2021,97,71,0,0,0
21:32:31 Feb 03 2021,97,73,1,0,0
21:32:33 Feb 03 2021,97,70,1,0,0
21:32:35 Feb 03 2021,97,68,0,0,0
21:32:37 Feb 03 2021,97,68,1,0,0
21:32:39 Feb 03 2021,97,70,0,0,0
21:32:41 Feb 03 2021,97,72,0,0,0
21:32:43 Feb 03 2021,97,73,0,0,0
21:32:45 Feb 03 2021,97,72,0,0,0
21:32:47 Feb 03 2021,97,68,0,0,0
21:32:49 Feb 03 2021,97,68,0,0,0
21:32:51 Feb 03 2021,97,70,0,0,0
21:32:53 Feb 03 2021,97,71,0,0,0
21:32:55 Feb 03 2021,97,72,0,0,0
21:32:57 Feb 03 2021,97,71,0,0,0
21:32:59 Feb 03 2021,97,72,0,0,0
21:33:01 Feb 03 2021,97,72,1,0,0
21:33:03 Feb 03 2021,97,73,0,0,0
21:33:05 Feb 03 2021,97,74,0,0,0
21:33:07 Feb 03 2021,97,73,0,0,0
21:33:09 Feb 03 2021,96,75,0,0,0
21:33:11 Feb 03 2021,95,74,0,0,0
21:33:13 Feb 03 2021,95,71,0,0,0
21:33:15 Feb 03 2021,94,68,0,0,0
21:33:17 Feb 03 2021,95,66,0,0,0
21:33:19 Feb 03 2021,95,66,0,0,0
21:33:21 Feb 03 2021,95,66,0,0,0
21:33:23 Feb 03 2021,95,65,0,0,0
21:33:25 Feb 03 2021,95,65,0,0,0
21:33:27 Feb 03 2021,95,64,0,0,0
21:33:29 Feb 03 2021,95,65,0,0,0
21:33:31 Feb 03 2021,95,68,0,0,0
21:33:33 Feb 03 2021,96,70,0,0,0
21:33:35 Feb 03 2021,96,71,0,0,0
21:33:37 Feb 03 2021,96,73,1,0,0
21:33:39 Feb 03 2021,96,74,0,0,0
21:33:41 Feb 03 2021,96,74,1,0,0
21:33:43 Feb 03 2021,96,72,1,0,0
21:33:45 Feb 03 2021,96,72,0,0,0
21:33:47 Feb 03 2021,96,73,0,0,0
21:33:49 Feb 03 2021,96,70,1,0,0
21:33:51 Feb 03 2021,96,70,1,0,0
21:33:53 Feb 03 2021,95,71,0,0,0
21:33:55 Feb 03 2021,95,69,1,0,0
21:33:57 Feb 03 2021,95,67,1,0,0
21:33:59 Feb 03 2021,95,64,0,0,0
21:34:01 Feb 03 2021,95,62,0,0,0
21:34:03 Feb 03 2021,95,64,0,0,0
21:34:05 Feb 03 2021,95,65,0,0,0
21:34:07 Feb 03 2021,95,66,1,0,0
21:34:09 Feb 03 2021,94,69,0,0,0
21:34:11 Feb 03 2021,95,68,0,0,0
21:34:13 Feb 03 2021,95,69,0,0,0
21:34:15 Feb 03 2021,95,70,1,0,0
21:34:17 Feb 03 2021,95,69,0,0,0
21:34:19 Feb 03 2021,95,68,0,0,0
21:34:21 Feb 03 2021,95,68,0,0,0
21:34:23 Feb 03 2021,94,71,1,0,0
21:34:25 Feb 03 2021,95,67,0,0,0
21:34:27 Feb 03 2021,94,68,0,0,0
21:34:29 Feb 03 2021,94,66,0,0,0
21:34:31 Feb 03 2021,94,64,0,0,0
21:34:33 Feb 03 2021,94,67,0,0,0
21:34:35 Feb 03 2021,94,70,0,0,0
21:34:37 Feb 03 2021,94,72,0,0,0
21:34:39 Feb 03 2021,93,75,0,0,0
21:34:41 Feb 03 2021,92,73,0,0,0
21:34:43 Feb 03 2021,92,73,0,0,0
21:34:45 Feb 03 2021,91,74,0,0,0
21:34:47 Feb 03 2021,90,74,0,0,0
21:34:49 Feb 03 2021,90,73,0,0,0
21:34:51 Feb 03 2021,90,75,0,0,0
21:34:53 Feb 03 2021,90,75,0,0,0
21:34:55 Feb 03 2021,90,74,1,0,0
21:34:57 Feb 03 2021,90,75,0,0,0
21:34:59 Feb 03 2021,90,76,0,0,0
21:35:01 Feb 03 2021,90,77,0,0,0
21:35:03 Feb 03 2021,90,78,1,0,0
21:35:05 Feb 03 2021,90,78,0,0,0
21:35:07 Feb 03 2021,91,77,0,0,0
21:35:09 Feb 03 2021,92,72,1,0,0
21:35:11 Feb 03 2021,93,70,0,0,0
21:35:13 Feb 03 2021,94,68,0,0,0
21:35:15 Feb 03 2021,94,66,0,0,0
21:35:17 Feb 03 2021,95,70,0,0,0
21:35:19 Feb 03 2021,95,70,0,0,0
21:35:21 Feb 03 2021,96,72,0,0,0
21:35:23 Feb 03 2021,97,73,1,0,0
21:35:25 Feb 03 2021,97,76,0,0,0
21:35:27 Feb 03 2021,97,76,0,0,0
21:35:29 Feb 03 2021,98,75,0,0,0
21:35:31 Feb 03 2021,98,74,1,0,0
21:35:33 Feb 03 2021,98,74,0,0,0
21:35:35 Feb 03 2021,98,72,1,0,0
21:35:37 Feb 03 2021,98,69,0,0,0
21:35:39 Feb 03 2021,98,69,0,0,0
21:35:41 Feb 03 2021,98,67,0,0,0
21:35:43 Feb 03 2021,98,65,0,0,0
21:35:45 Feb 03 2021,98,67,0,0,0
21:35:47 Feb 03 2021,98,67,1,0,0
21:35:49 Feb 03 2021,98,67,0,0,0
21:35:51 Feb 03 2021,98,67,0,0,0
21:35:53 Feb 03 2021,98,69,0,0,0
21:35:55 Feb 03 2021,98,69,0,0,0
21:35:57 Feb 03 2021,98,68,0,0,0
21:35:59 Feb 03 2021,98,68,0,0,0
21:36:01 Feb 03 2021,98,69,0,0,0
21:36:03 Feb 03 2021,98,70,0,0,0
21:36:05 Feb 03 2021,98,72,1,0,0
21:36:07 Feb 03 2021,98,72,0,0,0
21:36:09 Feb 03 2021,98,72,0,0,0
21:36:11 Feb 03 2021,97,74,0,0,0
21:36:13 Feb 03 2021,97,71,0,0,0
21:36:15 Feb 03 2021,97,72,0,0,0
21:36:17 Feb 03 2021,97,72,1,0,0
21:36:19 Feb 03 2021,97,72,0,0,0
21:36:21 Feb 03 2021,97,72,0,0,0
21:36:23 Feb 03 2021,97,72,0,0,0
21:36:25 Feb 03 2021,97,72,0,0,0
21:36:27 Feb 03 2021,97,72,0,0,0
21:36:29 Feb 03 2021,97,72,1,0,0
21:36:31 Feb 03 2021,97,71,0,0,0
21:36:33 Feb 03 2021,97,72,0,0,0
21:36:35 Feb 03 2021,97,72,0,0,0
21:36:37 Feb 03 2021,97,72,0,0,0
21:36:39 Feb 03 2021,97,72,0,0,0
21:36:41 Feb 03 2021,97,72,0,0,0
21:36:43 Feb 03 2021,97,72,0,0,0
21:36:45 Feb 03 2021,97,72,0,0,0
21:36:47 Feb 03 2021,97,68,1,0,0
21:36:49 Feb 03 2021,97,69,0,0,0
21:36:51 Feb 03 2021,97,69,0,0,0
21:36:53 Feb 03 2021,97,71,1,0,0
21:36:55 Feb 03 2021,97,73,0,0,0
21:36:57 Feb 03 2021,97,73,1,0,0
21:36:59 Feb 03 2021,97,73,1,0,0
21:37:01 Feb 03 2021,97,73,0,0,0
21:37:03 Feb 03 2021,97,73,0,0,0
21:37:05 Feb 03 2021,97,73,1,0,0
21:37:07 Feb 03 2021,97,73,0,0,0
21:37:09 Feb 03 2021,97,73,0,0,0
21:37:11 Feb 03 2021,97,73,0,0,0
21:37:13 Feb 03 2021,97,73,0,0,0
21:37:15 Feb 03 2021,97,73,0,0,0
21:37:17 Feb 03 2021,97,74,0,0,0
21:37:19 Feb 03 2021,96,74,0,0,0
21:37:21 Feb 03 2021,96,72,0,0,0
21:37:23 Feb 03 2021,96,72,0,0,0
21:37:25 Feb 03 2021,96,71,0,0,0
21:37:27 Feb 03 2021,96,71,0,0,0
21:37:29 Feb 03 2021,96,70,0,0,0
21:37:31 Feb 03 2021,96,69,1,0,0
21:37:33 Feb 03 2021,96,69,0,0,0
21:37:35 Feb 03 2021,96,67,0,0,0
21:37:37 Feb 03 2021,96,67,0,0,0
21:37:39 Feb 03 2021,96,67,0,0,0
21:37:41 Feb 03 2021,96,67,1,0,0
21:37:43 Feb 03 2021,96,66,1,0,0
21:37:45 Feb 03 2021,96,69,0,0,0
21:37:47 Feb 03 2021,96,69,1,0,0
21:37:49 Feb 03 2021,96,69,0,0,0
21:37:51 Feb 03 2021,96,70,0,0,0
21:37:53 Feb 03 2021,96,69,0,0,0
21:37:55 Feb 03 2021,96,69,0,0,0
21:37:57 Feb 03 2021,96,70,1,0,0
21:37:59 Feb 03 2021,97,71,1,0,0
21:38:01 Feb 03 2021,97,74,0,0,0
21:38:03 Feb 03 2021,97,76,1,0,0
21:38:05 Feb 03 2021,97,76,0,0,0
21:38:07 Feb 03 2021,97,75,1,0,0
21:38:09 Feb 03 2021,97,75,1,0,0
21:38:11 Feb 03 2021,96,75,0,0,0
21:38:13 Feb 03 2021,96,76,1,0,0
21:38:15 Feb 03 2021,96,76,0,0,0
21:38:17 Feb 03 2021,96,76,0,0,0
21:38:19 Feb 03 2021,96,76,0,0,0
21:38:21 Feb 03 2021,96,77,0,0,0
21:38:23 Feb 03 2021,96,76,0,0,0
21:38:25 Feb 03 2021,96,77,0,0,0
21:38:27 Feb 03 2021,96,77,0,0,0
21:38:29 Feb 03 2021,96,77,0,0,0
21:38:31 Feb 03 2021,96,77,0,0,0
21:38:33 Feb 03 2021,95,83,1,0,0
21:38:35 Feb 03 2021,96,84,0,0,0
21:38:37 Feb 03 2021,96,88,0,0,0
21:38:39 Feb 03 2021,96,86,0,0,0
21:38:41 Feb 03 2021,96,84,0,0,0
21:38:43 Feb 03 2021,96,84,0,0,0
21:38:45 Feb 03 2021,96,83,0,0,0
21:38:47 Feb 03 2021,96,80,0,0,0
21:38:49 Feb 03 2021,95,82,1,0,0
21:38:51 Feb 03 2021,96,82,0,0,0
21:38:53 Feb 03 2021,96,80,1,0,0
21:38:55 Feb 03 2021,96,77,0,0,0
21:38:57 Feb 03 2021,96,74,1,0,0
21:38:59 Feb 03 2021,96,70,0,0,0
21:39:01 Feb 03 2021,95,69,0,0,0
21:39:03 Feb 03 2021,95,70,0,0,0
21:39:05 Feb 03 2021,95,73,0,0,0
21:39:07 Feb 03 2021,94,75,0,0,0
21:39:09 Feb 03 2021,94,77,0,0,0
21:39:11 Feb 03 2021,94,77,1,0,0
21:39:13 Feb 03 2021,94,77,0,0,0
21:39:15 Feb 03 2021,94,76,1,0,0
21:39:17 Feb 03 2021,94,79,1,0,0
21:39:19 Feb 03 2021,95,80,0,0,0
21:39:21 Feb 03 2021,95,77,0,0,0
21:39:23 Feb 03 2021,96,78,1,0,0
21:39:25 Feb 03 2021,96,77,0,0,0
21:39:27 Feb 03 2021,96,78,0,0,0
21:39:29 Feb 03 2021,96,78,0,0,0
21:39:31 Feb 03 2021,96,78,0,0,0
21:39:33 Feb 03 2021,96,77,0,0,0
21:39:35 Feb 03 2021,96,77,0,0,0
21:39:37 Feb 03 2021,96,77,0,0,0
21:39:39 Feb 03 2021,96,76,0,0,0
21:39:41 Feb 03 2021,96,77,0,0,0
21:39:43 Feb 03 2021,96,77,0,0,0
21:39:45 Feb 03 2021,96,77,1,0,0
21:39:47 Feb 03 2021,96,77,0,0,0
21:39:49 Feb 03 2021,96,77,0,0,0
21:39:51 Feb 03 2021,96,72,0,0,0
21:39:53 Feb 03 2021,96,79,0,0,0
21:39:55 Feb 03 2021,96,79,0,0,0
21:39:57 Feb 03 2021,96,80,1,0,0
21:39:59 Feb 03 2021,96,80,0,0,0
21:40:01 Feb 03 2021,96,79,1,0,0
21:40:03 Feb 03 2021,95,80,0,0,0
21:40:05 Feb 03 2021,95,81,0,0,0
21:40:07 Feb 03 2021,95,82,0,0,0
21:40:09 Feb 03 2021,95,82,0,0,0
21:40:11 Feb 03 2021,94,81,0,0,0
21:40:13 Feb 03 2021,94,82,0,0,0
21:40:15 Feb 03 2021,94,80,1,0,0
21:40:17 Feb 03 2021,94,80,0,0,0
21:40:19 Feb 03 2021,94,81,0,0,0
21:40:21 Feb 03 2021,94,81,0,0,0
21:40:23 Feb 03 2021,94,81,0,0,0
21:40:25 Feb 03 2021,94,81,1,0,0
21:40:27 Feb 03 2021,94,82,0,0,0
21:40:29 Feb 03 2021,94,84,0,0,0
21:40:31 Feb 03 2021,94,84,1,0,0
21:40:33 Feb 03 2021,94,83,0,0,0
21:40:35 Feb 03 2021,93,83,0,0,0
21:40:37 Feb 03 2021,93,82,0,0,0
21:40:39 Feb 03 2021,93,82,0,0,0
21:40:41 Feb 03 2021,93,85,0,0,0
21:40:43 Feb 03 2021,93,84,0,0,0
21:40:45 Feb 03 2021,93,84,0,0,0
21:40:47 Feb 03 2021,92,81,0,0,0
21:40:49 Feb 03 2021,92,75,0,0,0
21:40:51 Feb 03 2021,91,74,0,0,0
21:40:53 Feb 03 2021,91,73,0,0,0
21:40:55 Feb 03 2021,90,80,1,0,0
21:40:57 Feb 03 2021,90,82,1,0,0
21:40:59 Feb 03 2021,90,85,1,0,0
21:41:01 Feb 03 2021,90,87,0,0,0
21:41:03 Feb 03 2021,89,85,1,1,0
21:41:05 Feb 03 2021,89,82,0,0,0
21:41:07 Feb 03 2021,89,80,0,0,0
21:41:09 Feb 03 2021,89,78,0,0,0
21:41:11 Feb 03 2021,89,78,0,0,0
21:41:13 Feb 03 2021,89,79,0,0,0
21:41:15 Feb 03 2021,89,78,0,0,0
21:41:17 Feb 03 2021,89,78,1,0,0
21:41:19 Feb 03 2021,89,77,0,0,0
21:41:21 Feb 03 2021,89,77,0,0,0
21:41:23 Feb 03 2021,89,76,0,0,0
21:41:25 Feb 03 2021,89,78,0,0,0
21:41:27 Feb 03 2021,89,80,0,0,0
21:41:29 Feb 03 2021,89,82,0,0,0
21:41:31 Feb 03 2021,89,83,0,0,0
21:41:33 Feb 03 2021,89,82,0,0,0
21:41:35 Feb 03 2021,90,82,0,0,0
21:41:37 Feb 03 2021,92,80,0,0,0
21:41:39 Feb 03 2021,94,79,0,0,0
21:41:41 Feb 03 2021,95,79,0,0,0
21:41:43 Feb 03 2021,96,79,0,0,0
21:41:45 Feb 03 2021,96,79,1,0,0
21:41:47 Feb 03 2021,96,79,0,0,0
21:41:49 Feb 03 2021,97,80,0,0,0
21:41:51 Feb 03 2021,97,79,0,0,0
21:41:53 Feb 03 2021,97,79,0,0,0
21:41:55 Feb 03 2021,97,79,1,0,0
21:41:57 Feb 03 2021,97,78,0,0,0
21:41:59 Feb 03 2021,98,77,1,0,0
21:42:01 Feb 03 2021,98,75,0,0,0
21:42:03 Feb 03 2021,98,72,0,0,0
21:42:05 Feb 03 2021,98,69,0,0,0
21:42:07 Feb 03 2021,97,69,0,0,0
21:42:09 Feb 03 2021,97,71,1,0,0
21:42:11 Feb 03 2021,97,71,0,0,0
21:42:13 Feb 03 2021,97,72,0,0,0
21:42:15 Feb 03 2021,97,71,1,0,0
21:42:17 Feb 03 2021,97,71,0,0,0
21:42:19 Feb 03 2021,97,71,0,0,0
21:42:21 Feb 03 2021,97,71,0,0,0
21:42:23 Feb 03 2021,97,71,0,0,0
21:42:25 Feb 03 2021,97,72,0,0,0
21:42:27 Feb 03 2021,97,73,1,0,0
21:42:29 Feb 03 2021,97,73,0,0,0
21:42:31 Feb 03 2021,97,73,0,0,0
21:42:33 Feb 03 2021,97,70,0,0,0
21:42:35 Feb 03 2021,97,71,0,0,0
21:42:37 Feb 03 2021,97,68,0,0,0
21:42:39 Feb 03 2021,97,69,1,0,0
21:42:41 Feb 03 2021,97,72,0,0,0
21:42:43 Feb 03 2021,97,70,0,0,0
21:42:45 Feb 03 2021,97,70,0,0,0
21:42:47 Feb 03 2021,97,69,1,0,0
21:42:49 Feb 03 2021,97,68,1,0,0
21:42:51 Feb 03 2021,96,70,0,0,0
21:42:53 Feb 03 2021,97,70,0,0,0
21:42:55 Feb 03 2021,96,71,0,0,0
21:42:57 Feb 03 2021,96,71,1,0,0
21:42:59 Feb 03 2021,96,70,0,0,0
21:43:01 Feb 03 2021,96,70,0,0,0
21:43:03 Feb 03 2021,96,70,0,0,0
21:43:05 Feb 03 2021,96,71,1,0,0
21:43:07 Feb 03 2021,97,73,0,0,0
21:43:09 Feb 03 2021,97,73,0,0,0
21:43:11 Feb 03 2021,97,74,0,0,0
21:43:13 Feb 03 2021,97,75,0,0,0
21:43:15 Feb 03 2021,97,73,0,0,0
21:43:17 Feb 03 2021,97,74,1,0,0
21:43:19 Feb 03 2021,97,73,0,0,0
21:43:21 Feb 03 2021,97,74,0,0,0
21:43:23 Feb 03 2021,97,75,0,0,0
21:43:25 Feb 03 2021,97,75,0,0,0
21:43:27 Feb 03 2021,97,77,0,0,0
21:43:29 Feb 03 2021,97,76,0,0,0
21:43:31 Feb 03 2021,97,76,0,0,0
21:43:33 Feb 03 2021,97,78,0,0,0
21:43:35 Feb 03 2021,97,77,1,0,0
21:43:37 Feb 03 2021,97,79,0,0,0
21:43:39 Feb 03 2021,97,79,0,0,0
21:43:41 Feb 03 2021,96,79,0,0,0
21:43:43 Feb 03 2021,96,79,1,0,0
21:43:45 Feb 03 2021,96,81,1,0,0
21:43:47 Feb 03 2021,96,79,0,0,0
21:43:49 Feb 03 2021,96,80,0,0,0
21:43:51 Feb 03 2021,96,80,0,0,0
21:43:53 Feb 03 2021,96,79,0,0,0
21:43:55 Feb 03 2021,96,78,0,0,0
21:43:57 Feb 03 2021,96,79,0,0,0
21:43:59 Feb 03 2021,95,78,0,0,0
21:44:01 Feb 03 2021,95,79,0,0,0
21:44:03 Feb 03 2021,95,80,0,0,0
21:44:05 Feb 03 2021,95,80,0,0,0
21:44:07 Feb 03 2021,95,80,1,0,0
21:44:09 Feb 03 2021,95,80,0,0,0
21:44:11 Feb 03 2021,95,79,0,0,0
21:44:13 Feb 03 2021,95,78,0,0,0
21:44:15 Feb 03 2021,94,74,1,0,0
21:44:17 Feb 03 2021,93,77,0,0,0
21:44:19 Feb 03 2021,92,78,1,0,0
21:44:21 Feb 03 2021,92,79,0,0,0
21:44:23 Feb 03 2021,91,80,1,0,0
21:44:25 Feb 03 2021,91,79,0,0,0
21:44:27 Feb 03 2021,90,80,0,0,0
21:44:29 Feb 03 2021,90,80,0,0,0
21:44:31 Feb 03 2021,90,80,0,0,0
21:44:33 Feb 03 2021,91,81,0,0,0
21:44:35 Feb 03 2021,91,81,0,0,0
21:44:37 Feb 03 2021,91,81,1,0,0
21:44:39 Feb 03 2021,91,81,0,0,0
21:44:41 Feb 03 2021,92,81,0,0,0
21:44:43 Feb 03 2021,92,82,0,0,0
21:44:45 Feb 03 2021,92,82,0,0,0
21:44:47 Feb 03 2021,92,82,0,0,0
21:44:49 Feb 03 2021,92,82,0,0,0
21:44:51 Feb 03 2021,92,82,0,0,0
21:44:53 Feb 03 2021,94,82,0,0,0
21:44:55 Feb 03 2021,95,83,0,0,0
21:44:57 Feb 03 2021,97,82,0,0,0
21:44:59 Feb 03 2021,97,80,0,0,0
21:45:01 Feb 03 2021,97,79,0,0,0
21:45:03 Feb 03 2021,97,79,0,0,0
21:45:05 Feb 03 2021,97,79,0,0,0
21:45:07 Feb 03 2021,97,80,1,0,0
21:45:09 Feb 03 2021,97,80,0,0,0
21:45:11 Feb 03 2021,97,80,1,0,0
21:45:13 Feb 03 2021,97,80,0,0,0
21:45:15 Feb 03 2021,97,81,0,0,0
21:45:17 Feb 03 2021,97,81,1,0,0
21:45:19 Feb 03 2021,97,84,0,0,0
21:45:21 Feb 03 2021,97,85,0,0,0
21:45:23 Feb 03 2021,97,84,0,0,0
21:45:25 Feb 03 2021,96,84,0,0,0
21:45:27 Feb 03 2021,97,83,0,0,0
21:45:29 Feb 03 2021,97,81,0,0,0
21:45:31 Feb 03 2021,97,82,1,0,0
21:45:33 Feb 03 2021,97,81,0,0,0
21:45:35 Feb 03 2021,97,80,0,0,0
21:45:37 Feb 03 2021,97,75,1,0,0
21:45:39 Feb 03 2021,96,72,0,0,0
21:45:41 Feb 03 2021,97,75,1,0,0
21:45:43 Feb 03 2021,96,76,0,0,0
21:45:45 Feb 03 2021,96,78,0,0,0
21:45:47 Feb 03 2021,96,80,0,0,0
21:45:49 Feb 03 2021,95,83,1,0,0
21:45:51 Feb 03 2021,94,83,0,0,0
21:45:53 Feb 03 2021,93,83,0,0,0
21:45:55 Feb 03 2021,92,84,1,0,0
21:45:57 Feb 03 2021,92,83,0,0,0
21:45:59 Feb 03 2021,92,82,0,0,0
21:46:01 Feb 03 2021,92,83,1,0,0
21:46:03 Feb 03 2021,92,83,1,0,0
21:46:05 Feb 03 2021,91,83,0,0,0
21:46:07 Feb 03 2021,91,83,1,0,0
21:46:09 Feb 03 2021,91,84,0,0,0
21:46:11 Feb 03 2021,91,85,0,0,0
21:46:13 Feb 03 2021,91,86,0,0,0
21:46:15 Feb 03 2021,91,88,0,0,0
21:46:17 Feb 03 2021,91,88,1,0,0
21:46:19 Feb 03 2021,91,88,0,0,0
21:46:21 Feb 03 2021,91,87,0,0,0
21:46:23 Feb 03 2021,92,87,0,0,0
21:46:25 Feb 03 2021,93,85,0,0,0
21:46:27 Feb 03 2021,95,84,0,0,0
21:46:29 Feb 03 2021,96,84,0,0,0
21:46:31 Feb 03 2021,96,82,0,0,0
21:46:33 Feb 03 2021,96,81,0,0,0
21:46:35 Feb 03 2021,96,82,1,0,0
21:46:37 Feb 03 2021,96,82,1,0,0
21:46:39 Feb 03 2021,96,81,0,0,0
21:46:41 Feb 03 2021,97,79,0,0,0
21:46:43 Feb 03 2021,97,78,0,0,0
21:46:45 Feb 03 2021,97,76,1,0,0
21:46:47 Feb 03 2021,97,77,0,0,0
21:46:49 Feb 03 2021,97,78,0,0,0
21:46:51 Feb 03 2021,97,76,0,0,0
21:46:53 Feb 03 2021,97,77,0,0,0
21:46:55 Feb 03 2021,97,77,0,0,0
21:46:57 Feb 03 2021,97,76,0,0,0
21:46:59 Feb 03 2021,97,77,0,0,0
21:47:01 Feb 03 2021,96,77,0,0,0
21:47:03 Feb 03 2021,96,77,0,0,0
21:47:05 Feb 03 2021,96,76,1,0,0
21:47:07 Feb 03 2021,97,76,0,0,0
21:47:09 Feb 03 2021,97,75,0,0,0
21:47:11 Feb 03 2021,97,74,0,0,0
21:47:13 Feb 03 2021,97,74,0,0,0
21:47:15 Feb 03 2021,97,74,1,0,0
21:47:17 Feb 03 2021,97,74,0,0,0
21:47:19 Feb 03 2021,97,74,0,0,0
21:47:21 Feb 03 2021,97,74,0,0,0
21:47:23 Feb 03 2021,96,74,0,0,0
21:47:25 Feb 03 2021,96,74,0,0,0
21:47:27 Feb 03 2021,96,77,1,0,0
21:47:29 Feb 03 2021,95,81,0,0,0
21:47:31 Feb 03 2021,94,78,1,0,0
21:47:33 Feb 03 2021,94,82,1,0,0
21:47:35 Feb 03 2021,93,82,0,0,0
21:47:37 Feb 03 2021,94,80,0,0,0
21:47:39 Feb 03 2021,94,83,0,0,0
21:47:41 Feb 03 2021,94,83,0,0,0
21:47:43 Feb 03 2021,94,82,1,0,0
21:47:45 Feb 03 2021,94,82,0,0,0
21:47:47 Feb 03 2021,93,78,0,0,0
21:47:49 Feb 03 2021,92,73,0,0,0
21:47:51 Feb 03 2021,91,71,1,0,0
21:47:53 Feb 03 2021,90,69,0,0,0
21:47:55 Feb 03 2021,90,70,0,0,0
21:47:57 Feb 03 2021,88,72,1,1,0
21:47:59 Feb 03 2021,88,70,0,0,0
21:48:01 Feb 03 2021,88,72,0,0,0
21:48:03 Feb 03 2021,88,74,0,0,0
21:48:05 Feb 03 2021,89,74,0,0,0
21:48:07 Feb 03 2021,90,76,0,0,0
21:48:09 Feb 03 2021,93,78,1,0,0
21:48:11 Feb 03 2021,95,79,0,0,0
21:48:13 Feb 03 2021,96,81,1,0,0
21:48:15 Feb 03 2021,97,82,1,0,0
21:48:17 Feb 03 2021,97,82,0,0,0
21:48:19 Feb 03 2021,97,81,1,0,0
21:48:21 Feb 03 2021,97,74,1,0,0
21:48:23 Feb 03 2021,97,73,1,0,0
21:48:25 Feb 03 2021,97,71,0,0,0
21:48:27 Feb 03 2021,97,73,0,0,0
21:48:29 Feb 03 2021,97,75,0,0,0
21:48:31 Feb 03 2021,97,75,0,0,0
21:48:33 Feb 03 2021,97,74,0,0,0
21:48:35 Feb 03 2021,97,72,1,0,0
21:48:37 Feb 03 2021,97,70,0,0,0
21:48:39 Feb 03 2021,97,69,0,0,0
21:48:41 Feb 03 2021,97,68,0,0,0
21:48:43 Feb 03 2021,97,69,1,0,0
21:48:45 Feb 03 2021,97,69,0,0,0
21:48:47 Feb 03 2021,97,69,0,0,0
21:48:49 Feb 03 2021,97,67,1,0,0
21:48:51 Feb 03 2021,97,67,0,0,0
21:48:53 Feb 03 2021,97,66,1,0,0
21:48:55 Feb 03 2021,97,67,1,0,0
21:48:57 Feb 03 2021,97,67,1,0,0
21:48:59 Feb 03 2021,97,67,0,0,0
21:49:01 Feb 03 2021,97,67,0,0,0
21:49:03 Feb 03 2021,97,66,1,0,0
21:49:05 Feb 03 2021,97,65,0,0,0
21:49:07 Feb 03 2021,97,65,0,0,0
21:49:09 Feb 03 2021,97,65,0,0,0
21:49:11 Feb 03 2021,97,64,0,0,0
21:49:13 Feb 03 2021,97,61,1,0,0
21:49:15 Feb 03 2021,96,60,1,0,0
21:49:17 Feb 03 2021,95,55,0,0,0
21:49:19 Feb 03 2021,94,54,0,0,0
21:49:21 Feb 03 2021,94,56,1,0,0
21:49:23 Feb 03 2021,94,58,1,0,0
21:49:25 Feb 03 2021,94,65,0,0,0
21:49:27 Feb 03 2021,94,67,0,0,0
21:49:29 Feb 03 2021,94,68,1,0,0
21:49:31 Feb 03 2021,94,71,0,0,0
21:49:33 Feb 03 2021,94,71,0,0,0
21:49:35 Feb 03 2021,94,72,0,0,0
21:49:37 Feb 03 2021,94,73,0,0,0
21:49:39 Feb 03 2021,94,73,1,0,0
21:49:41 Feb 03 2021,94,74,0,0,0
21:49:43 Feb 03 2021,94,74,0,0,0
21:49:45 Feb 03 2021,94,76,0,0,0
21:49:47 Feb 03 2021,93,74,0,0,0
21:49:49 Feb 03 2021,92,75,1,0,0
21:49:51 Feb 03 2021,91,71,0,0,0
21:49:53 Feb 03 2021,90,69,1,0,0
21:49:55 Feb 03 2021,89,75,0,1,0
21:49:57 Feb 03 2021,89,75,0,0,0
21:49:59 Feb 03 2021,89,75,0,0,0
21:50:01 Feb 03 2021,89,76,0,0,0
21:50:03 Feb 03 2021,89,76,0,0,0
21:50:05 Feb 03 2021,89,76,0,0,0
21:50:07 Feb 03 2021,89,77,0,0,0
21:50:09 Feb 03 2021,88,80,1,0,0
21:50:11 Feb 03 2021,87,80,0,0,0
21:50:13 Feb 03 2021,86,80,0,0,0
21:50:15 Feb 03 2021,86,77,0,0,0
21:50:17 Feb 03 2021,86,74,0,0,0
21:50:19 Feb 03 2021,86,72,0,0,0
21:50:21 Feb 03 2021,86,72,1,0,0
21:50:23 Feb 03 2021,86,72,0,0,0
21:50:25 Feb 03 2021,86,74,0,0,0
21:50:27 Feb 03 2021,86,75,0,0,0
21:50:29 Feb 03 2021,86,76,1,0,0
21:50:31 Feb 03 2021,86,79,0,0,0
21:50:33 Feb 03 2021,86,78,0,0,0
21:50:35 Feb 03 2021,86,80,0,0,0
21:50:37 Feb 03 2021,86,81,1,0,0
21:50:39 Feb 03 2021,86,82,1,0,0
21:50:41 Feb 03 2021,87,82,0,0,0
21:50:43 Feb 03 2021,88,82,0,0,0
21:50:45 Feb 03 2021,90,83,1,0,0
21:50:47 Feb 03 2021,93,76,0,0,0
21:50:49 Feb 03 2021,95,74,1,0,0
21:50:51 Feb 03 2021,96,75,0,0,0
21:50:53 Feb 03 2021,96,79,0,0,0
21:50:55 Feb 03 2021,96,79,0,0,0
21:50:57 Feb 03 2021,96,82,1,0,0
21:50:59 Feb 03 2021,96,81,0,0,0
21:51:01 Feb 03 2021,96,81,0,0,0
21:51:03 Feb 03 2021,97,81,0,0,0
21:51:05 Feb 03 2021,97,80,0,0,0
21:51:07 Feb 03 2021,98,80,0,0,0
21:51:09 Feb 03 2021,98,79,0,0,0
21:51:11 Feb 03 2021,98,80,0,0,0
21:51:13 Feb 03 2021,98,81,0,0,0
21:51:15 Feb 03 2021,98,83,0,0,0
21:51:17 Feb 03 2021,98,82,1,0,0
21:51:19 Feb 03 2021,98,83,1,0,0
21:51:21 Feb 03 2021,98,84,0,0,0
21:51:23 Feb 03 2021,98,84,0,0,0
21:51:25 Feb 03 2021,98,85,1,0,0
21:51:27 Feb 03 2021,97,88,1,0,0
21:51:29 Feb 03 2021,98,89,0,0,0
21:51:31 Feb 03 2021,96,88,0,0,0
21:51:33 Feb 03 2021,96,85,1,0,0
21:51:35 Feb 03 2021,96,84,0,0,0
21:51:37 Feb 03 2021,96,80,0,0,0
21:51:39 Feb 03 2021,96,79,1,0,0
21:51:41 Feb 03 2021,96,75,1,0,0
21:51:43 Feb 03 2021,96,72,0,0,0
21:51:45 Feb 03 2021,96,74,1,0,0
21:51:47 Feb 03 2021,96,73,0,0,0
21:51:49 Feb 03 2021,95,73,1,0,0
21:51:51 Feb 03 2021,94,73,0,0,0
21:51:53 Feb 03 2021,92,74,1,0,0
21:51:55 Feb 03 2021,92,75,0,0,0
21:51:57 Feb 03 2021,91,77,0,0,0
21:51:59 Feb 03 2021,91,80,0,0,0
21:52:01 Feb 03 2021,90,81,0,0,0
21:52:03 Feb 03 2021,90,79,0,0,0
21:52:05 Feb 03 2021,90,79,1,0,0
21:52:07 Feb 03 2021,90,78,0,0,0
21:52:09 Feb 03 2021,90,77,0,0,0
21:52:11 Feb 03 2021,90,76,0,0,0
21:52:13 Feb 03 2021,90,76,0,0,0
21:52:15 Feb 03 2021,89,74,1,1,0
21:52:17 Feb 03 2021,89,71,0,0,0
21:52:19 Feb 03 2021,89,72,1,0,0
21:52:21 Feb 03 2021,89,71,1,0,0
21:52:23 Feb 03 2021,89,74,1,0,0
21:52:25 Feb 03 2021,89,78,1,0,0
21:52:27 Feb 03 2021,88,84,1,0,0
21:52:29 Feb 03 2021,88,88,0,0,0
21:52:31 Feb 03 2021,88,90,0,0,0
21:52:33 Feb 03 2021,88,91,0,0,0
21:52:35 Feb 03 2021,88,88,0,0,0
21:52:37 Feb 03 2021,87,87,0,0,0
21:52:39 Feb 03 2021,87,86,1,0,0
21:52:41 Feb 03 2021,86,85,1,0,0
21:52:43 Feb 03 2021,86,86,0,0,0
21:52:45 Feb 03 2021,86,85,0,0,0
21:52:47 Feb 03 2021,86,87,0,0,0
21:52:49 Feb 03 2021,86,87,1,0,0
21:52:51 Feb 03 2021,87,84,0,0,0
21:52:53 Feb 03 2021,90,85,0,0,0
21:52:55 Feb 03 2021,93,85,0,0,0
21:52:57 Feb 03 2021,95,87,1,0,0
21:52:59 Feb 03 2021,96,87,0,0,0
21:53:01 Feb 03 2021,96,88,0,0,0
21:53:03 Feb 03 2021,96,88,1,0,0
21:53:05 Feb 03 2021,96,88,0,0,0
21:53:07 Feb 03 2021,96,86,0,0,0
21:53:09 Feb 03 2021,96,86,1,0,0
21:53:11 Feb 03 2021,96,85,1,0,0
21:53:13 Feb 03 2021,96,86,0,0,0
21:53:15 Feb 03 2021,96,87,1,0,0
21:53:17 Feb 03 2021,96,88,0,0,0
21:53:19 Feb 03 2021,96,88,0,0,0
21:53:21 Feb 03 2021,97,87,1,0,0
21:53:23 Feb 03 2021,97,83,0,0,0
21:53:25 Feb 03 2021,97,82,1,0,0
21:53:27 Feb 03 2021,97,82,0,0,0
21:53:29 Feb 03 2021,97,82,0,0,0
21:53:31 Feb 03 2021,97,83,0,0,0
21:53:33 Feb 03 2021,97,83,0,0,0
21:53:35 Feb 03 2021,97,83,0,0,0
21:53:37 Feb 03 2021,97,84,0,0,0
21:53:39 Feb 03 2021,97,84,1,0,0
21:53:41 Feb 03 2021,97,84,0,0,0
21:53:43 Feb 03 2021,97,84,1,0,0
21:53:45 Feb 03 2021,97,84,0,0,0
21:53:47 Feb 03 2021,97,82,0,0,0
21:53:49 Feb 03 2021,97,82,0,0,0
21:53:51 Feb 03 2021,97,82,1,0,0
21:53:53 Feb 03 2021,97,84,1,0,0
21:53:55 Feb 03 2021,97,85,0,0,0
21:53:57 Feb 03 2021,94,87,1,0,0
21:53:59 Feb 03 2021,93,88,0,0,0
21:54:01 Feb 03 2021,93,84,0,0,0
21:54:03 Feb 03 2021,92,85,0,0,0
21:54:05 Feb 03 2021,92,82,0,0,0
21:54:07 Feb 03 2021,92,82,0,0,0
21:54:09 Feb 03 2021,91,82,0,0,0
21:54:11 Feb 03 2021,92,83,1,0,0
21:54:13 Feb 03 2021,92,84,0,0,0
21:54:15 Feb 03 2021,92,85,0,0,0
21:54:17 Feb 03 2021,92,88,0,0,0
21:54:19 Feb 03 2021,92,88,1,0,0
21:54:21 Feb 03 2021,92,89,0,0,0
21:54:23 Feb 03 2021,92,89,1,0,0
21:54:25 Feb 03 2021,93,86,0,0,0
21:54:27 Feb 03 2021,94,84,0,0,0
21:54:29 Feb 03 2021,96,80,0,0,0
21:54:31 Feb 03 2021,97,78,0,0,0
21:54:33 Feb 03 2021,97,80,0,0,0
21:54:35 Feb 03 2021,97,80,0,0,0
21:54:37 Feb 03 2021,97,80,0,0,0
21:54:39 Feb 03 2021,97,80,0,0,0
21:54:41 Feb 03 2021,97,80,0,0,0
21:54:43 Feb 03 2021,97,79,0,0,0
21:54:45 Feb 03 2021,97,78,0,0,0
21:54:47 Feb 03 2021,97,74,0,0,0
21:54:49 Feb 03 2021,97,73,0,0,0
21:54:51 Feb 03 2021,97,75,0,0,0
21:54:53 Feb 03 2021,97,75,0,0,0
21:54:55 Feb 03 2021,97,79,0,0,0
21:54:57 Feb 03 2021,97,83,0,0,0
21:54:59 Feb 03 2021,97,81,0,0,0
21:55:01 Feb 03 2021,97,79,0,0,0
21:55:03 Feb 03 2021,97,76,0,0,0
21:55:05 Feb 03 2021,96,75,0,0,0
21:55:07 Feb 03 2021,96,75,0,0,0
21:55:09 Feb 03 2021,95,77,0,0,0
21:55:11 Feb 03 2021,95,76,0,0,0
21:55:13 Feb 03 2021,95,75,1,0,0
21:55:15 Feb 03 2021,95,76,0,0,0
21:55:17 Feb 03 2021,95,76,1,0,0
21:55:19 Feb 03 2021,95,76,1,0,0
21:55:21 Feb 03 2021,95,76,0,0,0
21:55:23 Feb 03 2021,95,76,1,0,0
21:55:25 Feb 03 2021,95,75,0,0,0
21:55:27 Feb 03 2021,95,75,0,0,0
21:55:29 Feb 03 2021,95,75,0,0,0
21:55:31 Feb 03 2021,95,75,0,0,0
21:55:33 Feb 03 2021,95,75,0,0,0
21:55:35 Feb 03 2021,95,75,0,0,0
21:55:37 Feb 03 2021,95,75,0,0,0
21:55:39 Feb 03 2021,95,75,0,0,0
21:55:41 Feb 03 2021,95,75,0,0,0
21:55:43 Feb 03 2021,95,75,0,0,0
21:55:45 Feb 03 2021,96,75,0,0,0
21:55:47 Feb 03 2021,96,75,1,0,0
21:55:49 Feb 03 2021,97,75,0,0,0
21:55:51 Feb 03 2021,97,75,1,0,0
21:55:53 Feb 03 2021,97,74,1,0,0
21:55:55 Feb 03 2021,97,73,0,0,0
21:55:57 Feb 03 2021,97,73,0,0,0
21:55:59 Feb 03 2021,97,72,0,0,0
21:56:01 Feb 03 2021,97,72,0,0,0
21:56:03 Feb 03 2021,97,75,0,0,0
21:56:05 Feb 03 2021,97,73,1,0,0
21:56:07 Feb 03 2021,97,73,1,0,0
21:56:09 Feb 03 2021,97,74,0,0,0
21:56:11 Feb 03 2021,97,74,1,0,0
21:56:13 Feb 03 2021,97,74,0,0,0
21:56:15 Feb 03 2021,97,75,0,0,0
21:56:17 Feb 03 2021,96,75,0,0,0
21:56:19 Feb 03 2021,96,78,0,0,0
21:56:21 Feb 03 2021,96,76,0,0,0
21:56:23 Feb 03 2021,96,76,1,0,0
21:56:25 Feb 03 2021,96,74,0,0,0
21:56:27 Feb 03 2021,96,71,0,0,0
21:56:29 Feb 03 2021,95,69,0,0,0
21:56:31 Feb 03 2021,95,69,0,0,0
21:56:33 Feb 03 2021,94,69,0,0,0
21:56:35 Feb 03 2021,93,70,0,0,0
21:56:37 Feb 03 2021,93,73,0,0,0
21:56:39 Feb 03 2021,92,74,0,0,0
21:56:41 Feb 03 2021,91,75,0,0,0
21:56:43 Feb 03 2021,91,77,0,0,0
21:56:45 Feb 03 2021,91,75,0,0,0
21:56:47 Feb 03 2021,91,76,0,0,0
21:56:49 Feb 03 2021,92,78,0,0,0
21:56:51 Feb 03 2021,92,77,0,0,0
21:56:53 Feb 03 2021,92,77,0,0,0
21:56:55 Feb 03 2021,93,78,0,0,0
21:56:57 Feb 03 2021,94,78,0,0,0
21:56:59 Feb 03 2021,95,79,1,0,0
21:57:01 Feb 03 2021,96,79,0,0,0
21:57:03 Feb 03 2021,97,77,1,0,0
21:57:05 Feb 03 2021,97,78,0,0,0
21:57:07 Feb 03 2021,97,79,0,0,0
21:57:09 Feb 03 2021,97,84,0,0,0
21:57:11 Feb 03 2021,97,84,0,0,0
21:57:13 Feb 03 2021,97,83,0,0,0
21:57:15 Feb 03 2021,97,81,0,0,0
21:57:17 Feb 03 2021,97,80,0,0,0
21:57:19 Feb 03 2021,97,80,0,0,0
21:57:21 Feb 03 2021,97,77,0,0,0
21:57:23 Feb 03 2021,97,79,0,0,0
21:57:25 Feb 03 2021,97,79,1,0,0
21:57:27 Feb 03 2021,97,81,0,0,0
21:57:29 Feb 03 2021,96,85,0,0,0
21:57:31 Feb 03 2021,96,80,0,0,0
21:57:33 Feb 03 2021,97,76,1,0,0
21:57:35 Feb 03 2021,97,74,0,0,0
21:57:37 Feb 03 2021,97,73,0,0,0
21:57:39 Feb 03 2021,97,74,0,0,0
21:57:41 Feb 03 2021,97,75,0,0,0
21:57:43 Feb 03 2021,97,75,0,0,0
21:57:45 Feb 03 2021,97,77,0,0,0
21:57:47 Feb 03 2021,97,78,0,0,0
21:57:49 Feb 03 2021,97,79,0,0,0
21:57:51 Feb 03 2021,96,79,1,0,0
21:57:53 Feb 03 2021,94,76,0,0,0
21:57:55 Feb 03 2021,94,72,0,0,0
21:57:57 Feb 03 2021,94,70,0,0,0
21:57:59 Feb 03 2021,95,70,0,0,0
21:58:01 Feb 03 2021,97,71,0,0,0
21:58:03 Feb 03 2021,97,71,0,0,0
21:58:05 Feb 03 2021,97,71,0,0,0
21:58:07 Feb 03 2021,97,71,1,0,0
21:58:09 Feb 03 2021,97,71,0,0,0
21:58:11 Feb 03 2021,97,73,0,0,0
21:58:13 Feb 03 2021,97,74,0,0,0
21:58:15 Feb 03 2021,97,75,0,0,0
21:58:17 Feb 03 2021,97,71,0,0,0
21:58:19 Feb 03 2021,97,70,1,0,0
21:58:21 Feb 03 2021,97,69,1,0,0
21:58:23 Feb 03 2021,97,71,0,0,0
21:58:25 Feb 03 2021,97,73,0,0,0
21:58:27 Feb 03 2021,97,69,0,0,0
21:58:29 Feb 03 2021,97,66,0,0,0
21:58:31 Feb 03 2021,97,64,0,0,0
21:58:33 Feb 03 2021,97,68,0,0,0
21:58:35 Feb 03 2021,97,68,1,0,0
21:58:37 Feb 03 2021,97,71,0,0,0
21:58:39 Feb 03 2021,97,71,0,0,0
21:58:41 Feb 03 2021,97,72,0,0,0
21:58:43 Feb 03 2021,97,74,0,0,0
21:58:45 Feb 03 2021,97,73,0,0,0
21:58:47 Feb 03 2021,96,74,0,0,0
21:58:49 Feb 03 2021,95,73,0,0,0
21:58:51 Feb 03 2021,94,73,0,0,0
21:58:53 Feb 03 2021,94,71,0,0,0
21:58:55 Feb 03 2021,94,69,0,0,0
21:58:57 Feb 03 2021,94,67,0,0,0
21:58:59 Feb 03 2021,94,66,0,0,0
21:59:01 Feb 03 2021,94,65,1,0,0
21:59:03 Feb 03 2021,94,65,0,0,0
21:59:05 Feb 03 2021,94,66,1,0,0
21:59:07 Feb 03 2021,94,65,0,0,0
21:59:09 Feb 03 2021,94,66,0,0,0
21:59:11 Feb 03 2021,94,68,0,0,0
21:59:13 Feb 03 2021,94,67,0,0,0
21:59:15 Feb 03 2021,93,70,1,0,0
21:59:17 Feb 03 2021,93,72,0,0,0
21:59:19 Feb 03 2021,93,72,0,0,0
21:59:21 Feb 03 2021,93,73,0,0,0
21:59:23 Feb 03 2021,94,72,0,0,0
21:59:25 Feb 03 2021,94,74,0,0,0
21:59:27 Feb 03 2021,95,72,1,0,0
21:59:29 Feb 03 2021,96,73,0,0,0
21:59:31 Feb 03 2021,96,73,0,0,0
21:59:33 Feb 03 2021,96,73,1,0,0
21:59:35 Feb 03 2021,96,73,0,0,0
21:59:37 Feb 03 2021,96,73,1,0,0
21:59:39 Feb 03 2021,97,75,1,0,0
21:59:41 Feb 03 2021,97,75,0,0,0
21:59:43 Feb 03 2021,97,73,0,0,0
21:59:45 Feb 03 2021,97,72,0,0,0
21:59:47 Feb 03 2021,97,74,0,0,0
21:59:49 Feb 03 2021,97,76,0,0,0
21:59:51 Feb 03 2021,97,79,0,0,0
21:59:53 Feb 03 2021,97,81,0,0,0
21:59:55 Feb 03 2021,97,81,0,0,0
21:59:57 Feb 03 2021,97,81,0,0,0
21:59:59 Feb 03 2021,97,81,1,0,0
22:00:01 Feb 03 2021,97,81,0,0,0
22:00:03 Feb 03 2021,97,81,1,0,0
22:00:05 Feb 03 2021,97,83,0,0,0
22:00:07 Feb 03 2021,96,84,0,0,0
22:00:09 Feb 03 2021,96,82,0,0,0
22:00:11 Feb 03 2021,94,81,0,0,0
22:00:13 Feb 03 2021,94,81,0,0,0
22:00:15 Feb 03 2021,94,81,0,0,0
22:00:17 Feb 03 2021,93,81,0,0,0
22:00:19 Feb 03 2021,93,80,1,0,0
22:00:21 Feb 03 2021,92,78,0,0,0
22:00:23 Feb 03 2021,91,77,0,0,0
22:00:25 Feb 03 2021,90,78,0,0,0
22:00:27 Feb 03 2021,90,79,0,0,0
22:00:29 Feb 03 2021,90,80,1,0,0
22:00:31 Feb 03 2021,90,76,0,0,0
22:00:33 Feb 03 2021,90,73,0,0,0
22:00:35 Feb 03 2021,91,72,0,0,0
22:00:37 Feb 03 2021,92,76,1,0,0
22:00:39 Feb 03 2021,93,75,0,0,0
22:00:41 Feb 03 2021,95,74,0,0,0
22:00:43 Feb 03 2021,96,75,0,0,0
22:00:45 Feb 03 2021,97,75,0,0,0
22:00:47 Feb 03 2021,97,75,1,0,0
22:00:49 Feb 03 2021,97,75,1,0,0
22:00:51 Feb 03 2021,97,71,0,0,0
22:00:53 Feb 03 2021,98,70,0,0,0
22:00:55 Feb 03 2021,98,69,0,0,0
22:00:57 Feb 03 2021,98,69,1,0,0
22:00:59 Feb 03 2021,98,69,1,0,0
22:01:01 Feb 03 2021,98,68,0,0,0
22:01:03 Feb 03 2021,98,71,0,0,0
22:01:05 Feb 03 2021,98,75,0,0,0
22:01:07 Feb 03 2021,97,76,0,0,0
22:01:09 Feb 03 2021,97,79,1,0,0
22:01:11 Feb 03 2021,97,79,1,0,0
22:01:13 Feb 03 2021,97,79,2,0,0
22:01:15 Feb 03 2021,97,79,0,0,0
22:01:17 Feb 03 2021,97,79,1,0,0
22:01:19 Feb 03 2021,96,80,0,0,0
22:01:21 Feb 03 2021,96,81,0,0,0
22:01:23 Feb 03 2021,96,84,1,0,0
22:01:25 Feb 03 2021,96,86,0,0,0
22:01:27 Feb 03 2021,96,86,0,0,0
22:01:29 Feb 03 2021,95,87,0,0,0
22:01:31 Feb 03 2021,95,86,0,0,0
22:01:33 Feb 03 2021,95,84,0,0,0
22:01:35 Feb 03 2021,95,84,0,0,0
22:01:37 Feb 03 2021,95,84,1,0,0
22:01:39 Feb 03 2021,95,83,0,0,0
22:01:41 Feb 03 2021,95,84,1,0,0
22:01:43 Feb 03 2021,94,83,0,0,0
22:01:45 Feb 03 2021,94,83,0,0,0
22:01:47 Feb 03 2021,94,82,0,0,0
22:01:49 Feb 03 2021,94,81,1,0,0
22:01:51 Feb 03 2021,94,81,0,0,0
22:01:53 Feb 03 2021,95,80,0,0,0
22:01:55 Feb 03 2021,96,79,1,0,0
22:01:57 Feb 03 2021,97,78,0,0,0
22:01:59 Feb 03 2021,97,77,0,0,0
22:02:01 Feb 03 2021,97,78,1,0,0
22:02:03 Feb 03 2021,97,82,0,0,0
22:02:05 Feb 03 2021,97,75,0,0,0
22:02:07 Feb 03 2021,97,76,0,0,0
22:02:09 Feb 03 2021,97,74,1,0,0
22:02:11 Feb 03 2021,97,73,0,0,0
22:02:13 Feb 03 2021,97,74,0,0,0
22:02:15 Feb 03 2021,97,76,1,0,0
22:02:17 Feb 03 2021,97,74,0,0,0
22:02:19 Feb 03 2021,97,74,0,0,0
22:02:21 Feb 03 2021,97,73,0,0,0
22:02:23 Feb 03 2021,97,70,0,0,0
22:02:25 Feb 03 2021,97,72,1,0,0
22:02:27 Feb 03 2021,97,70,0,0,0
22:02:29 Feb 03 2021,96,68,1,0,0
22:02:31 Feb 03 2021,97,68,1,0,0
22:02:33 Feb 03 2021,97,67,1,0,0
22:02:35 Feb 03 2021,97,67,1,0,0
22:02:37 Feb 03 2021,97,67,1,0,0
22:02:39 Feb 03 2021,97,69,0,0,0
22:02:41 Feb 03 2021,97,70,0,0,0
22:02:43 Feb 03 2021,97,71,0,0,0
22:02:45 Feb 03 2021,97,70,1,0,0
22:02:47 Feb 03 2021,97,70,1,0,0
22:02:49 Feb 03 2021,97,70,1,0,0
22:02:51 Feb 03 2021,97,70,0,0,0
22:02:53 Feb 03 2021,97,70,1,0,0
22:02:55 Feb 03 2021,97,71,0,0,0
22:02:57 Feb 03 2021,97,70,0,0,0
22:02:59 Feb 03 2021,97,70,0,0,0
22:03:01 Feb 03 2021,97,72,0,0,0
22:03:03 Feb 03 2021,97,70,0,0,0
22:03:05 Feb 03 2021,97,67,1,0,0
22:03:07 Feb 03 2021,96,62,0,0,0
22:03:09 Feb 03 2021,96,61,0,0,0
22:03:11 Feb 03 2021,96,60,1,0,0
22:03:13 Feb 03 2021,96,59,0,0,0
22:03:15 Feb 03 2021,96,61,1,0,0
22:03:17 Feb 03 2021,97,61,1,0,0
22:03:19 Feb 03 2021,97,61,0,0,0
22:03:21 Feb 03 2021,97,60,0,0,0
22:03:23 Feb 03 2021,97,57,0,0,0
22:03:25 Feb 03 2021,97,56,1,0,0
22:03:27 Feb 03 2021,97,55,0,0,0
22:03:29 Feb 03 2021,97,57,0,0,0
22:03:31 Feb 03 2021,97,57,1,0,0
22:03:33 Feb 03 2021,97,57,0,0,0
22:03:35 Feb 03 2021,97,57,0,0,0
22:03:37 Feb 03 2021,97,57,0,0,0
22:03:39 Feb 03 2021,97,57,1,0,0
22:03:41 Feb 03 2021,97,57,1,0,0
22:03:43 Feb 03 2021,97,60,0,0,0
22:03:45 Feb 03 2021,97,61,1,0,0
22:03:47 Feb 03 2021,97,62,0,0,0
22:03:49 Feb 03 2021,97,60,0,0,0
22:03:51 Feb 03 2021,97,61,1,0,0
22:03:53 Feb 03 2021,97,61,0,0,0
22:03:55 Feb 03 2021,97,60,1,0,0
22:03:57 Feb 03 2021,97,59,0,0,0
22:03:59 Feb 03 2021,97,59,0,0,0
22:04:01 Feb 03 2021,97,60,1,0,0
22:04:03 Feb 03 2021,97,61,0,0,0
22:04:05 Feb 03 2021,97,59,1,0,0
22:04:07 Feb 03 2021,97,59,1,0,0
22:04:09 Feb 03 2021,97,57,1,0,0
22:04:11 Feb 03 2021,97,57,1,0,0
22:04:13 Feb 03 2021,97,57,1,0,0
22:04:15 Feb 03 2021,97,57,0,0,0
22:04:17 Feb 03 2021,97,58,1,0,0
22:04:19 Feb 03 2021,97,59,1,0,0
22:04:21 Feb 03 2021,97,58,0,0,0
22:04:23 Feb 03 2021,97,58,0,0,0
22:04:25 Feb 03 2021,97,58,0,0,0
22:04:27 Feb 03 2021,97,59,1,0,0
22:04:29 Feb 03 2021,97,60,0,0,0
22:04:31 Feb 03 2021,97,60,1,0,0
22:04:33 Feb 03 2021,97,62,0,0,0
22:04:35 Feb 03 2021,97,62,0,0,0
22:04:37 Feb 03 2021,97,62,1,0,0
22:04:39 Feb 03 2021,97,62,0,0,0
22:04:41 Feb 03 2021,97,61,0,0,0
22:04:43 Feb 03 2021,97,59,0,0,0
22:04:45 Feb 03 2021,97,59,1,0,0
22:04:47 Feb 03 2021,97,59,0,0,0
22:04:49 Feb 03 2021,97,59,1,0,0
22:04:51 Feb 03 2021,97,59,0,0,0
22:04:53 Feb 03 2021,97,60,0,0,0
22:04:55 Feb 03 2021,97,66,1,0,0
22:04:57 Feb 03 2021,97,69,0,0,0
22:04:59 Feb 03 2021,97,69,1,0,0
22:05:01 Feb 03 2021,97,66,0,0,0
22:05:03 Feb 03 2021,97,64,1,0,0
22:05:05 Feb 03 2021,96,64,0,0,0
22:05:07 Feb 03 2021,96,69,0,0,0
22:05:09 Feb 03 2021,96,71,1,0,0
22:05:11 Feb 03 2021,97,72,0,0,0
22:05:13 Feb 03 2021,97,74,0,0,0
22:05:15 Feb 03 2021,97,74,1,0,0
22:05:17 Feb 03 2021,96,76,0,0,0
22:05:19 Feb 03 2021,96,78,0,0,0
22:05:21 Feb 03 2021,97,77,0,0,0
22:05:23 Feb 03 2021,96,77,0,0,0
22:05:25 Feb 03 2021,97,76,1,0,0
22:05:27 Feb 03 2021,97,73,0,0,0
22:05:29 Feb 03 2021,96,75,0,0,0
22:05:31 Feb 03 2021,96,72,0,0,0
22:05:33 Feb 03 2021,96,71,0,0,0
22:05:35 Feb 03 2021,96,72,0,0,0
22:05:37 Feb 03 2021,97,71,0,0,0
22:05:39 Feb 03 2021,97,72,0,0,0
22:05:41 Feb 03 2021,97,70,0,0,0
22:05:43 Feb 03 2021,97,70,0,0,0
22:05:45 Feb 03 2021,97,69,0,0,0
22:05:47 Feb 03 2021,97,70,0,0,0
22:05:49 Feb 03 2021,97,71,1,0,0
22:05:51 Feb 03 2021,97,70,0,0,0
22:05:53 Feb 03 2021,97,68,0,0,0
22:05:55 Feb 03 2021,97,64,0,0,0
22:05:57 Feb 03 2021,97,63,0,0,0
22:05:59 Feb 03 2021,97,60,0,0,0
22:06:01 Feb 03 2021,97,59,1,0,0
22:06:03 Feb 03 2021,97,57,1,0,0
22:06:05 Feb 03 2021,97,56,0,0,0
22:06:07 Feb 03 2021,97,56,0,0,0
22:06:09 Feb 03 2021,97,56,0,0,0
22:06:11 Feb 03 2021,97,56,0,0,0
22:06:13 Feb 03 2021,97,57,1,0,0
22:06:15 Feb 03 2021,97,56,0,0,0
22:06:17 Feb 03 2021,96,53,0,0,0
22:06:19 Feb 03 2021,96,55,0,0,0
22:06:21 Feb 03 2021,96,54,0,0,0
22:06:23 Feb 03 2021,96,59,0,0,0
22:06:25 Feb 03 2021,96,62,0,0,0
22:06:27 Feb 03 2021,96,62,0,0,0
22:06:29 Feb 03 2021,95,66,0,0,0
22:06:31 Feb 03 2021,96,66,1,0,0
22:06:33 Feb 03 2021,94,65,0,0,0
22:06:35 Feb 03 2021,95,60,1,0,0
22:06:37 Feb 03 2021,96,56,0,0,0
22:06:39 Feb 03 2021,96,54,0,0,0
22:06:41 Feb 03 2021,97,53,0,0,0
22:06:43 Feb 03 2021,97,53,0,0,0
22:06:45 Feb 03 2021,97,53,1,0,0
22:06:47 Feb 03 2021,97,54,0,0,0
22:06:49 Feb 03 2021,97,53,1,0,0
22:06:51 Feb 03 2021,97,54,1,0,0
22:06:53 Feb 03 2021,97,54,0,0,0
22:06:55 Feb 03 2021,97,54,0,0,0
22:06:57 Feb 03 2021,97,57,0,0,0
22:06:59 Feb 03 2021,97,60,0,0,0
22:07:01 Feb 03 2021,97,69,0,0,0
22:07:03 Feb 03 2021,97,73,1,0,0
22:07:05 Feb 03 2021,97,76,0,0,0
22:07:07 Feb 03 2021,97,79,0,0,0
22:07:09 Feb 03 2021,97,77,1,0,0
22:07:11 Feb 03 2021,97,76,0,0,0
22:07:13 Feb 03 2021,97,76,0,0,0
22:07:15 Feb 03 2021,97,74,0,0,0
22:07:17 Feb 03 2021,97,74,0,0,0
22:07:19 Feb 03 2021,97,72,1,0,0
22:07:21 Feb 03 2021,97,71,0,0,0
22:07:23 Feb 03 2021,97,73,1,0,0
22:07:25 Feb 03 2021,97,71,0,0,0
22:07:27 Feb 03 2021,97,74,0,0,0
22:07:29 Feb 03 2021,97,75,0,0,0
22:07:31 Feb 03 2021,97,75,0,0,0
22:07:33 Feb 03 2021,97,76,0,0,0
22:07:35 Feb 03 2021,97,75,0,0,0
22:07:37 Feb 03 2021,97,72,0,0,0
22:07:39 Feb 03 2021,97,71,0,0,0
22:07:41 Feb 03 2021,97,70,1,0,0
22:07:43 Feb 03 2021,97,72,1,0,0
22:07:45 Feb 03 2021,97,73,1,0,0
22:07:47 Feb 03 2021,97,73,0,0,0
22:07:49 Feb 03 2021,97,74,1,0,0
22:07:51 Feb 03 2021,96,75,0,0,0
22:07:53 Feb 03 2021,95,75,1,0,0
22:07:55 Feb 03 2021,95,75,0,0,0
22:07:57 Feb 03 2021,94,76,1,0,0
22:07:59 Feb 03 2021,93,75,0,0,0
22:08:01 Feb 03 2021,92,76,0,0,0
22:08:03 Feb 03 2021,91,79,0,0,0
22:08:05 Feb 03 2021,91,80,0,0,0
22:08:07 Feb 03 2021,91,80,0,0,0
22:08:09 Feb 03 2021,91,78,1,0,0
22:08:11 Feb 03 2021,92,75,1,0,0
22:08:13 Feb 03 2021,92,74,0,0,0
22:08:15 Feb 03 2021,92,74,1,0,0
22:08:17 Feb 03 2021,92,74,1,0,0
22:08:19 Feb 03 2021,93,74,0,0,0
22:08:21 Feb 03 2021,93,74,0,0,0
22:08:23 Feb 03 2021,93,74,0,0,0
22:08:25 Feb 03 2021,94,78,0,0,0
22:08:27 Feb 03 2021,94,79,0,0,0
22:08:29 Feb 03 2021,95,83,0,0,0
22:08:31 Feb 03 2021,95,81,0,0,0
22:08:33 Feb 03 2021,95,80,1,0,0
22:08:35 Feb 03 2021,96,81,1,0,0
22:08:37 Feb 03 2021,96,81,1,0,0
22:08:39 Feb 03 2021,96,81,1,0,0
22:08:41 Feb 03 2021,96,80,0,0,0
22:08:43 Feb 03 2021,96,79,0,0,0
22:08:45 Feb 03 2021,97,81,1,0,0
22:08:47 Feb 03 2021,97,81,1,0,0
22:08:49 Feb 03 2021,97,86,0,0,0
22:08:51 Feb 03 2021,97,88,0,0,0
22:08:53 Feb 03 2021,97,85,1,0,0
22:08:55 Feb 03 2021,97,87,1,0,0
22:08:57 Feb 03 2021,97,86,0,0,0
22:08:59 Feb 03 2021,97,82,0,0,0
22:09:01 Feb 03 2021,97,78,0,0,0
22:09:03 Feb 03 2021,97,78,1,0,0
22:09:05 Feb 03 2021,97,78,0,0,0
22:09:07 Feb 03 2021,97,75,1,0,0
22:09:09 Feb 03 2021,96,71,1,0,0
22:09:11 Feb 03 2021,96,69,1,0,0
22:09:13 Feb 03 2021,96,71,1,0,0
22:09:15 Feb 03 2021,96,70,1,0,0
22:09:17 Feb 03 2021,96,71,1,0,0
22:09:19 Feb 03 2021,96,71,0,0,0
22:09:21 Feb 03 2021,95,69,1,0,0
22:09:23 Feb 03 2021,96,67,1,0,0
22:09:25 Feb 03 2021,96,66,1,0,0
22:09:27 Feb 03 2021,96,65,1,0,0
22:09:29 Feb 03 2021,96,66,1,0,0
22:09:31 Feb 03 2021,96,66,0,0,0
22:09:33 Feb 03 2021,96,63,1,0,0
22:09:35 Feb 03 2021,96,66,1,0,0
22:09:37 Feb 03 2021,95,65,0,0,0
22:09:39 Feb 03 2021,94,63,1,0,0
22:09:41 Feb 03 2021,93,64,1,0,0
22:09:43 Feb 03 2021,92,64,0,0,0
22:09:45 Feb 03 2021,92,65,0,0,0
22:09:47 Feb 03 2021,92,66,0,0,0
22:09:49 Feb 03 2021,92,66,1,0,0
22:09:51 Feb 03 2021,93,66,0,0,0
22:09:53 Feb 03 2021,94,65,0,0,0
22:09:55 Feb 03 2021,95,65,0,0,0
22:09:57 Feb 03 2021,95,65,0,0,0
22:09:59 Feb 03 2021,95,65,1,0,0
22:10:01 Feb 03 2021,95,65,1,0,0
22:10:03 Feb 03 2021,95,68,1,0,0
22:10:05 Feb 03 2021,96,68,0,0,0
22:10:07 Feb 03 2021,96,68,1,0,0
22:10:09 Feb 03 2021,96,68,1,0,0
22:10:11 Feb 03 2021,96,69,1,0,0
22:10:13 Feb 03 2021,96,68,0,0,0
22:10:15 Feb 03 2021,97,69,0,0,0
22:10:17 Feb 03 2021,97,71,0,0,0
22:10:19 Feb 03 2021,97,73,0,0,0
22:10:21 Feb 03 2021,97,74,1,0,0
22:10:23 Feb 03 2021,97,73,2,0,0
22:10:25 Feb 03 2021,97,74,0,0,0
22:10:27 Feb 03 2021,97,74,0,0,0
22:10:29 Feb 03 2021,97,75,1,0,0
22:10:31 Feb 03 2021,97,75,0,0,0
22:10:33 Feb 03 2021,97,76,0,0,0
22:10:35 Feb 03 2021,97,76,1,0,0
22:10:37 Feb 03 2021,97,77,1,0,0
22:10:39 Feb 03 2021,97,78,0,0,0
22:10:41 Feb 03 2021,97,77,0,0,0
22:10:43 Feb 03 2021,97,76,0,0,0
22:10:45 Feb 03 2021,95,73,0,0,0
22:10:47 Feb 03 2021,95,70,1,0,0
22:10:49 Feb 03 2021,95,69,1,0,0
22:10:51 Feb 03 2021,94,69,1,0,0
22:10:53 Feb 03 2021,95,67,0,0,0
22:10:55 Feb 03 2021,95,65,1,0,0
22:10:57 Feb 03 2021,95,65,1,0,0
22:10:59 Feb 03 2021,95,63,1,0,0
22:11:01 Feb 03 2021,95,64,0,0,0
22:11:03 Feb 03 2021,95,64,1,0,0
22:11:05 Feb 03 2021,95,63,1,0,0
22:11:07 Feb 03 2021,95,64,1,0,0
22:11:09 Feb 03 2021,95,64,1,0,0
22:11:11 Feb 03 2021,95,64,0,0,0
22:11:13 Feb 03 2021,95,64,0,0,0
22:11:15 Feb 03 2021,95,64,0,0,0
22:11:17 Feb 03 2021,95,64,1,0,0
22:11:19 Feb 03 2021,96,66,0,0,0
22:11:21 Feb 03 2021,97,66,1,0,0
22:11:23 Feb 03 2021,97,67,0,0,0
22:11:25 Feb 03 2021,97,68,1,0,0
22:11:27 Feb 03 2021,97,67,1,0,0
22:11:29 Feb 03 2021,97,67,1,0,0
22:11:31 Feb 03 2021,97,69,0,0,0
22:11:33 Feb 03 2021,97,68,0,0,0
22:11:35 Feb 03 2021,97,69,0,0,0
22:11:37 Feb 03 2021,97,67,1,0,0
22:11:39 Feb 03 2021,97,66,0,0,0
22:11:41 Feb 03 2021,97,66,0,0,0
22:11:43 Feb 03 2021,97,71,0,0,0
22:11:45 Feb 03 2021,97,71,0,0,0
22:11:47 Feb 03 2021,96,75,0,0,0
22:11:49 Feb 03 2021,96,77,1,0,0
22:11:51 Feb 03 2021,96,77,0,0,0
22:11:53 Feb 03 2021,96,80,0,0,0
22:11:55 Feb 03 2021,95,78,0,0,0
22:11:57 Feb 03 2021,94,80,1,0,0
22:11:59 Feb 03 2021,94,81,1,0,0
22:12:01 Feb 03 2021,94,82,0,0,0
22:12:03 Feb 03 2021,95,81,0,0,0
22:12:05 Feb 03 2021,95,80,0,0,0
22:12:07 Feb 03 2021,95,80,1,0,0
22:12:09 Feb 03 2021,95,80,0,0,0
22:12:11 Feb 03 2021,95,80,0,0,0
22:12:13 Feb 03 2021,95,81,1,0,0
22:12:15 Feb 03 2021,95,80,0,0,0
22:12:17 Feb 03 2021,95,80,1,0,0
22:12:19 Feb 03 2021,94,79,0,0,0
22:12:21 Feb 03 2021,94,79,0,0,0
22:12:23 Feb 03 2021,94,79,0,0,0
22:12:25 Feb 03 2021,95,79,0,0,0
22:12:27 Feb 03 2021,95,79,0,0,0
22:12:29 Feb 03 2021,96,79,0,0,0
22:12:31 Feb 03 2021,96,78,0,0,0
22:12:33 Feb 03 2021,96,78,0,0,0
22:12:35 Feb 03 2021,96,78,1,0,0
22:12:37 Feb 03 2021,97,77,0,0,0
22:12:39 Feb 03 2021,97,81,0,0,0
22:12:41 Feb 03 2021,97,84,0,0,0
22:12:43 Feb 03 2021,97,86,0,0,0
22:12:45 Feb 03 2021,97,88,0,0,0
22:12:47 Feb 03 2021,97,87,1,0,0
22:12:49 Feb 03 2021,97,87,0,0,0
22:12:51 Feb 03 2021,97,88,1,0,0
22:12:53 Feb 03 2021,97,88,0,0,0
22:12:55 Feb 03 2021,97,88,1,0,0
22:12:57 Feb 03 2021,97,88,0,0,0
22:12:59 Feb 03 2021,97,86,1,0,0
22:13:01 Feb 03 2021,97,83,0,0,0
22:13:03 Feb 03 2021,96,82,1,0,0
22:13:05 Feb 03 2021,96,80,1,0,0
22:13:07 Feb 03 2021,96,79,3,0,0
22:13:09 Feb 03 2021,96,80,1,0,0
22:13:11 Feb 03 2021,97,79,1,0,0
22:13:13 Feb 03 2021,97,78,1,0,0
22:13:15 Feb 03 2021,97,78,1,0,0
22:13:17 Feb 03 2021,97,78,1,0,0
22:13:19 Feb 03 2021,97,78,0,0,0
22:13:21 Feb 03 2021,97,77,1,0,0
22:13:23 Feb 03 2021,97,75,1,0,0
22:13:25 Feb 03 2021,97,75,1,0,0
22:13:27 Feb 03 2021,97,73,1,0,0
22:13:29 Feb 03 2021,97,71,1,0,0
22:13:31 Feb 03 2021,97,71,1,0,0
22:13:33 Feb 03 2021,97,70,1,0,0
22:13:35 Feb 03 2021,97,71,0,0,0
22:13:37 Feb 03 2021,97,72,0,0,0
22:13:39 Feb 03 2021,97,71,1,0,0
22:13:41 Feb 03 2021,97,72,1,0,0
22:13:43 Feb 03 2021,97,74,1,0,0
22:13:45 Feb 03 2021,97,75,0,0,0
22:13:47 Feb 03 2021,97,76,1,0,0
22:13:49 Feb 03 2021,97,76,1,0,0
22:13:51 Feb 03 2021,97,76,0,0,0
22:13:53 Feb 03 2021,97,76,1,0,0
22:13:55 Feb 03 2021,97,75,1,0,0
22:13:57 Feb 03 2021,97,76,1,0,0
22:13:59 Feb 03 2021,97,76,1,0,0
22:14:01 Feb 03 2021,97,76,1,0,0
22:14:03 Feb 03 2021,97,77,1,0,0
22:14:05 Feb 03 2021,97,77,1,0,0
22:14:07 Feb 03 2021,97,77,1,0,0
22:14:09 Feb 03 2021,97,75,0,0,0
22:14:11 Feb 03 2021,97,74,1,0,0
22:14:13 Feb 03 2021,97,72,1,0,0
22:14:15 Feb 03 2021,97,71,1,0,0
22:14:17 Feb 03 2021,97,71,0,0,0
22:14:19 Feb 03 2021,97,70,1,0,0
22:14:21 Feb 03 2021,97,66,1,0,0
22:14:23 Feb 03 2021,97,63,1,0,0
22:14:25 Feb 03 2021,97,61,1,0,0
22:14:27 Feb 03 2021,97,61,0,0,0
22:14:29 Feb 03 2021,97,61,1,0,0
22:14:31 Feb 03 2021,97,59,1,0,0
22:14:33 Feb 03 2021,96,63,1,0,0
22:14:35 Feb 03 2021,95,64,0,0,0
22:14:37 Feb 03 2021,95,65,1,0,0
22:14:39 Feb 03 2021,94,69,1,0,0
22:14:41 Feb 03 2021,93,67,1,0,0
22:14:43 Feb 03 2021,93,68,1,0,0
22:14:45 Feb 03 2021,92,70,0,0,0
22:14:47 Feb 03 2021,92,69,0,0,0
22:14:49 Feb 03 2021,93,68,0,0,0
22:14:51 Feb 03 2021,92,71,1,0,0
22:14:53 Feb 03 2021,92,71,1,0,0
22:14:55 Feb 03 2021,92,71,1,0,0
22:14:57 Feb 03 2021,93,67,1,0,0
22:14:59 Feb 03 2021,93,65,1,0,0
22:15:01 Feb 03 2021,95,63,1,0,0
22:15:03 Feb 03 2021,96,64,0,0,0
22:15:05 Feb 03 2021,97,63,0,0,0
22:15:07 Feb 03 2021,97,61,1,0,0
22:15:09 Feb 03 2021,97,60,0,0,0
22:15:11 Feb 03 2021,97,60,1,0,0
22:15:13 Feb 03 2021,97,60,1,0,0
22:15:15 Feb 03 2021,97,62,1,0,0
22:15:17 Feb 03 2021,97,62,1,0,0
22:15:19 Feb 03 2021,97,62,1,0,0
22:15:21 Feb 03 2021,97,63,1,0,0
22:15:23 Feb 03 2021,97,61,0,0,0
22:15:25 Feb 03 2021,97,62,1,0,0
22:15:27 Feb 03 2021,97,62,1,0,0
22:15:29 Feb 03 2021,97,63,0,0,0
22:15:31 Feb 03 2021,97,62,1,0,0
22:15:33 Feb 03 2021,97,50,0,0,0
22:15:35 Feb 03 2021,97,47,1,0,0
22:15:37 Feb 03 2021,97,47,1,0,0
22:15:39 Feb 03 2021,97,47,1,0,0
22:15:41 Feb 03 2021,97,50,0,0,0
22:15:43 Feb 03 2021,97,50,0,0,0
22:15:45 Feb 03 2021,97,49,1,0,0
22:15:47 Feb 03 2021,97,51,0,0,0
22:15:49 Feb 03 2021,97,52,1,0,0
22:15:51 Feb 03 2021,97,54,1,0,0
22:15:53 Feb 03 2021,97,54,1,0,0
22:15:55 Feb 03 2021,97,57,0,0,0
22:15:57 Feb 03 2021,97,59,0,0,0
22:15:59 Feb 03 2021,97,58,0,0,0
22:16:01 Feb 03 2021,96,62,0,0,0
22:16:03 Feb 03 2021,96,63,1,0,0
22:16:05 Feb 03 2021,94,63,0,0,0
22:16:07 Feb 03 2021,93,64,1,0,0
22:16:09 Feb 03 2021,93,62,1,0,0
22:16:11 Feb 03 2021,93,60,0,0,0
22:16:13 Feb 03 2021,93,60,1,0,0
22:16:15 Feb 03 2021,93,60,1,0,0
22:16:17 Feb 03 2021,93,62,1,0,0
22:16:19 Feb 03 2021,94,64,0,0,0
22:16:21 Feb 03 2021,95,67,1,0,0
22:16:23 Feb 03 2021,96,68,1,0,0
22:16:25 Feb 03 2021,96,69,0,0,0
22:16:27 Feb 03 2021,96,68,1,0,0
22:16:29 Feb 03 2021,97,67,0,0,0
22:16:31 Feb 03 2021,97,67,1,0,0
22:16:33 Feb 03 2021,97,66,1,0,0
22:16:35 Feb 03 2021,97,67,1,0,0
22:16:37 Feb 03 2021,97,67,1,0,0
22:16:39 Feb 03 2021,97,67,1,0,0
22:16:41 Feb 03 2021,97,67,1,0,0
22:16:43 Feb 03 2021,97,67,1,0,0
22:16:45 Feb 03 2021,97,66,1,0,0
22:16:47 Feb 03 2021,97,64,1,0,0
22:16:49 Feb 03 2021,97,63,1,0,0
22:16:51 Feb 03 2021,97,62,1,0,0
22:16:53 Feb 03 2021,97,61,1,0,0
22:16:55 Feb 03 2021,97,63,1,0,0
22:16:57 Feb 03 2021,97,67,1,0,0
22:16:59 Feb 03 2021,97,67,1,0,0
22:17:01 Feb 03 2021,97,71,1,0,0
22:17:03 Feb 03 2021,97,71,0,0,0
22:17:05 Feb 03 2021,97,71,1,0,0
22:17:07 Feb 03 2021,97,72,1,0,0
22:17:09 Feb 03 2021,96,69,1,0,0
22:17:11 Feb 03 2021,96,66,0,0,0
22:17:13 Feb 03 2021,96,63,1,0,0
22:17:15 Feb 03 2021,95,61,0,0,0
22:17:17 Feb 03 2021,96,62,1,0,0
22:17:19 Feb 03 2021,96,61,1,0,0
22:17:21 Feb 03 2021,95,62,1,0,0
22:17:23 Feb 03 2021,94,58,1,0,0
22:17:25 Feb 03 2021,93,64,0,0,0
22:17:27 Feb 03 2021,92,65,1,0,0
22:17:29 Feb 03 2021,92,64,1,0,0
22:17:31 Feb 03 2021,93,66,1,0,0
22:17:33 Feb 03 2021,93,66,1,0,0
22:17:35 Feb 03 2021,94,65,1,0,0
22:17:37 Feb 03 2021,95,66,0,0,0
22:17:39 Feb 03 2021,96,67,0,0,0
22:17:41 Feb 03 2021,96,67,1,0,0
22:17:43 Feb 03 2021,97,67,1,0,0
22:17:45 Feb 03 2021,97,67,0,0,0
22:17:47 Feb 03 2021,97,69,0,0,0
22:17:49 Feb 03 2021,97,70,1,0,0
22:17:51 Feb 03 2021,97,70,0,0,0
22:17:53 Feb 03 2021,97,75,1,0,0
22:17:55 Feb 03 2021,97,76,1,0,0
22:17:57 Feb 03 2021,97,76,0,0,0
22:17:59 Feb 03 2021,97,78,1,0,0
22:18:01 Feb 03 2021,97,78,1,0,0
22:18:03 Feb 03 2021,97,77,0,0,0
22:18:05 Feb 03 2021,97,77,1,0,0
22:18:07 Feb 03 2021,97,80,1,0,0
22:18:09 Feb 03 2021,97,80,0,0,0
22:18:11 Feb 03 2021,97,81,1,0,0
22:18:13 Feb 03 2021,97,82,1,0,0
22:18:15 Feb 03 2021,97,81,1,0,0
22:18:17 Feb 03 2021,97,82,1,0,0
22:18:19 Feb 03 2021,97,82,1,0,0
22:18:21 Feb 03 2021,96,83,1,0,0
22:18:23 Feb 03 2021,96,83,1,0,0
22:18:25 Feb 03 2021,96,79,1,0,0
22:18:27 Feb 03 2021,96,79,1,0,0
22:18:29 Feb 03 2021,96,78,1,0,0
22:18:31 Feb 03 2021,96,80,1,0,0
22:18:33 Feb 03 2021,94,80,1,0,0
22:18:35 Feb 03 2021,93,81,1,0,0
22:18:37 Feb 03 2021,94,80,1,0,0
22:18:39 Feb 03 2021,93,82,1,0,0
22:18:41 Feb 03 2021,93,84,1,0,0
22:18:43 Feb 03 2021,92,84,1,0,0
22:18:45 Feb 03 2021,91,84,1,0,0
22:18:47 Feb 03 2021,90,84,1,0,0
22:18:49 Feb 03 2021,91,78,1,0,0
22:18:51 Feb 03 2021,91,78,1,0,0
22:18:53 Feb 03 2021,92,77,1,0,0
22:18:55 Feb 03 2021,93,74,1,0,0
22:18:57 Feb 03 2021,94,78,1,0,0
22:18:59 Feb 03 2021,95,76,0,0,0
22:19:01 Feb 03 2021,96,74,1,0,0
22:19:03 Feb 03 2021,97,71,1,0,0
22:19:05 Feb 03 2021,97,69,1,0,0
22:19:07 Feb 03 2021,97,70,1,0,0
22:19:09 Feb 03 2021,97,74,0,0,0
22:19:11 Feb 03 2021,97,76,1,0,0
22:19:13 Feb 03 2021,97,77,1,0,0
22:19:15 Feb 03 2021,97,76,1,0,0
22:19:17 Feb 03 2021,97,75,1,0,0
22:19:19 Feb 03 2021,97,76,0,0,0
22:19:21 Feb 03 2021,97,76,1,0,0
22:19:23 Feb 03 2021,97,75,1,0,0
22:19:25 Feb 03 2021,97,74,1,0,0
22:19:27 Feb 03 2021,97,72,1,0,0
22:19:29 Feb 03 2021,97,73,1,0,0
22:19:31 Feb 03 2021,97,69,0,0,0
22:19:33 Feb 03 2021,97,70,1,0,0
22:19:35 Feb 03 2021,97,72,0,0,0
22:19:37 Feb 03 2021,96,73,1,0,0
22:19:39 Feb 03 2021,95,78,0,0,0
22:19:41 Feb 03 2021,95,76,1,0,0
22:19:43 Feb 03 2021,94,75,1,0,0
22:19:45 Feb 03 2021,94,74,1,0,0
22:19:47 Feb 03 2021,93,72,1,0,0
22:19:49 Feb 03 2021,92,74,1,0,0
22:19:51 Feb 03 2021,92,75,1,0,0
22:19:53 Feb 03 2021,91,74,0,0,0
22:19:55 Feb 03 2021,92,74,1,0,0
22:19:57 Feb 03 2021,92,74,1,0,0
22:19:59 Feb 03 2021,92,73,1,0,0
22:20:01 Feb 03 2021,92,72,1,0,0
22:20:03 Feb 03 2021,92,69,1,0,0
22:20:05 Feb 03 2021,91,70,1,0,0
22:20:07 Feb 03 2021,91,69,1,0,0
22:20:09 Feb 03 2021,90,70,0,0,0
22:20:11 Feb 03 2021,90,73,1,0,0
22:20:13 Feb 03 2021,90,73,1,0,0
22:20:15 Feb 03 2021,90,73,1,0,0
22:20:17 Feb 03 2021,90,73,1,0,0
22:20:19 Feb 03 2021,90,73,1,0,0
22:20:21 Feb 03 2021,90,73,0,0,0
22:20:23 Feb 03 2021,90,73,1,0,0
22:20:25 Feb 03 2021,90,73,1,0,0
22:20:27 Feb 03 2021,90,73,1,0,0
22:20:29 Feb 03 2021,90,73,0,0,0
22:20:31 Feb 03 2021,91,74,0,0,0
22:20:33 Feb 03 2021,94,72,1,0,0
22:20:35 Feb 03 2021,96,72,1,0,0
22:20:37 Feb 03 2021,97,72,1,0,0
22:20:39 Feb 03 2021,97,72,1,0,0
22:20:41 Feb 03 2021,97,72,0,0,0
22:20:43 Feb 03 2021,97,72,0,0,0
22:20:45 Feb 03 2021,97,72,1,0,0
22:20:47 Feb 03 2021,97,71,1,0,0
22:20:49 Feb 03 2021,97,70,1,0,0
22:20:51 Feb 03 2021,97,68,1,0,0
22:20:53 Feb 03 2021,97,66,1,0,0
22:20:55 Feb 03 2021,97,67,0,0,0
22:20:57 Feb 03 2021,97,66,1,0,0
22:20:59 Feb 03 2021,97,67,9,0,0
22:21:01 Feb 03 2021,97,67,1,0,0
22:21:03 Feb 03 2021,97,67,1,0,0
22:21:05 Feb 03 2021,97,67,0,0,0
22:21:07 Feb 03 2021,97,68,1,0,0
22:21:09 Feb 03 2021,97,69,1,0,0
22:21:11 Feb 03 2021,96,71,1,0,0
22:21:13 Feb 03 2021,96,73,1,0,0
22:21:15 Feb 03 2021,96,71,1,0,0
22:21:17 Feb 03 2021,94,70,1,0,0
22:21:19 Feb 03 2021,96,68,1,0,0
22:21:21 Feb 03 2021,97,65,1,0,0
22:21:23 Feb 03 2021,96,67,1,0,0
22:21:25 Feb 03 2021,97,68,1,0,0
22:21:27 Feb 03 2021,97,67,1,0,0
22:21:29 Feb 03 2021,97,66,1,0,0
22:21:31 Feb 03 2021,97,67,1,0,0
22:21:33 Feb 03 2021,97,67,1,0,0
22:21:35 Feb 03 2021,97,65,1,0,0
22:21:37 Feb 03 2021,97,66,1,0,0
22:21:39 Feb 03 2021,97,66,1,0,0
22:21:41 Feb 03 2021,97,60,0,0,0
22:21:43 Feb 03 2021,97,57,0,0,0
22:21:45 Feb 03 2021,97,52,0,0,0
22:21:47 Feb 03 2021,97,51,1,0,0
22:21:49 Feb 03 2021,97,52,1,0,0
22:21:51 Feb 03 2021,97,51,1,0,0
22:21:53 Feb 03 2021,97,51,0,0,0
22:21:55 Feb 03 2021,97,51,1,0,0
22:21:57 Feb 03 2021,97,51,0,0,0
22:21:59 Feb 03 2021,97,51,0,0,0
22:22:01 Feb 03 2021,97,51,0,0,0
22:22:03 Feb 03 2021,97,51,1,0,0
22:22:05 Feb 03 2021,97,51,1,0,0
22:22:07 Feb 03 2021,97,51,1,0,0
22:22:09 Feb 03 2021,97,51,1,0,0
22:22:11 Feb 03 2021,97,51,1,0,0
22:22:13 Feb 03 2021,97,51,1,0,0
22:22:15 Feb 03 2021,97,51,6,0,0
22:22:17 Feb 03 2021,97,51,6,0,0
22:22:19 Feb 03 2021,97,51,1,0,0
22:22:21 Feb 03 2021,97,51,1,0,0
22:22:23 Feb 03 2021,97,51,1,0,0
22:22:25 Feb 03 2021,97,51,1,0,0
22:22:27 Feb 03 2021,97,51,0,0,0
22:22:29 Feb 03 2021,97,51,0,0,0
22:22:31 Feb 03 2021,97,51,0,0,0
22:22:33 Feb 03 2021,97,56,1,0,0
22:22:35 Feb 03 2021,96,68,0,0,0
22:22:37 Feb 03 2021,97,70,1,0,0
22:22:39 Feb 03 2021,95,78,1,0,0
22:22:41 Feb 03 2021,95,78,0,0,0
22:22:43 Feb 03 2021,95,77,1,0,0
22:22:45 Feb 03 2021,94,78,0,0,0
22:22:47 Feb 03 2021,95,78,0,0,0
22:22:49 Feb 03 2021,95,77,0,0,0
22:22:51 Feb 03 2021,95,76,0,0,0
22:22:53 Feb 03 2021,95,76,0,0,0
22:22:55 Feb 03 2021,95,75,0,0,0
22:22:57 Feb 03 2021,95,75,0,0,0
22:22:59 Feb 03 2021,95,75,0,0,0
22:23:01 Feb 03 2021,95,75,0,0,0
22:23:03 Feb 03 2021,95,75,0,0,0
22:23:05 Feb 03 2021,96,75,0,0,0
22:23:07 Feb 03 2021,97,75,0,0,0
22:23:09 Feb 03 2021,97,74,0,0,0
22:23:11 Feb 03 2021,97,73,0,0,0
22:23:13 Feb 03 2021,97,72,1,0,0
22:23:15 Feb 03 2021,97,72,1,0,0
22:23:17 Feb 03 2021,97,73,0,0,0
22:23:19 Feb 03 2021,97,74,0,0,0
22:23:21 Feb 03 2021,97,74,1,0,0
22:23:23 Feb 03 2021,97,73,0,0,0
22:23:25 Feb 03 2021,97,71,0,0,0
22:23:27 Feb 03 2021,97,70,0,0,0
22:23:29 Feb 03 2021,97,70,0,0,0
22:23:31 Feb 03 2021,97,70,0,0,0
22:23:33 Feb 03 2021,97,70,0,0,0
22:23:35 Feb 03 2021,97,70,1,0,0
22:23:37 Feb 03 2021,97,70,1,0,0
22:23:39 Feb 03 2021,97,72,1,0,0
22:23:41 Feb 03 2021,97,71,1,0,0
22:23:43 Feb 03 2021,97,73,1,0,0
22:23:45 Feb 03 2021,97,74,1,0,0
22:23:47 Feb 03 2021,97,74,1,0,0
22:23:49 Feb 03 2021,97,75,1,0,0
22:23:51 Feb 03 2021,97,72,1,0,0
22:23:53 Feb 03 2021,97,71,0,0,0
22:23:55 Feb 03 2021,97,71,0,0,0
22:23:57 Feb 03 2021,97,69,1,0,0
22:23:59 Feb 03 2021,96,73,1,0,0
22:24:01 Feb 03 2021,96,76,1,0,0
22:24:03 Feb 03 2021,96,76,1,0,0
22:24:05 Feb 03 2021,96,78,0,0,0
22:24:07 Feb 03 2021,96,76,0,0,0
22:24:09 Feb 03 2021,96,76,1,0,0
22:24:11 Feb 03 2021,96,76,1,0,0
22:24:13 Feb 03 2021,96,78,1,0,0
22:24:15 Feb 03 2021,96,79,1,0,0
22:24:17 Feb 03 2021,97,80,0,0,0
22:24:19 Feb 03 2021,97,81,1,0,0
22:24:21 Feb 03 2021,97,79,0,0,0
22:24:23 Feb 03 2021,97,85,1,0,0
22:24:25 Feb 03 2021,97,88,1,0,0
22:24:27 Feb 03 2021,97,90,0,0,0
22:24:29 Feb 03 2021,97,92,1,0,0
22:24:31 Feb 03 2021,97,87,1,0,0
22:24:33 Feb 03 2021,97,87,1,0,0
22:24:35 Feb 03 2021,97,85,1,0,0
22:24:37 Feb 03 2021,97,85,0,0,0
22:24:39 Feb 03 2021,97,84,1,0,0
22:24:41 Feb 03 2021,97,83,1,0,0
22:24:43 Feb 03 2021,97,84,0,0,0
22:24:45 Feb 03 2021,97,82,0,0,0
22:24:47 Feb 03 2021,97,82,1,0,0
22:24:49 Feb 03 2021,97,82,1,0,0
22:24:51 Feb 03 2021,97,81,1,0,0
22:24:53 Feb 03 2021,97,81,1,0,0
22:24:55 Feb 03 2021,96,83,1,0,0
22:24:57 Feb 03 2021,96,82,1,0,0
22:24:59 Feb 03 2021,96,83,1,0,0
22:25:01 Feb 03 2021,93,85,0,0,0
22:25:03 Feb 03 2021,93,84,1,0,0
22:25:05 Feb 03 2021,93,86,0,0,0
22:25:07 Feb 03 2021,92,85,1,0,0
22:25:09 Feb 03 2021,93,85,1,0,0
22:25:11 Feb 03 2021,93,85,1,0,0
22:25:13 Feb 03 2021,93,85,0,0,0
22:25:15 Feb 03 2021,93,84,1,0,0
22:25:17 Feb 03 2021,93,84,0,0,0
22:25:19 Feb 03 2021,93,85,0,0,0
22:25:21 Feb 03 2021,93,84,0,0,0
22:25:23 Feb 03 2021,93,84,1,0,0
22:25:25 Feb 03 2021,94,83,0,0,0
22:25:27 Feb 03 2021,94,82,0,0,0
22:25:29 Feb 03 2021,94,82,1,0,0
22:25:31 Feb 03 2021,95,80,0,0,0
22:25:33 Feb 03 2021,95,80,0,0,0
22:25:35 Feb 03 2021,95,79,0,0,0
22:25:37 Feb 03 2021,96,77,1,0,0
22:25:39 Feb 03 2021,95,79,0,0,0
22:25:41 Feb 03 2021,96,79,1,0,0
22:25:43 Feb 03 2021,96,79,1,0,0
22:25:45 Feb 03 2021,97,79,1,0,0
22:25:47 Feb 03 2021,97,79,1,0,0
22:25:49 Feb 03 2021,97,77,1,0,0
22:25:51 Feb 03 2021,97,77,1,0,0
22:25:53 Feb 03 2021,97,77,0,0,0
22:25:55 Feb 03 2021,97,77,1,0,0
22:25:57 Feb 03 2021,97,77,1,0,0
22:25:59 Feb 03 2021,97,76,1,0,0
22:26:01 Feb 03 2021,96,74,2,0,0
22:26:03 Feb 03 2021,96,74,1,0,0
22:26:05 Feb 03 2021,96,74,1,0,0
22:26:07 Feb 03 2021,96,74,1,0,0
22:26:09 Feb 03 2021,96,74,1,0,0
22:26:11 Feb 03 2021,96,76,1,0,0
22:26:13 Feb 03 2021,96,80,1,0,0
22:26:15 Feb 03 2021,96,81,1,0,0
22:26:17 Feb 03 2021,96,82,1,0,0
22:26:19 Feb 03 2021,96,82,1,0,0
22:26:21 Feb 03 2021,95,80,1,0,0
22:26:23 Feb 03 2021,95,81,1,0,0
22:26:25 Feb 03 2021,95,83,1,0,0
22:26:27 Feb 03 2021,92,81,1,0,0
22:26:29 Feb 03 2021,92,81,1,0,0
22:26:31 Feb 03 2021,90,80,1,0,0
22:26:33 Feb 03 2021,89,78,1,1,0
22:26:35 Feb 03 2021,89,74,1,0,0
22:26:37 Feb 03 2021,89,77,1,0,0
22:26:39 Feb 03 2021,89,76,1,0,0
22:26:41 Feb 03 2021,91,82,1,0,0
22:26:43 Feb 03 2021,91,83,1,0,0
22:26:45 Feb 03 2021,92,82,1,0,0
22:26:47 Feb 03 2021,92,82,1,0,0
22:26:49 Feb 03 2021,93,85,1,0,0
22:26:51 Feb 03 2021,93,85,1,0,0
22:26:53 Feb 03 2021,93,84,0,0,0
22:26:55 Feb 03 2021,94,85,1,0,0
22:26:57 Feb 03 2021,94,85,1,0,0
22:26:59 Feb 03 2021,95,79,1,0,0
22:27:01 Feb 03 2021,96,76,1,0,0
22:27:03 Feb 03 2021,97,71,1,0,0
22:27:05 Feb 03 2021,97,73,1,0,0
22:27:07 Feb 03 2021,97,76,1,0,0
22:27:09 Feb 03 2021,97,78,1,0,0
22:27:11 Feb 03 2021,97,79,1,0,0
22:27:13 Feb 03 2021,97,81,1,0,0
22:27:15 Feb 03 2021,97,80,1,0,0
22:27:17 Feb 03 2021,97,78,1,0,0
22:27:19 Feb 03 2021,97,78,1,0,0
22:27:21 Feb 03 2021,96,78,1,0,0
22:27:23 Feb 03 2021,95,77,1,0,0
22:27:25 Feb 03 2021,95,77,1,0,0
22:27:27 Feb 03 2021,95,76,1,0,0
22:27:29 Feb 03 2021,95,76,1,0,0
22:27:31 Feb 03 2021,95,76,1,0,0
22:27:33 Feb 03 2021,95,75,1,0,0
22:27:35 Feb 03 2021,95,76,1,0,0
22:27:37 Feb 03 2021,94,76,1,0,0
22:27:39 Feb 03 2021,93,77,0,0,0
22:27:41 Feb 03 2021,94,77,0,0,0
22:27:43 Feb 03 2021,91,78,1,0,0
22:27:45 Feb 03 2021,91,80,1,0,0
22:27:47 Feb 03 2021,90,81,1,0,0
22:27:49 Feb 03 2021,90,83,1,0,0
22:27:51 Feb 03 2021,91,83,1,0,0
22:27:53 Feb 03 2021,91,83,1,0,0
22:27:55 Feb 03 2021,92,83,0,0,0
22:27:57 Feb 03 2021,93,83,1,0,0
22:27:59 Feb 03 2021,93,81,1,0,0
22:28:01 Feb 03 2021,94,81,1,0,0
22:28:03 Feb 03 2021,95,83,1,0,0
22:28:05 Feb 03 2021,95,83,1,0,0
22:28:07 Feb 03 2021,96,83,1,0,0
22:28:09 Feb 03 2021,96,81,1,0,0
22:28:11 Feb 03 2021,96,81,1,0,0
22:28:13 Feb 03 2021,97,82,1,0,0
22:28:15 Feb 03 2021,97,84,1,0,0
22:28:17 Feb 03 2021,97,85,1,0,0
22:28:19 Feb 03 2021,97,85,1,0,0
22:28:21 Feb 03 2021,97,81,1,0,0
22:28:23 Feb 03 2021,97,80,1,0,0
22:28:25 Feb 03 2021,97,79,1,0,0
22:28:27 Feb 03 2021,97,80,1,0,0
22:28:29 Feb 03 2021,97,81,1,0,0
22:28:31 Feb 03 2021,97,81,0,0,0
22:28:33 Feb 03 2021,96,80,1,0,0
22:28:35 Feb 03 2021,96,79,1,0,0
22:28:37 Feb 03 2021,96,78,0,0,0
22:28:39 Feb 03 2021,96,78,1,0,0
22:28:41 Feb 03 2021,96,78,0,0,0
22:28:43 Feb 03 2021,96,77,1,0,0
22:28:45 Feb 03 2021,96,78,1,0,0
22:28:47 Feb 03 2021,96,78,1,0,0
22:28:49 Feb 03 2021,96,80,1,0,0
22:28:51 Feb 03 2021,96,81,1,0,0
22:28:53 Feb 03 2021,96,82,0,0,0
22:28:55 Feb 03 2021,96,82,0,0,0
22:28:57 Feb 03 2021,94,83,1,0,0
22:28:59 Feb 03 2021,93,85,1,0,0
22:29:01 Feb 03 2021,92,87,1,0,0
22:29:03 Feb 03 2021,93,87,1,0,0
22:29:05 Feb 03 2021,93,87,1,0,0
22:29:07 Feb 03 2021,93,86,1,0,0
22:29:09 Feb 03 2021,93,86,1,0,0
22:29:11 Feb 03 2021,93,86,1,0,0
22:29:13 Feb 03 2021,93,86,1,0,0
22:29:15 Feb 03 2021,93,86,1,0,0
22:29:17 Feb 03 2021,93,86,0,0,0
22:29:19 Feb 03 2021,93,86,1,0,0
22:29:21 Feb 03 2021,94,86,1,0,0
22:29:23 Feb 03 2021,95,86,1,0,0
22:29:25 Feb 03 2021,95,86,1,0,0
22:29:27 Feb 03 2021,96,88,1,0,0
22:29:29 Feb 03 2021,96,89,1,0,0
22:29:31 Feb 03 2021,96,90,1,0,0
22:29:33 Feb 03 2021,96,91,1,0,0
22:29:35 Feb 03 2021,96,88,1,0,0
22:29:37 Feb 03 2021,96,87,0,0,0
22:29:39 Feb 03 2021,96,88,1,0,0
22:29:41 Feb 03 2021,96,85,1,0,0
22:29:43 Feb 03 2021,97,86,1,0,0
22:29:45 Feb 03 2021,97,86,1,0,0
22:29:47 Feb 03 2021,97,85,1,0,0
22:29:49 Feb 03 2021,97,86,1,0,0
22:29:51 Feb 03 2021,97,86,1,0,0
22:29:53 Feb 03 2021,97,86,1,0,0
22:29:55 Feb 03 2021,97,86,1,0,0
22:29:57 Feb 03 2021,97,82,0,0,0
22:29:59 Feb 03 2021,97,78,1,0,0
22:30:01 Feb 03 2021,97,75,0,0,0
22:30:03 Feb 03 2021,97,75,1,0,0
22:30:05 Feb 03 2021,97,74,0,0,0
22:30:07 Feb 03 2021,97,73,0,0,0
22:30:09 Feb 03 2021,97,70,1,0,0
22:30:11 Feb 03 2021,97,69,1,0,0
22:30:13 Feb 03 2021,97,72,1,0,0
22:30:15 Feb 03 2021,92,76,1,0,0
22:30:17 Feb 03 2021,91,80,1,0,0
22:30:19 Feb 03 2021,89,82,1,1,0
22:30:21 Feb 03 2021,88,81,1,0,0
22:30:23 Feb 03 2021,89,79,0,0,0
22:30:25 Feb 03 2021,88,76,1,0,0
22:30:27 Feb 03 2021,88,76,1,0,0
22:30:29 Feb 03 2021,89,77,1,0,0
22:30:31 Feb 03 2021,90,78,1,0,0
22:30:33 Feb 03 2021,92,80,1,0,0
22:30:35 Feb 03 2021,93,80,1,0,0
22:30:37 Feb 03 2021,94,80,1,0,0
22:30:39 Feb 03 2021,95,81,1,0,0
22:30:41 Feb 03 2021,96,82,1,0,0
22:30:43 Feb 03 2021,96,83,1,0,0
22:30:45 Feb 03 2021,97,81,1,0,0
22:30:47 Feb 03 2021,97,77,1,0,0
22:30:49 Feb 03 2021,97,75,0,0,0
22:30:51 Feb 03 2021,97,75,1,0,0
22:30:53 Feb 03 2021,97,77,1,0,0
22:30:55 Feb 03 2021,97,76,1,0,0
22:30:57 Feb 03 2021,97,76,1,0,0
22:30:59 Feb 03 2021,97,75,1,0,0
22:31:01 Feb 03 2021,97,75,1,0,0
22:31:03 Feb 03 2021,97,76,0,0,0
22:31:05 Feb 03 2021,97,76,1,0,0
22:31:07 Feb 03 2021,97,76,1,0,0
22:31:09 Feb 03 2021,97,76,0,0,0
22:31:11 Feb 03 2021,97,76,1,0,0
22:31:13 Feb 03 2021,97,76,1,0,0
22:31:15 Feb 03 2021,97,73,1,0,0
22:31:17 Feb 03 2021,97,74,1,0,0
22:31:19 Feb 03 2021,97,72,1,0,0
22:31:21 Feb 03 2021,97,71,1,0,0
22:31:23 Feb 03 2021,97,73,1,0,0
22:31:25 Feb 03 2021,96,74,1,0,0
22:31:27 Feb 03 2021,96,75,1,0,0
22:31:29 Feb 03 2021,95,77,0,0,0
22:31:31 Feb 03 2021,95,77,1,0,0
22:31:33 Feb 03 2021,96,75,1,0,0
22:31:35 Feb 03 2021,96,73,1,0,0
22:31:37 Feb 03 2021,96,71,1,0,0
22:31:39 Feb 03 2021,94,72,0,0,0
22:31:41 Feb 03 2021,95,72,1,0,0
22:31:43 Feb 03 2021,95,73,1,0,0
22:31:45 Feb 03 2021,93,73,1,0,0
22:31:47 Feb 03 2021,93,75,1,0,0
22:31:49 Feb 03 2021,92,76,1,0,0
22:31:51 Feb 03 2021,92,78,1,0,0
22:31:53 Feb 03 2021,93,79,1,0,0
22:31:55 Feb 03 2021,93,78,1,0,0
22:31:57 Feb 03 2021,93,79,1,0,0
22:31:59 Feb 03 2021,93,79,1,0,0
22:32:01 Feb 03 2021,93,79,0,0,0
22:32:03 Feb 03 2021,94,79,1,0,0
22:32:05 Feb 03 2021,95,78,1,0,0
22:32:07 Feb 03 2021,96,81,1,0,0
22:32:09 Feb 03 2021,97,78,1,0,0
22:32:11 Feb 03 2021,97,80,0,0,0
22:32:13 Feb 03 2021,97,80,1,0,0
22:32:15 Feb 03 2021,97,79,1,0,0
22:32:17 Feb 03 2021,97,80,1,0,0
22:32:19 Feb 03 2021,97,81,1,0,0
22:32:21 Feb 03 2021,97,82,1,0,0
22:32:23 Feb 03 2021,97,81,1,0,0
22:32:25 Feb 03 2021,97,81,1,0,0
22:32:27 Feb 03 2021,97,80,0,0,0
22:32:29 Feb 03 2021,97,79,1,0,0
22:32:31 Feb 03 2021,97,80,1,0,0
22:32:33 Feb 03 2021,97,81,1,0,0
22:32:35 Feb 03 2021,96,82,1,0,0
22:32:37 Feb 03 2021,96,82,1,0,0
22:32:39 Feb 03 2021,96,82,1,0,0
22:32:41 Feb 03 2021,95,83,1,0,0
22:32:43 Feb 03 2021,95,85,0,0,0
22:32:45 Feb 03 2021,95,84,0,0,0
22:32:47 Feb 03 2021,95,84,1,0,0
22:32:49 Feb 03 2021,95,83,1,0,0
22:32:51 Feb 03 2021,94,83,1,0,0
22:32:53 Feb 03 2021,94,85,1,0,0
22:32:55 Feb 03 2021,94,85,1,0,0
22:32:57 Feb 03 2021,93,84,1,0,0
22:32:59 Feb 03 2021,94,83,1,0,0
22:33:01 Feb 03 2021,94,83,1,0,0
22:33:03 Feb 03 2021,94,84,1,0,0
22:33:05 Feb 03 2021,93,84,1,0,0
22:33:07 Feb 03 2021,92,84,1,0,0
22:33:09 Feb 03 2021,91,84,1,0,0
22:33:11 Feb 03 2021,89,84,1,1,0
22:33:13 Feb 03 2021,89,84,1,0,0
22:33:15 Feb 03 2021,90,84,1,0,0
22:33:17 Feb 03 2021,90,84,1,0,0
22:33:19 Feb 03 2021,91,78,1,0,0
22:33:21 Feb 03 2021,92,73,1,0,0
22:33:23 Feb 03 2021,93,73,1,0,0
22:33:25 Feb 03 2021,95,70,1,0,0
22:33:27 Feb 03 2021,95,74,1,0,0
22:33:29 Feb 03 2021,96,75,1,0,0
22:33:31 Feb 03 2021,97,76,1,0,0
22:33:33 Feb 03 2021,97,76,1,0,0
22:33:35 Feb 03 2021,97,76,1,0,0
22:33:37 Feb 03 2021,97,76,1,0,0
22:33:39 Feb 03 2021,97,76,1,0,0
22:33:41 Feb 03 2021,97,76,1,0,0
22:33:43 Feb 03 2021,97,76,1,0,0
22:33:45 Feb 03 2021,97,76,1,0,0
22:33:47 Feb 03 2021,97,76,1,0,0
22:33:49 Feb 03 2021,97,73,1,0,0
22:33:51 Feb 03 2021,97,70,1,0,0
22:33:53 Feb 03 2021,97,71,1,0,0
22:33:55 Feb 03 2021,97,72,1,0,0
22:33:57 Feb 03 2021,96,73,1,0,0
22:33:59 Feb 03 2021,96,76,0,0,0
22:34:01 Feb 03 2021,95,70,1,0,0
22:34:03 Feb 03 2021,95,70,0,0,0
22:34:05 Feb 03 2021,95,75,1,0,0
22:34:07 Feb 03 2021,95,75,1,0,0
22:34:09 Feb 03 2021,94,82,1,0,0
22:34:11 Feb 03 2021,92,81,1,0,0
22:34:13 Feb 03 2021,91,82,1,0,0
22:34:15 Feb 03 2021,89,81,1,1,0
22:34:17 Feb 03 2021,90,77,0,0,0
22:34:19 Feb 03 2021,90,76,1,0,0
22:34:21 Feb 03 2021,87,73,1,0,0
22:34:23 Feb 03 2021,88,72,0,0,0
22:34:25 Feb 03 2021,88,72,1,0,0
22:34:27 Feb 03 2021,88,71,1,0,0
22:34:29 Feb 03 2021,90,71,0,0,0
22:34:31 Feb 03 2021,90,73,1,0,0
22:34:33 Feb 03 2021,89,74,0,0,0
22:34:35 Feb 03 2021,88,76,0,0,0
22:34:37 Feb 03 2021,87,79,0,1,0
22:34:39 Feb 03 2021,87,79,1,0,0
22:34:41 Feb 03 2021,86,79,0,0,0
22:34:43 Feb 03 2021,86,82,1,0,0
22:34:45 Feb 03 2021,85,81,1,0,0
22:34:47 Feb 03 2021,85,81,0,0,0
22:34:49 Feb 03 2021,87,78,1,0,0
22:34:51 Feb 03 2021,90,74,0,0,0
22:34:53 Feb 03 2021,91,72,1,0,0
22:34:55 Feb 03 2021,94,72,1,0,0
22:34:57 Feb 03 2021,94,73,0,0,0
22:34:59 Feb 03 2021,94,73,1,0,0
22:35:01 Feb 03 2021,96,73,1,0,0
22:35:03 Feb 03 2021,96,73,1,0,0
22:35:05 Feb 03 2021,97,74,1,0,0
22:35:07 Feb 03 2021,97,74,1,0,0
22:35:09 Feb 03 2021,97,75,1,0,0
22:35:11 Feb 03 2021,97,76,1,0,0
22:35:13 Feb 03 2021,97,73,1,0,0
22:35:15 Feb 03 2021,97,73,0,0,0
22:35:17 Feb 03 2021,97,71,1,0,0
22:35:19 Feb 03 2021,97,70,1,0,0
22:35:21 Feb 03 2021,97,71,1,0,0
22:35:23 Feb 03 2021,97,71,1,0,0
22:35:25 Feb 03 2021,97,73,1,0,0
22:35:27 Feb 03 2021,96,71,0,0,0
22:35:29 Feb 03 2021,96,70,1,0,0
22:35:31 Feb 03 2021,95,69,1,0,0
22:35:33 Feb 03 2021,95,68,1,0,0
22:35:35 Feb 03 2021,95,70,1,0,0
22:35:37 Feb 03 2021,94,70,0,0,0
22:35:39 Feb 03 2021,94,70,1,0,0
22:35:41 Feb 03 2021,94,71,1,0,0
22:35:43 Feb 03 2021,93,72,0,0,0
22:35:45 Feb 03 2021,92,72,0,0,0
22:35:47 Feb 03 2021,91,73,1,0,0
22:35:49 Feb 03 2021,90,72,1,0,0
22:35:51 Feb 03 2021,90,72,0,0,0
22:35:53 Feb 03 2021,90,75,1,0,0
22:35:55 Feb 03 2021,89,73,1,1,0
22:35:57 Feb 03 2021,89,73,0,0,0
22:35:59 Feb 03 2021,88,71,0,0,0
22:36:01 Feb 03 2021,88,72,1,0,0
22:36:03 Feb 03 2021,88,71,1,0,0
22:36:05 Feb 03 2021,88,71,1,0,0
22:36:07 Feb 03 2021,90,71,1,0,0
22:36:09 Feb 03 2021,91,67,0,0,0
22:36:11 Feb 03 2021,93,66,1,0,0
22:36:13 Feb 03 2021,95,64,1,0,0
22:36:15 Feb 03 2021,95,62,1,0,0
22:36:17 Feb 03 2021,96,63,1,0,0
22:36:19 Feb 03 2021,96,64,1,0,0
22:36:21 Feb 03 2021,97,63,0,0,0
22:36:23 Feb 03 2021,97,64,0,0,0
22:36:25 Feb 03 2021,97,63,1,0,0
22:36:27 Feb 03 2021,97,61,0,0,0
22:36:29 Feb 03 2021,97,60,1,0,0
22:36:31 Feb 03 2021,97,60,0,0,0
22:36:33 Feb 03 2021,97,60,1,0,0
22:36:35 Feb 03 2021,97,60,1,0,0
22:36:37 Feb 03 2021,97,60,1,0,0
22:36:39 Feb 03 2021,97,60,1,0,0
22:36:41 Feb 03 2021,97,60,1,0,0
22:36:43 Feb 03 2021,97,60,0,0,0
22:36:45 Feb 03 2021,97,61,1,0,0
22:36:47 Feb 03 2021,97,64,1,0,0
22:36:49 Feb 03 2021,97,66,1,0,0
22:36:51 Feb 03 2021,96,64,1,0,0
22:36:53 Feb 03 2021,96,64,1,0,0
22:36:55 Feb 03 2021,96,64,0,0,0
22:36:57 Feb 03 2021,95,63,1,0,0
22:36:59 Feb 03 2021,95,59,1,0,0
22:37:01 Feb 03 2021,94,55,0,0,0
22:37:03 Feb 03 2021,94,51,1,0,0
22:37:05 Feb 03 2021,95,50,1,0,0
22:37:07 Feb 03 2021,95,51,0,0,0
22:37:09 Feb 03 2021,93,51,1,0,0
22:37:11 Feb 03 2021,93,53,1,0,0
22:37:13 Feb 03 2021,92,58,1,0,0
22:37:15 Feb 03 2021,92,59,1,0,0
22:37:17 Feb 03 2021,93,60,1,0,0
22:37:19 Feb 03 2021,94,58,1,0,0
22:37:21 Feb 03 2021,94,59,1,0,0
22:37:23 Feb 03 2021,95,58,1,0,0
22:37:25 Feb 03 2021,96,56,1,0,0
22:37:27 Feb 03 2021,96,54,1,0,0
22:37:29 Feb 03 2021,96,53,1,0,0
22:37:31 Feb 03 2021,96,54,1,0,0
22:37:33 Feb 03 2021,96,56,0,0,0
22:37:35 Feb 03 2021,96,57,1,0,0
22:37:37 Feb 03 2021,97,58,1,0,0
22:37:39 Feb 03 2021,97,61,1,0,0
22:37:41 Feb 03 2021,97,62,1,0,0
22:37:43 Feb 03 2021,97,63,1,0,0
22:37:45 Feb 03 2021,97,63,1,0,0
22:37:47 Feb 03 2021,97,61,1,0,0
22:37:49 Feb 03 2021,97,59,0,0,0
22:37:51 Feb 03 2021,97,60,1,0,0
22:37:53 Feb 03 2021,97,60,1,0,0
22:37:55 Feb 03 2021,97,60,1,0,0
22:37:57 Feb 03 2021,97,56,1,0,0
22:37:59 Feb 03 2021,97,56,0,0,0
22:38:01 Feb 03 2021,97,52,1,0,0
22:38:03 Feb 03 2021,96,53,1,0,0
22:38:05 Feb 03 2021,96,66,1,0,0
22:38:07 Feb 03 2021,96,68,1,0,0
22:38:09 Feb 03 2021,96,70,0,0,0
22:38:11 Feb 03 2021,96,73,1,0,0
22:38:13 Feb 03 2021,96,70,1,0,0
22:38:15 Feb 03 2021,96,64,0,0,0
22:38:17 Feb 03 2021,95,60,0,0,0
22:38:19 Feb 03 2021,94,56,1,0,0
22:38:21 Feb 03 2021,94,53,0,0,0
22:38:23 Feb 03 2021,94,57,0,0,0
22:38:25 Feb 03 2021,95,60,0,0,0
22:38:27 Feb 03 2021,96,60,0,0,0
22:38:29 Feb 03 2021,96,59,1,0,0
22:38:31 Feb 03 2021,96,58,1,0,0
22:38:33 Feb 03 2021,96,62,1,0,0
22:38:35 Feb 03 2021,95,71,1,0,0
22:38:37 Feb 03 2021,95,75,0,0,0
22:38:39 Feb 03 2021,95,79,0,0,0
22:38:41 Feb 03 2021,95,79,0,0,0
22:38:43 Feb 03 2021,95,77,1,0,0
22:38:45 Feb 03 2021,95,78,1,0,0
22:38:47 Feb 03 2021,95,77,0,0,0
22:38:49 Feb 03 2021,96,74,1,0,0
22:38:51 Feb 03 2021,96,75,1,0,0
22:38:53 Feb 03 2021,97,72,1,0,0
22:38:55 Feb 03 2021,97,70,0,0,0
22:38:57 Feb 03 2021,97,73,1,0,0
22:38:59 Feb 03 2021,97,72,0,0,0
22:39:01 Feb 03 2021,97,73,1,0,0
22:39:03 Feb 03 2021,97,73,1,0,0
22:39:05 Feb 03 2021,97,71,1,0,0
22:39:07 Feb 03 2021,97,71,1,0,0
22:39:09 Feb 03 2021,97,71,1,0,0
22:39:11 Feb 03 2021,97,71,1,0,0
22:39:13 Feb 03 2021,97,72,1,0,0
22:39:15 Feb 03 2021,97,73,1,0,0
22:39:17 Feb 03 2021,96,72,0,0,0
22:39:19 Feb 03 2021,96,74,1,0,0
22:39:21 Feb 03 2021,96,74,1,0,0
22:39:23 Feb 03 2021,96,76,1,0,0
22:39:25 Feb 03 2021,96,76,1,0,0
22:39:27 Feb 03 2021,95,73,1,0,0
22:39:29 Feb 03 2021,94,71,0,0,0
22:39:31 Feb 03 2021,93,69,1,0,0
22:39:33 Feb 03 2021,92,67,1,0,0
22:39:35 Feb 03 2021,92,66,0,0,0
22:39:37 Feb 03 2021,91,67,0,0,0
22:39:39 Feb 03 2021,92,67,0,0,0
22:39:41 Feb 03 2021,92,67,0,0,0
22:39:43 Feb 03 2021,92,69,1,0,0
22:39:45 Feb 03 2021,92,68,1,0,0
22:39:47 Feb 03 2021,92,69,1,0,0
22:39:49 Feb 03 2021,92,70,1,0,0
22:39:51 Feb 03 2021,92,71,1,0,0
22:39:53 Feb 03 2021,92,71,0,0,0
22:39:55 Feb 03 2021,92,71,1,0,0
22:39:57 Feb 03 2021,93,72,1,0,0
22:39:59 Feb 03 2021,94,72,0,0,0
22:40:01 Feb 03 2021,95,72,0,0,0
22:40:03 Feb 03 2021,96,71,1,0,0
22:40:05 Feb 03 2021,96,73,1,0,0
22:40:07 Feb 03 2021,97,72,1,0,0
22:40:09 Feb 03 2021,97,70,1,0,0
22:40:11 Feb 03 2021,97,74,0,0,0
22:40:13 Feb 03 2021,97,70,0,0,0
22:40:15 Feb 03 2021,97,69,0,0,0
22:40:17 Feb 03 2021,97,71,1,0,0
22:40:19 Feb 03 2021,97,71,1,0,0
22:40:21 Feb 03 2021,97,73,1,0,0
22:40:23 Feb 03 2021,97,75,1,0,0
22:40:25 Feb 03 2021,97,74,1,0,0
22:40:27 Feb 03 2021,97,72,0,0,0
22:40:29 Feb 03 2021,97,70,1,0,0
22:40:31 Feb 03 2021,97,68,1,0,0
22:40:33 Feb 03 2021,97,69,1,0,0
22:40:35 Feb 03 2021,97,70,0,0,0
22:40:37 Feb 03 2021,97,69,1,0,0
22:40:39 Feb 03 2021,97,69,0,0,0
22:40:41 Feb 03 2021,97,71,1,0,0
22:40:43 Feb 03 2021,96,70,0,0,0
22:40:45 Feb 03 2021,96,67,1,0,0
22:40:47 Feb 03 2021,95,69,1,0,0
22:40:49 Feb 03 2021,96,66,1,0,0
22:40:51 Feb 03 2021,96,71,1,0,0
22:40:53 Feb 03 2021,94,73,0,0,0
22:40:55 Feb 03 2021,97,73,0,0,0
22:40:57 Feb 03 2021,94,73,1,0,0
22:40:59 Feb 03 2021,94,68,1,0,0
22:41:01 Feb 03 2021,94,66,1,0,0
22:41:03 Feb 03 2021,94,66,1,0,0
22:41:05 Feb 03 2021,94,65,0,0,0
22:41:07 Feb 03 2021,94,65,1,0,0
22:41:09 Feb 03 2021,94,66,1,0,0
22:41:11 Feb 03 2021,94,65,0,0,0
22:41:13 Feb 03 2021,94,64,0,0,0
22:41:15 Feb 03 2021,95,61,1,0,0
22:41:17 Feb 03 2021,95,59,0,0,0
22:41:19 Feb 03 2021,96,56,1,0,0
22:41:21 Feb 03 2021,96,58,0,0,0
22:41:23 Feb 03 2021,97,58,0,0,0
22:41:25 Feb 03 2021,97,55,0,0,0
22:41:27 Feb 03 2021,97,56,1,0,0
22:41:29 Feb 03 2021,97,54,1,0,0
22:41:31 Feb 03 2021,97,52,1,0,0
22:41:33 Feb 03 2021,97,54,0,0,0
22:41:35 Feb 03 2021,97,52,1,0,0
22:41:37 Feb 03 2021,97,52,1,0,0
22:41:39 Feb 03 2021,97,52,1,0,0
22:41:41 Feb 03 2021,97,54,1,0,0
22:41:43 Feb 03 2021,97,58,1,0,0
22:41:45 Feb 03 2021,97,58,1,0,0
22:41:47 Feb 03 2021,97,63,1,0,0
22:41:49 Feb 03 2021,97,67,0,0,0
22:41:51 Feb 03 2021,97,68,1,0,0
22:41:53 Feb 03 2021,96,67,1,0,0
22:41:55 Feb 03 2021,96,69,0,0,0
22:41:57 Feb 03 2021,96,66,1,0,0
22:41:59 Feb 03 2021,96,66,1,0,0
22:42:01 Feb 03 2021,96,68,1,0,0
22:42:03 Feb 03 2021,97,66,1,0,0
22:42:05 Feb 03 2021,97,66,1,0,0
22:42:07 Feb 03 2021,97,66,1,0,0
22:42:09 Feb 03 2021,97,66,1,0,0
22:42:11 Feb 03 2021,97,66,1,0,0
22:42:13 Feb 03 2021,97,66,1,0,0
22:42:15 Feb 03 2021,97,66,1,0,0
22:42:17 Feb 03 2021,97,67,0,0,0
22:42:19 Feb 03 2021,97,66,0,0,0
22:42:21 Feb 03 2021,95,60,1,0,0
22:42:23 Feb 03 2021,94,59,1,0,0
22:42:25 Feb 03 2021,92,54,1,0,0
22:42:27 Feb 03 2021,92,54,0,0,0
22:42:29 Feb 03 2021,93,54,1,0,0
22:42:31 Feb 03 2021,92,51,2,0,0
22:42:33 Feb 03 2021,92,51,1,0,0
22:42:35 Feb 03 2021,92,51,1,0,0
22:42:37 Feb 03 2021,92,51,0,0,0
22:42:39 Feb 03 2021,92,51,1,0,0
22:42:41 Feb 03 2021,92,51,1,0,0
22:42:43 Feb 03 2021,93,52,0,0,0
22:42:45 Feb 03 2021,93,52,0,0,0
22:42:47 Feb 03 2021,93,52,0,0,0
22:42:49 Feb 03 2021,93,52,1,0,0
22:42:51 Feb 03 2021,93,52,1,0,0
22:42:53 Feb 03 2021,94,53,1,0,0
22:42:55 Feb 03 2021,95,56,0,0,0
22:42:57 Feb 03 2021,96,62,1,0,0
22:42:59 Feb 03 2021,97,60,1,0,0
22:43:01 Feb 03 2021,97,65,0,0,0
22:43:03 Feb 03 2021,97,64,1,0,0
22:43:05 Feb 03 2021,97,63,1,0,0
22:43:07 Feb 03 2021,97,63,0,0,0
22:43:09 Feb 03 2021,97,64,0,0,0
22:43:11 Feb 03 2021,97,64,1,0,0
22:43:13 Feb 03 2021,97,63,1,0,0
22:43:15 Feb 03 2021,97,65,1,0,0
22:43:17 Feb 03 2021,97,65,1,0,0
22:43:19 Feb 03 2021,96,65,1,0,0
22:43:21 Feb 03 2021,96,65,0,0,0
22:43:23 Feb 03 2021,95,66,1,0,0
22:43:25 Feb 03 2021,94,66,1,0,0
22:43:27 Feb 03 2021,94,66,1,0,0
22:43:29 Feb 03 2021,94,66,1,0,0
22:43:31 Feb 03 2021,94,66,1,0,0
22:43:33 Feb 03 2021,94,66,1,0,0
22:43:35 Feb 03 2021,94,67,0,0,0
22:43:37 Feb 03 2021,94,68,1,0,0
22:43:39 Feb 03 2021,93,66,1,0,0
22:43:41 Feb 03 2021,91,68,0,0,0
22:43:43 Feb 03 2021,91,68,0,0,0
22:43:45 Feb 03 2021,90,69,0,0,0
22:43:47 Feb 03 2021,89,68,0,1,0
22:43:49 Feb 03 2021,90,69,1,0,0
22:43:51 Feb 03 2021,90,66,1,0,0
22:43:53 Feb 03 2021,90,67,0,0,0
22:43:55 Feb 03 2021,92,69,1,0,0
22:43:57 Feb 03 2021,93,67,0,0,0
22:43:59 Feb 03 2021,94,68,1,0,0
22:44:01 Feb 03 2021,95,68,1,0,0
22:44:03 Feb 03 2021,95,65,0,0,0
22:44:05 Feb 03 2021,96,64,0,0,0
22:44:07 Feb 03 2021,97,64,1,0,0
22:44:09 Feb 03 2021,97,62,1,0,0
22:44:11 Feb 03 2021,97,61,0,0,0
22:44:13 Feb 03 2021,97,60,1,0,0
22:44:15 Feb 03 2021,97,59,0,0,0
22:44:17 Feb 03 2021,97,59,0,0,0
22:44:19 Feb 03 2021,97,60,0,0,0
22:44:21 Feb 03 2021,97,60,1,0,0
22:44:23 Feb 03 2021,97,59,0,0,0
22:44:25 Feb 03 2021,97,60,1,0,0
22:44:27 Feb 03 2021,97,61,1,0,0
22:44:29 Feb 03 2021,97,63,0,0,0
22:44:31 Feb 03 2021,97,65,1,0,0
22:44:33 Feb 03 2021,97,63,0,0,0
22:44:35 Feb 03 2021,97,63,1,0,0
22:44:37 Feb 03 2021,97,62,1,0,0
22:44:39 Feb 03 2021,97,62,1,0,0
22:44:41 Feb 03 2021,97,64,1,0,0
22:44:43 Feb 03 2021,97,64,0,0,0
22:44:45 Feb 03 2021,97,64,0,0,0
22:44:47 Feb 03 2021,96,65,0,0,0
22:44:49 Feb 03 2021,96,63,1,0,0
22:44:51 Feb 03 2021,94,62,1,0,0
22:44:53 Feb 03 2021,93,61,1,0,0
22:44:55 Feb 03 2021,93,61,0,0,0
22:44:57 Feb 03 2021,93,64,0,0,0
22:44:59 Feb 03 2021,92,67,0,0,0
22:45:01 Feb 03 2021,92,68,1,0,0
22:45:03 Feb 03 2021,90,66,1,0,0
22:45:05 Feb 03 2021,90,62,0,1,0
22:45:07 Feb 03 2021,90,60,1,0,0
22:45:09 Feb 03 2021,89,61,1,0,0
22:45:11 Feb 03 2021,90,61,1,0,0
22:45:13 Feb 03 2021,90,62,0,0,0
22:45:15 Feb 03 2021,90,61,1,0,0
22:45:17 Feb 03 2021,91,61,1,0,0
22:45:19 Feb 03 2021,92,64,1,0,0
22:45:21 Feb 03 2021,93,62,1,0,0
22:45:23 Feb 03 2021,94,61,1,0,0
22:45:25 Feb 03 2021,95,58,2,0,0
22:45:27 Feb 03 2021,96,56,3,0,0
22:45:29 Feb 03 2021,96,58,2,0,0
22:45:31 Feb 03 2021,96,59,2,0,0
22:45:33 Feb 03 2021,96,59,2,0,0
22:45:35 Feb 03 2021,96,60,1,0,0
22:45:37 Feb 03 2021,96,60,7,0,0
22:45:39 Feb 03 2021,96,60,0,0,0
22:45:41 Feb 03 2021,96,60,0,0,0
22:45:43 Feb 03 2021,96,60,1,0,0
22:45:45 Feb 03 2021,96,59,2,0,0
22:45:47 Feb 03 2021,96,59,0,0,0
22:45:49 Feb 03 2021,96,58,0,0,0
22:45:51 Feb 03 2021,96,58,0,0,0
22:45:53 Feb 03 2021,96,59,1,0,0
22:45:55 Feb 03 2021,96,59,0,0,0
22:45:57 Feb 03 2021,96,61,0,0,0
22:45:59 Feb 03 2021,96,62,1,0,0
22:46:01 Feb 03 2021,96,62,0,0,0
22:46:03 Feb 03 2021,96,62,0,0,0
22:46:05 Feb 03 2021,96,62,0,0,0
22:46:07 Feb 03 2021,96,62,2,0,0
22:46:09 Feb 03 2021,96,66,0,0,0
22:46:11 Feb 03 2021,97,68,0,0,0
22:46:13 Feb 03 2021,97,70,0,0,0
22:46:15 Feb 03 2021,97,71,1,0,0
22:46:17 Feb 03 2021,97,67,0,0,0
22:46:19 Feb 03 2021,97,68,0,0,0
22:46:21 Feb 03 2021,97,68,0,0,0
22:46:23 Feb 03 2021,97,71,0,0,0
22:46:25 Feb 03 2021,97,73,0,0,0
22:46:27 Feb 03 2021,96,71,0,0,0
22:46:29 Feb 03 2021,96,69,0,0,0
22:46:31 Feb 03 2021,96,66,0,0,0
22:46:33 Feb 03 2021,95,66,0,0,0
22:46:35 Feb 03 2021,95,67,0,0,0
22:46:37 Feb 03 2021,95,67,0,0,0
22:46:39 Feb 03 2021,94,66,0,0,0
22:46:41 Feb 03 2021,93,68,0,0,0
22:46:43 Feb 03 2021,93,69,0,0,0
22:46:45 Feb 03 2021,92,67,0,0,0
22:46:47 Feb 03 2021,92,71,0,0,0
22:46:49 Feb 03 2021,93,70,0,0,0
22:46:51 Feb 03 2021,94,73,0,0,0
22:46:53 Feb 03 2021,94,77,0,0,0
22:46:55 Feb 03 2021,94,77,0,0,0
22:46:57 Feb 03 2021,94,77,0,0,0
22:46:59 Feb 03 2021,94,77,0,0,0
22:47:01 Feb 03 2021,95,77,0,0,0
22:47:03 Feb 03 2021,95,77,0,0,0
22:47:05 Feb 03 2021,96,72,0,0,0
22:47:07 Feb 03 2021,96,72,0,0,0
22:47:09 Feb 03 2021,96,72,0,0,0
22:47:11 Feb 03 2021,96,72,0,0,0
22:47:13 Feb 03 2021,97,77,0,0,0
22:47:15 Feb 03 2021,97,77,0,0,0
22:47:17 Feb 03 2021,98,79,0,0,0
22:47:19 Feb 03 2021,98,79,0,0,0
22:47:21 Feb 03 2021,98,77,0,0,0
22:47:23 Feb 03 2021,98,77,0,0,0
22:47:25 Feb 03 2021,98,76,0,0,0
22:47:27 Feb 03 2021,98,76,0,0,0
22:47:29 Feb 03 2021,98,76,0,0,0
22:47:31 Feb 03 2021,97,76,0,0,0
22:47:33 Feb 03 2021,97,71,4,0,0
22:47:35 Feb 03 2021,97,77,0,0,0
22:47:37 Feb 03 2021,96,77,0,0,0
22:47:39 Feb 03 2021,96,78,0,0,0
22:47:41 Feb 03 2021,96,79,0,0,0
22:47:43 Feb 03 2021,96,79,0,0,0
22:47:45 Feb 03 2021,96,80,0,0,0
22:47:47 Feb 03 2021,95,83,0,0,0
22:47:49 Feb 03 2021,95,84,0,0,0
22:47:51 Feb 03 2021,95,86,0,0,0
22:47:53 Feb 03 2021,95,88,0,0,0
22:47:55 Feb 03 2021,96,87,0,0,0
22:47:57 Feb 03 2021,96,86,0,0,0
22:47:59 Feb 03 2021,96,86,0,0,0
22:48:01 Feb 03 2021,95,82,0,0,0
22:48:03 Feb 03 2021,94,78,0,0,0
22:48:05 Feb 03 2021,93,81,0,0,0
22:48:07 Feb 03 2021,93,80,0,0,0
22:48:09 Feb 03 2021,93,82,0,0,0
22:48:11 Feb 03 2021,93,83,0,0,0
22:48:13 Feb 03 2021,93,82,0,0,0
22:48:15 Feb 03 2021,93,82,0,0,0
22:48:17 Feb 03 2021,93,82,0,0,0
22:48:19 Feb 03 2021,93,82,0,0,0
22:48:21 Feb 03 2021,94,84,0,0,0
22:48:23 Feb 03 2021,95,84,0,0,0
22:48:25 Feb 03 2021,96,85,0,0,0
22:48:27 Feb 03 2021,97,88,0,0,0
22:48:29 Feb 03 2021,97,88,0,0,0
22:48:31 Feb 03 2021,97,89,0,0,0
22:48:33 Feb 03 2021,97,91,0,0,0
22:48:35 Feb 03 2021,97,90,0,0,0
22:48:37 Feb 03 2021,97,91,0,0,0
22:48:39 Feb 03 2021,98,91,0,0,0
22:48:41 Feb 03 2021,98,90,0,0,0
22:48:43 Feb 03 2021,98,90,0,0,0
22:48:45 Feb 03 2021,98,88,0,0,0
22:48:47 Feb 03 2021,98,88,0,0,0
22:48:49 Feb 03 2021,97,88,0,0,0
22:48:51 Feb 03 2021,97,87,0,0,0
22:48:53 Feb 03 2021,98,88,0,0,0
22:48:55 Feb 03 2021,98,88,0,0,0
22:48:57 Feb 03 2021,98,88,0,0,0
22:48:59 Feb 03 2021,98,88,0,0,0
22:49:01 Feb 03 2021,97,89,0,0,0
22:49:03 Feb 03 2021,96,90,0,0,0
22:49:05 Feb 03 2021,97,89,0,0,0
22:49:07 Feb 03 2021,97,89,0,0,0
22:49:09 Feb 03 2021,98,90,0,0,0
22:49:11 Feb 03 2021,98,91,0,0,0
22:49:13 Feb 03 2021,98,92,0,0,0
22:49:15 Feb 03 2021,98,93,0,0,0
22:49:17 Feb 03 2021,98,94,0,0,0
22:49:19 Feb 03 2021,98,90,0,0,0
22:49:21 Feb 03 2021,98,83,0,0,0
22:49:23 Feb 03 2021,97,78,0,0,0
22:49:25 Feb 03 2021,97,73,0,0,0
22:49:27 Feb 03 2021,97,73,0,0,0
22:49:29 Feb 03 2021,97,72,0,0,0
22:49:31 Feb 03 2021,97,73,0,0,0
22:49:33 Feb 03 2021,98,75,0,0,0
22:49:35 Feb 03 2021,98,78,0,0,0
22:49:37 Feb 03 2021,98,78,0,0,0
22:49:39 Feb 03 2021,98,77,0,0,0
22:49:41 Feb 03 2021,98,77,0,0,0
22:49:43 Feb 03 2021,98,76,0,0,0
22:49:45 Feb 03 2021,98,75,0,0,0
22:49:47 Feb 03 2021,97,74,0,0,0
22:49:49 Feb 03 2021,97,75,0,0,0
22:49:51 Feb 03 2021,97,75,0,0,0
22:49:53 Feb 03 2021,98,76,0,0,0
22:49:55 Feb 03 2021,98,76,0,0,0
22:49:57 Feb 03 2021,98,77,0,0,0
22:49:59 Feb 03 2021,98,82,0,0,0
22:50:01 Feb 03 2021,97,87,0,0,0
22:50:03 Feb 03 2021,98,89,0,0,0
22:50:05 Feb 03 2021,97,89,0,0,0
22:50:07 Feb 03 2021,96,90,0,0,0
22:50:09 Feb 03 2021,96,90,0,0,0
22:50:11 Feb 03 2021,96,90,0,0,0
22:50:13 Feb 03 2021,96,88,0,0,0
22:50:15 Feb 03 2021,96,88,0,0,0
22:50:17 Feb 03 2021,96,87,0,0,0
22:50:19 Feb 03 2021,96,85,0,0,0
22:50:21 Feb 03 2021,96,84,0,0,0
22:50:23 Feb 03 2021,95,82,0,0,0
22:50:25 Feb 03 2021,94,82,0,0,0
22:50:27 Feb 03 2021,94,83,0,0,0
22:50:29 Feb 03 2021,94,84,0,0,0
22:50:31 Feb 03 2021,94,85,0,0,0
22:50:33 Feb 03 2021,94,84,0,0,0
22:50:35 Feb 03 2021,95,82,0,0,0
22:50:37 Feb 03 2021,92,77,0,0,0
22:50:39 Feb 03 2021,90,66,0,0,0
22:50:41 Feb 03 2021,92,58,0,0,0
22:50:43 Feb 03 2021,91,54,0,0,0
22:50:45 Feb 03 2021,91,53,0,0,0
22:50:47 Feb 03 2021,91,55,0,0,0
22:50:49 Feb 03 2021,91,56,0,0,0
22:50:51 Feb 03 2021,91,55,0,0,0
22:50:53 Feb 03 2021,92,57,0,0,0
22:50:55 Feb 03 2021,92,56,0,0,0
22:50:57 Feb 03 2021,93,57,0,0,0
22:50:59 Feb 03 2021,95,57,0,0,0
22:51:01 Feb 03 2021,95,56,0,0,0
22:51:03 Feb 03 2021,97,56,0,0,0
22:51:05 Feb 03 2021,97,60,0,0,0
22:51:07 Feb 03 2021,97,59,18,0,0
22:51:09 Feb 03 2021,97,59,0,0,0
22:51:11 Feb 03 2021,97,60,0,0,0
22:51:13 Feb 03 2021,97,60,0,0,0
22:51:15 Feb 03 2021,97,59,0,0,0
22:51:17 Feb 03 2021,97,59,0,0,0
22:51:19 Feb 03 2021,97,59,0,0,0
22:51:21 Feb 03 2021,97,60,0,0,0
22:51:23 Feb 03 2021,96,61,0,0,0
22:51:25 Feb 03 2021,96,61,0,0,0
22:51:27 Feb 03 2021,97,62,0,0,0
22:51:29 Feb 03 2021,96,64,0,0,0
22:51:31 Feb 03 2021,97,64,0,0,0
22:51:33 Feb 03 2021,97,64,0,0,0
22:51:35 Feb 03 2021,97,60,0,0,0
22:51:37 Feb 03 2021,97,58,0,0,0
22:51:39 Feb 03 2021,97,61,0,0,0
22:51:41 Feb 03 2021,97,61,0,0,0
22:51:43 Feb 03 2021,97,61,0,0,0
22:51:45 Feb 03 2021,97,61,0,0,0
22:51:47 Feb 03 2021,97,61,0,0,0
22:51:49 Feb 03 2021,97,62,0,0,0
22:51:51 Feb 03 2021,97,62,0,0,0
22:51:53 Feb 03 2021,97,63,0,0,0
22:51:55 Feb 03 2021,97,63,0,0,0
22:51:57 Feb 03 2021,97,63,0,0,0
22:51:59 Feb 03 2021,97,62,0,0,0
22:52:01 Feb 03 2021,97,61,0,0,0
22:52:03 Feb 03 2021,97,61,0,0,0
22:52:05 Feb 03 2021,97,60,0,0,0
22:52:07 Feb 03 2021,97,62,0,0,0
22:52:09 Feb 03 2021,97,62,0,0,0
22:52:11 Feb 03 2021,97,60,0,0,0
22:52:13 Feb 03 2021,97,60,0,0,0
22:52:15 Feb 03 2021,97,60,0,0,0
22:52:17 Feb 03 2021,97,60,0,0,0
22:52:19 Feb 03 2021,97,59,0,0,0
22:52:21 Feb 03 2021,97,60,0,0,0
22:52:23 Feb 03 2021,97,60,0,0,0
22:52:25 Feb 03 2021,97,61,0,0,0
22:52:27 Feb 03 2021,97,61,0,0,0
22:52:29 Feb 03 2021,97,61,0,0,0
22:52:31 Feb 03 2021,97,61,0,0,0
22:52:33 Feb 03 2021,97,61,0,0,0
22:52:35 Feb 03 2021,97,61,0,0,0
22:52:37 Feb 03 2021,97,61,0,0,0
22:52:39 Feb 03 2021,97,61,0,0,0
22:52:41 Feb 03 2021,97,61,0,0,0
22:52:43 Feb 03 2021,95,69,0,0,0
22:52:45 Feb 03 2021,95,69,0,0,0
22:52:47 Feb 03 2021,93,73,0,0,0
22:52:49 Feb 03 2021,93,77,0,0,0
22:52:51 Feb 03 2021,93,76,0,0,0
22:52:53 Feb 03 2021,94,74,0,0,0
22:52:55 Feb 03 2021,94,74,0,0,0
22:52:57 Feb 03 2021,94,70,0,0,0
22:52:59 Feb 03 2021,94,62,0,0,0
22:53:01 Feb 03 2021,94,61,0,0,0
22:53:03 Feb 03 2021,94,59,0,0,0
22:53:05 Feb 03 2021,94,59,0,0,0
22:53:07 Feb 03 2021,94,61,0,0,0
22:53:09 Feb 03 2021,92,65,0,0,0
22:53:11 Feb 03 2021,92,67,0,0,0
22:53:13 Feb 03 2021,91,66,0,0,0
22:53:15 Feb 03 2021,92,65,0,0,0
22:53:17 Feb 03 2021,92,60,1,0,0
22:53:19 Feb 03 2021,92,59,0,0,0
22:53:21 Feb 03 2021,92,60,0,0,0
22:53:23 Feb 03 2021,92,60,0,0,0
22:53:25 Feb 03 2021,93,61,0,0,0
22:53:27 Feb 03 2021,94,64,1,0,0
22:53:29 Feb 03 2021,96,67,0,0,0
22:53:31 Feb 03 2021,97,69,0,0,0
22:53:33 Feb 03 2021,97,69,0,0,0
22:53:35 Feb 03 2021,97,69,0,0,0
22:53:37 Feb 03 2021,97,68,0,0,0
22:53:39 Feb 03 2021,97,68,1,0,0
22:53:41 Feb 03 2021,97,69,0,0,0
22:53:43 Feb 03 2021,97,70,0,0,0
22:53:45 Feb 03 2021,97,71,0,0,0
22:53:47 Feb 03 2021,97,69,0,0,0
22:53:49 Feb 03 2021,97,71,0,0,0
22:53:51 Feb 03 2021,97,72,0,0,0
22:53:53 Feb 03 2021,97,72,0,0,0
22:53:55 Feb 03 2021,97,74,0,0,0
22:53:57 Feb 03 2021,97,73,0,0,0
22:53:59 Feb 03 2021,97,71,0,0,0
22:54:01 Feb 03 2021,97,70,0,0,0
22:54:03 Feb 03 2021,97,70,0,0,0
22:54:05 Feb 03 2021,97,69,0,0,0
22:54:07 Feb 03 2021,97,71,0,0,0
22:54:09 Feb 03 2021,96,72,0,0,0
22:54:11 Feb 03 2021,96,73,0,0,0
22:54:13 Feb 03 2021,95,74,0,0,0
22:54:15 Feb 03 2021,96,74,0,0,0
22:54:17 Feb 03 2021,96,73,0,0,0
22:54:19 Feb 03 2021,96,73,0,0,0
22:54:21 Feb 03 2021,96,71,0,0,0
22:54:23 Feb 03 2021,96,70,0,0,0
22:54:25 Feb 03 2021,96,67,0,0,0
22:54:27 Feb 03 2021,96,66,0,0,0
22:54:29 Feb 03 2021,95,69,0,0,0
22:54:31 Feb 03 2021,94,73,0,0,0
22:54:33 Feb 03 2021,94,77,0,0,0
22:54:35 Feb 03 2021,93,78,0,0,0
22:54:37 Feb 03 2021,94,77,0,0,0
22:54:39 Feb 03 2021,94,73,0,0,0
22:54:41 Feb 03 2021,95,79,0,0,0
22:54:43 Feb 03 2021,95,83,0,0,0
22:54:45 Feb 03 2021,96,82,0,0,0
22:54:47 Feb 03 2021,96,87,0,0,0
22:54:49 Feb 03 2021,97,82,0,0,0
22:54:51 Feb 03 2021,97,82,0,0,0
22:54:53 Feb 03 2021,97,82,0,0,0
22:54:55 Feb 03 2021,97,80,0,0,0
22:54:57 Feb 03 2021,97,80,0,0,0
22:54:59 Feb 03 2021,97,80,0,0,0
22:55:01 Feb 03 2021,97,80,0,0,0
22:55:03 Feb 03 2021,97,82,0,0,0
22:55:05 Feb 03 2021,97,82,0,0,0
22:55:07 Feb 03 2021,97,82,0,0,0
22:55:09 Feb 03 2021,97,82,0,0,0
22:55:11 Feb 03 2021,97,81,0,0,0
22:55:13 Feb 03 2021,97,81,0,0,0
22:55:15 Feb 03 2021,97,82,0,0,0
22:55:17 Feb 03 2021,97,82,0,0,0
22:55:19 Feb 03 2021,97,81,0,0,0
22:55:21 Feb 03 2021,97,81,0,0,0
22:55:23 Feb 03 2021,97,81,0,0,0
22:55:25 Feb 03 2021,97,80,0,0,0
22:55:27 Feb 03 2021,97,80,1,0,0
22:55:29 Feb 03 2021,97,81,0,0,0
22:55:31 Feb 03 2021,96,84,1,0,0
22:55:33 Feb 03 2021,94,86,0,0,0
22:55:35 Feb 03 2021,93,86,0,0,0
22:55:37 Feb 03 2021,93,87,0,0,0
22:55:39 Feb 03 2021,93,89,0,0,0
22:55:41 Feb 03 2021,94,87,1,0,0
22:55:43 Feb 03 2021,93,86,0,0,0
22:55:45 Feb 03 2021,92,86,0,0,0
22:55:47 Feb 03 2021,93,85,0,0,0
22:55:49 Feb 03 2021,92,84,0,0,0
22:55:51 Feb 03 2021,92,84,0,0,0
22:55:53 Feb 03 2021,92,84,0,0,0
22:55:55 Feb 03 2021,93,82,0,0,0
22:55:57 Feb 03 2021,94,82,0,0,0
22:55:59 Feb 03 2021,95,79,1,0,0
22:56:01 Feb 03 2021,96,78,0,0,0
22:56:03 Feb 03 2021,96,76,1,0,0
22:56:05 Feb 03 2021,97,75,0,0,0
22:56:07 Feb 03 2021,97,77,1,0,0
22:56:09 Feb 03 2021,97,77,0,0,0
22:56:11 Feb 03 2021,97,78,0,0,0
22:56:13 Feb 03 2021,97,77,0,0,0
22:56:15 Feb 03 2021,97,75,1,0,0
22:56:17 Feb 03 2021,97,74,0,0,0
22:56:19 Feb 03 2021,97,73,0,0,0
22:56:21 Feb 03 2021,97,73,0,0,0
22:56:23 Feb 03 2021,97,74,0,0,0
22:56:25 Feb 03 2021,97,74,0,0,0
22:56:27 Feb 03 2021,97,74,0,0,0
22:56:29 Feb 03 2021,97,73,1,0,0
22:56:31 Feb 03 2021,97,72,0,0,0
22:56:33 Feb 03 2021,97,70,0,0,0
22:56:35 Feb 03 2021,96,68,0,0,0
22:56:37 Feb 03 2021,96,66,0,0,0
22:56:39 Feb 03 2021,96,66,0,0,0
22:56:41 Feb 03 2021,95,67,0,0,0
22:56:43 Feb 03 2021,95,69,0,0,0
22:56:45 Feb 03 2021,95,71,0,0,0
22:56:47 Feb 03 2021,95,72,0,0,0
22:56:49 Feb 03 2021,95,73,1,0,0
22:56:51 Feb 03 2021,95,72,0,0,0
22:56:53 Feb 03 2021,95,72,0,0,0
22:56:55 Feb 03 2021,95,71,0,0,0
22:56:57 Feb 03 2021,95,73,0,0,0
22:56:59 Feb 03 2021,95,75,0,0,0
22:57:01 Feb 03 2021,94,77,0,0,0
22:57:03 Feb 03 2021,94,77,1,0,0
22:57:05 Feb 03 2021,92,76,0,0,0
22:57:07 Feb 03 2021,91,76,0,0,0
22:57:09 Feb 03 2021,91,74,0,0,0
22:57:11 Feb 03 2021,91,73,0,0,0
22:57:13 Feb 03 2021,91,73,0,0,0
22:57:15 Feb 03 2021,91,72,0,0,0
22:57:17 Feb 03 2021,91,73,1,0,0
22:57:19 Feb 03 2021,92,72,0,0,0
22:57:21 Feb 03 2021,94,73,0,0,0
22:57:23 Feb 03 2021,95,74,0,0,0
22:57:25 Feb 03 2021,96,74,0,0,0
22:57:27 Feb 03 2021,96,76,0,0,0
22:57:29 Feb 03 2021,96,73,0,0,0
22:57:31 Feb 03 2021,97,73,0,0,0
22:57:33 Feb 03 2021,97,73,1,0,0
22:57:35 Feb 03 2021,97,73,0,0,0
22:57:37 Feb 03 2021,97,73,0,0,0
22:57:39 Feb 03 2021,97,74,0,0,0
22:57:41 Feb 03 2021,97,74,0,0,0
22:57:43 Feb 03 2021,97,74,0,0,0
22:57:45 Feb 03 2021,97,72,0,0,0
22:57:47 Feb 03 2021,97,70,1,0,0
22:57:49 Feb 03 2021,97,66,0,0,0
22:57:51 Feb 03 2021,97,61,0,0,0
22:57:53 Feb 03 2021,97,63,0,0,0
22:57:55 Feb 03 2021,97,62,0,0,0
22:57:57 Feb 03 2021,97,61,0,0,0
22:57:59 Feb 03 2021,96,64,1,0,0
22:58:01 Feb 03 2021,97,63,0,0,0
22:58:03 Feb 03 2021,97,62,1,0,0
22:58:05 Feb 03 2021,96,64,0,0,0
22:58:07 Feb 03 2021,96,67,0,0,0
22:58:09 Feb 03 2021,95,70,0,0,0
22:58:11 Feb 03 2021,95,68,1,0,0
22:58:13 Feb 03 2021,96,64,0,0,0
22:58:15 Feb 03 2021,97,61,0,0,0
22:58:17 Feb 03 2021,97,60,0,0,0
22:58:19 Feb 03 2021,95,62,1,0,0
22:58:21 Feb 03 2021,92,63,0,0,0
22:58:23 Feb 03 2021,90,63,1,0,0
22:58:25 Feb 03 2021,92,61,0,0,0
22:58:27 Feb 03 2021,93,61,0,0,0
22:58:29 Feb 03 2021,97,60,0,0,0
22:58:31 Feb 03 2021,97,59,0,0,0
22:58:33 Feb 03 2021,97,58,0,0,0
22:58:35 Feb 03 2021,97,58,0,0,0
22:58:37 Feb 03 2021,96,61,0,0,0
22:58:39 Feb 03 2021,96,61,0,0,0
22:58:41 Feb 03 2021,97,62,1,0,0
22:58:43 Feb 03 2021,97,63,0,0,0
22:58:45 Feb 03 2021,97,63,0,0,0
22:58:47 Feb 03 2021,97,66,0,0,0
22:58:49 Feb 03 2021,97,66,0,0,0
22:58:51 Feb 03 2021,97,66,0,0,0
22:58:53 Feb 03 2021,97,66,0,0,0
22:58:55 Feb 03 2021,97,66,1,0,0
22:58:57 Feb 03 2021,97,68,0,0,0
22:58:59 Feb 03 2021,97,70,0,0,0
22:59:01 Feb 03 2021,97,70,0,0,0
22:59:03 Feb 03 2021,97,69,0,0,0
22:59:05 Feb 03 2021,97,69,0,0,0
22:59:07 Feb 03 2021,97,68,1,0,0
22:59:09 Feb 03 2021,97,68,0,0,0
22:59:11 Feb 03 2021,97,67,0,0,0
22:59:13 Feb 03 2021,97,66,0,0,0
22:59:15 Feb 03 2021,97,65,0,0,0
22:59:17 Feb 03 2021,97,62,0,0,0
22:59:19 Feb 03 2021,96,61,0,0,0
22:59:21 Feb 03 2021,95,60,0,0,0
22:59:23 Feb 03 2021,95,62,0,0,0
22:59:25 Feb 03 2021,95,66,0,0,0
22:59:27 Feb 03 2021,95,65,1,0,0
22:59:29 Feb 03 2021,95,63,0,0,0
22:59:31 Feb 03 2021,95,62,0,0,0
22:59:33 Feb 03 2021,95,64,1,0,0
22:59:35 Feb 03 2021,95,62,0,0,0
22:59:37 Feb 03 2021,95,62,0,0,0
22:59:39 Feb 03 2021,94,66,0,0,0
22:59:41 Feb 03 2021,94,65,0,0,0
22:59:43 Feb 03 2021,93,67,0,0,0
22:59:45 Feb 03 2021,94,61,0,0,0
22:59:47 Feb 03 2021,94,58,0,0,0
22:59:49 Feb 03 2021,94,57,0,0,0
22:59:51 Feb 03 2021,95,56,0,0,0
22:59:53 Feb 03 2021,94,57,0,0,0
22:59:55 Feb 03 2021,95,58,0,0,0
22:59:57 Feb 03 2021,95,61,1,0,0
22:59:59 Feb 03 2021,95,62,0,0,0
23:00:01 Feb 03 2021,95,65,0,0,0
23:00:03 Feb 03 2021,95,65,0,0,0
23:00:05 Feb 03 2021,95,65,0,0,0
23:00:07 Feb 03 2021,95,65,0,0,0
23:00:09 Feb 03 2021,96,70,1,0,0
23:00:11 Feb 03 2021,96,72,0,0,0
23:00:13 Feb 03 2021,97,73,0,0,0
23:00:15 Feb 03 2021,97,74,1,0,0
23:00:17 Feb 03 2021,97,75,1,0,0
23:00:19 Feb 03 2021,97,77,0,0,0
23:00:21 Feb 03 2021,97,76,0,0,0
23:00:23 Feb 03 2021,97,77,0,0,0
23:00:25 Feb 03 2021,97,78,0,0,0
23:00:27 Feb 03 2021,97,81,0,0,0
23:00:29 Feb 03 2021,97,85,0,0,0
23:00:31 Feb 03 2021,97,89,0,0,0
23:00:33 Feb 03 2021,97,89,0,0,0
23:00:35 Feb 03 2021,97,89,0,0,0
23:00:37 Feb 03 2021,97,88,0,0,0
23:00:39 Feb 03 2021,97,85,0,0,0
23:00:41 Feb 03 2021,97,84,0,0,0
23:00:43 Feb 03 2021,97,83,0,0,0
23:00:45 Feb 03 2021,96,76,0,0,0
23:00:47 Feb 03 2021,96,78,0,0,0
23:00:49 Feb 03 2021,96,76,0,0,0
23:00:51 Feb 03 2021,94,76,0,0,0
23:00:53 Feb 03 2021,94,85,0,0,0
23:00:55 Feb 03 2021,92,84,1,0,0
23:00:57 Feb 03 2021,91,84,1,0,0
23:00:59 Feb 03 2021,92,84,1,0,0
23:01:01 Feb 03 2021,92,83,0,0,0
23:01:03 Feb 03 2021,92,86,0,0,0
23:01:05 Feb 03 2021,92,86,0,0,0
23:01:07 Feb 03 2021,92,87,0,0,0
23:01:09 Feb 03 2021,91,86,0,0,0
23:01:11 Feb 03 2021,89,84,0,1,0
23:01:13 Feb 03 2021,89,84,0,0,0
23:01:15 Feb 03 2021,88,83,1,0,0
23:01:17 Feb 03 2021,88,83,0,0,0
23:01:19 Feb 03 2021,90,82,0,0,0
23:01:21 Feb 03 2021,91,80,0,0,0
23:01:23 Feb 03 2021,92,79,0,0,0
23:01:25 Feb 03 2021,92,79,0,0,0
23:01:27 Feb 03 2021,93,82,0,0,0
23:01:29 Feb 03 2021,93,83,1,0,0
23:01:31 Feb 03 2021,94,83,0,0,0
23:01:33 Feb 03 2021,95,79,0,0,0
23:01:35 Feb 03 2021,95,78,1,0,0
23:01:37 Feb 03 2021,97,74,0,0,0
23:01:39 Feb 03 2021,97,75,0,0,0
23:01:41 Feb 03 2021,97,73,1,0,0
23:01:43 Feb 03 2021,97,72,1,0,0
23:01:45 Feb 03 2021,97,77,0,0,0
23:01:47 Feb 03 2021,97,77,0,0,0
23:01:49 Feb 03 2021,97,76,0,0,0
23:01:51 Feb 03 2021,97,78,0,0,0
23:01:53 Feb 03 2021,97,76,0,0,0
23:01:55 Feb 03 2021,97,76,1,0,0
23:01:57 Feb 03 2021,97,78,1,0,0
23:01:59 Feb 03 2021,97,76,1,0,0
23:02:01 Feb 03 2021,96,76,0,0,0
23:02:03 Feb 03 2021,96,77,0,0,0
23:02:05 Feb 03 2021,96,78,0,0,0
23:02:07 Feb 03 2021,96,81,0,0,0
23:02:09 Feb 03 2021,96,84,0,0,0
23:02:11 Feb 03 2021,96,85,1,0,0
23:02:13 Feb 03 2021,96,86,1,0,0
23:02:15 Feb 03 2021,95,87,0,0,0
23:02:17 Feb 03 2021,94,85,0,0,0
23:02:19 Feb 03 2021,94,85,0,0,0
23:02:21 Feb 03 2021,93,84,1,0,0
23:02:23 Feb 03 2021,94,83,0,0,0
23:02:25 Feb 03 2021,94,85,0,0,0
23:02:27 Feb 03 2021,94,84,1,0,0
23:02:29 Feb 03 2021,94,84,0,0,0
23:02:31 Feb 03 2021,94,84,0,0,0
23:02:33 Feb 03 2021,94,84,0,0,0
23:02:35 Feb 03 2021,94,84,0,0,0
23:02:37 Feb 03 2021,94,84,0,0,0
23:02:39 Feb 03 2021,94,84,0,0,0
23:02:41 Feb 03 2021,94,84,0,0,0
23:02:43 Feb 03 2021,94,85,0,0,0
23:02:45 Feb 03 2021,94,85,0,0,0
23:02:47 Feb 03 2021,95,85,0,0,0
23:02:49 Feb 03 2021,95,87,0,0,0
23:02:51 Feb 03 2021,95,85,0,0,0
23:02:53 Feb 03 2021,96,86,0,0,0
23:02:55 Feb 03 2021,96,86,1,0,0
23:02:57 Feb 03 2021,96,86,0,0,0
23:02:59 Feb 03 2021,96,86,1,0,0
23:03:01 Feb 03 2021,97,87,0,0,0
23:03:03 Feb 03 2021,97,87,0,0,0
23:03:05 Feb 03 2021,97,84,0,0,0
23:03:07 Feb 03 2021,97,82,0,0,0
23:03:09 Feb 03 2021,97,78,0,0,0
23:03:11 Feb 03 2021,97,77,0,0,0
23:03:13 Feb 03 2021,97,78,0,0,0
23:03:15 Feb 03 2021,96,73,0,0,0
23:03:17 Feb 03 2021,96,69,0,0,0
23:03:19 Feb 03 2021,95,71,0,0,0
23:03:21 Feb 03 2021,95,72,1,0,0
23:03:23 Feb 03 2021,95,77,1,0,0
23:03:25 Feb 03 2021,95,82,0,0,0
23:03:27 Feb 03 2021,95,80,0,0,0
23:03:29 Feb 03 2021,95,76,0,0,0
23:03:31 Feb 03 2021,95,77,1,0,0
23:03:33 Feb 03 2021,93,76,1,0,0
23:03:35 Feb 03 2021,91,76,0,0,0
23:03:37 Feb 03 2021,89,77,0,1,0
23:03:39 Feb 03 2021,88,76,0,0,0
23:03:41 Feb 03 2021,88,75,0,0,0
23:03:43 Feb 03 2021,87,74,0,0,0
23:03:45 Feb 03 2021,87,75,1,0,0
23:03:47 Feb 03 2021,87,78,0,0,0
23:03:49 Feb 03 2021,86,80,1,0,0
23:03:51 Feb 03 2021,86,81,0,0,0
23:03:53 Feb 03 2021,85,79,0,0,0
23:03:55 Feb 03 2021,85,79,0,0,0
23:03:57 Feb 03 2021,85,78,1,0,0
23:03:59 Feb 03 2021,85,77,0,0,0
23:04:01 Feb 03 2021,85,80,0,0,0
23:04:03 Feb 03 2021,85,79,0,0,0
23:04:05 Feb 03 2021,85,79,0,0,0
23:04:07 Feb 03 2021,87,80,0,0,0
23:04:09 Feb 03 2021,88,80,0,0,0
23:04:11 Feb 03 2021,89,79,1,0,0
23:04:13 Feb 03 2021,91,79,0,0,0
23:04:15 Feb 03 2021,94,79,0,0,0
23:04:17 Feb 03 2021,96,79,0,0,0
23:04:19 Feb 03 2021,96,79,0,0,0
23:04:21 Feb 03 2021,96,78,0,0,0
23:04:23 Feb 03 2021,96,78,0,0,0
23:04:25 Feb 03 2021,97,75,0,0,0
23:04:27 Feb 03 2021,97,75,0,0,0
23:04:29 Feb 03 2021,97,75,0,0,0
23:04:31 Feb 03 2021,97,74,0,0,0
23:04:33 Feb 03 2021,97,75,1,0,0
23:04:35 Feb 03 2021,97,75,0,0,0
23:04:37 Feb 03 2021,97,75,1,0,0
23:04:39 Feb 03 2021,97,75,0,0,0
23:04:41 Feb 03 2021,97,75,1,0,0
23:04:43 Feb 03 2021,97,75,0,0,0
23:04:45 Feb 03 2021,97,75,0,0,0
23:04:47 Feb 03 2021,97,75,0,0,0
23:04:49 Feb 03 2021,97,75,0,0,0
23:04:51 Feb 03 2021,97,75,0,0,0
23:04:53 Feb 03 2021,97,75,0,0,0
23:04:55 Feb 03 2021,97,76,0,0,0
23:04:57 Feb 03 2021,97,73,0,0,0
23:04:59 Feb 03 2021,97,70,1,0,0
23:05:01 Feb 03 2021,97,71,0,0,0
23:05:03 Feb 03 2021,97,68,0,0,0
23:05:05 Feb 03 2021,97,70,0,0,0
23:05:07 Feb 03 2021,97,75,1,0,0
23:05:09 Feb 03 2021,97,70,0,0,0
23:05:11 Feb 03 2021,95,69,0,0,0
23:05:13 Feb 03 2021,95,68,1,0,0
23:05:15 Feb 03 2021,96,67,0,0,0
23:05:17 Feb 03 2021,94,65,0,0,0
23:05:19 Feb 03 2021,95,66,0,0,0
23:05:21 Feb 03 2021,95,66,0,0,0
23:05:23 Feb 03 2021,95,66,0,0,0
23:05:25 Feb 03 2021,95,66,1,0,0
23:05:27 Feb 03 2021,95,65,0,0,0
23:05:29 Feb 03 2021,95,64,1,0,0
23:05:31 Feb 03 2021,95,66,1,0,0
23:05:33 Feb 03 2021,95,68,1,0,0
23:05:35 Feb 03 2021,95,69,0,0,0
23:05:37 Feb 03 2021,95,67,0,0,0
23:05:39 Feb 03 2021,95,68,0,0,0
23:05:41 Feb 03 2021,96,68,0,0,0
23:05:43 Feb 03 2021,96,68,0,0,0
23:05:45 Feb 03 2021,96,68,0,0,0
23:05:47 Feb 03 2021,97,67,0,0,0
23:05:49 Feb 03 2021,97,67,0,0,0
23:05:51 Feb 03 2021,97,67,0,0,0
23:05:53 Feb 03 2021,97,65,0,0,0
23:05:55 Feb 03 2021,97,67,0,0,0
23:05:57 Feb 03 2021,97,67,0,0,0
23:05:59 Feb 03 2021,97,66,0,0,0
23:06:01 Feb 03 2021,97,66,0,0,0
23:06:03 Feb 03 2021,97,65,7,0,0
23:06:05 Feb 03 2021,97,65,3,0,0
23:06:07 Feb 03 2021,97,66,10,0,0
23:06:09 Feb 03 2021,97,66,11,0,0
23:06:11 Feb 03 2021,97,66,1,0,0
23:06:13 Feb 03 2021,97,66,0,0,0
23:06:15 Feb 03 2021,97,66,11,0,0
23:06:17 Feb 03 2021,97,66,0,0,0
23:06:19 Feb 03 2021,97,66,0,0,0
23:06:21 Feb 03 2021,97,66,0,0,0
23:06:23 Feb 03 2021,97,66,0,0,0
23:06:25 Feb 03 2021,97,66,0,0,0
23:06:27 Feb 03 2021,97,66,0,0,0
23:06:29 Feb 03 2021,97,69,0,0,0
23:06:31 Feb 03 2021,96,76,0,0,0
23:06:33 Feb 03 2021,95,85,0,0,0
23:06:35 Feb 03 2021,95,89,0,0,0
23:06:37 Feb 03 2021,94,90,0,0,0
23:06:39 Feb 03 2021,94,89,0,0,0
23:06:41 Feb 03 2021,95,87,0,0,0
23:06:43 Feb 03 2021,95,87,0,0,0
23:06:45 Feb 03 2021,95,87,0,0,0
23:06:47 Feb 03 2021,95,88,0,0,0
23:06:49 Feb 03 2021,95,87,0,0,0
23:06:51 Feb 03 2021,95,87,0,0,0
23:06:53 Feb 03 2021,95,87,0,0,0
23:06:55 Feb 03 2021,95,87,0,0,0
23:06:57 Feb 03 2021,95,87,0,0,0
23:06:59 Feb 03 2021,95,87,0,0,0
23:07:01 Feb 03 2021,95,87,0,0,0
23:07:03 Feb 03 2021,95,87,0,0,0
23:07:05 Feb 03 2021,96,87,0,0,0
23:07:07 Feb 03 2021,96,87,0,0,0
23:07:09 Feb 03 2021,97,84,0,0,0
23:07:11 Feb 03 2021,97,80,0,0,0
23:07:13 Feb 03 2021,97,80,0,0,0
23:07:15 Feb 03 2021,97,77,0,0,0
23:07:17 Feb 03 2021,97,77,0,0,0
23:07:19 Feb 03 2021,97,80,0,0,0
23:07:21 Feb 03 2021,97,77,0,0,0
23:07:23 Feb 03 2021,97,78,0,0,0
23:07:25 Feb 03 2021,97,77,0,0,0
23:07:27 Feb 03 2021,97,76,0,0,0
23:07:29 Feb 03 2021,97,78,0,0,0
23:07:31 Feb 03 2021,97,79,0,0,0
23:07:33 Feb 03 2021,96,80,0,0,0
23:07:35 Feb 03 2021,96,81,0,0,0
23:07:37 Feb 03 2021,95,82,0,0,0
23:07:39 Feb 03 2021,94,82,0,0,0
23:07:41 Feb 03 2021,94,83,0,0,0
23:07:43 Feb 03 2021,94,83,0,0,0
23:07:45 Feb 03 2021,94,79,0,0,0
23:07:47 Feb 03 2021,94,76,0,0,0
23:07:49 Feb 03 2021,93,74,0,0,0
23:07:51 Feb 03 2021,92,72,0,0,0
23:07:53 Feb 03 2021,92,74,0,0,0
23:07:55 Feb 03 2021,92,75,0,0,0
23:07:57 Feb 03 2021,92,75,0,0,0
23:07:59 Feb 03 2021,92,76,0,0,0
23:08:01 Feb 03 2021,93,75,0,0,0
23:08:03 Feb 03 2021,93,75,0,0,0
23:08:05 Feb 03 2021,93,75,0,0,0
23:08:07 Feb 03 2021,94,74,0,0,0
23:08:09 Feb 03 2021,95,72,0,0,0
23:08:11 Feb 03 2021,96,71,0,0,0
23:08:13 Feb 03 2021,97,71,0,0,0
23:08:15 Feb 03 2021,97,72,0,0,0
23:08:17 Feb 03 2021,97,74,0,0,0
23:08:19 Feb 03 2021,97,75,0,0,0
23:08:21 Feb 03 2021,97,74,0,0,0
23:08:23 Feb 03 2021,97,75,0,0,0
23:08:25 Feb 03 2021,97,75,0,0,0
23:08:27 Feb 03 2021,97,77,0,0,0
23:08:29 Feb 03 2021,97,79,0,0,0
23:08:31 Feb 03 2021,97,79,0,0,0
23:08:33 Feb 03 2021,97,77,0,0,0
23:08:35 Feb 03 2021,97,77,0,0,0
23:08:37 Feb 03 2021,97,76,0,0,0
23:08:39 Feb 03 2021,97,77,0,0,0
23:08:41 Feb 03 2021,97,77,0,0,0
23:08:43 Feb 03 2021,97,77,0,0,0
23:08:45 Feb 03 2021,97,77,0,0,0
23:08:47 Feb 03 2021,97,78,0,0,0
23:08:49 Feb 03 2021,97,78,0,0,0
23:08:51 Feb 03 2021,97,77,0,0,0
23:08:53 Feb 03 2021,96,75,0,0,0
23:08:55 Feb 03 2021,97,76,0,0,0
23:08:57 Feb 03 2021,97,75,0,0,0
23:08:59 Feb 03 2021,97,74,0,0,0
23:09:01 Feb 03 2021,97,73,0,0,0
23:09:03 Feb 03 2021,97,72,0,0,0
23:09:05 Feb 03 2021,96,72,0,0,0
23:09:07 Feb 03 2021,96,73,0,0,0
23:09:09 Feb 03 2021,95,73,0,0,0
23:09:11 Feb 03 2021,96,73,0,0,0
23:09:13 Feb 03 2021,97,71,0,0,0
23:09:15 Feb 03 2021,97,71,0,0,0
23:09:17 Feb 03 2021,97,70,0,0,0
23:09:19 Feb 03 2021,96,71,0,0,0
23:09:21 Feb 03 2021,96,72,0,0,0
23:09:23 Feb 03 2021,96,73,0,0,0
23:09:25 Feb 03 2021,96,74,0,0,0
23:09:27 Feb 03 2021,97,73,0,0,0
23:09:29 Feb 03 2021,97,71,0,0,0
23:09:31 Feb 03 2021,97,71,0,0,0
23:09:33 Feb 03 2021,97,69,0,0,0
23:09:35 Feb 03 2021,97,70,0,0,0
23:09:37 Feb 03 2021,97,71,0,0,0
23:09:39 Feb 03 2021,97,71,0,0,0
23:09:41 Feb 03 2021,97,73,0,0,0
23:09:43 Feb 03 2021,97,74,0,0,0
23:09:45 Feb 03 2021,97,78,0,0,0
23:09:47 Feb 03 2021,97,80,0,0,0
23:09:49 Feb 03 2021,97,80,0,0,0
23:09:51 Feb 03 2021,97,84,0,0,0
23:09:53 Feb 03 2021,97,85,0,0,0
23:09:55 Feb 03 2021,97,86,0,0,0
23:09:57 Feb 03 2021,97,88,0,0,0
23:09:59 Feb 03 2021,97,89,0,0,0
23:10:01 Feb 03 2021,97,89,0,0,0
23:10:03 Feb 03 2021,97,90,0,0,0
23:10:05 Feb 03 2021,97,89,1,0,0
23:10:07 Feb 03 2021,97,89,0,0,0
23:10:09 Feb 03 2021,97,88,0,0,0
23:10:11 Feb 03 2021,97,88,0,0,0
23:10:13 Feb 03 2021,97,85,0,0,0
23:10:15 Feb 03 2021,97,87,0,0,0
23:10:17 Feb 03 2021,97,88,0,0,0
23:10:19 Feb 03 2021,97,82,0,0,0
23:10:21 Feb 03 2021,97,83,0,0,0
23:10:23 Feb 03 2021,96,77,0,0,0
23:10:25 Feb 03 2021,95,70,0,0,0
23:10:27 Feb 03 2021,94,67,0,0,0
23:10:29 Feb 03 2021,93,70,0,0,0
23:10:31 Feb 03 2021,92,76,0,0,0
23:10:33 Feb 03 2021,91,82,0,0,0
23:10:35 Feb 03 2021,90,85,0,0,0
23:10:37 Feb 03 2021,90,85,0,0,0
23:10:39 Feb 03 2021,90,85,0,0,0
23:10:41 Feb 03 2021,90,85,0,0,0
23:10:43 Feb 03 2021,90,84,0,0,0
23:10:45 Feb 03 2021,90,82,0,0,0
23:10:47 Feb 03 2021,91,78,0,0,0
23:10:49 Feb 03 2021,93,76,0,0,0
23:10:51 Feb 03 2021,94,76,0,0,0
23:10:53 Feb 03 2021,94,75,0,0,0
23:10:55 Feb 03 2021,94,75,0,0,0
23:10:57 Feb 03 2021,95,73,0,0,0
23:10:59 Feb 03 2021,96,73,0,0,0
23:11:01 Feb 03 2021,97,73,0,0,0
23:11:03 Feb 03 2021,97,71,0,0,0
23:11:05 Feb 03 2021,97,71,0,0,0
23:11:07 Feb 03 2021,97,71,0,0,0
23:11:09 Feb 03 2021,97,68,0,0,0
23:11:11 Feb 03 2021,97,70,0,0,0
23:11:13 Feb 03 2021,97,72,0,0,0
23:11:15 Feb 03 2021,97,71,0,0,0
23:11:17 Feb 03 2021,97,71,0,0,0
23:11:19 Feb 03 2021,97,70,0,0,0
23:11:21 Feb 03 2021,97,70,0,0,0
23:11:23 Feb 03 2021,97,70,0,0,0
23:11:25 Feb 03 2021,97,70,0,0,0
23:11:27 Feb 03 2021,97,68,0,0,0
23:11:29 Feb 03 2021,96,64,0,0,0
23:11:31 Feb 03 2021,96,65,0,0,0
23:11:33 Feb 03 2021,96,68,0,0,0
23:11:35 Feb 03 2021,95,69,0,0,0
23:11:37 Feb 03 2021,95,69,0,0,0
23:11:39 Feb 03 2021,95,69,0,0,0
23:11:41 Feb 03 2021,95,70,0,0,0
23:11:43 Feb 03 2021,95,71,0,0,0
23:11:45 Feb 03 2021,95,74,0,0,0
23:11:47 Feb 03 2021,94,75,0,0,0
23:11:49 Feb 03 2021,93,78,0,0,0
23:11:51 Feb 03 2021,93,78,0,0,0
23:11:53 Feb 03 2021,92,78,0,0,0
23:11:55 Feb 03 2021,94,78,0,0,0
23:11:57 Feb 03 2021,94,78,0,0,0
23:11:59 Feb 03 2021,94,80,0,0,0
23:12:01 Feb 03 2021,94,80,0,0,0
23:12:03 Feb 03 2021,94,81,0,0,0
23:12:05 Feb 03 2021,95,82,0,0,0
23:12:07 Feb 03 2021,95,81,0,0,0
23:12:09 Feb 03 2021,96,81,0,0,0
23:12:11 Feb 03 2021,96,81,0,0,0
23:12:13 Feb 03 2021,96,80,0,0,0
23:12:15 Feb 03 2021,96,79,0,0,0
23:12:17 Feb 03 2021,97,78,0,0,0
23:12:19 Feb 03 2021,97,78,0,0,0
23:12:21 Feb 03 2021,97,77,0,0,0
23:12:23 Feb 03 2021,97,77,0,0,0
23:12:25 Feb 03 2021,97,76,0,0,0
23:12:27 Feb 03 2021,97,74,0,0,0
23:12:29 Feb 03 2021,97,74,0,0,0
23:12:31 Feb 03 2021,97,72,0,0,0
23:12:33 Feb 03 2021,97,71,0,0,0
23:12:35 Feb 03 2021,97,73,0,0,0
23:12:37 Feb 03 2021,97,69,0,0,0
23:12:39 Feb 03 2021,97,65,0,0,0
23:12:41 Feb 03 2021,97,64,0,0,0
23:12:43 Feb 03 2021,97,60,2,0,0
23:12:45 Feb 03 2021,97,62,1,0,0
23:12:47 Feb 03 2021,97,63,1,0,0
23:12:49 Feb 03 2021,97,64,0,0,0
23:12:51 Feb 03 2021,96,61,0,0,0
23:12:53 Feb 03 2021,96,63,0,0,0
23:12:55 Feb 03 2021,95,69,0,0,0
23:12:57 Feb 03 2021,95,68,0,0,0
23:12:59 Feb 03 2021,95,74,0,0,0
23:13:01 Feb 03 2021,95,74,0,0,0
23:13:03 Feb 03 2021,95,72,0,0,0
23:13:05 Feb 03 2021,95,74,0,0,0
23:13:07 Feb 03 2021,95,75,0,0,0
23:13:09 Feb 03 2021,95,75,0,0,0
23:13:11 Feb 03 2021,95,77,0,0,0
23:13:13 Feb 03 2021,95,75,0,0,0
23:13:15 Feb 03 2021,95,75,0,0,0
23:13:17 Feb 03 2021,95,76,0,0,0
23:13:19 Feb 03 2021,95,75,0,0,0
23:13:21 Feb 03 2021,95,75,1,0,0
23:13:23 Feb 03 2021,95,76,0,0,0
23:13:25 Feb 03 2021,96,71,0,0,0
23:13:27 Feb 03 2021,96,72,0,0,0
23:13:29 Feb 03 2021,96,71,0,0,0
23:13:31 Feb 03 2021,96,73,0,0,0
23:13:33 Feb 03 2021,96,74,0,0,0
23:13:35 Feb 03 2021,97,73,0,0,0
23:13:37 Feb 03 2021,97,77,0,0,0
23:13:39 Feb 03 2021,97,78,0,0,0
23:13:41 Feb 03 2021,97,79,0,0,0
23:13:43 Feb 03 2021,97,82,0,0,0
23:13:45 Feb 03 2021,97,82,0,0,0
23:13:47 Feb 03 2021,97,85,0,0,0
23:13:49 Feb 03 2021,97,86,0,0,0
23:13:51 Feb 03 2021,97,84,0,0,0
23:13:53 Feb 03 2021,97,83,0,0,0
23:13:55 Feb 03 2021,97,83,1,0,0
23:13:57 Feb 03 2021,97,82,0,0,0
23:13:59 Feb 03 2021,97,80,0,0,0
23:14:01 Feb 03 2021,97,81,0,0,0
23:14:03 Feb 03 2021,97,79,0,0,0
23:14:05 Feb 03 2021,97,79,0,0,0
23:14:07 Feb 03 2021,97,79,0,0,0
23:14:09 Feb 03 2021,97,78,0,0,0
23:14:11 Feb 03 2021,97,78,0,0,0
23:14:13 Feb 03 2021,96,80,0,0,0
23:14:15 Feb 03 2021,96,80,0,0,0
23:14:17 Feb 03 2021,96,81,1,0,0
23:14:19 Feb 03 2021,96,84,0,0,0
23:14:21 Feb 03 2021,96,83,0,0,0
23:14:23 Feb 03 2021,96,82,0,0,0
23:14:25 Feb 03 2021,96,84,0,0,0
23:14:27 Feb 03 2021,96,81,0,0,0
23:14:29 Feb 03 2021,96,77,0,0,0
23:14:31 Feb 03 2021,96,75,0,0,0
23:14:33 Feb 03 2021,95,75,0,0,0
23:14:35 Feb 03 2021,95,73,1,0,0
23:14:37 Feb 03 2021,95,77,0,0,0
23:14:39 Feb 03 2021,95,79,0,0,0
23:14:41 Feb 03 2021,95,75,0,0,0
23:14:43 Feb 03 2021,96,75,0,0,0
23:14:45 Feb 03 2021,96,73,0,0,0
23:14:47 Feb 03 2021,96,70,0,0,0
23:14:49 Feb 03 2021,96,68,0,0,0
23:14:51 Feb 03 2021,96,67,0,0,0
23:14:53 Feb 03 2021,97,66,0,0,0
23:14:55 Feb 03 2021,97,66,0,0,0
23:14:57 Feb 03 2021,97,66,0,0,0
23:14:59 Feb 03 2021,97,66,0,0,0
23:15:01 Feb 03 2021,97,66,1,0,0
23:15:03 Feb 03 2021,97,66,0,0,0
23:15:05 Feb 03 2021,97,68,1,0,0
23:15:07 Feb 03 2021,97,68,0,0,0
23:15:09 Feb 03 2021,97,68,0,0,0
23:15:11 Feb 03 2021,97,71,0,0,0
23:15:13 Feb 03 2021,97,70,0,0,0
23:15:15 Feb 03 2021,96,72,1,0,0
23:15:17 Feb 03 2021,96,74,0,0,0
23:15:19 Feb 03 2021,96,73,0,0,0
23:15:21 Feb 03 2021,96,74,0,0,0
23:15:23 Feb 03 2021,96,76,0,0,0
23:15:25 Feb 03 2021,96,81,0,0,0
23:15:27 Feb 03 2021,96,85,0,0,0
23:15:29 Feb 03 2021,96,88,0,0,0
23:15:31 Feb 03 2021,96,89,0,0,0
23:15:33 Feb 03 2021,95,86,0,0,0
23:15:35 Feb 03 2021,94,86,0,0,0
23:15:37 Feb 03 2021,93,85,0,0,0
23:15:39 Feb 03 2021,92,85,1,0,0
23:15:41 Feb 03 2021,92,87,0,0,0
23:15:43 Feb 03 2021,92,87,0,0,0
23:15:45 Feb 03 2021,92,87,0,0,0
23:15:47 Feb 03 2021,92,85,1,0,0
23:15:49 Feb 03 2021,92,84,0,0,0
23:15:51 Feb 03 2021,93,84,0,0,0
23:15:53 Feb 03 2021,93,81,0,0,0
23:15:55 Feb 03 2021,93,81,1,0,0
23:15:57 Feb 03 2021,94,80,0,0,0
23:15:59 Feb 03 2021,94,79,0,0,0
23:16:01 Feb 03 2021,94,79,0,0,0
23:16:03 Feb 03 2021,94,79,0,0,0
23:16:05 Feb 03 2021,94,79,0,0,0
23:16:07 Feb 03 2021,94,79,0,0,0
23:16:09 Feb 03 2021,94,79,0,0,0
23:16:11 Feb 03 2021,95,79,0,0,0
23:16:13 Feb 03 2021,95,79,0,0,0
23:16:15 Feb 03 2021,95,79,0,0,0
23:16:17 Feb 03 2021,96,80,0,0,0
23:16:19 Feb 03 2021,96,80,0,0,0
23:16:21 Feb 03 2021,96,81,0,0,0
23:16:23 Feb 03 2021,97,80,0,0,0
23:16:25 Feb 03 2021,97,78,0,0,0
23:16:27 Feb 03 2021,97,77,0,0,0
23:16:29 Feb 03 2021,97,77,0,0,0
23:16:31 Feb 03 2021,97,77,0,0,0
23:16:33 Feb 03 2021,96,73,0,0,0
23:16:35 Feb 03 2021,96,76,0,0,0
23:16:37 Feb 03 2021,95,76,1,0,0
23:16:39 Feb 03 2021,95,74,0,0,0
23:16:41 Feb 03 2021,94,75,0,0,0
23:16:43 Feb 03 2021,94,75,0,0,0
23:16:45 Feb 03 2021,94,73,0,0,0
23:16:47 Feb 03 2021,94,74,0,0,0
23:16:49 Feb 03 2021,94,69,0,0,0
23:16:51 Feb 03 2021,94,67,0,0,0
23:16:53 Feb 03 2021,94,71,0,0,0
23:16:55 Feb 03 2021,94,72,0,0,0
23:16:57 Feb 03 2021,94,74,0,0,0
23:16:59 Feb 03 2021,94,75,0,0,0
23:17:01 Feb 03 2021,93,74,0,0,0
23:17:03 Feb 03 2021,92,72,0,0,0
23:17:05 Feb 03 2021,93,71,0,0,0
23:17:07 Feb 03 2021,92,70,0,0,0
23:17:09 Feb 03 2021,93,70,0,0,0
23:17:11 Feb 03 2021,93,72,0,0,0
23:17:13 Feb 03 2021,94,72,0,0,0
23:17:15 Feb 03 2021,95,77,0,0,0
23:17:17 Feb 03 2021,96,75,0,0,0
23:17:19 Feb 03 2021,96,72,0,0,0
23:17:21 Feb 03 2021,97,75,0,0,0
23:17:23 Feb 03 2021,97,73,0,0,0
23:17:25 Feb 03 2021,97,72,0,0,0
23:17:27 Feb 03 2021,97,72,0,0,0
23:17:29 Feb 03 2021,97,73,0,0,0
23:17:31 Feb 03 2021,97,73,0,0,0
23:17:33 Feb 03 2021,97,74,0,0,0
23:17:35 Feb 03 2021,97,73,0,0,0
23:17:37 Feb 03 2021,97,70,0,0,0
23:17:39 Feb 03 2021,97,68,0,0,0
23:17:41 Feb 03 2021,97,67,0,0,0
23:17:43 Feb 03 2021,97,65,0,0,0
23:17:45 Feb 03 2021,97,67,0,0,0
23:17:47 Feb 03 2021,97,67,0,0,0
23:17:49 Feb 03 2021,97,67,0,0,0
23:17:51 Feb 03 2021,97,67,0,0,0
23:17:53 Feb 03 2021,97,67,0,0,0
23:17:55 Feb 03 2021,97,67,0,0,0
23:17:57 Feb 03 2021,97,66,0,0,0
23:17:59 Feb 03 2021,97,65,0,0,0
23:18:01 Feb 03 2021,97,65,0,0,0
23:18:03 Feb 03 2021,97,65,0,0,0
23:18:05 Feb 03 2021,97,65,0,0,0
23:18:07 Feb 03 2021,96,65,0,0,0
23:18:09 Feb 03 2021,96,65,0,0,0
23:18:11 Feb 03 2021,95,56,0,0,0
23:18:13 Feb 03 2021,95,52,0,0,0
23:18:15 Feb 03 2021,96,52,0,0,0
23:18:17 Feb 03 2021,96,49,0,0,0
23:18:19 Feb 03 2021,97,51,0,0,0
23:18:21 Feb 03 2021,97,55,0,0,0
23:18:23 Feb 03 2021,95,65,0,0,0
23:18:25 Feb 03 2021,95,73,0,0,0
23:18:27 Feb 03 2021,94,78,0,0,0
23:18:29 Feb 03 2021,94,77,0,0,0
23:18:31 Feb 03 2021,95,74,0,0,0
23:18:33 Feb 03 2021,95,73,0,0,0
23:18:35 Feb 03 2021,95,72,0,0,0
23:18:37 Feb 03 2021,95,74,0,0,0
23:18:39 Feb 03 2021,95,75,0,0,0
23:18:41 Feb 03 2021,95,73,0,0,0
23:18:43 Feb 03 2021,96,75,0,0,0
23:18:45 Feb 03 2021,96,74,0,0,0
23:18:47 Feb 03 2021,97,74,1,0,0
23:18:49 Feb 03 2021,97,74,0,0,0
23:18:51 Feb 03 2021,97,74,0,0,0
23:18:53 Feb 03 2021,97,73,0,0,0
23:18:55 Feb 03 2021,97,71,1,0,0
23:18:57 Feb 03 2021,97,68,1,0,0
23:18:59 Feb 03 2021,97,68,1,0,0
23:19:01 Feb 03 2021,97,67,1,0,0
23:19:03 Feb 03 2021,97,66,0,0,0
23:19:05 Feb 03 2021,97,67,0,0,0
23:19:07 Feb 03 2021,97,67,0,0,0
23:19:09 Feb 03 2021,97,65,0,0,0
23:19:11 Feb 03 2021,97,62,2,0,0
23:19:13 Feb 03 2021,97,61,0,0,0
23:19:15 Feb 03 2021,97,59,0,0,0
23:19:17 Feb 03 2021,97,59,0,0,0
23:19:19 Feb 03 2021,96,61,0,0,0
23:19:21 Feb 03 2021,96,62,0,0,0
23:19:23 Feb 03 2021,95,62,0,0,0
23:19:25 Feb 03 2021,94,61,0,0,0
23:19:27 Feb 03 2021,95,59,0,0,0
23:19:29 Feb 03 2021,94,55,1,0,0
23:19:31 Feb 03 2021,94,55,0,0,0
23:19:33 Feb 03 2021,95,55,0,0,0
23:19:35 Feb 03 2021,94,53,0,0,0
23:19:37 Feb 03 2021,94,54,0,0,0
23:19:39 Feb 03 2021,93,57,0,0,0
23:19:41 Feb 03 2021,95,57,0,0,0
23:19:43 Feb 03 2021,93,58,0,0,0
23:19:45 Feb 03 2021,93,59,0,0,0
23:19:47 Feb 03 2021,93,60,0,0,0
23:19:49 Feb 03 2021,93,60,0,0,0
23:19:51 Feb 03 2021,93,60,0,0,0
23:19:53 Feb 03 2021,94,65,0,0,0
23:19:55 Feb 03 2021,96,66,0,0,0
23:19:57 Feb 03 2021,97,68,0,0,0
23:19:59 Feb 03 2021,97,69,0,0,0
23:20:01 Feb 03 2021,97,70,0,0,0
23:20:03 Feb 03 2021,97,65,0,0,0
23:20:05 Feb 03 2021,97,65,0,0,0
23:20:07 Feb 03 2021,97,67,0,0,0
23:20:09 Feb 03 2021,97,68,0,0,0
23:20:11 Feb 03 2021,97,71,0,0,0
23:20:13 Feb 03 2021,97,69,0,0,0
23:20:15 Feb 03 2021,97,71,0,0,0
23:20:17 Feb 03 2021,97,69,0,0,0
23:20:19 Feb 03 2021,97,69,0,0,0
23:20:21 Feb 03 2021,97,69,0,0,0
23:20:23 Feb 03 2021,97,71,0,0,0
23:20:25 Feb 03 2021,97,70,0,0,0
23:20:27 Feb 03 2021,97,71,0,0,0
23:20:29 Feb 03 2021,97,71,0,0,0
23:20:31 Feb 03 2021,97,70,0,0,0
23:20:33 Feb 03 2021,97,70,0,0,0
23:20:35 Feb 03 2021,97,72,0,0,0
23:20:37 Feb 03 2021,96,75,0,0,0
23:20:39 Feb 03 2021,95,75,0,0,0
23:20:41 Feb 03 2021,93,79,0,0,0
23:20:43 Feb 03 2021,93,75,0,0,0
23:20:45 Feb 03 2021,93,73,0,0,0
23:20:47 Feb 03 2021,92,75,0,0,0
23:20:49 Feb 03 2021,93,72,0,0,0
23:20:51 Feb 03 2021,92,73,0,0,0
23:20:53 Feb 03 2021,91,72,0,0,0
23:20:55 Feb 03 2021,91,69,0,0,0
23:20:57 Feb 03 2021,90,72,0,0,0
23:20:59 Feb 03 2021,90,71,0,0,0
23:21:01 Feb 03 2021,91,70,0,0,0
23:21:03 Feb 03 2021,91,71,0,0,0
23:21:05 Feb 03 2021,91,71,0,0,0
23:21:07 Feb 03 2021,91,71,0,0,0
23:21:09 Feb 03 2021,92,72,0,0,0
23:21:11 Feb 03 2021,93,73,0,0,0
23:21:13 Feb 03 2021,95,74,0,0,0
23:21:15 Feb 03 2021,96,77,0,0,0
23:21:17 Feb 03 2021,97,78,0,0,0
23:21:19 Feb 03 2021,97,77,0,0,0
23:21:21 Feb 03 2021,97,73,0,0,0
23:21:23 Feb 03 2021,97,71,0,0,0
23:21:25 Feb 03 2021,97,70,0,0,0
23:21:27 Feb 03 2021,97,71,0,0,0
23:21:29 Feb 03 2021,97,72,0,0,0
23:21:31 Feb 03 2021,97,71,0,0,0
23:21:33 Feb 03 2021,97,73,0,0,0
23:21:35 Feb 03 2021,97,73,0,0,0
23:21:37 Feb 03 2021,97,74,0,0,0
23:21:39 Feb 03 2021,97,74,0,0,0
23:21:41 Feb 03 2021,97,74,0,0,0
23:21:43 Feb 03 2021,97,72,0,0,0
23:21:45 Feb 03 2021,97,72,0,0,0
23:21:47 Feb 03 2021,97,69,0,0,0
23:21:49 Feb 03 2021,96,70,0,0,0
23:21:51 Feb 03 2021,96,71,0,0,0
23:21:53 Feb 03 2021,96,71,0,0,0
23:21:55 Feb 03 2021,96,72,0,0,0
23:21:57 Feb 03 2021,95,72,0,0,0
23:21:59 Feb 03 2021,95,72,0,0,0
23:22:01 Feb 03 2021,95,73,0,0,0
23:22:03 Feb 03 2021,95,73,0,0,0
23:22:05 Feb 03 2021,95,74,0,0,0
23:22:07 Feb 03 2021,94,74,0,0,0
23:22:09 Feb 03 2021,92,75,0,0,0
23:22:11 Feb 03 2021,90,74,0,0,0
23:22:13 Feb 03 2021,90,72,0,0,0
23:22:15 Feb 03 2021,90,72,0,0,0
23:22:17 Feb 03 2021,89,72,0,1,0
23:22:19 Feb 03 2021,89,75,0,0,0
23:22:21 Feb 03 2021,88,79,0,0,0
23:22:23 Feb 03 2021,88,82,0,0,0
23:22:25 Feb 03 2021,88,84,0,0,0
23:22:27 Feb 03 2021,88,84,0,0,0
23:22:29 Feb 03 2021,88,83,0,0,0
23:22:31 Feb 03 2021,88,83,0,0,0
23:22:33 Feb 03 2021,89,84,0,0,0
23:22:35 Feb 03 2021,91,84,0,0,0
23:22:37 Feb 03 2021,93,81,0,0,0
23:22:39 Feb 03 2021,96,79,0,0,0
23:22:41 Feb 03 2021,97,77,0,0,0
23:22:43 Feb 03 2021,97,72,0,0,0
23:22:45 Feb 03 2021,97,72,0,0,0
23:22:47 Feb 03 2021,97,70,0,0,0
23:22:49 Feb 03 2021,97,70,0,0,0
23:22:51 Feb 03 2021,97,72,0,0,0
23:22:53 Feb 03 2021,97,75,0,0,0
23:22:55 Feb 03 2021,97,77,0,0,0
23:22:57 Feb 03 2021,97,77,0,0,0
23:22:59 Feb 03 2021,97,77,0,0,0
23:23:01 Feb 03 2021,97,77,0,0,0
23:23:03 Feb 03 2021,97,77,0,0,0
23:23:05 Feb 03 2021,97,77,0,0,0
23:23:07 Feb 03 2021,96,78,0,0,0
23:23:09 Feb 03 2021,96,78,0,0,0
23:23:11 Feb 03 2021,96,79,1,0,0
23:23:13 Feb 03 2021,96,80,0,0,0
23:23:15 Feb 03 2021,97,79,0,0,0
23:23:17 Feb 03 2021,97,81,0,0,0
23:23:19 Feb 03 2021,97,81,0,0,0
23:23:21 Feb 03 2021,97,80,0,0,0
23:23:23 Feb 03 2021,97,78,0,0,0
23:23:25 Feb 03 2021,95,76,0,0,0
23:23:27 Feb 03 2021,95,77,0,0,0
23:23:29 Feb 03 2021,93,73,0,0,0
23:23:31 Feb 03 2021,90,73,0,0,0
23:23:33 Feb 03 2021,89,75,0,1,0
23:23:35 Feb 03 2021,88,76,0,0,0
23:23:37 Feb 03 2021,87,77,0,0,0
23:23:39 Feb 03 2021,87,76,0,0,0
23:23:41 Feb 03 2021,87,76,0,0,0
23:23:43 Feb 03 2021,87,72,0,0,0
23:23:45 Feb 03 2021,88,73,0,0,0
23:23:47 Feb 03 2021,88,75,0,0,0
23:23:49 Feb 03 2021,88,74,0,0,0
23:23:51 Feb 03 2021,88,75,0,0,0
23:23:53 Feb 03 2021,88,75,0,1,0
23:23:55 Feb 03 2021,88,75,0,0,0
23:23:57 Feb 03 2021,88,75,0,0,0
23:23:59 Feb 03 2021,88,75,0,0,0
23:24:01 Feb 03 2021,88,75,0,0,0
23:24:03 Feb 03 2021,90,76,0,0,0
23:24:05 Feb 03 2021,91,76,0,0,0
23:24:07 Feb 03 2021,93,76,0,0,0
23:24:09 Feb 03 2021,96,76,0,0,0
23:24:11 Feb 03 2021,96,76,0,0,0
23:24:13 Feb 03 2021,97,76,0,0,0
23:24:15 Feb 03 2021,97,76,0,0,0
23:24:17 Feb 03 2021,97,76,0,0,0
23:24:19 Feb 03 2021,97,77,0,0,0
23:24:21 Feb 03 2021,97,78,0,0,0
23:24:23 Feb 03 2021,97,79,0,0,0
23:24:25 Feb 03 2021,97,78,0,0,0
23:24:27 Feb 03 2021,97,78,0,0,0
23:24:29 Feb 03 2021,97,78,0,0,0
23:24:31 Feb 03 2021,97,78,0,0,0
23:24:33 Feb 03 2021,97,77,0,0,0
23:24:35 Feb 03 2021,96,78,0,0,0
23:24:37 Feb 03 2021,96,80,0,0,0
23:24:39 Feb 03 2021,95,81,0,0,0
23:24:41 Feb 03 2021,95,82,0,0,0
23:24:43 Feb 03 2021,95,79,0,0,0
23:24:45 Feb 03 2021,95,80,0,0,0
23:24:47 Feb 03 2021,94,78,0,0,0
23:24:49 Feb 03 2021,94,75,0,0,0
23:24:51 Feb 03 2021,94,76,0,0,0
23:24:53 Feb 03 2021,94,74,0,0,0
23:24:55 Feb 03 2021,94,74,0,0,0
23:24:57 Feb 03 2021,94,77,0,0,0
23:24:59 Feb 03 2021,94,77,0,0,0
23:25:01 Feb 03 2021,94,79,0,0,0
23:25:03 Feb 03 2021,94,80,0,0,0
23:25:05 Feb 03 2021,94,77,0,0,0
23:25:07 Feb 03 2021,94,76,0,0,0
23:25:09 Feb 03 2021,94,75,0,0,0
23:25:11 Feb 03 2021,95,75,0,0,0
23:25:13 Feb 03 2021,96,77,0,0,0
23:25:15 Feb 03 2021,96,77,0,0,0
23:25:17 Feb 03 2021,97,78,0,0,0
23:25:19 Feb 03 2021,97,77,0,0,0
23:25:21 Feb 03 2021,97,77,0,0,0
23:25:23 Feb 03 2021,97,78,0,0,0
23:25:25 Feb 03 2021,97,78,0,0,0
23:25:27 Feb 03 2021,97,79,0,0,0
23:25:29 Feb 03 2021,97,79,0,0,0
23:25:31 Feb 03 2021,97,78,0,0,0
23:25:33 Feb 03 2021,97,81,0,0,0
23:25:35 Feb 03 2021,97,81,0,0,0
23:25:37 Feb 03 2021,97,82,0,0,0
23:25:39 Feb 03 2021,97,83,0,0,0
23:25:41 Feb 03 2021,97,83,0,0,0
23:25:43 Feb 03 2021,97,82,0,0,0
23:25:45 Feb 03 2021,97,82,0,0,0
23:25:47 Feb 03 2021,97,84,0,0,0
23:25:49 Feb 03 2021,96,84,0,0,0
23:25:51 Feb 03 2021,95,84,0,0,0
23:25:53 Feb 03 2021,95,85,0,0,0
23:25:55 Feb 03 2021,95,83,0,0,0
23:25:57 Feb 03 2021,95,82,0,0,0
23:25:59 Feb 03 2021,95,82,0,0,0
23:26:01 Feb 03 2021,94,79,0,0,0
23:26:03 Feb 03 2021,93,78,0,0,0
23:26:05 Feb 03 2021,92,78,0,0,0
23:26:07 Feb 03 2021,91,78,0,0,0
23:26:09 Feb 03 2021,91,78,0,0,0
23:26:11 Feb 03 2021,90,79,0,0,0
23:26:13 Feb 03 2021,90,78,0,0,0
23:26:15 Feb 03 2021,90,79,0,0,0
23:26:17 Feb 03 2021,90,79,0,0,0
23:26:19 Feb 03 2021,90,79,0,0,0
23:26:21 Feb 03 2021,90,79,0,0,0
23:26:23 Feb 03 2021,90,80,0,0,0
23:26:25 Feb 03 2021,91,79,0,0,0
23:26:27 Feb 03 2021,91,79,0,0,0
23:26:29 Feb 03 2021,92,80,0,0,0
23:26:31 Feb 03 2021,92,79,0,0,0
23:26:33 Feb 03 2021,93,79,0,0,0
23:26:35 Feb 03 2021,94,79,0,0,0
23:26:37 Feb 03 2021,95,81,0,0,0
23:26:39 Feb 03 2021,97,83,0,0,0
23:26:41 Feb 03 2021,97,85,0,0,0
23:26:43 Feb 03 2021,97,85,0,0,0
23:26:45 Feb 03 2021,97,84,0,0,0
23:26:47 Feb 03 2021,97,84,0,0,0
23:26:49 Feb 03 2021,97,84,0,0,0
23:26:51 Feb 03 2021,97,84,0,0,0
23:26:53 Feb 03 2021,97,83,0,0,0
23:26:55 Feb 03 2021,97,84,0,0,0
23:26:57 Feb 03 2021,97,83,0,0,0
23:26:59 Feb 03 2021,97,82,0,0,0
23:27:01 Feb 03 2021,97,82,1,0,0
23:27:03 Feb 03 2021,98,82,0,0,0
23:27:05 Feb 03 2021,98,82,25,0,0
23:27:07 Feb 03 2021,98,84,3,0,0
23:27:09 Feb 03 2021,98,84,2,0,0
23:27:11 Feb 03 2021,98,86,1,0,0
23:27:13 Feb 03 2021,98,87,1,0,0
23:27:15 Feb 03 2021,98,86,1,0,0
23:27:17 Feb 03 2021,98,87,1,0,0
23:27:19 Feb 03 2021,98,85,0,0,0
23:27:21 Feb 03 2021,98,85,0,0,0
23:27:23 Feb 03 2021,98,83,0,0,0
23:27:25 Feb 03 2021,98,82,0,0,0
23:27:27 Feb 03 2021,98,83,0,0,0
23:27:29 Feb 03 2021,98,84,0,0,0
23:27:31 Feb 03 2021,98,85,1,0,0
23:27:33 Feb 03 2021,98,85,0,0,0
23:27:35 Feb 03 2021,97,83,0,0,0
23:27:37 Feb 03 2021,97,82,0,0,0
23:27:39 Feb 03 2021,97,82,0,0,0
23:27:41 Feb 03 2021,97,82,1,0,0
23:27:43 Feb 03 2021,98,83,0,0,0
23:27:45 Feb 03 2021,98,84,1,0,0
23:27:47 Feb 03 2021,98,85,1,0,0
23:27:49 Feb 03 2021,98,85,0,0,0
23:27:51 Feb 03 2021,98,83,0,0,0
23:27:53 Feb 03 2021,98,84,0,0,0
23:27:55 Feb 03 2021,98,84,0,0,0
23:27:57 Feb 03 2021,98,85,0,0,0
23:27:59 Feb 03 2021,98,85,0,0,0
23:28:01 Feb 03 2021,98,83,0,0,0
23:28:03 Feb 03 2021,98,81,0,0,0
23:28:05 Feb 03 2021,98,78,0,0,0
23:28:07 Feb 03 2021,98,76,0,0,0
23:28:09 Feb 03 2021,98,76,0,0,0
23:28:11 Feb 03 2021,98,75,1,0,0
23:28:13 Feb 03 2021,98,75,0,0,0
23:28:15 Feb 03 2021,98,76,0,0,0
23:28:17 Feb 03 2021,98,76,0,0,0
23:28:19 Feb 03 2021,98,77,0,0,0
23:28:21 Feb 03 2021,98,77,0,0,0
23:28:23 Feb 03 2021,98,76,0,0,0
23:28:25 Feb 03 2021,98,77,0,0,0
23:28:27 Feb 03 2021,98,79,1,0,0
23:28:29 Feb 03 2021,98,80,0,0,0
23:28:31 Feb 03 2021,98,81,0,0,0
23:28:33 Feb 03 2021,98,82,0,0,0
23:28:35 Feb 03 2021,98,81,1,0,0
23:28:37 Feb 03 2021,98,82,0,0,0
23:28:39 Feb 03 2021,98,82,0,0,0
23:28:41 Feb 03 2021,98,80,0,0,0
23:28:43 Feb 03 2021,98,82,0,0,0
23:28:45 Feb 03 2021,98,84,0,0,0
23:28:47 Feb 03 2021,97,85,0,0,0
23:28:49 Feb 03 2021,97,86,0,0,0
23:28:51 Feb 03 2021,96,85,0,0,0
23:28:53 Feb 03 2021,96,86,0,0,0
23:28:55 Feb 03 2021,96,86,1,0,0
23:28:57 Feb 03 2021,95,87,0,0,0
23:28:59 Feb 03 2021,95,88,0,0,0
23:29:01 Feb 03 2021,95,87,0,0,0
23:29:03 Feb 03 2021,95,86,0,0,0
23:29:05 Feb 03 2021,95,83,0,0,0
23:29:07 Feb 03 2021,96,78,0,0,0
23:29:09 Feb 03 2021,96,76,0,0,0
23:29:11 Feb 03 2021,96,77,0,0,0
23:29:13 Feb 03 2021,96,76,0,0,0
23:29:15 Feb 03 2021,96,77,0,0,0
23:29:17 Feb 03 2021,96,76,0,0,0
23:29:19 Feb 03 2021,96,76,1,0,0
23:29:21 Feb 03 2021,97,76,0,0,0
23:29:23 Feb 03 2021,97,76,0,0,0
23:29:25 Feb 03 2021,97,80,0,0,0
23:29:27 Feb 03 2021,97,83,0,0,0
23:29:29 Feb 03 2021,97,85,0,0,0
23:29:31 Feb 03 2021,97,86,0,0,0
23:29:33 Feb 03 2021,97,84,0,0,0
23:29:35 Feb 03 2021,97,83,0,0,0
23:29:37 Feb 03 2021,97,83,0,0,0
23:29:39 Feb 03 2021,97,80,0,0,0
23:29:41 Feb 03 2021,97,79,0,0,0
23:29:43 Feb 03 2021,97,80,0,0,0
23:29:45 Feb 03 2021,97,80,0,0,0
23:29:47 Feb 03 2021,97,80,0,0,0
23:29:49 Feb 03 2021,97,81,0,0,0
23:29:51 Feb 03 2021,97,83,0,0,0
23:29:53 Feb 03 2021,96,84,1,0,0
23:29:55 Feb 03 2021,96,81,0,0,0
23:29:57 Feb 03 2021,96,80,1,0,0
23:29:59 Feb 03 2021,96,78,1,0,0
23:30:01 Feb 03 2021,97,79,0,0,0
23:30:03 Feb 03 2021,97,80,0,0,0
23:30:05 Feb 03 2021,97,80,0,0,0
23:30:07 Feb 03 2021,97,82,0,0,0
23:30:09 Feb 03 2021,96,82,1,0,0
23:30:11 Feb 03 2021,96,85,1,0,0
23:30:13 Feb 03 2021,96,85,0,0,0
23:30:15 Feb 03 2021,96,85,1,0,0
23:30:17 Feb 03 2021,96,85,1,0,0
23:30:19 Feb 03 2021,96,83,0,0,0
23:30:21 Feb 03 2021,96,83,2,0,0
23:30:23 Feb 03 2021,96,83,2,0,0
23:30:25 Feb 03 2021,96,83,0,0,0
23:30:27 Feb 03 2021,96,84,0,0,0
23:30:29 Feb 03 2021,96,85,1,0,0
23:30:31 Feb 03 2021,96,86,0,0,0
23:30:33 Feb 03 2021,96,86,1,0,0
23:30:35 Feb 03 2021,96,86,1,0,0
23:30:37 Feb 03 2021,96,85,0,0,0
23:30:39 Feb 03 2021,97,84,0,0,0
23:30:41 Feb 03 2021,97,84,0,0,0
23:30:43 Feb 03 2021,97,85,0,0,0
23:30:45 Feb 03 2021,97,85,0,0,0
23:30:47 Feb 03 2021,97,85,0,0,0
23:30:49 Feb 03 2021,97,85,0,0,0
23:30:51 Feb 03 2021,97,81,0,0,0
23:30:53 Feb 03 2021,97,80,0,0,0
23:30:55 Feb 03 2021,97,76,1,0,0
23:30:57 Feb 03 2021,97,75,0,0,0
23:30:59 Feb 03 2021,97,77,0,0,0
23:31:01 Feb 03 2021,97,77,0,0,0
23:31:03 Feb 03 2021,97,76,0,0,0
23:31:05 Feb 03 2021,97,76,0,0,0
23:31:07 Feb 03 2021,97,76,1,0,0
23:31:09 Feb 03 2021,97,77,0,0,0
23:31:11 Feb 03 2021,97,77,2,0,0
23:31:13 Feb 03 2021,97,77,2,0,0
23:31:15 Feb 03 2021,97,78,3,0,0
23:31:17 Feb 03 2021,97,77,36,0,0
23:31:19 Feb 03 2021,97,77,0,0,0
23:31:21 Feb 03 2021,97,77,0,0,0
23:31:23 Feb 03 2021,97,77,0,0,0
23:31:25 Feb 03 2021,96,75,0,0,0
23:31:27 Feb 03 2021,96,73,0,0,0
23:31:29 Feb 03 2021,94,73,0,0,0
23:31:31 Feb 03 2021,92,73,0,0,0
23:31:33 Feb 03 2021,92,76,0,0,0
23:31:35 Feb 03 2021,90,78,0,0,0
23:31:37 Feb 03 2021,90,75,0,0,0
23:31:39 Feb 03 2021,90,74,0,0,0
23:31:41 Feb 03 2021,90,72,0,0,0
23:31:43 Feb 03 2021,90,70,0,0,0
23:31:45 Feb 03 2021,91,67,0,0,0
23:31:47 Feb 03 2021,91,67,0,0,0
23:31:49 Feb 03 2021,92,69,0,0,0
23:31:51 Feb 03 2021,93,71,0,0,0
23:31:53 Feb 03 2021,95,70,0,0,0
23:31:55 Feb 03 2021,96,69,0,0,0
23:31:57 Feb 03 2021,97,67,0,0,0
23:31:59 Feb 03 2021,97,66,0,0,0
23:32:01 Feb 03 2021,98,65,0,0,0
23:32:03 Feb 03 2021,98,63,0,0,0
23:32:05 Feb 03 2021,98,61,0,0,0
23:32:07 Feb 03 2021,98,60,0,0,0
23:32:09 Feb 03 2021,98,60,0,0,0
23:32:11 Feb 03 2021,98,61,0,0,0
23:32:13 Feb 03 2021,98,59,0,0,0
23:32:15 Feb 03 2021,98,59,0,0,0
23:32:17 Feb 03 2021,98,60,0,0,0
23:32:19 Feb 03 2021,98,62,0,0,0
23:32:21 Feb 03 2021,98,66,0,0,0
23:32:23 Feb 03 2021,98,69,0,0,0
23:32:25 Feb 03 2021,98,70,0,0,0
23:32:27 Feb 03 2021,98,70,0,0,0
23:32:29 Feb 03 2021,98,70,0,0,0
23:32:31 Feb 03 2021,98,71,0,0,0
23:32:33 Feb 03 2021,98,71,0,0,0
23:32:35 Feb 03 2021,98,71,0,0,0
23:32:37 Feb 03 2021,98,71,0,0,0
23:32:39 Feb 03 2021,98,70,0,0,0
23:32:41 Feb 03 2021,98,71,0,0,0
23:32:43 Feb 03 2021,98,70,0,0,0
23:32:45 Feb 03 2021,98,70,0,0,0
23:32:47 Feb 03 2021,98,70,7,0,0
23:32:49 Feb 03 2021,98,71,1,0,0
23:32:51 Feb 03 2021,98,71,0,0,0
23:32:53 Feb 03 2021,98,70,0,0,0
23:32:55 Feb 03 2021,98,69,0,0,0
23:32:57 Feb 03 2021,98,67,0,0,0
23:32:59 Feb 03 2021,96,66,0,0,0
23:33:01 Feb 03 2021,95,67,6,0,0
23:33:03 Feb 03 2021,94,67,0,0,0
23:33:05 Feb 03 2021,94,66,0,0,0
23:33:07 Feb 03 2021,94,65,0,0,0
23:33:09 Feb 03 2021,94,66,0,0,0
23:33:11 Feb 03 2021,94,67,0,0,0
23:33:13 Feb 03 2021,95,72,0,0,0
23:33:15 Feb 03 2021,95,74,0,0,0
23:33:17 Feb 03 2021,96,69,0,0,0
23:33:19 Feb 03 2021,97,69,0,0,0
23:33:21 Feb 03 2021,97,68,0,0,0
23:33:23 Feb 03 2021,97,66,0,0,0
23:33:25 Feb 03 2021,97,67,0,0,0
23:33:27 Feb 03 2021,97,65,0,0,0
23:33:29 Feb 03 2021,97,63,0,0,0
23:33:31 Feb 03 2021,97,60,0,0,0
23:33:33 Feb 03 2021,97,60,0,0,0
23:33:35 Feb 03 2021,97,60,0,0,0
23:33:37 Feb 03 2021,97,59,0,0,0
23:33:39 Feb 03 2021,97,59,0,0,0
23:33:41 Feb 03 2021,97,57,0,0,0
23:33:43 Feb 03 2021,97,56,0,0,0
23:33:45 Feb 03 2021,97,58,0,0,0
23:33:47 Feb 03 2021,97,60,0,0,0
23:33:49 Feb 03 2021,97,67,0,0,0
23:33:51 Feb 03 2021,97,69,0,0,0
23:33:53 Feb 03 2021,97,66,0,0,0
23:33:55 Feb 03 2021,97,68,0,0,0
23:33:57 Feb 03 2021,97,68,0,0,0
23:33:59 Feb 03 2021,96,69,0,0,0
23:34:01 Feb 03 2021,95,70,0,0,0
23:34:03 Feb 03 2021,94,70,0,0,0
23:34:05 Feb 03 2021,94,69,0,0,0
23:34:07 Feb 03 2021,93,69,0,0,0
23:34:09 Feb 03 2021,92,71,0,0,0
23:34:11 Feb 03 2021,92,72,0,0,0
23:34:13 Feb 03 2021,92,73,0,0,0
23:34:15 Feb 03 2021,92,72,0,0,0
23:34:17 Feb 03 2021,92,70,0,0,0
23:34:19 Feb 03 2021,92,65,0,0,0
23:34:21 Feb 03 2021,92,61,0,0,0
23:34:23 Feb 03 2021,92,59,0,0,0
23:34:25 Feb 03 2021,92,58,0,0,0
23:34:27 Feb 03 2021,92,60,0,0,0
23:34:29 Feb 03 2021,92,60,0,0,0
23:34:31 Feb 03 2021,92,60,0,0,0
23:34:33 Feb 03 2021,92,56,0,0,0
23:34:35 Feb 03 2021,93,55,0,0,0
23:34:37 Feb 03 2021,93,54,0,0,0
23:34:39 Feb 03 2021,93,54,0,0,0
23:34:41 Feb 03 2021,93,55,0,0,0
23:34:43 Feb 03 2021,94,58,0,0,0
23:34:45 Feb 03 2021,95,59,0,0,0
23:34:47 Feb 03 2021,97,60,0,0,0
23:34:49 Feb 03 2021,97,55,0,0,0
23:34:51 Feb 03 2021,97,56,0,0,0
23:34:53 Feb 03 2021,97,55,0,0,0
23:34:55 Feb 03 2021,97,54,0,0,0
23:34:57 Feb 03 2021,97,55,0,0,0
23:34:59 Feb 03 2021,97,55,1,0,0
23:35:01 Feb 03 2021,97,59,0,0,0
23:35:03 Feb 03 2021,97,66,0,0,0
23:35:05 Feb 03 2021,97,73,0,0,0
23:35:07 Feb 03 2021,97,77,0,0,0
23:35:09 Feb 03 2021,97,75,0,0,0
23:35:11 Feb 03 2021,97,75,0,0,0
23:35:13 Feb 03 2021,97,75,0,0,0
23:35:15 Feb 03 2021,97,76,0,0,0
23:35:17 Feb 03 2021,97,76,0,0,0
23:35:19 Feb 03 2021,97,76,0,0,0
23:35:21 Feb 03 2021,97,75,0,0,0
23:35:23 Feb 03 2021,97,74,0,0,0
23:35:25 Feb 03 2021,97,74,0,0,0
23:35:27 Feb 03 2021,97,73,0,0,0
23:35:29 Feb 03 2021,97,74,0,0,0
23:35:31 Feb 03 2021,97,75,0,0,0
23:35:33 Feb 03 2021,97,75,0,0,0
23:35:35 Feb 03 2021,96,79,0,0,0
23:35:37 Feb 03 2021,93,81,0,0,0
23:35:39 Feb 03 2021,91,80,0,0,0
23:35:41 Feb 03 2021,89,80,0,1,0
23:35:43 Feb 03 2021,88,79,0,0,0
23:35:45 Feb 03 2021,88,79,0,0,0
23:35:47 Feb 03 2021,89,79,0,0,0
23:35:49 Feb 03 2021,89,80,0,0,0
23:35:51 Feb 03 2021,89,79,0,0,0
23:35:53 Feb 03 2021,90,80,0,0,0
23:35:55 Feb 03 2021,93,80,0,0,0
23:35:57 Feb 03 2021,94,78,0,0,0
23:35:59 Feb 03 2021,96,77,0,0,0
23:36:01 Feb 03 2021,96,74,0,0,0
23:36:03 Feb 03 2021,96,73,0,0,0
23:36:05 Feb 03 2021,97,72,0,0,0
23:36:07 Feb 03 2021,97,73,0,0,0
23:36:09 Feb 03 2021,97,75,0,0,0
23:36:11 Feb 03 2021,97,77,0,0,0
23:36:13 Feb 03 2021,97,78,0,0,0
23:36:15 Feb 03 2021,97,78,0,0,0
23:36:17 Feb 03 2021,97,79,0,0,0
23:36:19 Feb 03 2021,97,80,0,0,0
23:36:21 Feb 03 2021,97,78,0,0,0
23:36:23 Feb 03 2021,97,77,0,0,0
23:36:25 Feb 03 2021,97,77,0,0,0
23:36:27 Feb 03 2021,97,77,0,0,0
23:36:29 Feb 03 2021,97,77,0,0,0
23:36:31 Feb 03 2021,97,77,0,0,0
23:36:33 Feb 03 2021,97,78,0,0,0
23:36:35 Feb 03 2021,97,78,0,0,0
23:36:37 Feb 03 2021,97,79,0,0,0
23:36:39 Feb 03 2021,97,81,0,0,0
23:36:41 Feb 03 2021,97,81,0,0,0
23:36:43 Feb 03 2021,97,82,0,0,0
23:36:45 Feb 03 2021,97,81,0,0,0
23:36:47 Feb 03 2021,97,81,0,0,0
23:36:49 Feb 03 2021,97,81,0,0,0
23:36:51 Feb 03 2021,97,81,0,0,0
23:36:53 Feb 03 2021,97,81,0,0,0
23:36:55 Feb 03 2021,97,81,0,0,0
23:36:57 Feb 03 2021,97,81,0,0,0
23:36:59 Feb 03 2021,97,82,0,0,0
23:37:01 Feb 03 2021,97,82,0,0,0
23:37:03 Feb 03 2021,97,85,0,0,0
23:37:05 Feb 03 2021,97,86,0,0,0
23:37:07 Feb 03 2021,96,87,0,0,0
23:37:09 Feb 03 2021,95,87,0,0,0
23:37:11 Feb 03 2021,94,85,4,0,0
23:37:13 Feb 03 2021,95,84,0,0,0
23:37:15 Feb 03 2021,95,83,0,0,0
23:37:17 Feb 03 2021,95,85,0,0,0
23:37:19 Feb 03 2021,95,86,0,0,0
23:37:21 Feb 03 2021,96,86,0,0,0
23:37:23 Feb 03 2021,96,83,0,0,0
23:37:25 Feb 03 2021,96,82,0,0,0
23:37:27 Feb 03 2021,97,78,0,0,0
23:37:29 Feb 03 2021,97,80,0,0,0
23:37:31 Feb 03 2021,97,81,0,0,0
23:37:33 Feb 03 2021,97,79,0,0,0
23:37:35 Feb 03 2021,97,80,0,0,0
23:37:37 Feb 03 2021,97,79,0,0,0
23:37:39 Feb 03 2021,97,78,0,0,0
23:37:41 Feb 03 2021,97,79,0,0,0
23:37:43 Feb 03 2021,97,80,0,0,0
23:37:45 Feb 03 2021,97,80,1,0,0
23:37:47 Feb 03 2021,97,81,0,0,0
23:37:49 Feb 03 2021,97,81,0,0,0
23:37:51 Feb 03 2021,97,81,0,0,0
23:37:53 Feb 03 2021,97,81,0,0,0
23:37:55 Feb 03 2021,96,81,0,0,0
23:37:57 Feb 03 2021,97,82,0,0,0
23:37:59 Feb 03 2021,97,81,0,0,0
23:38:01 Feb 03 2021,97,80,0,0,0
23:38:03 Feb 03 2021,97,79,0,0,0
23:38:05 Feb 03 2021,97,77,0,0,0
23:38:07 Feb 03 2021,97,78,0,0,0
23:38:09 Feb 03 2021,97,78,0,0,0
23:38:11 Feb 03 2021,97,78,4,0,0
23:38:13 Feb 03 2021,97,77,1,0,0
23:38:15 Feb 03 2021,97,77,0,0,0
23:38:17 Feb 03 2021,97,77,0,0,0
23:38:19 Feb 03 2021,97,80,0,0,0
23:38:21 Feb 03 2021,97,80,0,0,0
23:38:23 Feb 03 2021,97,80,0,0,0
23:38:25 Feb 03 2021,97,79,0,0,0
23:38:27 Feb 03 2021,97,80,0,0,0
23:38:29 Feb 03 2021,97,79,0,0,0
23:38:31 Feb 03 2021,97,80,0,0,0
23:38:33 Feb 03 2021,97,80,0,0,0
23:38:35 Feb 03 2021,97,81,0,0,0
23:38:37 Feb 03 2021,97,80,0,0,0
23:38:39 Feb 03 2021,97,80,0,0,0
23:38:41 Feb 03 2021,97,82,0,0,0
23:38:43 Feb 03 2021,97,81,0,0,0
23:38:45 Feb 03 2021,97,82,0,0,0
23:38:47 Feb 03 2021,97,82,0,0,0
23:38:49 Feb 03 2021,97,81,0,0,0
23:38:51 Feb 03 2021,97,82,0,0,0
23:38:53 Feb 03 2021,97,81,0,0,0
23:38:55 Feb 03 2021,97,80,0,0,0
23:38:57 Feb 03 2021,97,67,0,0,0
23:38:59 Feb 03 2021,97,65,0,0,0
23:39:01 Feb 03 2021,97,62,0,0,0
23:39:03 Feb 03 2021,97,63,0,0,0
23:39:05 Feb 03 2021,97,69,0,0,0
23:39:07 Feb 03 2021,97,68,0,0,0
23:39:09 Feb 03 2021,97,63,0,0,0
23:39:11 Feb 03 2021,97,71,0,0,0
23:39:13 Feb 03 2021,97,76,0,0,0
23:39:15 Feb 03 2021,97,75,0,0,0
23:39:17 Feb 03 2021,97,76,0,0,0
23:39:19 Feb 03 2021,96,75,1,0,0
23:39:21 Feb 03 2021,96,75,0,0,0
23:39:23 Feb 03 2021,96,75,1,0,0
23:39:25 Feb 03 2021,97,75,0,0,0
23:39:27 Feb 03 2021,97,75,0,0,0
23:39:29 Feb 03 2021,97,75,0,0,0
23:39:31 Feb 03 2021,97,80,0,0,0
23:39:33 Feb 03 2021,97,83,0,0,0
23:39:35 Feb 03 2021,96,82,0,0,0
23:39:37 Feb 03 2021,97,84,0,0,0
23:39:39 Feb 03 2021,97,82,1,0,0
23:39:41 Feb 03 2021,96,81,0,0,0
23:39:43 Feb 03 2021,95,82,0,0,0
23:39:45 Feb 03 2021,93,82,0,0,0
23:39:47 Feb 03 2021,93,82,0,0,0
23:39:49 Feb 03 2021,93,85,0,0,0
23:39:51 Feb 03 2021,95,85,1,0,0
23:39:53 Feb 03 2021,97,84,0,0,0
23:39:55 Feb 03 2021,96,84,0,0,0
23:39:57 Feb 03 2021,97,82,1,0,0
23:39:59 Feb 03 2021,97,79,0,0,0
23:40:01 Feb 03 2021,97,80,2,0,0
23:40:03 Feb 03 2021,97,79,0,0,0
23:40:05 Feb 03 2021,97,78,0,0,0
23:40:07 Feb 03 2021,97,79,0,0,0
23:40:09 Feb 03 2021,97,79,0,0,0
23:40:11 Feb 03 2021,97,79,0,0,0
23:40:13 Feb 03 2021,97,79,0,0,0
23:40:15 Feb 03 2021,97,80,0,0,0
23:40:17 Feb 03 2021,97,81,0,0,0
23:40:19 Feb 03 2021,98,82,0,0,0
23:40:21 Feb 03 2021,98,81,0,0,0
23:40:23 Feb 03 2021,98,80,1,0,0
23:40:25 Feb 03 2021,98,79,1,0,0
23:40:27 Feb 03 2021,98,78,1,0,0
23:40:29 Feb 03 2021,98,81,0,0,0
23:40:31 Feb 03 2021,98,82,0,0,0
23:40:33 Feb 03 2021,98,83,0,0,0
23:40:35 Feb 03 2021,98,84,0,0,0
23:40:37 Feb 03 2021,98,83,1,0,0
23:40:39 Feb 03 2021,98,83,0,0,0
23:40:41 Feb 03 2021,98,83,0,0,0
23:40:43 Feb 03 2021,98,83,1,0,0
23:40:45 Feb 03 2021,98,81,1,0,0
23:40:47 Feb 03 2021,98,78,0,0,0
23:40:49 Feb 03 2021,97,78,0,0,0
23:40:51 Feb 03 2021,97,76,1,0,0
23:40:53 Feb 03 2021,96,74,0,0,0
23:40:55 Feb 03 2021,97,74,0,0,0
23:40:57 Feb 03 2021,97,73,1,0,0
23:40:59 Feb 03 2021,97,73,0,0,0
23:41:01 Feb 03 2021,97,74,0,0,0
23:41:03 Feb 03 2021,97,73,1,0,0
23:41:05 Feb 03 2021,95,71,0,0,0
23:41:07 Feb 03 2021,94,74,0,0,0
23:41:09 Feb 03 2021,93,78,0,0,0
23:41:11 Feb 03 2021,94,81,1,0,0
23:41:13 Feb 03 2021,94,85,0,0,0
23:41:15 Feb 03 2021,94,84,1,0,0
23:41:17 Feb 03 2021,94,82,0,0,0
23:41:19 Feb 03 2021,94,83,1,0,0
23:41:21 Feb 03 2021,94,79,0,0,0
23:41:23 Feb 03 2021,95,75,0,0,0
23:41:25 Feb 03 2021,96,76,0,0,0
23:41:27 Feb 03 2021,96,74,0,0,0
23:41:29 Feb 03 2021,97,73,0,0,0
23:41:31 Feb 03 2021,97,74,0,0,0
23:41:33 Feb 03 2021,97,73,0,0,0
23:41:35 Feb 03 2021,98,72,0,0,0
23:41:37 Feb 03 2021,98,73,0,0,0
23:41:39 Feb 03 2021,98,73,0,0,0
23:41:41 Feb 03 2021,98,75,0,0,0
23:41:43 Feb 03 2021,98,76,0,0,0
23:41:45 Feb 03 2021,98,73,0,0,0
23:41:47 Feb 03 2021,98,72,1,0,0
23:41:49 Feb 03 2021,98,72,0,0,0
23:41:51 Feb 03 2021,98,70,1,0,0
23:41:53 Feb 03 2021,98,68,0,0,0
23:41:55 Feb 03 2021,98,68,0,0,0
23:41:57 Feb 03 2021,98,69,0,0,0
23:41:59 Feb 03 2021,98,69,1,0,0
23:42:01 Feb 03 2021,98,68,1,0,0
23:42:03 Feb 03 2021,98,68,0,0,0
23:42:05 Feb 03 2021,98,68,0,0,0
23:42:07 Feb 03 2021,98,68,1,0,0
23:42:09 Feb 03 2021,98,67,0,0,0
23:42:11 Feb 03 2021,98,68,0,0,0
23:42:13 Feb 03 2021,98,69,0,0,0
23:42:15 Feb 03 2021,98,70,0,0,0
23:42:17 Feb 03 2021,98,71,2,0,0
23:42:19 Feb 03 2021,98,68,0,0,0
23:42:21 Feb 03 2021,98,68,1,0,0
23:42:23 Feb 03 2021,98,68,0,0,0
23:42:25 Feb 03 2021,96,67,1,0,0
23:42:27 Feb 03 2021,96,67,0,0,0
23:42:29 Feb 03 2021,95,66,0,0,0
23:42:31 Feb 03 2021,94,66,0,0,0
23:42:33 Feb 03 2021,95,67,0,0,0
23:42:35 Feb 03 2021,95,66,1,0,0
23:42:37 Feb 03 2021,95,65,1,0,0
23:42:39 Feb 03 2021,94,65,1,0,0
23:42:41 Feb 03 2021,92,68,0,0,0
23:42:43 Feb 03 2021,91,68,0,0,0
23:42:45 Feb 03 2021,92,73,0,0,0
23:42:47 Feb 03 2021,93,72,1,0,0
23:42:49 Feb 03 2021,94,68,1,0,0
23:42:51 Feb 03 2021,95,68,0,0,0
23:42:53 Feb 03 2021,96,66,0,0,0
23:42:55 Feb 03 2021,97,65,0,0,0
23:42:57 Feb 03 2021,97,65,0,0,0
23:42:59 Feb 03 2021,97,63,0,0,0
23:43:01 Feb 03 2021,97,61,1,0,0
23:43:03 Feb 03 2021,97,62,1,0,0
23:43:05 Feb 03 2021,97,62,0,0,0
23:43:07 Feb 03 2021,97,63,1,0,0
23:43:09 Feb 03 2021,97,63,1,0,0
23:43:11 Feb 03 2021,97,60,0,0,0
23:43:13 Feb 03 2021,97,61,1,0,0
23:43:15 Feb 03 2021,97,61,0,0,0
23:43:17 Feb 03 2021,97,61,1,0,0
23:43:19 Feb 03 2021,97,63,1,0,0
23:43:21 Feb 03 2021,96,61,0,0,0
23:43:23 Feb 03 2021,97,60,1,0,0
23:43:25 Feb 03 2021,97,60,1,0,0
23:43:27 Feb 03 2021,97,60,1,0,0
23:43:29 Feb 03 2021,97,60,0,0,0
23:43:31 Feb 03 2021,97,60,0,0,0
23:43:33 Feb 03 2021,97,60,1,0,0
23:43:35 Feb 03 2021,97,60,1,0,0
23:43:37 Feb 03 2021,97,60,0,0,0
23:43:39 Feb 03 2021,97,60,0,0,0
23:43:41 Feb 03 2021,97,60,0,0,0
23:43:43 Feb 03 2021,97,60,0,0,0
23:43:45 Feb 03 2021,97,61,0,0,0
23:43:47 Feb 03 2021,97,62,0,0,0
23:43:49 Feb 03 2021,97,62,0,0,0
23:43:51 Feb 03 2021,97,63,0,0,0
23:43:53 Feb 03 2021,97,63,0,0,0
23:43:55 Feb 03 2021,97,62,0,0,0
23:43:57 Feb 03 2021,97,62,0,0,0
23:43:59 Feb 03 2021,97,62,0,0,0
23:44:01 Feb 03 2021,97,62,0,0,0
23:44:03 Feb 03 2021,97,62,3,0,0
23:44:05 Feb 03 2021,97,62,0,0,0
23:44:07 Feb 03 2021,97,62,0,0,0
23:44:09 Feb 03 2021,97,62,0,0,0
23:44:11 Feb 03 2021,97,62,0,0,0
23:44:13 Feb 03 2021,97,64,0,0,0
23:44:15 Feb 03 2021,97,65,0,0,0
23:44:17 Feb 03 2021,97,65,0,0,0
23:44:19 Feb 03 2021,97,65,0,0,0
23:44:21 Feb 03 2021,97,65,0,0,0
23:44:23 Feb 03 2021,97,60,0,0,0
23:44:25 Feb 03 2021,97,59,0,0,0
23:44:27 Feb 03 2021,97,55,0,0,0
23:44:29 Feb 03 2021,97,51,0,0,0
23:44:31 Feb 03 2021,97,54,0,0,0
23:44:33 Feb 03 2021,97,53,0,0,0
23:44:35 Feb 03 2021,97,53,0,0,0
23:44:37 Feb 03 2021,97,53,0,0,0
23:44:39 Feb 03 2021,97,53,0,0,0
23:44:41 Feb 03 2021,97,54,0,0,0
23:44:43 Feb 03 2021,97,54,1,0,0
23:44:45 Feb 03 2021,97,54,0,0,0
23:44:47 Feb 03 2021,97,54,0,0,0
23:44:49 Feb 03 2021,97,54,0,0,0
23:44:51 Feb 03 2021,97,54,0,0,0
23:44:53 Feb 03 2021,97,54,0,0,0
23:44:55 Feb 03 2021,97,54,0,0,0
23:44:57 Feb 03 2021,97,54,0,0,0
23:44:59 Feb 03 2021,97,56,0,0,0
23:45:01 Feb 03 2021,97,59,0,0,0
23:45:03 Feb 03 2021,95,60,0,0,0
23:45:05 Feb 03 2021,93,62,0,0,0
23:45:07 Feb 03 2021,93,61,0,0,0
23:45:09 Feb 03 2021,92,63,0,0,0
23:45:11 Feb 03 2021,92,63,0,0,0
23:45:13 Feb 03 2021,92,63,0,0,0
23:45:15 Feb 03 2021,92,63,0,0,0
23:45:17 Feb 03 2021,92,62,0,0,0
23:45:19 Feb 03 2021,92,63,0,0,0
23:45:21 Feb 03 2021,92,63,0,0,0
23:45:23 Feb 03 2021,92,62,0,0,0
23:45:25 Feb 03 2021,94,65,0,0,0
23:45:27 Feb 03 2021,95,68,0,0,0
23:45:29 Feb 03 2021,96,70,0,0,0
23:45:31 Feb 03 2021,97,71,0,0,0
23:45:33 Feb 03 2021,97,69,0,0,0
23:45:35 Feb 03 2021,97,67,0,0,0
23:45:37 Feb 03 2021,97,67,0,0,0
23:45:39 Feb 03 2021,97,68,0,0,0
23:45:41 Feb 03 2021,97,68,0,0,0
23:45:43 Feb 03 2021,97,67,0,0,0
23:45:45 Feb 03 2021,97,67,0,0,0
23:45:47 Feb 03 2021,97,66,0,0,0
23:45:49 Feb 03 2021,97,66,0,0,0
23:45:51 Feb 03 2021,97,65,0,0,0
23:45:53 Feb 03 2021,97,65,0,0,0
23:45:55 Feb 03 2021,97,66,0,0,0
23:45:57 Feb 03 2021,97,66,0,0,0
23:45:59 Feb 03 2021,97,67,0,0,0
23:46:01 Feb 03 2021,97,63,0,0,0
23:46:03 Feb 03 2021,97,62,0,0,0
23:46:05 Feb 03 2021,97,61,0,0,0
23:46:07 Feb 03 2021,97,63,0,0,0
23:46:09 Feb 03 2021,97,63,0,0,0
23:46:11 Feb 03 2021,97,62,0,0,0
23:46:13 Feb 03 2021,97,63,0,0,0
23:46:15 Feb 03 2021,97,63,0,0,0
23:46:17 Feb 03 2021,97,63,1,0,0
23:46:19 Feb 03 2021,95,63,0,0,0
23:46:21 Feb 03 2021,95,63,0,0,0
23:46:23 Feb 03 2021,94,63,0,0,0
23:46:25 Feb 03 2021,92,63,0,0,0
23:46:27 Feb 03 2021,94,63,0,0,0
23:46:29 Feb 03 2021,94,63,0,0,0
23:46:31 Feb 03 2021,94,65,0,0,0
23:46:33 Feb 03 2021,94,63,0,0,0
23:46:35 Feb 03 2021,94,65,0,0,0
23:46:37 Feb 03 2021,94,65,0,0,0
23:46:39 Feb 03 2021,94,65,0,0,0
23:46:41 Feb 03 2021,94,66,0,0,0
23:46:43 Feb 03 2021,94,65,0,0,0
23:46:45 Feb 03 2021,95,65,0,0,0
23:46:47 Feb 03 2021,95,65,0,0,0
23:46:49 Feb 03 2021,96,65,0,0,0
23:46:51 Feb 03 2021,97,66,0,0,0
23:46:53 Feb 03 2021,97,65,0,0,0
23:46:55 Feb 03 2021,97,62,0,0,0
23:46:57 Feb 03 2021,97,63,0,0,0
23:46:59 Feb 03 2021,97,61,0,0,0
23:47:01 Feb 03 2021,97,60,0,0,0
23:47:03 Feb 03 2021,97,61,0,0,0
23:47:05 Feb 03 2021,97,61,0,0,0
23:47:07 Feb 03 2021,97,61,0,0,0
23:47:09 Feb 03 2021,97,62,0,0,0
23:47:11 Feb 03 2021,97,63,0,0,0
23:47:13 Feb 03 2021,97,64,0,0,0
23:47:15 Feb 03 2021,97,66,0,0,0
23:47:17 Feb 03 2021,97,66,0,0,0
23:47:19 Feb 03 2021,97,67,0,0,0
23:47:21 Feb 03 2021,97,68,0,0,0
23:47:23 Feb 03 2021,97,67,0,0,0
23:47:25 Feb 03 2021,97,67,0,0,0
23:47:27 Feb 03 2021,97,67,0,0,0
23:47:29 Feb 03 2021,97,68,0,0,0
23:47:31 Feb 03 2021,97,68,0,0,0
23:47:33 Feb 03 2021,97,68,0,0,0
23:47:35 Feb 03 2021,97,68,0,0,0
23:47:37 Feb 03 2021,97,68,0,0,0
23:47:39 Feb 03 2021,97,68,0,0,0
23:47:41 Feb 03 2021,97,69,0,0,0
23:47:43 Feb 03 2021,97,69,0,0,0
23:47:45 Feb 03 2021,95,71,0,0,0
23:47:47 Feb 03 2021,94,72,0,0,0
23:47:49 Feb 03 2021,93,72,0,0,0
23:47:51 Feb 03 2021,94,72,0,0,0
23:47:53 Feb 03 2021,94,73,0,0,0
23:47:55 Feb 03 2021,94,72,0,0,0
23:47:57 Feb 03 2021,94,71,0,0,0
23:47:59 Feb 03 2021,94,70,0,0,0
23:48:01 Feb 03 2021,94,70,0,0,0
23:48:03 Feb 03 2021,94,71,0,0,0
23:48:05 Feb 03 2021,94,71,0,0,0
23:48:07 Feb 03 2021,94,71,0,0,0
23:48:09 Feb 03 2021,94,71,0,0,0
23:48:11 Feb 03 2021,94,70,0,0,0
23:48:13 Feb 03 2021,95,69,0,0,0
23:48:15 Feb 03 2021,95,68,0,0,0
23:48:17 Feb 03 2021,96,69,0,0,0
23:48:19 Feb 03 2021,96,69,1,0,0
23:48:21 Feb 03 2021,97,69,0,0,0
23:48:23 Feb 03 2021,97,70,0,0,0
23:48:25 Feb 03 2021,97,71,1,0,0
23:48:27 Feb 03 2021,97,71,0,0,0
23:48:29 Feb 03 2021,97,72,0,0,0
23:48:31 Feb 03 2021,97,72,1,0,0
23:48:33 Feb 03 2021,97,72,1,0,0
23:48:35 Feb 03 2021,97,73,1,0,0
23:48:37 Feb 03 2021,97,72,0,0,0
23:48:39 Feb 03 2021,97,73,0,0,0
23:48:41 Feb 03 2021,97,74,1,0,0
23:48:43 Feb 03 2021,97,78,0,0,0
23:48:45 Feb 03 2021,97,83,0,0,0
23:48:47 Feb 03 2021,97,84,0,0,0
23:48:49 Feb 03 2021,97,83,0,0,0
23:48:51 Feb 03 2021,97,82,1,0,0
23:48:53 Feb 03 2021,97,79,0,0,0
23:48:55 Feb 03 2021,96,80,0,0,0
23:48:57 Feb 03 2021,96,80,0,0,0
23:48:59 Feb 03 2021,95,78,0,0,0
23:49:01 Feb 03 2021,95,76,0,0,0
23:49:03 Feb 03 2021,96,76,0,0,0
23:49:05 Feb 03 2021,96,75,0,0,0
23:49:07 Feb 03 2021,96,74,1,0,0
23:49:09 Feb 03 2021,96,77,1,0,0
23:49:11 Feb 03 2021,95,79,1,0,0
23:49:13 Feb 03 2021,94,78,0,0,0
23:49:15 Feb 03 2021,94,77,1,0,0
23:49:17 Feb 03 2021,93,75,0,0,0
23:49:19 Feb 03 2021,93,74,0,0,0
23:49:21 Feb 03 2021,93,74,1,0,0
23:49:23 Feb 03 2021,92,79,1,0,0
23:49:25 Feb 03 2021,91,82,0,0,0
23:49:27 Feb 03 2021,90,81,0,0,0
23:49:29 Feb 03 2021,91,80,0,0,0
23:49:31 Feb 03 2021,91,78,0,0,0
23:49:33 Feb 03 2021,92,77,0,0,0
23:49:35 Feb 03 2021,93,77,1,0,0
23:49:37 Feb 03 2021,95,76,0,0,0
23:49:39 Feb 03 2021,95,76,0,0,0
23:49:41 Feb 03 2021,96,77,0,0,0
23:49:43 Feb 03 2021,96,76,0,0,0
23:49:45 Feb 03 2021,96,76,1,0,0
23:49:47 Feb 03 2021,96,75,1,0,0
23:49:49 Feb 03 2021,96,74,1,0,0
23:49:51 Feb 03 2021,97,75,1,0,0
23:49:53 Feb 03 2021,97,76,1,0,0
23:49:55 Feb 03 2021,97,75,1,0,0
23:49:57 Feb 03 2021,97,75,1,0,0
23:49:59 Feb 03 2021,97,74,0,0,0
23:50:01 Feb 03 2021,97,74,0,0,0
23:50:03 Feb 03 2021,97,74,0,0,0
23:50:05 Feb 03 2021,97,74,0,0,0
23:50:07 Feb 03 2021,97,73,0,0,0
23:50:09 Feb 03 2021,97,72,0,0,0
23:50:11 Feb 03 2021,97,73,0,0,0
23:50:13 Feb 03 2021,97,74,0,0,0
23:50:15 Feb 03 2021,97,78,1,0,0
23:50:17 Feb 03 2021,97,80,0,0,0
23:50:19 Feb 03 2021,97,80,1,0,0
23:50:21 Feb 03 2021,97,80,1,0,0
23:50:23 Feb 03 2021,97,79,0,0,0
23:50:25 Feb 03 2021,97,80,0,0,0
23:50:27 Feb 03 2021,97,82,1,0,0
23:50:29 Feb 03 2021,97,84,0,0,0
23:50:31 Feb 03 2021,95,88,1,0,0
23:50:33 Feb 03 2021,94,93,0,0,0
23:50:35 Feb 03 2021,93,92,0,0,0
23:50:37 Feb 03 2021,92,90,0,0,0
23:50:39 Feb 03 2021,93,91,0,0,0
23:50:41 Feb 03 2021,92,87,0,0,0
23:50:43 Feb 03 2021,91,89,1,0,0
23:50:45 Feb 03 2021,91,89,1,0,0
23:50:47 Feb 03 2021,91,88,1,0,0
23:50:49 Feb 03 2021,91,87,0,0,0
23:50:51 Feb 03 2021,91,87,0,0,0
23:50:53 Feb 03 2021,92,83,0,0,0
23:50:55 Feb 03 2021,94,79,0,0,0
23:50:57 Feb 03 2021,94,79,0,0,0
23:50:59 Feb 03 2021,96,76,0,0,0
23:51:01 Feb 03 2021,96,78,0,0,0
23:51:03 Feb 03 2021,96,78,0,0,0
23:51:05 Feb 03 2021,97,78,0,0,0
23:51:07 Feb 03 2021,97,78,1,0,0
23:51:09 Feb 03 2021,97,78,0,0,0
23:51:11 Feb 03 2021,97,77,1,0,0
23:51:13 Feb 03 2021,97,78,0,0,0
23:51:15 Feb 03 2021,97,78,0,0,0
23:51:17 Feb 03 2021,97,79,0,0,0
23:51:19 Feb 03 2021,97,78,1,0,0
23:51:21 Feb 03 2021,97,78,0,0,0
23:51:23 Feb 03 2021,97,79,0,0,0
23:51:25 Feb 03 2021,97,79,0,0,0
23:51:27 Feb 03 2021,97,79,0,0,0
23:51:29 Feb 03 2021,97,79,0,0,0
23:51:31 Feb 03 2021,97,79,0,0,0
23:51:33 Feb 03 2021,97,79,0,0,0
23:51:35 Feb 03 2021,96,78,0,0,0
23:51:37 Feb 03 2021,96,78,0,0,0
23:51:39 Feb 03 2021,96,78,0,0,0
23:51:41 Feb 03 2021,96,77,0,0,0
23:51:43 Feb 03 2021,95,77,0,0,0
23:51:45 Feb 03 2021,95,77,0,0,0
23:51:47 Feb 03 2021,95,77,8,0,0
23:51:49 Feb 03 2021,94,76,3,0,0
23:51:51 Feb 03 2021,95,76,0,0,0
23:51:53 Feb 03 2021,94,75,0,0,0
23:51:55 Feb 03 2021,92,75,0,0,0
23:51:57 Feb 03 2021,93,75,0,0,0
23:51:59 Feb 03 2021,91,74,0,0,0
23:52:01 Feb 03 2021,91,74,0,0,0
23:52:03 Feb 03 2021,90,76,1,0,0
23:52:05 Feb 03 2021,89,82,0,1,0
23:52:07 Feb 03 2021,89,84,1,0,0
23:52:09 Feb 03 2021,88,84,1,0,0
23:52:11 Feb 03 2021,89,80,0,0,0
23:52:13 Feb 03 2021,89,76,0,0,0
23:52:15 Feb 03 2021,90,77,0,0,0
23:52:17 Feb 03 2021,92,79,0,0,0
23:52:19 Feb 03 2021,94,78,0,0,0
23:52:21 Feb 03 2021,96,80,1,0,0
23:52:23 Feb 03 2021,97,81,0,0,0
23:52:25 Feb 03 2021,97,74,0,0,0
23:52:27 Feb 03 2021,97,63,0,0,0
23:52:29 Feb 03 2021,98,64,0,0,0
23:52:31 Feb 03 2021,98,51,0,0,0
23:52:33 Feb 03 2021,98,49,0,0,0
23:52:35 Feb 03 2021,98,49,0,0,0
23:52:37 Feb 03 2021,98,46,1,0,0
23:52:39 Feb 03 2021,98,45,0,0,0
23:52:41 Feb 03 2021,98,44,0,0,0
23:52:43 Feb 03 2021,98,42,0,0,0
23:52:45 Feb 03 2021,98,41,0,0,0
23:52:47 Feb 03 2021,98,42,0,0,0
23:52:49 Feb 03 2021,98,42,1,0,0
23:52:51 Feb 03 2021,98,42,1,0,0
23:52:53 Feb 03 2021,98,42,0,0,0
23:52:55 Feb 03 2021,98,42,0,0,0
23:52:57 Feb 03 2021,97,42,0,0,0
23:52:59 Feb 03 2021,97,42,1,0,0
23:53:01 Feb 03 2021,97,42,1,0,0
23:53:03 Feb 03 2021,97,42,0,0,0
23:53:05 Feb 03 2021,97,42,1,0,0
23:53:07 Feb 03 2021,97,42,1,0,0
23:53:09 Feb 03 2021,97,42,0,0,0
23:53:11 Feb 03 2021,97,42,0,0,0
23:53:13 Feb 03 2021,97,42,1,0,0
23:53:15 Feb 03 2021,97,42,0,0,0
23:53:17 Feb 03 2021,93,43,1,0,0
23:53:19 Feb 03 2021,92,44,0,0,0
23:53:21 Feb 03 2021,92,44,0,0,0
23:53:23 Feb 03 2021,91,45,0,0,0
23:53:25 Feb 03 2021,93,49,0,0,0
23:53:27 Feb 03 2021,92,57,0,0,0
23:53:29 Feb 03 2021,92,61,0,0,0
23:53:31 Feb 03 2021,97,61,0,0,0
23:53:33 Feb 03 2021,95,59,0,0,0
23:53:35 Feb 03 2021,94,64,0,0,0
23:53:37 Feb 03 2021,96,60,0,0,0
23:53:39 Feb 03 2021,95,61,0,0,0
23:53:41 Feb 03 2021,95,62,0,0,0
23:53:43 Feb 03 2021,95,62,0,0,0
23:53:45 Feb 03 2021,95,62,0,0,0
23:53:47 Feb 03 2021,96,61,0,0,0
23:53:49 Feb 03 2021,96,58,0,0,0
23:53:51 Feb 03 2021,97,57,1,0,0
23:53:53 Feb 03 2021,97,57,0,0,0
23:53:55 Feb 03 2021,98,60,0,0,0
23:53:57 Feb 03 2021,98,61,0,0,0
23:53:59 Feb 03 2021,98,64,0,0,0
23:54:01 Feb 03 2021,98,64,0,0,0
23:54:03 Feb 03 2021,98,64,0,0,0
23:54:05 Feb 03 2021,98,65,0,0,0
23:54:07 Feb 03 2021,98,66,0,0,0
23:54:09 Feb 03 2021,98,66,0,0,0
23:54:11 Feb 03 2021,97,69,0,0,0
23:54:13 Feb 03 2021,97,70,0,0,0
23:54:15 Feb 03 2021,97,70,0,0,0
23:54:17 Feb 03 2021,97,70,0,0,0
23:54:19 Feb 03 2021,97,70,0,0,0
23:54:21 Feb 03 2021,97,71,3,0,0
23:54:23 Feb 03 2021,97,71,0,0,0
23:54:25 Feb 03 2021,97,73,0,0,0
23:54:27 Feb 03 2021,96,74,0,0,0
23:54:29 Feb 03 2021,97,74,0,0,0
23:54:31 Feb 03 2021,96,70,0,0,0
23:54:33 Feb 03 2021,96,71,0,0,0
23:54:35 Feb 03 2021,96,72,0,0,0
23:54:37 Feb 03 2021,94,71,0,0,0
23:54:39 Feb 03 2021,93,79,0,0,0
23:54:41 Feb 03 2021,93,75,0,0,0
23:54:43 Feb 03 2021,93,77,0,0,0
23:54:45 Feb 03 2021,92,79,5,0,0
23:54:47 Feb 03 2021,95,78,5,0,0
23:54:49 Feb 03 2021,95,81,1,0,0
23:54:51 Feb 03 2021,96,82,3,0,0
23:54:53 Feb 03 2021,97,82,11,0,0
23:54:55 Feb 03 2021,97,83,8,0,0
23:54:57 Feb 03 2021,97,81,1,0,0
23:54:59 Feb 03 2021,97,79,0,0,0
23:55:01 Feb 03 2021,97,78,0,0,0
23:55:03 Feb 03 2021,97,79,0,0,0
23:55:05 Feb 03 2021,97,80,0,0,0
23:55:07 Feb 03 2021,97,80,0,0,0
23:55:09 Feb 03 2021,97,80,0,0,0
23:55:11 Feb 03 2021,97,79,0,0,0
23:55:13 Feb 03 2021,97,79,1,0,0
23:55:15 Feb 03 2021,98,80,0,0,0
23:55:17 Feb 03 2021,98,80,0,0,0
23:55:19 Feb 03 2021,98,80,1,0,0
23:55:21 Feb 03 2021,98,80,0,0,0
23:55:23 Feb 03 2021,98,80,0,0,0
23:55:25 Feb 03 2021,98,77,0,0,0
23:55:27 Feb 03 2021,97,75,0,0,0
23:55:29 Feb 03 2021,97,73,0,0,0
23:55:31 Feb 03 2021,97,73,0,0,0
23:55:33 Feb 03 2021,97,72,0,0,0
23:55:35 Feb 03 2021,97,71,0,0,0
23:55:37 Feb 03 2021,97,71,0,0,0
23:55:39 Feb 03 2021,97,70,0,0,0
23:55:41 Feb 03 2021,97,70,0,0,0
23:55:43 Feb 03 2021,97,71,0,0,0
23:55:45 Feb 03 2021,97,71,1,0,0
23:55:47 Feb 03 2021,97,71,0,0,0
23:55:49 Feb 03 2021,97,71,0,0,0
23:55:51 Feb 03 2021,97,71,0,0,0
23:55:53 Feb 03 2021,97,70,0,0,0
23:55:55 Feb 03 2021,97,71,0,0,0
23:55:57 Feb 03 2021,97,73,0,0,0
23:55:59 Feb 03 2021,96,76,1,0,0
23:56:01 Feb 03 2021,97,78,0,0,0
23:56:03 Feb 03 2021,97,76,0,0,0
23:56:05 Feb 03 2021,97,77,1,0,0
23:56:07 Feb 03 2021,97,77,1,0,0
23:56:09 Feb 03 2021,97,77,0,0,0
23:56:11 Feb 03 2021,97,76,1,0,0
23:56:13 Feb 03 2021,97,76,0,0,0
23:56:15 Feb 03 2021,97,73,0,0,0
23:56:17 Feb 03 2021,97,73,1,0,0
23:56:19 Feb 03 2021,97,71,3,0,0
23:56:21 Feb 03 2021,97,70,0,0,0
23:56:23 Feb 03 2021,97,71,1,0,0
23:56:25 Feb 03 2021,97,70,0,0,0
23:56:27 Feb 03 2021,97,72,0,0,0
23:56:29 Feb 03 2021,97,72,0,0,0
23:56:31 Feb 03 2021,97,72,0,0,0
23:56:33 Feb 03 2021,97,71,1,0,0
23:56:35 Feb 03 2021,97,71,0,0,0
23:56:37 Feb 03 2021,97,71,0,0,0
23:56:39 Feb 03 2021,97,70,0,0,0
23:56:41 Feb 03 2021,97,69,6,0,0
23:56:43 Feb 03 2021,97,69,0,0,0
23:56:45 Feb 03 2021,97,68,0,0,0
23:56:47 Feb 03 2021,97,68,0,0,0
23:56:49 Feb 03 2021,97,68,0,0,0
23:56:51 Feb 03 2021,97,64,0,0,0
23:56:53 Feb 03 2021,97,62,0,0,0
23:56:55 Feb 03 2021,97,59,1,0,0
23:56:57 Feb 03 2021,97,60,1,0,0
23:56:59 Feb 03 2021,97,60,0,0,0
23:57:01 Feb 03 2021,97,59,0,0,0
23:57:03 Feb 03 2021,97,58,1,0,0
23:57:05 Feb 03 2021,97,58,1,0,0
23:57:07 Feb 03 2021,97,58,0,0,0
23:57:09 Feb 03 2021,97,58,0,0,0
23:57:11 Feb 03 2021,97,58,0,0,0
23:57:13 Feb 03 2021,97,58,0,0,0
23:57:15 Feb 03 2021,97,58,0,0,0
23:57:17 Feb 03 2021,97,58,1,0,0
23:57:19 Feb 03 2021,97,58,0,0,0
23:57:21 Feb 03 2021,95,54,0,0,0
23:57:23 Feb 03 2021,95,53,0,0,0
23:57:25 Feb 03 2021,93,49,0,0,0
23:57:27 Feb 03 2021,97,49,0,0,0
23:57:29 Feb 03 2021,97,49,0,0,0
23:57:31 Feb 03 2021,97,49,0,0,0
23:57:33 Feb 03 2021,97,49,0,0,0
23:57:35 Feb 03 2021,97,49,0,0,0
23:57:37 Feb 03 2021,93,49,0,0,0
23:57:39 Feb 03 2021,93,49,0,0,0
23:57:41 Feb 03 2021,93,49,0,0,0
23:57:43 Feb 03 2021,95,49,0,0,0
23:57:45 Feb 03 2021,97,49,0,0,0
23:57:47 Feb 03 2021,97,47,0,0,0
23:57:49 Feb 03 2021,97,47,0,0,0
23:57:51 Feb 03 2021,97,48,0,0,0
23:57:53 Feb 03 2021,97,48,0,0,0
23:57:55 Feb 03 2021,97,48,0,0,0
23:57:57 Feb 03 2021,97,48,0,0,0
23:57:59 Feb 03 2021,97,48,0,0,0
23:58:01 Feb 03 2021,98,46,0,0,0
23:58:03 Feb 03 2021,98,46,0,0,0
23:58:05 Feb 03 2021,98,45,0,0,0
23:58:07 Feb 03 2021,98,47,0,0,0
23:58:09 Feb 03 2021,98,47,0,0,0
23:58:11 Feb 03 2021,98,46,0,0,0
23:58:13 Feb 03 2021,98,46,0,0,0
23:58:15 Feb 03 2021,98,47,0,0,0
23:58:17 Feb 03 2021,98,47,0,0,0
23:58:19 Feb 03 2021,98,47,0,0,0
23:58:21 Feb 03 2021,98,47,0,0,0
23:58:23 Feb 03 2021,98,47,0,0,0
23:58:25 Feb 03 2021,98,47,0,0,0
23:58:27 Feb 03 2021,98,47,0,0,0
23:58:29 Feb 03 2021,98,47,0,0,0
23:58:31 Feb 03 2021,97,49,0,0,0
23:58:33 Feb 03 2021,97,52,0,0,0
23:58:35 Feb 03 2021,96,57,2,0,0
23:58:37 Feb 03 2021,95,64,17,0,0
23:58:39 Feb 03 2021,95,66,14,0,0
23:58:41 Feb 03 2021,95,66,7,0,0
23:58:43 Feb 03 2021,95,65,2,0,0
23:58:45 Feb 03 2021,95,65,1,0,0
23:58:47 Feb 03 2021,95,65,1,0,0
23:58:49 Feb 03 2021,95,65,0,0,0
23:58:51 Feb 03 2021,94,65,0,0,0
23:58:53 Feb 03 2021,94,65,1,0,0
23:58:55 Feb 03 2021,93,66,1,0,0
23:58:57 Feb 03 2021,92,66,1,0,0
23:58:59 Feb 03 2021,93,66,5,0,0
23:59:01 Feb 03 2021,93,66,0,0,0
23:59:03 Feb 03 2021,93,66,0,0,0
23:59:05 Feb 03 2021,93,66,1,0,0
23:59:07 Feb 03 2021,94,69,0,0,0
23:59:09 Feb 03 2021,94,73,0,0,0
23:59:11 Feb 03 2021,95,76,4,0,0
23:59:13 Feb 03 2021,95,77,1,0,0
23:59:15 Feb 03 2021,95,74,7,0,0
23:59:17 Feb 03 2021,95,74,3,0,0
23:59:19 Feb 03 2021,95,74,0,0,0
23:59:21 Feb 03 2021,95,74,0,0,0
23:59:23 Feb 03 2021,95,74,1,0,0
23:59:25 Feb 03 2021,95,74,2,0,0
23:59:27 Feb 03 2021,95,74,3,0,0
23:59:29 Feb 03 2021,96,76,0,0,0
23:59:31 Feb 03 2021,96,77,0,0,0
23:59:33 Feb 03 2021,96,79,0,0,0
23:59:35 Feb 03 2021,96,80,0,0,0
23:59:37 Feb 03 2021,97,80,1,0,0
23:59:39 Feb 03 2021,97,81,0,0,0
23:59:41 Feb 03 2021,97,80,0,0,0
23:59:43 Feb 03 2021,97,80,0,0,0
23:59:45 Feb 03 2021,97,80,0,0,0
23:59:47 Feb 03 2021,97,80,0,0,0
23:59:49 Feb 03 2021,97,80,0,0,0
23:59:51 Feb 03 2021,97,81,1,0,0
23:59:53 Feb 03 2021,97,83,0,0,0
23:59:55 Feb 03 2021,97,81,0,0,0
23:59:57 Feb 03 2021,97,81,0,0,0
23:59:59 Feb 03 2021,97,79,0,0,0
00:00:01 Feb 04 2021,97,79,0,0,0
00:00:03 Feb 04 2021,97,79,0,0,0
00:00:05 Feb 04 2021,97,84,0,0,0
00:00:07 Feb 04 2021,97,86,0,0,0
00:00:09 Feb 04 2021,97,86,0,0,0
00:00:11 Feb 04 2021,97,87,0,0,0
00:00:13 Feb 04 2021,97,86,0,0,0
00:00:15 Feb 04 2021,97,86,0,0,0
00:00:17 Feb 04 2021,97,86,0,0,0
00:00:19 Feb 04 2021,96,85,0,0,0
00:00:21 Feb 04 2021,95,85,3,0,0
00:00:23 Feb 04 2021,94,83,10,0,0
00:00:25 Feb 04 2021,93,83,25,0,0
00:00:27 Feb 04 2021,93,82,1,0,0
00:00:29 Feb 04 2021,93,83,1,0,0
00:00:31 Feb 04 2021,93,83,1,0,0
00:00:33 Feb 04 2021,93,83,1,0,0
00:00:35 Feb 04 2021,93,83,1,0,0
00:00:37 Feb 04 2021,93,82,1,0,0
00:00:39 Feb 04 2021,94,81,1,0,0
00:00:41 Feb 04 2021,95,82,1,0,0
00:00:43 Feb 04 2021,96,82,0,0,0
00:00:45 Feb 04 2021,96,84,0,0,0
00:00:47 Feb 04 2021,96,84,0,0,0
00:00:49 Feb 04 2021,96,85,1,0,0
00:00:51 Feb 04 2021,97,86,0,0,0
00:00:53 Feb 04 2021,97,86,1,0,0
00:00:55 Feb 04 2021,97,86,0,0,0
00:00:57 Feb 04 2021,97,85,1,0,0
00:00:59 Feb 04 2021,97,88,1,0,0
00:01:01 Feb 04 2021,97,87,1,0,0
00:01:03 Feb 04 2021,97,87,1,0,0
00:01:05 Feb 04 2021,97,85,1,0,0
00:01:07 Feb 04 2021,97,83,0,0,0
00:01:09 Feb 04 2021,97,83,0,0,0
00:01:11 Feb 04 2021,97,78,1,0,0
00:01:13 Feb 04 2021,97,78,1,0,0
00:01:15 Feb 04 2021,97,77,1,0,0
00:01:17 Feb 04 2021,97,78,0,0,0
00:01:19 Feb 04 2021,97,79,0,0,0
00:01:21 Feb 04 2021,97,78,0,0,0
00:01:23 Feb 04 2021,97,78,0,0,0
00:01:25 Feb 04 2021,97,78,0,0,0
00:01:27 Feb 04 2021,97,78,1,0,0
00:01:29 Feb 04 2021,97,78,0,0,0
00:01:31 Feb 04 2021,97,77,1,0,0
00:01:33 Feb 04 2021,97,77,0,0,0
00:01:35 Feb 04 2021,97,78,1,0,0
00:01:37 Feb 04 2021,96,76,0,0,0
00:01:39 Feb 04 2021,96,80,1,0,0
00:01:41 Feb 04 2021,94,82,0,0,0
00:01:43 Feb 04 2021,93,81,0,0,0
00:01:45 Feb 04 2021,92,79,1,0,0
00:01:47 Feb 04 2021,92,74,1,0,0
00:01:49 Feb 04 2021,93,66,0,0,0
00:01:51 Feb 04 2021,93,62,1,0,0
00:01:53 Feb 04 2021,93,61,1,0,0
00:01:55 Feb 04 2021,93,60,1,0,0
00:01:57 Feb 04 2021,93,60,1,0,0
00:01:59 Feb 04 2021,93,60,0,0,0
00:02:01 Feb 04 2021,93,60,0,0,0
00:02:03 Feb 04 2021,94,60,0,0,0
00:02:05 Feb 04 2021,95,61,0,0,0
00:02:07 Feb 04 2021,96,61,1,0,0
00:02:09 Feb 04 2021,96,60,1,0,0
00:02:11 Feb 04 2021,96,60,0,0,0
00:02:13 Feb 04 2021,97,60,1,0,0
00:02:15 Feb 04 2021,97,60,1,0,0
00:02:17 Feb 04 2021,97,60,0,0,0
00:02:19 Feb 04 2021,97,61,1,0,0
00:02:21 Feb 04 2021,97,61,0,0,0
00:02:23 Feb 04 2021,97,63,0,0,0
00:02:25 Feb 04 2021,97,63,1,0,0
00:02:27 Feb 04 2021,97,64,0,0,0
00:02:29 Feb 04 2021,97,64,1,0,0
00:02:31 Feb 04 2021,97,62,0,0,0
00:02:33 Feb 04 2021,97,60,0,0,0
00:02:35 Feb 04 2021,97,59,1,0,0
00:02:37 Feb 04 2021,97,59,0,0,0
00:02:39 Feb 04 2021,97,59,0,0,0
00:02:41 Feb 04 2021,97,58,0,0,0
00:02:43 Feb 04 2021,97,59,1,0,0
00:02:45 Feb 04 2021,97,59,0,0,0
00:02:47 Feb 04 2021,97,61,1,0,0
00:02:49 Feb 04 2021,97,61,1,0,0
00:02:51 Feb 04 2021,97,62,5,0,0
00:02:53 Feb 04 2021,97,62,2,0,0
00:02:55 Feb 04 2021,97,62,2,0,0
00:02:57 Feb 04 2021,97,63,11,0,0
00:02:59 Feb 04 2021,97,63,2,0,0
00:03:01 Feb 04 2021,97,63,0,0,0
00:03:03 Feb 04 2021,97,63,0,0,0
00:03:05 Feb 04 2021,97,60,0,0,0
00:03:07 Feb 04 2021,97,58,0,0,0
00:03:09 Feb 04 2021,97,58,0,0,0
00:03:11 Feb 04 2021,97,57,0,0,0
00:03:13 Feb 04 2021,97,58,0,0,0
00:03:15 Feb 04 2021,97,59,0,0,0
00:03:17 Feb 04 2021,97,60,0,0,0
00:03:19 Feb 04 2021,97,60,1,0,0
00:03:21 Feb 04 2021,97,60,0,0,0
00:03:23 Feb 04 2021,96,61,0,0,0
00:03:25 Feb 04 2021,96,61,0,0,0
00:03:27 Feb 04 2021,96,59,0,0,0
00:03:29 Feb 04 2021,96,58,1,0,0
00:03:31 Feb 04 2021,96,56,1,0,0
00:03:33 Feb 04 2021,97,53,1,0,0
00:03:35 Feb 04 2021,97,56,1,0,0
00:03:37 Feb 04 2021,97,56,2,0,0
00:03:39 Feb 04 2021,97,59,1,0,0
00:03:41 Feb 04 2021,97,58,0,0,0
00:03:43 Feb 04 2021,97,60,1,0,0
00:03:45 Feb 04 2021,97,60,0,0,0
00:03:47 Feb 04 2021,97,58,1,0,0
00:03:49 Feb 04 2021,97,56,0,0,0
00:03:51 Feb 04 2021,97,55,0,0,0
00:03:53 Feb 04 2021,97,56,0,0,0
00:03:55 Feb 04 2021,97,55,1,0,0
00:03:57 Feb 04 2021,97,55,0,0,0
00:03:59 Feb 04 2021,97,59,1,0,0
00:04:01 Feb 04 2021,97,57,1,0,0
00:04:03 Feb 04 2021,97,59,0,0,0
00:04:05 Feb 04 2021,97,59,0,0,0
00:04:07 Feb 04 2021,97,59,0,0,0
00:04:09 Feb 04 2021,97,59,1,0,0
00:04:11 Feb 04 2021,97,63,1,0,0
00:04:13 Feb 04 2021,97,65,0,0,0
00:04:15 Feb 04 2021,97,70,1,0,0
00:04:17 Feb 04 2021,96,77,1,0,0
00:04:19 Feb 04 2021,96,73,0,0,0
00:04:21 Feb 04 2021,96,78,1,0,0
00:04:23 Feb 04 2021,96,73,1,0,0
00:04:25 Feb 04 2021,96,70,0,0,0
00:04:27 Feb 04 2021,96,72,1,0,0
00:04:29 Feb 04 2021,96,72,1,0,0
00:04:31 Feb 04 2021,96,73,0,0,0
00:04:33 Feb 04 2021,96,72,0,0,0
00:04:35 Feb 04 2021,96,71,0,0,0
00:04:37 Feb 04 2021,96,70,0,0,0
00:04:39 Feb 04 2021,96,70,1,0,0
00:04:41 Feb 04 2021,96,69,0,0,0
00:04:43 Feb 04 2021,96,70,0,0,0
00:04:45 Feb 04 2021,96,68,1,0,0
00:04:47 Feb 04 2021,97,64,0,0,0
00:04:49 Feb 04 2021,97,65,1,0,0
00:04:51 Feb 04 2021,97,65,1,0,0
00:04:53 Feb 04 2021,97,64,0,0,0
00:04:55 Feb 04 2021,98,64,1,0,0
00:04:57 Feb 04 2021,98,61,0,0,0
00:04:59 Feb 04 2021,98,58,1,0,0
00:05:01 Feb 04 2021,98,58,0,0,0
00:05:03 Feb 04 2021,98,59,1,0,0
00:05:05 Feb 04 2021,98,58,1,0,0
00:05:07 Feb 04 2021,98,58,0,0,0
00:05:09 Feb 04 2021,98,58,1,0,0
00:05:11 Feb 04 2021,98,58,0,0,0
00:05:13 Feb 04 2021,98,58,0,0,0
00:05:15 Feb 04 2021,98,58,0,0,0
00:05:17 Feb 04 2021,98,58,0,0,0
00:05:19 Feb 04 2021,98,59,1,0,0
00:05:21 Feb 04 2021,97,61,1,0,0
00:05:23 Feb 04 2021,97,62,0,0,0
00:05:25 Feb 04 2021,97,66,0,0,0
00:05:27 Feb 04 2021,97,66,1,0,0
00:05:29 Feb 04 2021,97,64,0,0,0
00:05:31 Feb 04 2021,97,64,1,0,0
00:05:33 Feb 04 2021,96,67,1,0,0
00:05:35 Feb 04 2021,96,70,0,0,0
00:05:37 Feb 04 2021,95,73,0,0,0
00:05:39 Feb 04 2021,94,75,0,0,0
00:05:41 Feb 04 2021,94,72,1,0,0
00:05:43 Feb 04 2021,94,71,1,0,0
00:05:45 Feb 04 2021,92,72,1,0,0
00:05:47 Feb 04 2021,92,71,0,0,0
00:05:49 Feb 04 2021,92,71,1,0,0
00:05:51 Feb 04 2021,92,72,1,0,0
00:05:53 Feb 04 2021,92,72,1,0,0
00:05:55 Feb 04 2021,92,72,0,0,0
00:05:57 Feb 04 2021,92,72,0,0,0
00:05:59 Feb 04 2021,92,72,0,0,0
00:06:01 Feb 04 2021,93,76,0,0,0
00:06:03 Feb 04 2021,94,77,0,0,0
00:06:05 Feb 04 2021,95,79,1,0,0
00:06:07 Feb 04 2021,96,80,1,0,0
00:06:09 Feb 04 2021,96,79,1,0,0
00:06:11 Feb 04 2021,96,79,0,0,0
00:06:13 Feb 04 2021,96,80,1,0,0
00:06:15 Feb 04 2021,97,79,0,0,0
00:06:17 Feb 04 2021,97,81,1,0,0
00:06:19 Feb 04 2021,98,88,1,0,0
00:06:21 Feb 04 2021,98,90,0,0,0
00:06:23 Feb 04 2021,98,91,1,0,0
00:06:25 Feb 04 2021,98,89,1,0,0
00:06:27 Feb 04 2021,98,84,1,0,0
00:06:29 Feb 04 2021,98,82,0,0,0
00:06:31 Feb 04 2021,98,80,1,0,0
00:06:33 Feb 04 2021,98,79,1,0,0
00:06:35 Feb 04 2021,98,78,1,0,0
00:06:37 Feb 04 2021,98,78,0,0,0
00:06:39 Feb 04 2021,98,78,1,0,0
00:06:41 Feb 04 2021,98,78,3,0,0
00:06:43 Feb 04 2021,98,78,1,0,0
00:06:45 Feb 04 2021,98,77,1,0,0
00:06:47 Feb 04 2021,98,78,0,0,0
00:06:49 Feb 04 2021,98,78,1,0,0
00:06:51 Feb 04 2021,98,78,0,0,0
00:06:53 Feb 04 2021,98,78,1,0,0
00:06:55 Feb 04 2021,98,78,1,0,0
00:06:57 Feb 04 2021,97,80,0,0,0
00:06:59 Feb 04 2021,95,81,0,0,0
00:07:01 Feb 04 2021,95,83,0,0,0
00:07:03 Feb 04 2021,95,85,1,0,0
00:07:05 Feb 04 2021,96,84,1,0,0
00:07:07 Feb 04 2021,96,84,0,0,0
00:07:09 Feb 04 2021,95,83,1,0,0
00:07:11 Feb 04 2021,96,82,1,0,0
00:07:13 Feb 04 2021,95,81,0,0,0
00:07:15 Feb 04 2021,95,81,1,0,0
00:07:17 Feb 04 2021,96,82,1,0,0
00:07:19 Feb 04 2021,97,84,1,0,0
00:07:21 Feb 04 2021,97,85,0,0,0
00:07:23 Feb 04 2021,97,84,0,0,0
00:07:25 Feb 04 2021,97,82,0,0,0
00:07:27 Feb 04 2021,97,85,1,0,0
00:07:29 Feb 04 2021,97,82,0,0,0
00:07:31 Feb 04 2021,97,84,1,0,0
00:07:33 Feb 04 2021,97,87,1,0,0
00:07:35 Feb 04 2021,97,82,1,0,0
00:07:37 Feb 04 2021,97,82,1,0,0
00:07:39 Feb 04 2021,97,81,0,0,0
00:07:41 Feb 04 2021,97,83,0,0,0
00:07:43 Feb 04 2021,97,82,1,0,0
00:07:45 Feb 04 2021,97,82,1,0,0
00:07:47 Feb 04 2021,97,73,1,0,0
00:07:49 Feb 04 2021,97,65,1,0,0
00:07:51 Feb 04 2021,97,58,1,0,0
00:07:53 Feb 04 2021,97,55,1,0,0
00:07:55 Feb 04 2021,97,55,0,0,0
00:07:57 Feb 04 2021,97,55,0,0,0
00:07:59 Feb 04 2021,97,55,1,0,0
00:08:01 Feb 04 2021,97,55,1,0,0
00:08:03 Feb 04 2021,97,55,0,0,0
00:08:05 Feb 04 2021,97,55,0,0,0
00:08:07 Feb 04 2021,96,56,0,0,0
00:08:09 Feb 04 2021,96,56,0,0,0
00:08:11 Feb 04 2021,94,60,0,0,0
00:08:13 Feb 04 2021,94,63,0,0,0
00:08:15 Feb 04 2021,95,62,1,0,0
00:08:17 Feb 04 2021,94,64,0,0,0
00:08:19 Feb 04 2021,94,60,0,0,0
00:08:21 Feb 04 2021,94,60,0,0,0
00:08:23 Feb 04 2021,94,59,0,0,0
00:08:25 Feb 04 2021,94,59,0,0,0
00:08:27 Feb 04 2021,94,60,0,0,0
00:08:29 Feb 04 2021,93,61,0,0,0
00:08:31 Feb 04 2021,92,61,0,0,0
00:08:33 Feb 04 2021,93,61,0,0,0
00:08:35 Feb 04 2021,92,61,0,0,0
00:08:37 Feb 04 2021,92,59,0,0,0
00:08:39 Feb 04 2021,92,58,0,0,0
00:08:41 Feb 04 2021,92,58,0,0,0
00:08:43 Feb 04 2021,92,59,0,0,0
00:08:45 Feb 04 2021,92,58,0,0,0
00:08:47 Feb 04 2021,92,58,0,0,0
00:08:49 Feb 04 2021,92,58,0,0,0
00:08:51 Feb 04 2021,92,58,0,0,0
00:08:53 Feb 04 2021,92,58,0,0,0
00:08:55 Feb 04 2021,94,59,0,0,0
00:08:57 Feb 04 2021,96,61,0,0,0
00:08:59 Feb 04 2021,96,62,0,0,0
00:09:01 Feb 04 2021,97,64,0,0,0
00:09:03 Feb 04 2021,97,63,0,0,0
00:09:05 Feb 04 2021,98,63,0,0,0
00:09:07 Feb 04 2021,98,62,0,0,0
00:09:09 Feb 04 2021,98,63,0,0,0
00:09:11 Feb 04 2021,98,62,0,0,0
00:09:13 Feb 04 2021,98,62,0,0,0
00:09:15 Feb 04 2021,98,62,0,0,0
00:09:17 Feb 04 2021,98,61,0,0,0
00:09:19 Feb 04 2021,98,62,0,0,0
00:09:21 Feb 04 2021,98,62,0,0,0
00:09:23 Feb 04 2021,98,63,0,0,0
00:09:25 Feb 04 2021,98,65,0,0,0
00:09:27 Feb 04 2021,98,66,0,0,0
00:09:29 Feb 04 2021,98,66,0,0,0
00:09:31 Feb 04 2021,98,64,0,0,0
00:09:33 Feb 04 2021,98,63,0,0,0
00:09:35 Feb 04 2021,98,62,0,0,0
00:09:37 Feb 04 2021,98,61,0,0,0
00:09:39 Feb 04 2021,98,60,0,0,0
00:09:41 Feb 04 2021,98,58,0,0,0
00:09:43 Feb 04 2021,98,59,0,0,0
00:09:45 Feb 04 2021,98,58,0,0,0
00:09:47 Feb 04 2021,98,58,0,0,0
00:09:49 Feb 04 2021,98,58,0,0,0
00:09:51 Feb 04 2021,98,58,0,0,0
00:09:53 Feb 04 2021,98,58,0,0,0
00:09:55 Feb 04 2021,98,58,0,0,0
00:09:57 Feb 04 2021,98,58,0,0,0
00:09:59 Feb 04 2021,98,59,0,0,0
00:10:01 Feb 04 2021,98,59,0,0,0
00:10:03 Feb 04 2021,97,59,0,0,0
00:10:05 Feb 04 2021,97,60,0,0,0
00:10:07 Feb 04 2021,97,58,0,0,0
00:10:09 Feb 04 2021,97,60,0,0,0
00:10:11 Feb 04 2021,97,59,1,0,0
00:10:13 Feb 04 2021,98,58,0,0,0
00:10:15 Feb 04 2021,97,59,0,0,0
00:10:17 Feb 04 2021,97,59,0,0,0
00:10:19 Feb 04 2021,97,59,0,0,0
00:10:21 Feb 04 2021,97,60,0,0,0
00:10:23 Feb 04 2021,98,60,0,0,0
00:10:25 Feb 04 2021,98,61,0,0,0
00:10:27 Feb 04 2021,98,64,0,0,0
00:10:29 Feb 04 2021,98,63,0,0,0
00:10:31 Feb 04 2021,98,64,0,0,0
00:10:33 Feb 04 2021,98,62,0,0,0
00:10:35 Feb 04 2021,98,62,0,0,0
00:10:37 Feb 04 2021,98,62,0,0,0
00:10:39 Feb 04 2021,98,61,0,0,0
00:10:41 Feb 04 2021,98,64,0,0,0
00:10:43 Feb 04 2021,98,65,0,0,0
00:10:45 Feb 04 2021,98,62,0,0,0
00:10:47 Feb 04 2021,98,64,0,0,0
00:10:49 Feb 04 2021,96,65,0,0,0
00:10:51 Feb 04 2021,95,66,0,0,0
00:10:53 Feb 04 2021,92,71,0,0,0
00:10:55 Feb 04 2021,90,71,0,0,0
00:10:57 Feb 04 2021,90,72,0,0,0
00:10:59 Feb 04 2021,89,72,0,1,0
00:11:01 Feb 04 2021,89,72,0,0,0
00:11:03 Feb 04 2021,90,73,0,0,0
00:11:05 Feb 04 2021,90,76,0,0,0
00:11:07 Feb 04 2021,90,78,0,0,0
00:11:09 Feb 04 2021,91,80,0,0,0
00:11:11 Feb 04 2021,92,79,0,0,0
00:11:13 Feb 04 2021,93,78,0,0,0
00:11:15 Feb 04 2021,96,78,0,0,0
00:11:17 Feb 04 2021,97,76,0,0,0
00:11:19 Feb 04 2021,97,75,0,0,0
00:11:21 Feb 04 2021,97,74,0,0,0
00:11:23 Feb 04 2021,97,75,0,0,0
00:11:25 Feb 04 2021,97,74,0,0,0
00:11:27 Feb 04 2021,98,72,0,0,0
00:11:29 Feb 04 2021,98,71,0,0,0
00:11:31 Feb 04 2021,98,70,0,0,0
00:11:33 Feb 04 2021,98,70,0,0,0
00:11:35 Feb 04 2021,98,70,0,0,0
00:11:37 Feb 04 2021,98,66,0,0,0
00:11:39 Feb 04 2021,98,64,0,0,0
00:11:41 Feb 04 2021,98,64,0,0,0
00:11:43 Feb 04 2021,98,65,0,0,0
00:11:45 Feb 04 2021,98,67,0,0,0
00:11:47 Feb 04 2021,98,70,0,0,0
00:11:49 Feb 04 2021,98,71,0,0,0
00:11:51 Feb 04 2021,98,71,0,0,0
00:11:53 Feb 04 2021,98,72,0,0,0
00:11:55 Feb 04 2021,98,70,0,0,0
00:11:57 Feb 04 2021,98,69,0,0,0
00:11:59 Feb 04 2021,98,70,0,0,0
00:12:01 Feb 04 2021,98,69,0,0,0
00:12:03 Feb 04 2021,97,69,0,0,0
00:12:05 Feb 04 2021,93,69,0,0,0
00:12:07 Feb 04 2021,91,69,1,0,0
00:12:09 Feb 04 2021,88,70,0,1,0
00:12:11 Feb 04 2021,88,70,1,0,0
00:12:13 Feb 04 2021,88,70,1,0,0
00:12:15 Feb 04 2021,87,72,3,0,0
00:12:17 Feb 04 2021,88,70,1,0,0
00:12:19 Feb 04 2021,88,71,0,0,0
00:12:21 Feb 04 2021,88,71,0,0,0
00:12:23 Feb 04 2021,88,72,2,0,0
00:12:25 Feb 04 2021,88,72,7,0,0
00:12:27 Feb 04 2021,88,73,1,0,0
00:12:29 Feb 04 2021,88,74,1,0,0
00:12:31 Feb 04 2021,87,74,1,0,0
00:12:33 Feb 04 2021,88,74,4,0,0
00:12:35 Feb 04 2021,88,74,3,0,0
00:12:37 Feb 04 2021,88,74,1,0,0
00:12:39 Feb 04 2021,88,74,0,0,0
00:12:41 Feb 04 2021,88,74,1,0,0
00:12:43 Feb 04 2021,88,74,1,0,0
00:12:45 Feb 04 2021,88,75,1,0,0
00:12:47 Feb 04 2021,90,76,0,0,0
00:12:49 Feb 04 2021,92,77,0,0,0
00:12:51 Feb 04 2021,92,77,0,0,0
00:12:53 Feb 04 2021,92,77,0,0,0
00:12:55 Feb 04 2021,92,77,0,0,0
00:12:57 Feb 04 2021,94,78,0,0,0
00:12:59 Feb 04 2021,95,78,0,0,0
00:13:01 Feb 04 2021,96,78,0,0,0
00:13:03 Feb 04 2021,96,77,0,0,0
00:13:05 Feb 04 2021,97,76,0,0,0
00:13:07 Feb 04 2021,98,75,0,0,0
00:13:09 Feb 04 2021,98,75,0,0,0
00:13:11 Feb 04 2021,98,75,0,0,0
00:13:13 Feb 04 2021,98,77,0,0,0
00:13:15 Feb 04 2021,98,78,0,0,0
00:13:17 Feb 04 2021,98,79,0,0,0
00:13:19 Feb 04 2021,98,79,0,0,0
00:13:21 Feb 04 2021,98,78,0,0,0
00:13:23 Feb 04 2021,98,78,0,0,0
00:13:25 Feb 04 2021,98,78,0,0,0
00:13:27 Feb 04 2021,98,78,0,0,0
00:13:29 Feb 04 2021,98,78,1,0,0
00:13:31 Feb 04 2021,98,77,0,0,0
00:13:33 Feb 04 2021,98,77,0,0,0
00:13:35 Feb 04 2021,98,76,1,0,0
00:13:37 Feb 04 2021,98,79,0,0,0
00:13:39 Feb 04 2021,98,80,0,0,0
00:13:41 Feb 04 2021,98,81,0,0,0
00:13:43 Feb 04 2021,98,82,0,0,0
00:13:45 Feb 04 2021,98,80,0,0,0
00:13:47 Feb 04 2021,98,78,0,0,0
00:13:49 Feb 04 2021,98,76,0,0,0
00:13:51 Feb 04 2021,97,73,0,0,0
00:13:53 Feb 04 2021,95,75,0,0,0
00:13:55 Feb 04 2021,95,76,1,0,0
00:13:57 Feb 04 2021,94,78,0,0,0
00:13:59 Feb 04 2021,94,79,0,0,0
00:14:01 Feb 04 2021,95,78,0,0,0
00:14:03 Feb 04 2021,95,81,0,0,0
00:14:05 Feb 04 2021,95,81,0,0,0
00:14:07 Feb 04 2021,95,81,0,0,0
00:14:09 Feb 04 2021,95,81,0,0,0
00:14:11 Feb 04 2021,96,80,0,0,0
00:14:13 Feb 04 2021,96,80,0,0,0
00:14:15 Feb 04 2021,96,80,0,0,0
00:14:17 Feb 04 2021,97,79,0,0,0
00:14:19 Feb 04 2021,97,81,11,0,0
00:14:21 Feb 04 2021,97,81,0,0,0
00:14:23 Feb 04 2021,97,81,0,0,0
00:14:25 Feb 04 2021,97,81,0,0,0
00:14:27 Feb 04 2021,97,81,0,0,0
00:14:29 Feb 04 2021,97,81,0,0,0
00:14:31 Feb 04 2021,97,82,0,0,0
00:14:33 Feb 04 2021,97,83,0,0,0
00:14:35 Feb 04 2021,97,83,0,0,0
00:14:37 Feb 04 2021,97,86,0,0,0
00:14:39 Feb 04 2021,97,86,0,0,0
00:14:41 Feb 04 2021,97,86,0,0,0
00:14:43 Feb 04 2021,97,85,0,0,0
00:14:45 Feb 04 2021,97,81,0,0,0
00:14:47 Feb 04 2021,97,79,0,0,0
00:14:49 Feb 04 2021,96,74,0,0,0
00:14:51 Feb 04 2021,96,73,0,0,0
00:14:53 Feb 04 2021,96,72,0,0,0
00:14:55 Feb 04 2021,96,69,0,0,0
00:14:57 Feb 04 2021,96,70,0,0,0
00:14:59 Feb 04 2021,96,70,0,0,0
00:15:01 Feb 04 2021,96,68,0,0,0
00:15:03 Feb 04 2021,96,68,1,0,0
00:15:05 Feb 04 2021,96,66,0,0,0
00:15:07 Feb 04 2021,96,68,0,0,0
00:15:09 Feb 04 2021,96,69,0,0,0
00:15:11 Feb 04 2021,96,70,0,0,0
00:15:13 Feb 04 2021,96,70,0,0,0
00:15:15 Feb 04 2021,96,70,0,0,0
00:15:17 Feb 04 2021,96,72,0,0,0
00:15:19 Feb 04 2021,96,71,0,0,0
00:15:21 Feb 04 2021,96,72,0,0,0
00:15:23 Feb 04 2021,96,71,0,0,0
00:15:25 Feb 04 2021,96,71,0,0,0
00:15:27 Feb 04 2021,96,71,0,0,0
00:15:29 Feb 04 2021,97,71,0,0,0
00:15:31 Feb 04 2021,97,71,0,0,0
00:15:33 Feb 04 2021,98,70,0,0,0
00:15:35 Feb 04 2021,98,70,0,0,0
00:15:37 Feb 04 2021,98,72,0,0,0
00:15:39 Feb 04 2021,98,60,0,0,0
00:15:41 Feb 04 2021,98,55,0,0,0
00:15:43 Feb 04 2021,98,46,0,0,0
00:15:45 Feb 04 2021,98,41,0,0,0
00:15:47 Feb 04 2021,98,41,0,0,0
00:15:49 Feb 04 2021,98,42,0,0,0
00:15:51 Feb 04 2021,98,43,0,0,0
00:15:53 Feb 04 2021,98,46,0,0,0
00:15:55 Feb 04 2021,98,48,0,0,0
00:15:57 Feb 04 2021,98,50,0,0,0
00:15:59 Feb 04 2021,98,49,0,0,0
00:16:01 Feb 04 2021,98,49,0,0,0
00:16:03 Feb 04 2021,98,49,0,0,0
00:16:05 Feb 04 2021,98,49,0,0,0
00:16:07 Feb 04 2021,98,49,0,0,0
00:16:09 Feb 04 2021,98,49,0,0,0
00:16:11 Feb 04 2021,98,49,0,0,0
00:16:13 Feb 04 2021,97,51,0,0,0
00:16:15 Feb 04 2021,96,57,0,0,0
00:16:17 Feb 04 2021,95,63,0,0,0
00:16:19 Feb 04 2021,94,66,0,0,0
00:16:21 Feb 04 2021,95,66,0,0,0
00:16:23 Feb 04 2021,95,61,0,0,0
00:16:25 Feb 04 2021,95,62,0,0,0
00:16:27 Feb 04 2021,94,64,0,0,0
00:16:29 Feb 04 2021,95,68,0,0,0
00:16:31 Feb 04 2021,95,72,0,0,0
00:16:33 Feb 04 2021,95,72,0,0,0
00:16:35 Feb 04 2021,96,72,0,0,0
00:16:37 Feb 04 2021,96,72,0,0,0
00:16:39 Feb 04 2021,96,72,0,0,0
00:16:41 Feb 04 2021,96,72,0,0,0
00:16:43 Feb 04 2021,96,72,0,0,0
00:16:45 Feb 04 2021,96,72,0,0,0
00:16:47 Feb 04 2021,96,72,0,0,0
00:16:49 Feb 04 2021,97,73,0,0,0
00:16:51 Feb 04 2021,97,73,0,0,0
00:16:53 Feb 04 2021,97,74,0,0,0
00:16:55 Feb 04 2021,98,75,0,0,0
00:16:57 Feb 04 2021,98,74,0,0,0
00:16:59 Feb 04 2021,98,76,0,0,0
00:17:01 Feb 04 2021,98,76,0,0,0
00:17:03 Feb 04 2021,98,76,0,0,0
00:17:05 Feb 04 2021,98,77,0,0,0
00:17:07 Feb 04 2021,98,77,1,0,0
00:17:09 Feb 04 2021,98,77,0,0,0
00:17:11 Feb 04 2021,98,77,0,0,0
00:17:13 Feb 04 2021,98,77,0,0,0
00:17:15 Feb 04 2021,97,77,0,0,0
00:17:17 Feb 04 2021,97,76,0,0,0
00:17:19 Feb 04 2021,96,75,0,0,0
00:17:21 Feb 04 2021,96,74,0,0,0
00:17:23 Feb 04 2021,96,74,0,0,0
00:17:25 Feb 04 2021,95,74,0,0,0
00:17:27 Feb 04 2021,94,74,0,0,0
00:17:29 Feb 04 2021,93,74,0,0,0
00:17:31 Feb 04 2021,93,74,0,0,0
00:17:33 Feb 04 2021,93,74,0,0,0
00:17:35 Feb 04 2021,93,74,0,0,0
00:17:37 Feb 04 2021,93,74,0,0,0
00:17:39 Feb 04 2021,93,74,0,0,0
00:17:41 Feb 04 2021,93,74,0,0,0
00:17:43 Feb 04 2021,93,74,0,0,0
00:17:45 Feb 04 2021,93,74,0,0,0
00:17:47 Feb 04 2021,93,74,1,0,0
00:17:49 Feb 04 2021,93,74,0,0,0
00:17:51 Feb 04 2021,93,74,0,0,0
00:17:53 Feb 04 2021,93,74,0,0,0
00:17:55 Feb 04 2021,93,74,0,0,0
00:17:57 Feb 04 2021,94,74,0,0,0
00:17:59 Feb 04 2021,95,73,0,0,0
00:18:01 Feb 04 2021,95,73,0,0,0
00:18:03 Feb 04 2021,96,73,0,0,0
00:18:05 Feb 04 2021,96,73,0,0,0
00:18:07 Feb 04 2021,96,74,0,0,0
00:18:09 Feb 04 2021,97,74,0,0,0
00:18:11 Feb 04 2021,97,72,0,0,0
00:18:13 Feb 04 2021,97,69,0,0,0
00:18:15 Feb 04 2021,97,66,0,0,0
00:18:17 Feb 04 2021,97,66,0,0,0
00:18:19 Feb 04 2021,97,66,0,0,0
00:18:21 Feb 04 2021,97,66,0,0,0
00:18:23 Feb 04 2021,97,66,0,0,0
00:18:25 Feb 04 2021,97,66,0,0,0
00:18:27 Feb 04 2021,97,65,0,0,0
00:18:29 Feb 04 2021,97,66,0,0,0
00:18:31 Feb 04 2021,97,65,0,0,0
00:18:33 Feb 04 2021,97,65,0,0,0
00:18:35 Feb 04 2021,97,65,0,0,0
00:18:37 Feb 04 2021,97,65,0,0,0
00:18:39 Feb 04 2021,96,64,1,0,0
00:18:41 Feb 04 2021,96,63,0,0,0
00:18:43 Feb 04 2021,95,64,0,0,0
00:18:45 Feb 04 2021,94,67,0,0,0
00:18:47 Feb 04 2021,94,70,0,0,0
00:18:49 Feb 04 2021,93,72,0,0,0
00:18:51 Feb 04 2021,93,71,0,0,0
00:18:53 Feb 04 2021,92,74,0,0,0
00:18:55 Feb 04 2021,92,71,0,0,0
00:18:57 Feb 04 2021,92,73,0,0,0
00:18:59 Feb 04 2021,92,79,0,0,0
00:19:01 Feb 04 2021,94,76,0,0,0
00:19:03 Feb 04 2021,95,77,0,0,0
00:19:05 Feb 04 2021,96,77,0,0,0
00:19:07 Feb 04 2021,96,76,0,0,0
00:19:09 Feb 04 2021,96,77,0,0,0
00:19:11 Feb 04 2021,96,77,0,0,0
00:19:13 Feb 04 2021,96,76,0,0,0
00:19:15 Feb 04 2021,96,76,0,0,0
00:19:17 Feb 04 2021,96,76,0,0,0
00:19:19 Feb 04 2021,97,75,0,0,0
00:19:21 Feb 04 2021,97,75,0,0,0
00:19:23 Feb 04 2021,97,74,0,0,0
00:19:25 Feb 04 2021,98,74,0,0,0
00:19:27 Feb 04 2021,98,73,0,0,0
00:19:29 Feb 04 2021,98,73,0,0,0
00:19:31 Feb 04 2021,98,73,0,0,0
00:19:33 Feb 04 2021,98,73,0,0,0
00:19:35 Feb 04 2021,98,73,0,0,0
00:19:37 Feb 04 2021,98,75,0,0,0
00:19:39 Feb 04 2021,98,78,0,0,0
00:19:41 Feb 04 2021,98,81,0,0,0
00:19:43 Feb 04 2021,98,81,0,0,0
00:19:45 Feb 04 2021,98,82,0,0,0
00:19:47 Feb 04 2021,98,82,2,0,0
00:19:49 Feb 04 2021,98,83,1,0,0
00:19:51 Feb 04 2021,98,83,1,0,0
00:19:53 Feb 04 2021,98,83,0,0,0
00:19:55 Feb 04 2021,98,83,1,0,0
00:19:57 Feb 04 2021,98,83,0,0,0
00:19:59 Feb 04 2021,98,83,0,0,0
00:20:01 Feb 04 2021,98,83,0,0,0
00:20:03 Feb 04 2021,98,83,4,0,0
00:20:05 Feb 04 2021,98,83,0,0,0
00:20:07 Feb 04 2021,98,82,0,0,0
00:20:09 Feb 04 2021,96,84,0,0,0
00:20:11 Feb 04 2021,96,82,0,0,0
00:20:13 Feb 04 2021,95,84,0,0,0
00:20:15 Feb 04 2021,94,86,0,0,0
00:20:17 Feb 04 2021,94,84,0,0,0
00:20:19 Feb 04 2021,94,80,3,0,0
00:20:21 Feb 04 2021,94,78,1,0,0
00:20:23 Feb 04 2021,93,76,3,0,0
00:20:25 Feb 04 2021,93,76,11,0,0
00:20:27 Feb 04 2021,93,78,0,0,0
00:20:29 Feb 04 2021,93,77,0,0,0
00:20:31 Feb 04 2021,93,77,1,0,0
00:20:33 Feb 04 2021,94,77,0,0,0
00:20:35 Feb 04 2021,95,79,0,0,0
00:20:37 Feb 04 2021,97,81,1,0,0
00:20:39 Feb 04 2021,97,82,0,0,0
00:20:41 Feb 04 2021,97,82,0,0,0
00:20:43 Feb 04 2021,97,82,1,0,0
00:20:45 Feb 04 2021,97,81,0,0,0
00:20:47 Feb 04 2021,97,82,0,0,0
00:20:49 Feb 04 2021,97,81,0,0,0
00:20:51 Feb 04 2021,97,80,0,0,0
00:20:53 Feb 04 2021,97,80,0,0,0
00:20:55 Feb 04 2021,97,80,0,0,0
00:20:57 Feb 04 2021,97,80,0,0,0
00:20:59 Feb 04 2021,97,78,0,0,0
00:21:01 Feb 04 2021,97,78,0,0,0
00:21:03 Feb 04 2021,97,77,0,0,0
00:21:05 Feb 04 2021,97,76,0,0,0
00:21:07 Feb 04 2021,97,77,0,0,0
00:21:09 Feb 04 2021,97,78,0,0,0
00:21:11 Feb 04 2021,96,79,1,0,0
00:21:13 Feb 04 2021,96,80,0,0,0
00:21:15 Feb 04 2021,96,81,0,0,0
00:21:17 Feb 04 2021,96,79,1,0,0
00:21:19 Feb 04 2021,95,79,0,0,0
00:21:21 Feb 04 2021,95,79,1,0,0
00:21:23 Feb 04 2021,95,80,0,0,0
00:21:25 Feb 04 2021,95,80,0,0,0
00:21:27 Feb 04 2021,95,80,0,0,0
00:21:29 Feb 04 2021,94,79,0,0,0
00:21:31 Feb 04 2021,94,80,0,0,0
00:21:33 Feb 04 2021,93,81,0,0,0
00:21:35 Feb 04 2021,93,83,0,0,0
00:21:37 Feb 04 2021,94,83,0,0,0
00:21:39 Feb 04 2021,95,84,0,0,0
00:21:41 Feb 04 2021,96,83,0,0,0
00:21:43 Feb 04 2021,96,83,0,0,0
00:21:45 Feb 04 2021,96,85,0,0,0
00:21:47 Feb 04 2021,96,85,0,0,0
00:21:49 Feb 04 2021,97,84,0,0,0
00:21:51 Feb 04 2021,97,85,0,0,0
00:21:53 Feb 04 2021,97,85,0,0,0
00:21:55 Feb 04 2021,97,84,0,0,0
00:21:57 Feb 04 2021,97,86,0,0,0
00:21:59 Feb 04 2021,97,88,0,0,0
00:22:01 Feb 04 2021,97,87,0,0,0
00:22:03 Feb 04 2021,97,88,0,0,0
00:22:05 Feb 04 2021,97,88,0,0,0
00:22:07 Feb 04 2021,97,86,0,0,0
00:22:09 Feb 04 2021,97,87,0,0,0
00:22:11 Feb 04 2021,97,87,0,0,0
00:22:13 Feb 04 2021,97,87,0,0,0
00:22:15 Feb 04 2021,97,86,0,0,0
00:22:17 Feb 04 2021,97,86,0,0,0
00:22:19 Feb 04 2021,97,85,0,0,0
00:22:21 Feb 04 2021,97,82,0,0,0
00:22:23 Feb 04 2021,97,81,0,0,0
00:22:25 Feb 04 2021,97,80,0,0,0
00:22:27 Feb 04 2021,96,78,0,0,0
00:22:29 Feb 04 2021,96,79,0,0,0
00:22:31 Feb 04 2021,96,80,0,0,0
00:22:33 Feb 04 2021,96,79,0,0,0
00:22:35 Feb 04 2021,96,79,0,0,0
00:22:37 Feb 04 2021,96,79,0,0,0
00:22:39 Feb 04 2021,96,78,0,0,0
00:22:41 Feb 04 2021,96,78,0,0,0
00:22:43 Feb 04 2021,96,78,0,0,0
00:22:45 Feb 04 2021,95,78,0,0,0
00:22:47 Feb 04 2021,95,78,0,0,0
00:22:49 Feb 04 2021,95,78,1,0,0
00:22:51 Feb 04 2021,94,80,0,0,0
00:22:53 Feb 04 2021,94,80,0,0,0
00:22:55 Feb 04 2021,94,81,0,0,0
00:22:57 Feb 04 2021,95,79,0,0,0
00:22:59 Feb 04 2021,95,77,0,0,0
00:23:01 Feb 04 2021,96,75,0,0,0
00:23:03 Feb 04 2021,97,72,0,0,0
00:23:05 Feb 04 2021,97,72,0,0,0
00:23:07 Feb 04 2021,97,73,0,0,0
00:23:09 Feb 04 2021,97,73,0,0,0
00:23:11 Feb 04 2021,97,73,0,0,0
00:23:13 Feb 04 2021,97,73,0,0,0
00:23:15 Feb 04 2021,97,72,0,0,0
00:23:17 Feb 04 2021,97,72,0,0,0
00:23:19 Feb 04 2021,97,70,1,0,0
00:23:21 Feb 04 2021,97,70,0,0,0
00:23:23 Feb 04 2021,98,70,0,0,0
00:23:25 Feb 04 2021,98,68,2,0,0
00:23:27 Feb 04 2021,98,70,1,0,0
00:23:29 Feb 04 2021,98,69,0,0,0
00:23:31 Feb 04 2021,98,70,1,0,0
00:23:33 Feb 04 2021,98,69,0,0,0
00:23:35 Feb 04 2021,98,67,0,0,0
00:23:37 Feb 04 2021,97,67,0,0,0
00:23:39 Feb 04 2021,97,66,1,0,0
00:23:41 Feb 04 2021,97,66,0,0,0
00:23:43 Feb 04 2021,97,66,0,0,0
00:23:45 Feb 04 2021,97,68,0,0,0
00:23:47 Feb 04 2021,97,69,0,0,0
00:23:49 Feb 04 2021,97,70,1,0,0
00:23:51 Feb 04 2021,97,71,0,0,0
00:23:53 Feb 04 2021,97,70,0,0,0
00:23:55 Feb 04 2021,97,70,0,0,0
00:23:57 Feb 04 2021,97,70,1,0,0
00:23:59 Feb 04 2021,97,69,0,0,0
00:24:01 Feb 04 2021,96,71,1,0,0
00:24:03 Feb 04 2021,96,71,0,0,0
00:24:05 Feb 04 2021,95,71,1,0,0
00:24:07 Feb 04 2021,95,73,1,0,0
00:24:09 Feb 04 2021,95,76,1,0,0
00:24:11 Feb 04 2021,95,74,1,0,0
00:24:13 Feb 04 2021,95,79,0,0,0
00:24:15 Feb 04 2021,96,73,1,0,0
00:24:17 Feb 04 2021,96,69,1,0,0
00:24:19 Feb 04 2021,97,71,0,0,0
00:24:21 Feb 04 2021,97,69,0,0,0
00:24:23 Feb 04 2021,97,71,0,0,0
00:24:25 Feb 04 2021,97,70,0,0,0
00:24:27 Feb 04 2021,97,70,0,0,0
00:24:29 Feb 04 2021,97,69,0,0,0
00:24:31 Feb 04 2021,97,69,0,0,0
00:24:33 Feb 04 2021,97,69,0,0,0
00:24:35 Feb 04 2021,97,69,0,0,0
00:24:37 Feb 04 2021,97,68,0,0,0
00:24:39 Feb 04 2021,97,68,0,0,0
00:24:41 Feb 04 2021,97,68,1,0,0
00:24:43 Feb 04 2021,97,69,0,0,0
00:24:45 Feb 04 2021,97,69,0,0,0
00:24:47 Feb 04 2021,97,68,0,0,0
00:24:49 Feb 04 2021,97,68,1,0,0
00:24:51 Feb 04 2021,97,67,0,0,0
00:24:53 Feb 04 2021,97,66,0,0,0
00:24:55 Feb 04 2021,97,68,0,0,0
00:24:57 Feb 04 2021,97,72,1,0,0
00:24:59 Feb 04 2021,97,70,1,0,0
00:25:01 Feb 04 2021,97,71,3,0,0
00:25:03 Feb 04 2021,97,72,1,0,0
00:25:05 Feb 04 2021,97,71,0,0,0
00:25:07 Feb 04 2021,97,71,0,0,0
00:25:09 Feb 04 2021,97,71,1,0,0
00:25:11 Feb 04 2021,97,71,0,0,0
00:25:13 Feb 04 2021,97,71,0,0,0
00:25:15 Feb 04 2021,97,72,1,0,0
00:25:17 Feb 04 2021,97,71,1,0,0
00:25:19 Feb 04 2021,97,69,1,0,0
00:25:21 Feb 04 2021,97,70,0,0,0
00:25:23 Feb 04 2021,95,70,0,0,0
00:25:25 Feb 04 2021,93,72,0,0,0
00:25:27 Feb 04 2021,90,74,0,0,0
00:25:29 Feb 04 2021,90,74,0,1,0
00:25:31 Feb 04 2021,91,72,0,0,0
00:25:33 Feb 04 2021,91,71,0,0,0
00:25:35 Feb 04 2021,91,70,0,0,0
00:25:37 Feb 04 2021,92,71,0,0,0
00:25:39 Feb 04 2021,93,71,0,0,0
00:25:41 Feb 04 2021,95,71,1,0,0
00:25:43 Feb 04 2021,97,71,1,0,0
00:25:45 Feb 04 2021,98,71,1,0,0
00:25:47 Feb 04 2021,98,70,1,0,0
00:25:49 Feb 04 2021,98,69,0,0,0
00:25:51 Feb 04 2021,98,69,0,0,0
00:25:53 Feb 04 2021,98,68,0,0,0
00:25:55 Feb 04 2021,98,69,1,0,0
00:25:57 Feb 04 2021,98,69,0,0,0
00:25:59 Feb 04 2021,98,69,1,0,0
00:26:01 Feb 04 2021,98,70,0,0,0
00:26:03 Feb 04 2021,97,71,0,0,0
00:26:05 Feb 04 2021,97,72,0,0,0
00:26:07 Feb 04 2021,97,71,1,0,0
00:26:09 Feb 04 2021,97,70,0,0,0
00:26:11 Feb 04 2021,98,70,0,0,0
00:26:13 Feb 04 2021,98,68,0,0,0
00:26:15 Feb 04 2021,98,67,1,0,0
00:26:17 Feb 04 2021,98,66,0,0,0
00:26:19 Feb 04 2021,98,63,0,0,0
00:26:21 Feb 04 2021,98,62,0,0,0
00:26:23 Feb 04 2021,98,61,0,0,0
00:26:25 Feb 04 2021,98,61,0,0,0
00:26:27 Feb 04 2021,98,61,1,0,0
00:26:29 Feb 04 2021,98,61,0,0,0
00:26:31 Feb 04 2021,98,61,0,0,0
00:26:33 Feb 04 2021,98,61,0,0,0
00:26:35 Feb 04 2021,98,61,0,0,0
00:26:37 Feb 04 2021,98,61,0,0,0
00:26:39 Feb 04 2021,98,61,0,0,0
00:26:41 Feb 04 2021,98,61,0,0,0
00:26:43 Feb 04 2021,98,61,0,0,0
00:26:45 Feb 04 2021,98,61,0,0,0
00:26:47 Feb 04 2021,98,61,1,0,0
00:26:49 Feb 04 2021,98,61,0,0,0
00:26:51 Feb 04 2021,98,62,0,0,0
00:26:53 Feb 04 2021,98,64,0,0,0
00:26:55 Feb 04 2021,98,65,0,0,0
00:26:57 Feb 04 2021,98,65,0,0,0
00:26:59 Feb 04 2021,98,68,0,0,0
00:27:01 Feb 04 2021,98,68,0,0,0
00:27:03 Feb 04 2021,98,70,0,0,0
00:27:05 Feb 04 2021,98,71,0,0,0
00:27:07 Feb 04 2021,98,69,0,0,0
00:27:09 Feb 04 2021,98,70,0,0,0
00:27:11 Feb 04 2021,98,70,0,0,0
00:27:13 Feb 04 2021,98,69,0,0,0
00:27:15 Feb 04 2021,98,69,0,0,0
00:27:17 Feb 04 2021,98,69,0,0,0
00:27:19 Feb 04 2021,98,67,0,0,0
00:27:21 Feb 04 2021,98,66,0,0,0
00:27:23 Feb 04 2021,98,65,0,0,0
00:27:25 Feb 04 2021,98,61,0,0,0
00:27:27 Feb 04 2021,98,61,0,0,0
00:27:29 Feb 04 2021,98,61,0,0,0
00:27:31 Feb 04 2021,97,62,0,0,0
00:27:33 Feb 04 2021,97,64,0,0,0
00:27:35 Feb 04 2021,97,67,0,0,0
00:27:37 Feb 04 2021,96,68,0,0,0
00:27:39 Feb 04 2021,96,69,0,0,0
00:27:41 Feb 04 2021,95,71,0,0,0
00:27:43 Feb 04 2021,95,71,1,0,0
00:27:45 Feb 04 2021,95,72,0,0,0
00:27:47 Feb 04 2021,95,72,0,0,0
00:27:49 Feb 04 2021,95,72,0,0,0
00:27:51 Feb 04 2021,95,71,0,0,0
00:27:53 Feb 04 2021,94,70,0,0,0
00:27:55 Feb 04 2021,93,69,0,0,0
00:27:57 Feb 04 2021,91,68,0,0,0
00:27:59 Feb 04 2021,91,68,0,0,0
00:28:01 Feb 04 2021,91,67,0,0,0
00:28:03 Feb 04 2021,91,67,0,0,0
00:28:05 Feb 04 2021,91,67,0,0,0
00:28:07 Feb 04 2021,92,68,0,0,0
00:28:09 Feb 04 2021,93,67,0,0,0
00:28:11 Feb 04 2021,94,67,0,0,0
00:28:13 Feb 04 2021,94,66,0,0,0
00:28:15 Feb 04 2021,95,66,0,0,0
00:28:17 Feb 04 2021,96,70,0,0,0
00:28:19 Feb 04 2021,97,71,0,0,0
00:28:21 Feb 04 2021,97,72,0,0,0
00:28:23 Feb 04 2021,97,72,0,0,0
00:28:25 Feb 04 2021,97,70,0,0,0
00:28:27 Feb 04 2021,97,71,0,0,0
00:28:29 Feb 04 2021,97,71,0,0,0
00:28:31 Feb 04 2021,97,72,0,0,0
00:28:33 Feb 04 2021,97,73,0,0,0
00:28:35 Feb 04 2021,97,72,0,0,0
00:28:37 Feb 04 2021,97,74,1,0,0
00:28:39 Feb 04 2021,97,73,0,0,0
00:28:41 Feb 04 2021,97,73,0,0,0
00:28:43 Feb 04 2021,97,73,0,0,0
00:28:45 Feb 04 2021,97,73,0,0,0
00:28:47 Feb 04 2021,97,74,0,0,0
00:28:49 Feb 04 2021,97,75,0,0,0
00:28:51 Feb 04 2021,96,77,0,0,0
00:28:53 Feb 04 2021,95,80,0,0,0
00:28:55 Feb 04 2021,95,84,0,0,0
00:28:57 Feb 04 2021,95,85,0,0,0
00:28:59 Feb 04 2021,95,84,1,0,0
00:29:01 Feb 04 2021,95,82,0,0,0
00:29:03 Feb 04 2021,95,84,0,0,0
00:29:05 Feb 04 2021,95,83,0,0,0
00:29:07 Feb 04 2021,93,78,0,0,0
00:29:09 Feb 04 2021,93,77,0,0,0
00:29:11 Feb 04 2021,93,75,0,0,0
00:29:13 Feb 04 2021,93,74,0,0,0
00:29:15 Feb 04 2021,94,74,0,0,0
00:29:17 Feb 04 2021,95,76,0,0,0
00:29:19 Feb 04 2021,95,75,0,0,0
00:29:21 Feb 04 2021,95,75,0,0,0
00:29:23 Feb 04 2021,95,75,0,0,0
00:29:25 Feb 04 2021,95,75,0,0,0
00:29:27 Feb 04 2021,95,74,0,0,0
00:29:29 Feb 04 2021,96,74,0,0,0
00:29:31 Feb 04 2021,96,74,0,0,0
00:29:33 Feb 04 2021,97,74,0,0,0
00:29:35 Feb 04 2021,97,74,0,0,0
00:29:37 Feb 04 2021,97,74,0,0,0
00:29:39 Feb 04 2021,97,74,0,0,0
00:29:41 Feb 04 2021,97,73,0,0,0
00:29:43 Feb 04 2021,97,71,0,0,0
00:29:45 Feb 04 2021,97,70,0,0,0
00:29:47 Feb 04 2021,97,68,0,0,0
00:29:49 Feb 04 2021,97,68,0,0,0
00:29:51 Feb 04 2021,97,70,1,0,0
00:29:53 Feb 04 2021,97,70,0,0,0
00:29:55 Feb 04 2021,97,72,0,0,0
00:29:57 Feb 04 2021,97,74,0,0,0
00:29:59 Feb 04 2021,97,73,1,0,0
00:30:01 Feb 04 2021,97,74,0,0,0
00:30:03 Feb 04 2021,97,74,0,0,0
00:30:05 Feb 04 2021,97,74,0,0,0
00:30:07 Feb 04 2021,97,74,1,0,0
00:30:09 Feb 04 2021,97,74,0,0,0
00:30:11 Feb 04 2021,97,74,0,0,0
00:30:13 Feb 04 2021,96,73,0,0,0
00:30:15 Feb 04 2021,97,73,0,0,0
00:30:17 Feb 04 2021,97,73,0,0,0
00:30:19 Feb 04 2021,97,73,1,0,0
00:30:21 Feb 04 2021,97,73,1,0,0
00:30:23 Feb 04 2021,96,72,1,0,0
00:30:25 Feb 04 2021,96,72,0,0,0
00:30:27 Feb 04 2021,96,72,0,0,0
00:30:29 Feb 04 2021,97,71,0,0,0
00:30:31 Feb 04 2021,97,69,0,0,0
00:30:33 Feb 04 2021,97,70,1,0,0
00:30:35 Feb 04 2021,97,72,0,0,0
00:30:37 Feb 04 2021,97,72,0,0,0
00:30:39 Feb 04 2021,97,75,0,0,0
00:30:41 Feb 04 2021,97,75,0,0,0
00:30:43 Feb 04 2021,97,74,0,0,0
00:30:45 Feb 04 2021,97,75,0,0,0
00:30:47 Feb 04 2021,97,75,1,0,0
00:30:49 Feb 04 2021,97,73,0,0,0
00:30:51 Feb 04 2021,97,71,0,0,0
00:30:53 Feb 04 2021,97,71,0,0,0
00:30:55 Feb 04 2021,97,70,0,0,0
00:30:57 Feb 04 2021,98,69,0,0,0
00:30:59 Feb 04 2021,98,69,0,0,0
00:31:01 Feb 04 2021,98,69,0,0,0
00:31:03 Feb 04 2021,98,69,0,0,0
00:31:05 Feb 04 2021,98,69,0,0,0
00:31:07 Feb 04 2021,98,69,0,0,0
00:31:09 Feb 04 2021,98,70,0,0,0
00:31:11 Feb 04 2021,98,71,0,0,0
00:31:13 Feb 04 2021,98,74,0,0,0
00:31:15 Feb 04 2021,98,74,0,0,0
00:31:17 Feb 04 2021,98,69,0,0,0
00:31:19 Feb 04 2021,98,69,0,0,0
00:31:21 Feb 04 2021,98,65,0,0,0
00:31:23 Feb 04 2021,98,62,0,0,0
00:31:25 Feb 04 2021,98,63,0,0,0
00:31:27 Feb 04 2021,98,63,0,0,0
00:31:29 Feb 04 2021,98,63,0,0,0
00:31:31 Feb 04 2021,98,61,1,0,0
00:31:33 Feb 04 2021,98,61,0,0,0
00:31:35 Feb 04 2021,98,61,0,0,0
00:31:37 Feb 04 2021,98,61,0,0,0
00:31:39 Feb 04 2021,97,62,0,0,0
00:31:41 Feb 04 2021,96,67,0,0,0
00:31:43 Feb 04 2021,96,68,1,0,0
00:31:45 Feb 04 2021,95,69,0,0,0
00:31:47 Feb 04 2021,95,70,0,0,0
00:31:49 Feb 04 2021,96,66,0,0,0
00:31:51 Feb 04 2021,96,64,0,0,0
00:31:53 Feb 04 2021,96,65,1,0,0
00:31:55 Feb 04 2021,96,64,0,0,0
00:31:57 Feb 04 2021,96,65,0,0,0
00:31:59 Feb 04 2021,96,66,0,0,0
00:32:01 Feb 04 2021,96,66,0,0,0
00:32:03 Feb 04 2021,97,66,0,0,0
00:32:05 Feb 04 2021,97,66,0,0,0
00:32:07 Feb 04 2021,97,66,0,0,0
00:32:09 Feb 04 2021,96,66,0,0,0
00:32:11 Feb 04 2021,96,66,0,0,0
00:32:13 Feb 04 2021,96,67,0,0,0
00:32:15 Feb 04 2021,96,67,0,0,0
00:32:17 Feb 04 2021,97,66,0,0,0
00:32:19 Feb 04 2021,97,68,0,0,0
00:32:21 Feb 04 2021,97,71,0,0,0
00:32:23 Feb 04 2021,97,72,0,0,0
00:32:25 Feb 04 2021,97,75,0,0,0
00:32:27 Feb 04 2021,97,78,1,0,0
00:32:29 Feb 04 2021,97,80,0,0,0
00:32:31 Feb 04 2021,97,81,0,0,0
00:32:33 Feb 04 2021,97,83,0,0,0
00:32:35 Feb 04 2021,97,83,1,0,0
00:32:37 Feb 04 2021,97,85,0,0,0
00:32:39 Feb 04 2021,97,87,1,0,0
00:32:41 Feb 04 2021,97,91,0,0,0
00:32:43 Feb 04 2021,97,90,0,0,0
00:32:45 Feb 04 2021,95,89,1,0,0
00:32:47 Feb 04 2021,95,87,0,0,0
00:32:49 Feb 04 2021,95,86,0,0,0
00:32:51 Feb 04 2021,94,85,0,0,0
00:32:53 Feb 04 2021,95,87,0,0,0
00:32:55 Feb 04 2021,95,84,0,0,0
00:32:57 Feb 04 2021,93,83,0,0,0
00:32:59 Feb 04 2021,91,83,0,0,0
00:33:01 Feb 04 2021,89,81,0,1,0
00:33:03 Feb 04 2021,88,78,0,0,0
00:33:05 Feb 04 2021,87,74,0,0,0
00:33:07 Feb 04 2021,87,73,0,0,0
00:33:09 Feb 04 2021,87,71,0,0,0
00:33:11 Feb 04 2021,89,77,0,0,0
00:33:13 Feb 04 2021,91,78,0,0,0
00:33:15 Feb 04 2021,94,78,0,0,0
00:33:17 Feb 04 2021,94,81,0,0,0
00:33:19 Feb 04 2021,95,79,0,0,0
00:33:21 Feb 04 2021,95,79,0,0,0
00:33:23 Feb 04 2021,95,79,0,0,0
00:33:25 Feb 04 2021,95,79,0,0,0
00:33:27 Feb 04 2021,95,79,0,0,0
00:33:29 Feb 04 2021,95,79,0,0,0
00:33:31 Feb 04 2021,95,79,0,0,0
00:33:33 Feb 04 2021,95,80,1,0,0
00:33:35 Feb 04 2021,95,81,1,0,0
00:33:37 Feb 04 2021,96,83,0,0,0
00:33:39 Feb 04 2021,97,84,0,0,0
00:33:41 Feb 04 2021,97,84,0,0,0
00:33:43 Feb 04 2021,97,84,0,0,0
00:33:45 Feb 04 2021,97,84,0,0,0
00:33:47 Feb 04 2021,97,85,0,0,0
00:33:49 Feb 04 2021,97,85,0,0,0
00:33:51 Feb 04 2021,97,87,0,0,0
00:33:53 Feb 04 2021,97,86,0,0,0
00:33:55 Feb 04 2021,96,82,0,0,0
00:33:57 Feb 04 2021,96,81,1,0,0
00:33:59 Feb 04 2021,95,78,0,0,0
00:34:01 Feb 04 2021,94,79,0,0,0
00:34:03 Feb 04 2021,94,80,0,0,0
00:34:05 Feb 04 2021,94,81,0,0,0
00:34:07 Feb 04 2021,94,81,0,0,0
00:34:09 Feb 04 2021,93,82,0,0,0
00:34:11 Feb 04 2021,93,83,0,0,0
00:34:13 Feb 04 2021,92,85,0,0,0
00:34:15 Feb 04 2021,91,85,0,0,0
00:34:17 Feb 04 2021,91,84,0,0,0
00:34:19 Feb 04 2021,91,84,1,0,0
00:34:21 Feb 04 2021,92,81,0,0,0
00:34:23 Feb 04 2021,93,78,0,0,0
00:34:25 Feb 04 2021,94,77,0,0,0
00:34:27 Feb 04 2021,95,78,0,0,0
00:34:29 Feb 04 2021,95,79,0,0,0
00:34:31 Feb 04 2021,96,81,0,0,0
00:34:33 Feb 04 2021,97,80,0,0,0
00:34:35 Feb 04 2021,97,81,0,0,0
00:34:37 Feb 04 2021,97,82,0,0,0
00:34:39 Feb 04 2021,97,82,0,0,0
00:34:41 Feb 04 2021,97,83,0,0,0
00:34:43 Feb 04 2021,97,82,0,0,0
00:34:45 Feb 04 2021,97,82,0,0,0
00:34:47 Feb 04 2021,97,82,0,0,0
00:34:49 Feb 04 2021,97,80,0,0,0
00:34:51 Feb 04 2021,97,79,0,0,0
00:34:53 Feb 04 2021,97,76,0,0,0
00:34:55 Feb 04 2021,97,76,0,0,0
00:34:57 Feb 04 2021,97,77,0,0,0
00:34:59 Feb 04 2021,97,77,0,0,0
00:35:01 Feb 04 2021,97,77,0,0,0
00:35:03 Feb 04 2021,97,79,0,0,0
00:35:05 Feb 04 2021,97,77,0,0,0
00:35:07 Feb 04 2021,97,73,0,0,0
00:35:09 Feb 04 2021,97,70,0,0,0
00:35:11 Feb 04 2021,97,67,0,0,0
00:35:13 Feb 04 2021,97,65,0,0,0
00:35:15 Feb 04 2021,97,65,0,0,0
00:35:17 Feb 04 2021,97,65,0,0,0
00:35:19 Feb 04 2021,97,63,0,0,0
00:35:21 Feb 04 2021,97,62,0,0,0
00:35:23 Feb 04 2021,97,61,0,0,0
00:35:25 Feb 04 2021,97,60,1,0,0
00:35:27 Feb 04 2021,97,61,0,0,0
00:35:29 Feb 04 2021,97,62,1,0,0
00:35:31 Feb 04 2021,97,61,0,0,0
00:35:33 Feb 04 2021,95,63,1,0,0
00:35:35 Feb 04 2021,95,62,0,0,0
00:35:37 Feb 04 2021,94,62,0,0,0
00:35:39 Feb 04 2021,94,62,0,0,0
00:35:41 Feb 04 2021,94,62,0,0,0
00:35:43 Feb 04 2021,94,62,1,0,0
00:35:45 Feb 04 2021,94,64,0,0,0
00:35:47 Feb 04 2021,94,64,0,0,0
00:35:49 Feb 04 2021,94,65,0,0,0
00:35:51 Feb 04 2021,94,65,0,0,0
00:35:53 Feb 04 2021,94,64,0,0,0
00:35:55 Feb 04 2021,95,65,1,0,0
00:35:57 Feb 04 2021,95,66,0,0,0
00:35:59 Feb 04 2021,96,65,0,0,0
00:36:01 Feb 04 2021,97,65,0,0,0
00:36:03 Feb 04 2021,97,65,0,0,0
00:36:05 Feb 04 2021,97,65,0,0,0
00:36:07 Feb 04 2021,97,65,0,0,0
00:36:09 Feb 04 2021,97,67,0,0,0
00:36:11 Feb 04 2021,98,67,1,0,0
00:36:13 Feb 04 2021,98,67,0,0,0
00:36:15 Feb 04 2021,98,69,0,0,0
00:36:17 Feb 04 2021,98,68,0,0,0
00:36:19 Feb 04 2021,98,68,0,0,0
00:36:21 Feb 04 2021,98,67,0,0,0
00:36:23 Feb 04 2021,98,62,0,0,0
00:36:25 Feb 04 2021,98,60,0,0,0
00:36:27 Feb 04 2021,97,62,0,0,0
00:36:29 Feb 04 2021,97,64,0,0,0
00:36:31 Feb 04 2021,97,64,1,0,0
00:36:33 Feb 04 2021,97,64,1,0,0
00:36:35 Feb 04 2021,96,64,0,0,0
00:36:37 Feb 04 2021,96,64,0,0,0
00:36:39 Feb 04 2021,96,66,0,0,0
00:36:41 Feb 04 2021,95,70,0,0,0
00:36:43 Feb 04 2021,95,72,0,0,0
00:36:45 Feb 04 2021,94,75,0,0,0
00:36:47 Feb 04 2021,94,76,0,0,0
00:36:49 Feb 04 2021,95,76,0,0,0
00:36:51 Feb 04 2021,95,75,0,0,0
00:36:53 Feb 04 2021,95,73,0,0,0
00:36:55 Feb 04 2021,95,73,1,0,0
00:36:57 Feb 04 2021,95,73,1,0,0
00:36:59 Feb 04 2021,95,76,1,0,0
00:37:01 Feb 04 2021,95,76,0,0,0
00:37:03 Feb 04 2021,95,75,1,0,0
00:37:05 Feb 04 2021,95,75,0,0,0
00:37:07 Feb 04 2021,95,75,0,0,0
00:37:09 Feb 04 2021,95,75,0,0,0
00:37:11 Feb 04 2021,95,73,0,0,0
00:37:13 Feb 04 2021,95,72,0,0,0
00:37:15 Feb 04 2021,95,72,0,0,0
00:37:17 Feb 04 2021,96,74,0,0,0
00:37:19 Feb 04 2021,96,74,0,0,0
00:37:21 Feb 04 2021,97,73,0,0,0
00:37:23 Feb 04 2021,98,73,0,0,0
00:37:25 Feb 04 2021,98,73,0,0,0
00:37:27 Feb 04 2021,98,73,0,0,0
00:37:29 Feb 04 2021,98,73,0,0,0
00:37:31 Feb 04 2021,98,72,0,0,0
00:37:33 Feb 04 2021,98,73,0,0,0
00:37:35 Feb 04 2021,98,72,1,0,0
00:37:37 Feb 04 2021,98,71,0,0,0
00:37:39 Feb 04 2021,98,70,0,0,0
00:37:41 Feb 04 2021,98,69,2,0,0
00:37:43 Feb 04 2021,98,72,4,0,0
00:37:45 Feb 04 2021,98,71,35,0,0
00:37:47 Feb 04 2021,98,72,25,0,0
00:37:49 Feb 04 2021,98,71,9,0,0
00:37:51 Feb 04 2021,98,71,4,0,0
00:37:53 Feb 04 2021,98,71,1,0,0
00:37:55 Feb 04 2021,97,70,0,0,0
00:37:57 Feb 04 2021,97,70,0,0,0
00:37:59 Feb 04 2021,97,71,9,0,0
00:38:01 Feb 04 2021,97,72,7,0,0
00:38:03 Feb 04 2021,97,72,0,0,0
00:38:05 Feb 04 2021,97,73,0,0,0
00:38:07 Feb 04 2021,97,73,0,0,0
00:38:09 Feb 04 2021,97,73,0,0,0
00:38:11 Feb 04 2021,97,73,0,0,0
00:38:13 Feb 04 2021,97,74,0,0,0
00:38:15 Feb 04 2021,97,74,0,0,0
00:38:17 Feb 04 2021,97,72,0,0,0
00:38:19 Feb 04 2021,96,74,0,0,0
00:38:21 Feb 04 2021,96,75,0,0,0
00:38:23 Feb 04 2021,96,70,0,0,0
00:38:25 Feb 04 2021,95,72,0,0,0
00:38:27 Feb 04 2021,96,67,0,0,0
00:38:29 Feb 04 2021,97,65,0,0,0
00:38:31 Feb 04 2021,97,66,0,0,0
00:38:33 Feb 04 2021,98,65,0,0,0
00:38:35 Feb 04 2021,98,63,0,0,0
00:38:37 Feb 04 2021,98,64,0,0,0
00:38:39 Feb 04 2021,98,63,0,0,0
00:38:41 Feb 04 2021,98,62,0,0,0
00:38:43 Feb 04 2021,98,62,0,0,0
00:38:45 Feb 04 2021,98,62,0,0,0
00:38:47 Feb 04 2021,98,60,0,0,0
00:38:49 Feb 04 2021,98,59,0,0,0
00:38:51 Feb 04 2021,98,58,0,0,0
00:38:53 Feb 04 2021,98,60,0,0,0
00:38:55 Feb 04 2021,98,63,0,0,0
00:38:57 Feb 04 2021,98,65,0,0,0
00:38:59 Feb 04 2021,98,66,0,0,0
00:39:01 Feb 04 2021,98,66,0,0,0
00:39:03 Feb 04 2021,97,65,0,0,0
00:39:05 Feb 04 2021,97,65,0,0,0
00:39:07 Feb 04 2021,97,64,0,0,0
00:39:09 Feb 04 2021,97,65,0,0,0
00:39:11 Feb 04 2021,97,65,0,0,0
00:39:13 Feb 04 2021,97,65,0,0,0
00:39:15 Feb 04 2021,97,65,0,0,0
00:39:17 Feb 04 2021,96,66,0,0,0
00:39:19 Feb 04 2021,95,69,0,0,0
00:39:21 Feb 04 2021,93,75,0,0,0
00:39:23 Feb 04 2021,92,78,0,0,0
00:39:25 Feb 04 2021,92,78,0,0,0
00:39:27 Feb 04 2021,93,79,0,0,0
00:39:29 Feb 04 2021,93,79,0,0,0
00:39:31 Feb 04 2021,93,80,0,0,0
00:39:33 Feb 04 2021,93,82,0,0,0
00:39:35 Feb 04 2021,93,82,0,0,0
00:39:37 Feb 04 2021,93,81,0,0,0
00:39:39 Feb 04 2021,94,81,0,0,0
00:39:41 Feb 04 2021,94,80,0,0,0
00:39:43 Feb 04 2021,95,79,0,0,0
00:39:45 Feb 04 2021,95,78,0,0,0
00:39:47 Feb 04 2021,96,75,0,0,0
00:39:49 Feb 04 2021,96,75,0,0,0
00:39:51 Feb 04 2021,97,75,0,0,0
00:39:53 Feb 04 2021,97,75,0,0,0
00:39:55 Feb 04 2021,97,70,0,0,0
00:39:57 Feb 04 2021,97,65,0,0,0
00:39:59 Feb 04 2021,97,64,0,0,0
00:40:01 Feb 04 2021,97,57,0,0,0
00:40:03 Feb 04 2021,97,59,0,0,0
00:40:05 Feb 04 2021,97,57,0,0,0
00:40:07 Feb 04 2021,97,56,0,0,0
00:40:09 Feb 04 2021,97,56,0,0,0
00:40:11 Feb 04 2021,97,56,0,0,0
00:40:13 Feb 04 2021,97,56,0,0,0
00:40:15 Feb 04 2021,97,56,0,0,0
00:40:17 Feb 04 2021,97,56,0,0,0
00:40:19 Feb 04 2021,97,56,0,0,0
00:40:21 Feb 04 2021,97,56,0,0,0
00:40:23 Feb 04 2021,97,56,0,0,0
00:40:25 Feb 04 2021,97,57,0,0,0
00:40:27 Feb 04 2021,97,59,0,0,0
00:40:29 Feb 04 2021,97,60,0,0,0
00:40:31 Feb 04 2021,97,61,0,0,0
00:40:33 Feb 04 2021,96,63,0,0,0
00:40:35 Feb 04 2021,94,63,0,0,0
00:40:37 Feb 04 2021,94,67,0,0,0
00:40:39 Feb 04 2021,93,70,0,0,0
00:40:41 Feb 04 2021,93,70,0,0,0
00:40:43 Feb 04 2021,93,66,0,0,0
00:40:45 Feb 04 2021,93,62,0,0,0
00:40:47 Feb 04 2021,93,60,0,0,0
00:40:49 Feb 04 2021,93,59,0,0,0
00:40:51 Feb 04 2021,94,62,0,0,0
00:40:53 Feb 04 2021,94,63,0,0,0
00:40:55 Feb 04 2021,95,61,0,0,0
00:40:57 Feb 04 2021,96,61,0,0,0
00:40:59 Feb 04 2021,96,61,0,0,0
00:41:01 Feb 04 2021,96,58,0,0,0
00:41:03 Feb 04 2021,96,58,0,0,0
00:41:05 Feb 04 2021,96,58,0,0,0
00:41:07 Feb 04 2021,96,57,0,0,0
00:41:09 Feb 04 2021,96,57,0,0,0
00:41:11 Feb 04 2021,97,60,0,0,0
00:41:13 Feb 04 2021,97,60,0,0,0
00:41:15 Feb 04 2021,97,60,0,0,0
00:41:17 Feb 04 2021,97,59,0,0,0
00:41:19 Feb 04 2021,97,58,0,0,0
00:41:21 Feb 04 2021,97,56,0,0,0
00:41:23 Feb 04 2021,97,57,0,0,0
00:41:25 Feb 04 2021,97,58,0,0,0
00:41:27 Feb 04 2021,97,59,0,0,0
00:41:29 Feb 04 2021,97,60,0,0,0
00:41:31 Feb 04 2021,97,60,0,0,0
00:41:33 Feb 04 2021,97,61,0,0,0
00:41:35 Feb 04 2021,97,61,0,0,0
00:41:37 Feb 04 2021,97,61,0,0,0
00:41:39 Feb 04 2021,97,61,0,0,0
00:41:41 Feb 04 2021,97,60,0,0,0
00:41:43 Feb 04 2021,97,61,0,0,0
00:41:45 Feb 04 2021,97,65,0,0,0
00:41:47 Feb 04 2021,96,67,0,0,0
00:41:49 Feb 04 2021,96,67,0,0,0
00:41:51 Feb 04 2021,95,66,0,0,0
00:41:53 Feb 04 2021,95,64,0,0,0
00:41:55 Feb 04 2021,96,65,0,0,0
00:41:57 Feb 04 2021,96,66,0,0,0
00:41:59 Feb 04 2021,96,66,0,0,0
00:42:01 Feb 04 2021,96,67,0,0,0
00:42:03 Feb 04 2021,97,66,0,0,0
00:42:05 Feb 04 2021,97,65,0,0,0
00:42:07 Feb 04 2021,97,64,0,0,0
00:42:09 Feb 04 2021,97,63,0,0,0
00:42:11 Feb 04 2021,97,65,0,0,0
00:42:13 Feb 04 2021,97,69,0,0,0
00:42:15 Feb 04 2021,98,70,0,0,0
00:42:17 Feb 04 2021,98,72,0,0,0
00:42:19 Feb 04 2021,98,71,0,0,0
00:42:21 Feb 04 2021,98,71,0,0,0
00:42:23 Feb 04 2021,98,72,0,0,0
00:42:25 Feb 04 2021,98,72,0,0,0
00:42:27 Feb 04 2021,98,71,0,0,0
00:42:29 Feb 04 2021,97,72,0,0,0
00:42:31 Feb 04 2021,97,72,0,0,0
00:42:33 Feb 04 2021,97,73,0,0,0
00:42:35 Feb 04 2021,97,76,0,0,0
00:42:37 Feb 04 2021,97,75,0,0,0
00:42:39 Feb 04 2021,97,76,0,0,0
00:42:41 Feb 04 2021,97,77,0,0,0
00:42:43 Feb 04 2021,97,76,0,0,0
00:42:45 Feb 04 2021,97,76,0,0,0
00:42:47 Feb 04 2021,97,76,0,0,0
00:42:49 Feb 04 2021,97,77,0,0,0
00:42:51 Feb 04 2021,96,78,0,0,0
00:42:53 Feb 04 2021,96,79,0,0,0
00:42:55 Feb 04 2021,95,80,0,0,0
00:42:57 Feb 04 2021,96,80,0,0,0
00:42:59 Feb 04 2021,96,80,0,0,0
00:43:01 Feb 04 2021,96,80,0,0,0
00:43:03 Feb 04 2021,96,80,0,0,0
00:43:05 Feb 04 2021,96,80,0,0,0
00:43:07 Feb 04 2021,96,80,0,0,0
00:43:09 Feb 04 2021,96,78,0,0,0
00:43:11 Feb 04 2021,96,77,0,0,0
00:43:13 Feb 04 2021,96,78,0,0,0
00:43:15 Feb 04 2021,96,75,0,0,0
00:43:17 Feb 04 2021,96,74,0,0,0
00:43:19 Feb 04 2021,97,75,0,0,0
00:43:21 Feb 04 2021,97,69,0,0,0
00:43:23 Feb 04 2021,97,69,0,0,0
00:43:25 Feb 04 2021,97,73,0,0,0
00:43:27 Feb 04 2021,97,70,0,0,0
00:43:29 Feb 04 2021,97,70,0,0,0
00:43:31 Feb 04 2021,97,72,0,0,0
00:43:33 Feb 04 2021,97,72,0,0,0
00:43:35 Feb 04 2021,97,73,0,0,0
00:43:37 Feb 04 2021,97,73,0,0,0
00:43:39 Feb 04 2021,97,73,0,0,0
00:43:41 Feb 04 2021,97,72,0,0,0
00:43:43 Feb 04 2021,97,71,0,0,0
00:43:45 Feb 04 2021,97,72,0,0,0
00:43:47 Feb 04 2021,97,72,0,0,0
00:43:49 Feb 04 2021,97,73,0,0,0
00:43:51 Feb 04 2021,97,75,0,0,0
00:43:53 Feb 04 2021,97,77,0,0,0
00:43:55 Feb 04 2021,96,79,0,0,0
00:43:57 Feb 04 2021,96,80,0,0,0
00:43:59 Feb 04 2021,96,78,0,0,0
00:44:01 Feb 04 2021,95,78,0,0,0
00:44:03 Feb 04 2021,95,75,0,0,0
00:44:05 Feb 04 2021,94,73,0,0,0
00:44:07 Feb 04 2021,93,69,0,0,0
00:44:09 Feb 04 2021,92,65,0,0,0
00:44:11 Feb 04 2021,92,65,0,0,0
00:44:13 Feb 04 2021,92,64,0,0,0
00:44:15 Feb 04 2021,93,68,0,0,0
00:44:17 Feb 04 2021,93,71,0,0,0
00:44:19 Feb 04 2021,93,71,0,0,0
00:44:21 Feb 04 2021,94,72,0,0,0
00:44:23 Feb 04 2021,95,70,0,0,0
00:44:25 Feb 04 2021,96,69,0,0,0
00:44:27 Feb 04 2021,96,69,0,0,0
00:44:29 Feb 04 2021,96,71,0,0,0
00:44:31 Feb 04 2021,96,73,0,0,0
00:44:33 Feb 04 2021,97,74,0,0,0
00:44:35 Feb 04 2021,97,74,0,0,0
00:44:37 Feb 04 2021,97,75,0,0,0
00:44:39 Feb 04 2021,97,74,0,0,0
00:44:41 Feb 04 2021,97,74,0,0,0
00:44:43 Feb 04 2021,97,75,0,0,0
00:44:45 Feb 04 2021,97,76,0,0,0
00:44:47 Feb 04 2021,97,74,0,0,0
00:44:49 Feb 04 2021,97,74,0,0,0
00:44:51 Feb 04 2021,97,72,0,0,0
00:44:53 Feb 04 2021,97,71,0,0,0
00:44:55 Feb 04 2021,97,72,0,0,0
00:44:57 Feb 04 2021,97,72,0,0,0
00:44:59 Feb 04 2021,97,72,0,0,0
00:45:01 Feb 04 2021,97,74,0,0,0
00:45:03 Feb 04 2021,97,76,0,0,0
00:45:05 Feb 04 2021,97,76,0,0,0
00:45:07 Feb 04 2021,97,76,0,0,0
00:45:09 Feb 04 2021,97,77,0,0,0
00:45:11 Feb 04 2021,96,66,0,0,0
00:45:13 Feb 04 2021,96,68,0,0,0
00:45:15 Feb 04 2021,96,66,0,0,0
00:45:17 Feb 04 2021,96,61,0,0,0
00:45:19 Feb 04 2021,96,68,0,0,0
00:45:21 Feb 04 2021,95,70,0,0,0
00:45:23 Feb 04 2021,94,74,0,0,0
00:45:25 Feb 04 2021,93,78,0,0,0
00:45:27 Feb 04 2021,93,79,0,0,0
00:45:29 Feb 04 2021,94,73,0,0,0
00:45:31 Feb 04 2021,94,71,0,0,0
00:45:33 Feb 04 2021,94,70,0,0,0
00:45:35 Feb 04 2021,95,71,0,0,0
00:45:37 Feb 04 2021,95,71,0,0,0
00:45:39 Feb 04 2021,96,72,0,0,0
00:45:41 Feb 04 2021,96,72,0,0,0
00:45:43 Feb 04 2021,96,72,0,0,0
00:45:45 Feb 04 2021,96,73,0,0,0
00:45:47 Feb 04 2021,97,74,0,0,0
00:45:49 Feb 04 2021,97,76,0,0,0
00:45:51 Feb 04 2021,97,75,0,0,0
00:45:53 Feb 04 2021,97,76,0,0,0
00:45:55 Feb 04 2021,97,75,0,0,0
00:45:57 Feb 04 2021,97,74,0,0,0
00:45:59 Feb 04 2021,97,76,0,0,0
00:46:01 Feb 04 2021,97,74,0,0,0
00:46:03 Feb 04 2021,97,75,0,0,0
00:46:05 Feb 04 2021,97,75,0,0,0
00:46:07 Feb 04 2021,97,73,0,0,0
00:46:09 Feb 04 2021,97,73,0,0,0
00:46:11 Feb 04 2021,97,73,0,0,0
00:46:13 Feb 04 2021,97,73,0,0,0
00:46:15 Feb 04 2021,97,76,0,0,0
00:46:17 Feb 04 2021,97,76,0,0,0
00:46:19 Feb 04 2021,97,77,0,0,0
00:46:21 Feb 04 2021,97,77,0,0,0
00:46:23 Feb 04 2021,97,77,0,0,0
00:46:25 Feb 04 2021,96,78,0,0,0
00:46:27 Feb 04 2021,95,82,0,0,0
00:46:29 Feb 04 2021,95,83,0,0,0
00:46:31 Feb 04 2021,95,82,0,0,0
00:46:33 Feb 04 2021,95,83,0,0,0
00:46:35 Feb 04 2021,95,83,0,0,0
00:46:37 Feb 04 2021,95,83,0,0,0
00:46:39 Feb 04 2021,95,82,0,0,0
00:46:41 Feb 04 2021,95,81,0,0,0
00:46:43 Feb 04 2021,95,81,0,0,0
00:46:45 Feb 04 2021,95,80,0,0,0
00:46:47 Feb 04 2021,95,79,0,0,0
00:46:49 Feb 04 2021,95,79,0,0,0
00:46:51 Feb 04 2021,95,77,0,0,0
00:46:53 Feb 04 2021,96,77,0,0,0
00:46:55 Feb 04 2021,96,76,0,0,0
00:46:57 Feb 04 2021,96,76,0,0,0
00:46:59 Feb 04 2021,97,81,0,0,0
00:47:01 Feb 04 2021,97,80,0,0,0
00:47:03 Feb 04 2021,97,79,0,0,0
00:47:05 Feb 04 2021,97,76,0,0,0
00:47:07 Feb 04 2021,97,75,0,0,0
00:47:09 Feb 04 2021,97,79,0,0,0
00:47:11 Feb 04 2021,97,80,0,0,0
00:47:13 Feb 04 2021,97,83,0,0,0
00:47:15 Feb 04 2021,97,81,0,0,0
00:47:17 Feb 04 2021,97,82,0,0,0
00:47:19 Feb 04 2021,97,83,0,0,0
00:47:21 Feb 04 2021,97,88,0,0,0
00:47:23 Feb 04 2021,97,91,0,0,0
00:47:25 Feb 04 2021,97,85,0,0,0
00:47:27 Feb 04 2021,97,88,0,0,0
00:47:29 Feb 04 2021,97,87,0,0,0
00:47:31 Feb 04 2021,96,86,0,0,0
00:47:33 Feb 04 2021,96,85,0,0,0
00:47:35 Feb 04 2021,95,86,0,0,0
00:47:37 Feb 04 2021,95,85,0,0,0
00:47:39 Feb 04 2021,95,86,0,0,0
00:47:41 Feb 04 2021,95,85,0,0,0
00:47:43 Feb 04 2021,95,84,0,0,0
00:47:45 Feb 04 2021,95,85,0,0,0
00:47:47 Feb 04 2021,95,85,0,0,0
00:47:49 Feb 04 2021,95,85,0,0,0
00:47:51 Feb 04 2021,95,84,0,0,0
00:47:53 Feb 04 2021,95,87,0,0,0
00:47:55 Feb 04 2021,95,86,0,0,0
00:47:57 Feb 04 2021,93,86,0,0,0
00:47:59 Feb 04 2021,92,88,0,0,0
00:48:01 Feb 04 2021,93,86,0,0,0
00:48:03 Feb 04 2021,92,81,0,0,0
00:48:05 Feb 04 2021,93,80,0,0,0
00:48:07 Feb 04 2021,93,77,0,0,0
00:48:09 Feb 04 2021,94,79,0,0,0
00:48:11 Feb 04 2021,95,79,0,0,0
00:48:13 Feb 04 2021,96,76,0,0,0
00:48:15 Feb 04 2021,97,74,0,0,0
00:48:17 Feb 04 2021,98,73,0,0,0
00:48:19 Feb 04 2021,98,73,0,0,0
00:48:21 Feb 04 2021,98,72,0,0,0
00:48:23 Feb 04 2021,98,73,0,0,0
00:48:25 Feb 04 2021,98,74,0,0,0
00:48:27 Feb 04 2021,98,74,0,0,0
00:48:29 Feb 04 2021,98,76,0,0,0
00:48:31 Feb 04 2021,98,76,0,0,0
00:48:33 Feb 04 2021,98,74,0,0,0
00:48:35 Feb 04 2021,98,74,0,0,0
00:48:37 Feb 04 2021,97,74,0,0,0
00:48:39 Feb 04 2021,97,74,0,0,0
00:48:41 Feb 04 2021,97,73,0,0,0
00:48:43 Feb 04 2021,97,68,0,0,0
00:48:45 Feb 04 2021,96,70,0,0,0
00:48:47 Feb 04 2021,96,72,0,0,0
00:48:49 Feb 04 2021,96,76,0,0,0
00:48:51 Feb 04 2021,96,76,0,0,0
00:48:53 Feb 04 2021,96,74,0,0,0
00:48:55 Feb 04 2021,96,74,0,0,0
00:48:57 Feb 04 2021,96,75,0,0,0
00:48:59 Feb 04 2021,94,76,0,0,0
00:49:01 Feb 04 2021,94,77,0,0,0
00:49:03 Feb 04 2021,93,80,0,0,0
00:49:05 Feb 04 2021,92,83,0,0,0
00:49:07 Feb 04 2021,92,84,0,0,0
00:49:09 Feb 04 2021,91,85,0,0,0
00:49:11 Feb 04 2021,93,84,0,0,0
00:49:13 Feb 04 2021,93,83,0,0,0
00:49:15 Feb 04 2021,94,82,0,0,0
00:49:17 Feb 04 2021,95,83,0,0,0
00:49:19 Feb 04 2021,95,82,0,0,0
00:49:21 Feb 04 2021,96,80,0,0,0
00:49:23 Feb 04 2021,96,77,0,0,0
00:49:25 Feb 04 2021,96,75,0,0,0
00:49:27 Feb 04 2021,97,76,0,0,0
00:49:29 Feb 04 2021,97,75,0,0,0
00:49:31 Feb 04 2021,97,75,0,0,0
00:49:33 Feb 04 2021,98,75,0,0,0
00:49:35 Feb 04 2021,98,76,0,0,0
00:49:37 Feb 04 2021,98,77,0,0,0
00:49:39 Feb 04 2021,98,77,0,0,0
00:49:41 Feb 04 2021,98,82,0,0,0
00:49:43 Feb 04 2021,98,84,0,0,0
00:49:45 Feb 04 2021,97,85,0,0,0
00:49:47 Feb 04 2021,97,82,0,0,0
00:49:49 Feb 04 2021,97,77,0,0,0
00:49:51 Feb 04 2021,97,77,0,0,0
00:49:53 Feb 04 2021,97,77,0,0,0
00:49:55 Feb 04 2021,97,76,0,0,0
00:49:57 Feb 04 2021,97,78,0,0,0
00:49:59 Feb 04 2021,97,78,0,0,0
00:50:01 Feb 04 2021,97,77,0,0,0
00:50:03 Feb 04 2021,97,75,0,0,0
00:50:05 Feb 04 2021,97,74,0,0,0
00:50:07 Feb 04 2021,95,71,0,0,0
00:50:09 Feb 04 2021,93,69,0,0,0
00:50:11 Feb 04 2021,92,69,0,0,0
00:50:13 Feb 04 2021,91,70,0,0,0
00:50:15 Feb 04 2021,91,70,0,0,0
00:50:17 Feb 04 2021,90,69,0,0,0
00:50:19 Feb 04 2021,90,70,0,0,0
00:50:21 Feb 04 2021,90,68,0,0,0
00:50:23 Feb 04 2021,90,68,0,0,0
00:50:25 Feb 04 2021,90,69,0,0,0
00:50:27 Feb 04 2021,91,69,0,0,0
00:50:29 Feb 04 2021,92,69,0,0,0
00:50:31 Feb 04 2021,93,69,0,0,0
00:50:33 Feb 04 2021,95,68,0,0,0
00:50:35 Feb 04 2021,95,71,0,0,0
00:50:37 Feb 04 2021,96,72,0,0,0
00:50:39 Feb 04 2021,97,67,0,0,0
00:50:41 Feb 04 2021,97,70,0,0,0
00:50:43 Feb 04 2021,97,58,0,0,0
00:50:45 Feb 04 2021,97,59,0,0,0
00:50:47 Feb 04 2021,97,61,0,0,0
00:50:49 Feb 04 2021,97,61,0,0,0
00:50:51 Feb 04 2021,98,62,0,0,0
00:50:53 Feb 04 2021,98,62,0,0,0
00:50:55 Feb 04 2021,98,64,0,0,0
00:50:57 Feb 04 2021,98,64,0,0,0
00:50:59 Feb 04 2021,98,64,0,0,0
00:51:01 Feb 04 2021,98,63,0,0,0
00:51:03 Feb 04 2021,98,61,0,0,0
00:51:05 Feb 04 2021,98,60,0,0,0
00:51:07 Feb 04 2021,98,58,0,0,0
00:51:09 Feb 04 2021,97,59,0,0,0
00:51:11 Feb 04 2021,97,59,0,0,0
00:51:13 Feb 04 2021,97,59,0,0,0
00:51:15 Feb 04 2021,97,59,0,0,0
00:51:17 Feb 04 2021,97,59,0,0,0
00:51:19 Feb 04 2021,97,57,0,0,0
00:51:21 Feb 04 2021,96,57,0,0,0
00:51:23 Feb 04 2021,97,58,0,0,0
00:51:25 Feb 04 2021,96,57,0,0,0
00:51:27 Feb 04 2021,96,58,0,0,0
00:51:29 Feb 04 2021,96,57,0,0,0
00:51:31 Feb 04 2021,94,55,0,0,0
00:51:33 Feb 04 2021,94,54,0,0,0
00:51:35 Feb 04 2021,93,53,0,0,0
00:51:37 Feb 04 2021,93,53,0,0,0
00:51:39 Feb 04 2021,93,53,0,0,0
00:51:41 Feb 04 2021,93,53,0,0,0
00:51:43 Feb 04 2021,93,53,0,0,0
00:51:45 Feb 04 2021,92,53,0,0,0
00:51:47 Feb 04 2021,90,58,0,0,0
00:51:49 Feb 04 2021,89,58,0,1,0
00:51:51 Feb 04 2021,89,61,0,0,0
00:51:53 Feb 04 2021,90,63,0,0,0
00:51:55 Feb 04 2021,90,60,0,0,0
00:51:57 Feb 04 2021,91,63,0,0,0
00:51:59 Feb 04 2021,94,66,0,0,0
00:52:01 Feb 04 2021,95,65,0,0,0
00:52:03 Feb 04 2021,96,66,0,0,0
00:52:05 Feb 04 2021,96,66,0,0,0
00:52:07 Feb 04 2021,96,64,0,0,0
00:52:09 Feb 04 2021,97,63,0,0,0
00:52:11 Feb 04 2021,97,62,0,0,0
00:52:13 Feb 04 2021,98,62,0,0,0
00:52:15 Feb 04 2021,98,63,0,0,0
00:52:17 Feb 04 2021,98,62,0,0,0
00:52:19 Feb 04 2021,98,62,0,0,0
00:52:21 Feb 04 2021,98,62,0,0,0
00:52:23 Feb 04 2021,98,59,0,0,0
00:52:25 Feb 04 2021,98,61,0,0,0
00:52:27 Feb 04 2021,98,61,0,0,0
00:52:29 Feb 04 2021,98,61,0,0,0
00:52:31 Feb 04 2021,98,61,0,0,0
00:52:33 Feb 04 2021,98,61,0,0,0
00:52:35 Feb 04 2021,98,61,0,0,0
00:52:37 Feb 04 2021,98,61,0,0,0
00:52:39 Feb 04 2021,98,62,0,0,0
00:52:41 Feb 04 2021,97,64,0,0,0
00:52:43 Feb 04 2021,98,66,0,0,0
00:52:45 Feb 04 2021,98,67,0,0,0
00:52:47 Feb 04 2021,98,66,0,0,0
00:52:49 Feb 04 2021,98,67,0,0,0
00:52:51 Feb 04 2021,98,67,0,0,0
00:52:53 Feb 04 2021,97,68,0,0,0
00:52:55 Feb 04 2021,95,68,0,0,0
00:52:57 Feb 04 2021,93,67,0,0,0
00:52:59 Feb 04 2021,92,65,0,0,0
00:53:01 Feb 04 2021,92,64,0,0,0
00:53:03 Feb 04 2021,92,65,0,0,0
00:53:05 Feb 04 2021,91,65,0,0,0
00:53:07 Feb 04 2021,91,65,0,0,0
00:53:09 Feb 04 2021,91,67,0,0,0
00:53:11 Feb 04 2021,91,68,0,0,0
00:53:13 Feb 04 2021,91,68,0,0,0
00:53:15 Feb 04 2021,91,69,0,0,0
00:53:17 Feb 04 2021,92,67,0,0,0
00:53:19 Feb 04 2021,93,65,0,0,0
00:53:21 Feb 04 2021,94,62,0,0,0
00:53:23 Feb 04 2021,96,62,0,0,0
00:53:25 Feb 04 2021,97,61,0,0,0
00:53:27 Feb 04 2021,97,62,0,0,0
00:53:29 Feb 04 2021,98,61,0,0,0
00:53:31 Feb 04 2021,98,61,0,0,0
00:53:33 Feb 04 2021,98,61,0,0,0
00:53:35 Feb 04 2021,98,60,0,0,0
00:53:37 Feb 04 2021,98,59,0,0,0
00:53:39 Feb 04 2021,98,55,0,0,0
00:53:41 Feb 04 2021,98,55,0,0,0
00:53:43 Feb 04 2021,98,55,0,0,0
00:53:45 Feb 04 2021,98,60,0,0,0
00:53:47 Feb 04 2021,98,62,0,0,0
00:53:49 Feb 04 2021,98,63,0,0,0
00:53:51 Feb 04 2021,98,62,0,0,0
00:53:53 Feb 04 2021,98,60,0,0,0
00:53:55 Feb 04 2021,98,61,0,0,0
00:53:57 Feb 04 2021,98,59,0,0,0
00:53:59 Feb 04 2021,98,58,0,0,0
00:54:01 Feb 04 2021,97,57,0,0,0
00:54:03 Feb 04 2021,97,57,0,0,0
00:54:05 Feb 04 2021,96,57,0,0,0
00:54:07 Feb 04 2021,96,57,0,0,0
00:54:09 Feb 04 2021,96,57,0,0,0
00:54:11 Feb 04 2021,96,57,0,0,0
00:54:13 Feb 04 2021,96,62,0,0,0
00:54:15 Feb 04 2021,96,63,0,0,0
00:54:17 Feb 04 2021,96,65,0,0,0
00:54:19 Feb 04 2021,96,66,0,0,0
00:54:21 Feb 04 2021,96,64,0,0,0
00:54:23 Feb 04 2021,96,62,0,0,0
00:54:25 Feb 04 2021,93,62,0,0,0
00:54:27 Feb 04 2021,93,59,0,0,0
00:54:29 Feb 04 2021,95,59,0,0,0
00:54:31 Feb 04 2021,95,56,0,0,0
00:54:33 Feb 04 2021,96,56,0,0,0
00:54:35 Feb 04 2021,96,55,0,0,0
00:54:37 Feb 04 2021,96,55,0,0,0
00:54:39 Feb 04 2021,96,55,0,0,0
00:54:41 Feb 04 2021,96,55,0,0,0
00:54:43 Feb 04 2021,96,55,0,0,0
00:54:45 Feb 04 2021,96,55,0,0,0
00:54:47 Feb 04 2021,96,55,0,0,0
00:54:49 Feb 04 2021,96,55,0,0,0
00:54:51 Feb 04 2021,96,56,0,0,0
00:54:53 Feb 04 2021,96,56,0,0,0
00:54:55 Feb 04 2021,97,58,0,0,0
00:54:57 Feb 04 2021,97,58,0,0,0
00:54:59 Feb 04 2021,97,59,0,0,0
00:55:01 Feb 04 2021,97,60,0,0,0
00:55:03 Feb 04 2021,97,61,0,0,0
00:55:05 Feb 04 2021,97,64,0,0,0
00:55:07 Feb 04 2021,97,65,0,0,0
00:55:09 Feb 04 2021,97,66,0,0,0
00:55:11 Feb 04 2021,97,68,0,0,0
00:55:13 Feb 04 2021,97,66,0,0,0
00:55:15 Feb 04 2021,97,66,0,0,0
00:55:17 Feb 04 2021,97,66,0,0,0
00:55:19 Feb 04 2021,97,65,0,0,0
00:55:21 Feb 04 2021,97,64,0,0,0
00:55:23 Feb 04 2021,97,63,0,0,0
00:55:25 Feb 04 2021,96,53,0,0,0
00:55:27 Feb 04 2021,95,45,0,0,0
00:55:29 Feb 04 2021,95,40,0,0,0
00:55:31 Feb 04 2021,95,40,0,0,0
00:55:33 Feb 04 2021,95,41,0,0,0
00:55:35 Feb 04 2021,95,41,0,0,0
00:55:37 Feb 04 2021,95,40,0,0,0
00:55:39 Feb 04 2021,95,40,0,0,0
00:55:41 Feb 04 2021,95,40,0,0,0
00:55:43 Feb 04 2021,95,40,0,0,0
00:55:45 Feb 04 2021,95,40,0,0,0
00:55:47 Feb 04 2021,95,40,0,0,0
00:55:49 Feb 04 2021,95,40,0,0,0
00:55:51 Feb 04 2021,95,40,0,0,0
00:55:53 Feb 04 2021,95,40,0,0,0
00:55:55 Feb 04 2021,96,45,0,0,0
00:55:57 Feb 04 2021,96,46,0,0,0
00:55:59 Feb 04 2021,97,51,0,0,0
00:56:01 Feb 04 2021,97,53,0,0,0
00:56:03 Feb 04 2021,97,51,0,0,0
00:56:05 Feb 04 2021,97,52,0,0,0
00:56:07 Feb 04 2021,97,52,0,0,0
00:56:09 Feb 04 2021,97,55,0,0,0
00:56:11 Feb 04 2021,97,55,0,0,0
00:56:13 Feb 04 2021,97,57,0,0,0
00:56:15 Feb 04 2021,97,56,0,0,0
00:56:17 Feb 04 2021,97,55,0,0,0
00:56:19 Feb 04 2021,97,55,0,0,0
00:56:21 Feb 04 2021,97,55,0,0,0
00:56:23 Feb 04 2021,97,55,0,0,0
00:56:25 Feb 04 2021,97,57,0,0,0
00:56:27 Feb 04 2021,96,57,0,0,0
00:56:29 Feb 04 2021,96,58,0,0,0
00:56:31 Feb 04 2021,96,58,0,0,0
00:56:33 Feb 04 2021,96,57,0,0,0
00:56:35 Feb 04 2021,96,57,0,0,0
00:56:37 Feb 04 2021,96,57,0,0,0
00:56:39 Feb 04 2021,96,57,0,0,0
00:56:41 Feb 04 2021,96,57,0,0,0
00:56:43 Feb 04 2021,96,57,0,0,0
00:56:45 Feb 04 2021,96,57,0,0,0
00:56:47 Feb 04 2021,96,57,0,0,0
00:56:49 Feb 04 2021,96,57,0,0,0
00:56:51 Feb 04 2021,94,61,0,0,0
00:56:53 Feb 04 2021,94,62,0,0,0
00:56:55 Feb 04 2021,92,62,0,0,0
00:56:57 Feb 04 2021,92,61,0,0,0
00:56:59 Feb 04 2021,92,58,0,0,0
00:57:01 Feb 04 2021,90,57,0,0,0
00:57:03 Feb 04 2021,93,57,0,0,0
00:57:05 Feb 04 2021,93,57,0,0,0
00:57:07 Feb 04 2021,93,57,0,0,0
00:57:09 Feb 04 2021,91,57,0,0,0
00:57:11 Feb 04 2021,90,55,0,0,0
00:57:13 Feb 04 2021,90,55,0,0,0
00:57:15 Feb 04 2021,91,56,0,0,0
00:57:17 Feb 04 2021,91,60,0,0,0
00:57:19 Feb 04 2021,90,61,0,0,0
00:57:21 Feb 04 2021,89,62,0,1,0
00:57:23 Feb 04 2021,89,63,0,0,0
00:57:25 Feb 04 2021,89,61,0,0,0
00:57:27 Feb 04 2021,91,68,0,0,0
00:57:29 Feb 04 2021,93,76,0,0,0
00:57:31 Feb 04 2021,95,79,0,0,0
00:57:33 Feb 04 2021,97,88,0,0,0
00:57:35 Feb 04 2021,97,87,0,0,0
00:57:37 Feb 04 2021,97,87,0,0,0
00:57:39 Feb 04 2021,97,87,0,0,0
00:57:41 Feb 04 2021,97,86,0,0,0
00:57:43 Feb 04 2021,98,85,0,0,0
00:57:45 Feb 04 2021,98,84,0,0,0
00:57:47 Feb 04 2021,98,82,0,0,0
00:57:49 Feb 04 2021,98,79,0,0,0
00:57:51 Feb 04 2021,98,78,0,0,0
00:57:53 Feb 04 2021,98,77,0,0,0
00:57:55 Feb 04 2021,98,77,0,0,0
00:57:57 Feb 04 2021,98,78,0,0,0
00:57:59 Feb 04 2021,98,78,0,0,0
00:58:01 Feb 04 2021,98,78,0,0,0
00:58:03 Feb 04 2021,98,79,0,0,0
00:58:05 Feb 04 2021,98,80,0,0,0
00:58:07 Feb 04 2021,97,81,0,0,0
00:58:09 Feb 04 2021,97,82,0,0,0
00:58:11 Feb 04 2021,98,82,0,0,0
00:58:13 Feb 04 2021,96,82,0,0,0
00:58:15 Feb 04 2021,95,85,0,0,0
00:58:17 Feb 04 2021,95,85,0,0,0
00:58:19 Feb 04 2021,94,86,0,0,0
00:58:21 Feb 04 2021,94,88,0,0,0
00:58:23 Feb 04 2021,94,88,0,0,0
00:58:25 Feb 04 2021,94,89,0,0,0
00:58:27 Feb 04 2021,94,89,0,0,0
00:58:29 Feb 04 2021,95,86,0,0,0
00:58:31 Feb 04 2021,95,85,0,0,0
00:58:33 Feb 04 2021,96,81,0,0,0
00:58:35 Feb 04 2021,97,81,0,0,0
00:58:37 Feb 04 2021,97,81,0,0,0
00:58:39 Feb 04 2021,97,79,0,0,0
00:58:41 Feb 04 2021,97,81,0,0,0
00:58:43 Feb 04 2021,98,82,0,0,0
00:58:45 Feb 04 2021,98,84,0,0,0
00:58:47 Feb 04 2021,98,84,0,0,0
00:58:49 Feb 04 2021,98,82,0,0,0
00:58:51 Feb 04 2021,98,82,0,0,0
00:58:53 Feb 04 2021,98,80,0,0,0
00:58:55 Feb 04 2021,98,81,0,0,0
00:58:57 Feb 04 2021,98,81,0,0,0
00:58:59 Feb 04 2021,98,81,0,0,0
00:59:01 Feb 04 2021,98,81,0,0,0
00:59:03 Feb 04 2021,98,83,0,0,0
00:59:05 Feb 04 2021,98,83,0,0,0
00:59:07 Feb 04 2021,98,84,0,0,0
00:59:09 Feb 04 2021,98,82,0,0,0
00:59:11 Feb 04 2021,98,80,0,0,0
00:59:13 Feb 04 2021,97,71,0,0,0
00:59:15 Feb 04 2021,97,67,0,0,0
00:59:17 Feb 04 2021,97,69,0,0,0
00:59:19 Feb 04 2021,97,65,0,0,0
00:59:21 Feb 04 2021,97,73,0,0,0
00:59:23 Feb 04 2021,97,73,0,0,0
00:59:25 Feb 04 2021,97,74,0,0,0
00:59:27 Feb 04 2021,97,75,0,0,0
00:59:29 Feb 04 2021,97,78,0,0,0
00:59:31 Feb 04 2021,97,82,0,0,0
00:59:33 Feb 04 2021,97,81,0,0,0
00:59:35 Feb 04 2021,97,84,0,0,0
00:59:37 Feb 04 2021,97,83,0,0,0
00:59:39 Feb 04 2021,97,83,0,0,0
00:59:41 Feb 04 2021,97,84,0,0,0
00:59:43 Feb 04 2021,97,84,0,0,0
00:59:45 Feb 04 2021,97,84,0,0,0
00:59:47 Feb 04 2021,97,84,0,0,0
00:59:49 Feb 04 2021,97,83,0,0,0
00:59:51 Feb 04 2021,97,81,0,0,0
00:59:53 Feb 04 2021,97,81,0,0,0
00:59:55 Feb 04 2021,97,80,0,0,0
00:59:57 Feb 04 2021,97,81,0,0,0
00:59:59 Feb 04 2021,97,82,0,0,0
01:00:01 Feb 04 2021,97,81,0,0,0
01:00:03 Feb 04 2021,97,82,0,0,0
01:00:05 Feb 04 2021,97,82,0,0,0
01:00:07 Feb 04 2021,97,82,0,0,0
01:00:09 Feb 04 2021,98,83,0,0,0
01:00:11 Feb 04 2021,98,84,0,0,0
01:00:13 Feb 04 2021,98,84,0,0,0
01:00:15 Feb 04 2021,98,84,0,0,0
01:00:17 Feb 04 2021,98,83,0,0,0
01:00:19 Feb 04 2021,98,79,0,0,0
01:00:21 Feb 04 2021,98,78,0,0,0
01:00:23 Feb 04 2021,98,77,0,0,0
01:00:25 Feb 04 2021,98,71,0,0,0
01:00:27 Feb 04 2021,98,67,0,0,0
01:00:29 Feb 04 2021,98,69,0,0,0
01:00:31 Feb 04 2021,98,63,0,0,0
01:00:33 Feb 04 2021,97,67,0,0,0
01:00:35 Feb 04 2021,97,68,0,0,0
01:00:37 Feb 04 2021,97,68,0,0,0
01:00:39 Feb 04 2021,97,68,0,0,0
01:00:41 Feb 04 2021,97,68,0,0,0
01:00:43 Feb 04 2021,97,69,0,0,0
01:00:45 Feb 04 2021,97,69,0,0,0
01:00:47 Feb 04 2021,96,70,0,0,0
01:00:49 Feb 04 2021,96,72,0,0,0
01:00:51 Feb 04 2021,96,73,0,0,0
01:00:53 Feb 04 2021,96,74,0,0,0
01:00:55 Feb 04 2021,95,77,0,0,0
01:00:57 Feb 04 2021,95,77,0,0,0
01:00:59 Feb 04 2021,94,78,0,0,0
01:01:01 Feb 04 2021,93,79,0,0,0
01:01:03 Feb 04 2021,94,79,0,0,0
01:01:05 Feb 04 2021,93,79,0,0,0
01:01:07 Feb 04 2021,94,80,0,0,0
01:01:09 Feb 04 2021,94,79,0,0,0
01:01:11 Feb 04 2021,93,78,0,0,0
01:01:13 Feb 04 2021,93,78,0,0,0
01:01:15 Feb 04 2021,92,78,0,0,0
01:01:17 Feb 04 2021,91,79,0,0,0
01:01:19 Feb 04 2021,92,79,0,0,0
01:01:21 Feb 04 2021,92,79,0,0,0
01:01:23 Feb 04 2021,93,80,0,0,0
01:01:25 Feb 04 2021,95,79,0,0,0
01:01:27 Feb 04 2021,97,78,0,0,0
01:01:29 Feb 04 2021,97,77,0,0,0
01:01:31 Feb 04 2021,98,75,0,0,0
01:01:33 Feb 04 2021,98,74,0,0,0
01:01:35 Feb 04 2021,98,74,0,0,0
01:01:37 Feb 04 2021,98,74,0,0,0
01:01:39 Feb 04 2021,98,74,0,0,0
01:01:41 Feb 04 2021,98,74,0,0,0
01:01:43 Feb 04 2021,98,74,0,0,0
01:01:45 Feb 04 2021,98,75,0,0,0
01:01:47 Feb 04 2021,98,75,0,0,0
01:01:49 Feb 04 2021,98,77,0,0,0
01:01:51 Feb 04 2021,98,79,0,0,0
01:01:53 Feb 04 2021,98,79,0,0,0
01:01:55 Feb 04 2021,98,79,0,0,0
01:01:57 Feb 04 2021,98,75,0,0,0
01:01:59 Feb 04 2021,97,76,0,0,0
01:02:01 Feb 04 2021,97,77,0,0,0
01:02:03 Feb 04 2021,97,76,0,0,0
01:02:05 Feb 04 2021,97,77,0,0,0
01:02:07 Feb 04 2021,97,76,0,0,0
01:02:09 Feb 04 2021,97,76,0,0,0
01:02:11 Feb 04 2021,97,76,0,0,0
01:02:13 Feb 04 2021,96,78,0,0,0
01:02:15 Feb 04 2021,95,80,0,0,0
01:02:17 Feb 04 2021,94,81,0,0,0
01:02:19 Feb 04 2021,93,81,0,0,0
01:02:21 Feb 04 2021,93,80,0,0,0
01:02:23 Feb 04 2021,92,80,0,0,0
01:02:25 Feb 04 2021,91,79,0,0,0
01:02:27 Feb 04 2021,89,80,0,1,0
01:02:29 Feb 04 2021,88,80,0,0,0
01:02:31 Feb 04 2021,88,80,0,0,0
01:02:33 Feb 04 2021,88,80,0,0,0
01:02:35 Feb 04 2021,89,77,0,0,0
01:02:37 Feb 04 2021,91,73,0,0,0
01:02:39 Feb 04 2021,93,70,0,0,0
01:02:41 Feb 04 2021,94,71,0,0,0
01:02:43 Feb 04 2021,96,70,0,0,0
01:02:45 Feb 04 2021,96,70,0,0,0
01:02:47 Feb 04 2021,96,72,0,0,0
01:02:49 Feb 04 2021,96,71,0,0,0
01:02:51 Feb 04 2021,97,71,0,0,0
01:02:53 Feb 04 2021,97,71,0,0,0
01:02:55 Feb 04 2021,97,71,0,0,0
01:02:57 Feb 04 2021,97,71,0,0,0
01:02:59 Feb 04 2021,97,70,0,0,0
01:03:01 Feb 04 2021,97,71,0,0,0
01:03:03 Feb 04 2021,97,71,0,0,0
01:03:05 Feb 04 2021,98,70,0,0,0
01:03:07 Feb 04 2021,98,71,0,0,0
01:03:09 Feb 04 2021,98,69,0,0,0
01:03:11 Feb 04 2021,98,66,0,0,0
01:03:13 Feb 04 2021,98,67,0,0,0
01:03:15 Feb 04 2021,97,66,0,0,0
01:03:17 Feb 04 2021,97,70,0,0,0
01:03:19 Feb 04 2021,97,73,0,0,0
01:03:21 Feb 04 2021,97,72,0,0,0
01:03:23 Feb 04 2021,97,73,0,0,0
01:03:25 Feb 04 2021,97,73,0,0,0
01:03:27 Feb 04 2021,97,72,0,0,0
01:03:29 Feb 04 2021,97,72,0,0,0
01:03:31 Feb 04 2021,97,71,0,0,0
01:03:33 Feb 04 2021,97,68,0,0,0
01:03:35 Feb 04 2021,97,69,0,0,0
01:03:37 Feb 04 2021,96,76,0,0,0
01:03:39 Feb 04 2021,95,80,0,0,0
01:03:41 Feb 04 2021,94,83,0,0,0
01:03:43 Feb 04 2021,94,85,0,0,0
01:03:45 Feb 04 2021,94,82,0,0,0
01:03:47 Feb 04 2021,93,82,0,0,0
01:03:49 Feb 04 2021,93,80,0,0,0
01:03:51 Feb 04 2021,93,77,0,0,0
01:03:53 Feb 04 2021,93,77,0,0,0
01:03:55 Feb 04 2021,94,76,0,0,0
01:03:57 Feb 04 2021,94,77,0,0,0
01:03:59 Feb 04 2021,94,78,0,0,0
01:04:01 Feb 04 2021,95,78,0,0,0
01:04:03 Feb 04 2021,96,75,0,0,0
01:04:05 Feb 04 2021,97,74,0,0,0
01:04:07 Feb 04 2021,97,72,0,0,0
01:04:09 Feb 04 2021,97,71,0,0,0
01:04:11 Feb 04 2021,97,73,0,0,0
01:04:13 Feb 04 2021,97,72,0,0,0
01:04:15 Feb 04 2021,97,72,0,0,0
01:04:17 Feb 04 2021,97,72,0,0,0
01:04:19 Feb 04 2021,97,72,0,0,0
01:04:21 Feb 04 2021,97,72,0,0,0
01:04:23 Feb 04 2021,97,71,0,0,0
01:04:25 Feb 04 2021,97,71,0,0,0
01:04:27 Feb 04 2021,97,68,0,0,0
01:04:29 Feb 04 2021,97,67,0,0,0
01:04:31 Feb 04 2021,97,65,0,0,0
01:04:33 Feb 04 2021,97,65,0,0,0
01:04:35 Feb 04 2021,97,63,0,0,0
01:04:37 Feb 04 2021,97,63,0,0,0
01:04:39 Feb 04 2021,97,65,0,0,0
01:04:41 Feb 04 2021,97,65,0,0,0
01:04:43 Feb 04 2021,97,65,0,0,0
01:04:45 Feb 04 2021,97,65,0,0,0
01:04:47 Feb 04 2021,97,65,0,0,0
01:04:49 Feb 04 2021,97,63,0,0,0
01:04:51 Feb 04 2021,97,63,0,0,0
01:04:53 Feb 04 2021,97,69,0,0,0
01:04:55 Feb 04 2021,96,76,0,0,0
01:04:57 Feb 04 2021,95,82,0,0,0
01:04:59 Feb 04 2021,94,85,0,0,0
01:05:01 Feb 04 2021,94,83,0,0,0
01:05:03 Feb 04 2021,94,82,0,0,0
01:05:05 Feb 04 2021,93,83,0,0,0
01:05:07 Feb 04 2021,92,83,0,0,0
01:05:09 Feb 04 2021,92,82,0,0,0
01:05:11 Feb 04 2021,92,77,0,0,0
01:05:13 Feb 04 2021,93,75,0,0,0
01:05:15 Feb 04 2021,95,73,0,0,0
01:05:17 Feb 04 2021,96,76,0,0,0
01:05:19 Feb 04 2021,96,75,0,0,0
01:05:21 Feb 04 2021,97,74,0,0,0
01:05:23 Feb 04 2021,97,74,0,0,0
01:05:25 Feb 04 2021,97,74,0,0,0
01:05:27 Feb 04 2021,97,77,0,0,0
01:05:29 Feb 04 2021,97,77,0,0,0
01:05:31 Feb 04 2021,97,77,0,0,0
01:05:33 Feb 04 2021,97,78,0,0,0
01:05:35 Feb 04 2021,97,77,0,0,0
01:05:37 Feb 04 2021,97,77,0,0,0
01:05:39 Feb 04 2021,97,73,0,0,0
01:05:41 Feb 04 2021,97,71,0,0,0
01:05:43 Feb 04 2021,97,70,0,0,0
01:05:45 Feb 04 2021,97,74,0,0,0
01:05:47 Feb 04 2021,97,75,0,0,0
01:05:49 Feb 04 2021,97,79,0,0,0
01:05:51 Feb 04 2021,97,80,0,0,0
01:05:53 Feb 04 2021,97,77,0,0,0
01:05:55 Feb 04 2021,96,68,0,0,0
01:05:57 Feb 04 2021,96,57,0,0,0
01:05:59 Feb 04 2021,96,53,0,0,0
01:06:01 Feb 04 2021,96,58,0,0,0
01:06:03 Feb 04 2021,96,58,0,0,0
01:06:05 Feb 04 2021,96,58,0,0,0
01:06:07 Feb 04 2021,96,55,0,0,0
01:06:09 Feb 04 2021,96,55,0,0,0
01:06:11 Feb 04 2021,96,55,0,0,0
01:06:13 Feb 04 2021,96,57,0,0,0
01:06:15 Feb 04 2021,95,60,0,0,0
01:06:17 Feb 04 2021,94,64,0,0,0
01:06:19 Feb 04 2021,93,66,0,0,0
01:06:21 Feb 04 2021,93,66,0,0,0
01:06:23 Feb 04 2021,93,67,0,0,0
01:06:25 Feb 04 2021,94,73,0,0,0
01:06:27 Feb 04 2021,94,74,0,0,0
01:06:29 Feb 04 2021,95,76,0,0,0
01:06:31 Feb 04 2021,95,75,0,0,0
01:06:33 Feb 04 2021,95,72,0,0,0
01:06:35 Feb 04 2021,96,71,0,0,0
01:06:37 Feb 04 2021,96,74,0,0,0
01:06:39 Feb 04 2021,97,74,0,0,0
01:06:41 Feb 04 2021,97,71,0,0,0
01:06:43 Feb 04 2021,97,71,0,0,0
01:06:45 Feb 04 2021,97,67,0,0,0
01:06:47 Feb 04 2021,97,67,0,0,0
01:06:49 Feb 04 2021,97,69,0,0,0
01:06:51 Feb 04 2021,97,67,0,0,0
01:06:53 Feb 04 2021,97,68,0,0,0
01:06:55 Feb 04 2021,97,69,0,0,0
01:06:57 Feb 04 2021,97,68,0,0,0
01:06:59 Feb 04 2021,97,68,0,0,0
01:07:01 Feb 04 2021,97,68,0,0,0
01:07:03 Feb 04 2021,97,68,0,0,0
01:07:05 Feb 04 2021,97,68,0,0,0
01:07:07 Feb 04 2021,97,68,0,0,0
01:07:09 Feb 04 2021,97,67,0,0,0
01:07:11 Feb 04 2021,97,67,0,0,0
01:07:13 Feb 04 2021,97,67,0,0,0
01:07:15 Feb 04 2021,97,65,0,0,0
01:07:17 Feb 04 2021,96,65,0,0,0
01:07:19 Feb 04 2021,95,65,0,0,0
01:07:21 Feb 04 2021,95,68,0,0,0
01:07:23 Feb 04 2021,94,73,0,0,0
01:07:25 Feb 04 2021,94,71,0,0,0
01:07:27 Feb 04 2021,94,66,0,0,0
01:07:29 Feb 04 2021,94,60,0,0,0
01:07:31 Feb 04 2021,94,57,0,0,0
01:07:33 Feb 04 2021,94,59,0,0,0
01:07:35 Feb 04 2021,94,59,0,0,0
01:07:37 Feb 04 2021,94,60,0,0,0
01:07:39 Feb 04 2021,94,61,0,0,0
01:07:41 Feb 04 2021,94,61,0,0,0
01:07:43 Feb 04 2021,95,60,0,0,0
01:07:45 Feb 04 2021,96,58,0,0,0
01:07:47 Feb 04 2021,97,57,0,0,0
01:07:49 Feb 04 2021,97,55,0,0,0
01:07:51 Feb 04 2021,97,57,0,0,0
01:07:53 Feb 04 2021,97,56,0,0,0
01:07:55 Feb 04 2021,97,56,0,0,0
01:07:57 Feb 04 2021,97,56,0,0,0
01:07:59 Feb 04 2021,97,56,0,0,0
01:08:01 Feb 04 2021,97,57,0,0,0
01:08:03 Feb 04 2021,97,56,0,0,0
01:08:05 Feb 04 2021,97,56,0,0,0
01:08:07 Feb 04 2021,97,57,0,0,0
01:08:09 Feb 04 2021,97,58,0,0,0
01:08:11 Feb 04 2021,97,59,0,0,0
01:08:13 Feb 04 2021,97,60,0,0,0
01:08:15 Feb 04 2021,97,59,0,0,0
01:08:17 Feb 04 2021,97,56,0,0,0
01:08:19 Feb 04 2021,97,55,0,0,0
01:08:21 Feb 04 2021,97,58,0,0,0
01:08:23 Feb 04 2021,97,58,0,0,0
01:08:25 Feb 04 2021,97,58,0,0,0
01:08:27 Feb 04 2021,97,57,0,0,0
01:08:29 Feb 04 2021,97,57,0,0,0
01:08:31 Feb 04 2021,97,56,0,0,0
01:08:33 Feb 04 2021,97,56,0,0,0
01:08:35 Feb 04 2021,97,59,0,0,0
01:08:37 Feb 04 2021,96,63,0,0,0
01:08:39 Feb 04 2021,94,70,0,0,0
01:08:41 Feb 04 2021,93,68,0,0,0
01:08:43 Feb 04 2021,93,69,0,0,0
01:08:45 Feb 04 2021,93,68,0,0,0
01:08:47 Feb 04 2021,94,66,0,0,0
01:08:49 Feb 04 2021,94,67,0,0,0
01:08:51 Feb 04 2021,94,67,0,0,0
01:08:53 Feb 04 2021,94,68,0,0,0
01:08:55 Feb 04 2021,94,67,0,0,0
01:08:57 Feb 04 2021,94,68,0,0,0
01:08:59 Feb 04 2021,94,68,0,0,0
01:09:01 Feb 04 2021,95,69,0,0,0
01:09:03 Feb 04 2021,95,69,0,0,0
01:09:05 Feb 04 2021,96,70,0,0,0
01:09:07 Feb 04 2021,96,69,0,0,0
01:09:09 Feb 04 2021,97,58,0,0,0
01:09:11 Feb 04 2021,97,58,0,0,0
01:09:13 Feb 04 2021,97,48,0,0,0
01:09:15 Feb 04 2021,97,44,0,0,0
01:09:17 Feb 04 2021,97,45,0,0,0
01:09:19 Feb 04 2021,97,44,0,0,0
01:09:21 Feb 04 2021,97,45,0,0,0
01:09:23 Feb 04 2021,97,45,0,0,0
01:09:25 Feb 04 2021,97,46,0,0,0
01:09:27 Feb 04 2021,97,43,0,0,0
01:09:29 Feb 04 2021,97,43,0,0,0
01:09:31 Feb 04 2021,97,42,0,0,0
01:09:33 Feb 04 2021,97,42,0,0,0
01:09:35 Feb 04 2021,97,43,0,0,0
01:09:37 Feb 04 2021,97,43,0,0,0
01:09:39 Feb 04 2021,97,43,0,0,0
01:09:41 Feb 04 2021,97,43,0,0,0
01:09:43 Feb 04 2021,97,43,0,0,0
01:09:45 Feb 04 2021,97,43,0,0,0
01:09:47 Feb 04 2021,97,43,0,0,0
01:09:49 Feb 04 2021,97,43,0,0,0
01:09:51 Feb 04 2021,97,43,0,0,0
01:09:53 Feb 04 2021,97,43,0,0,0
01:09:55 Feb 04 2021,97,43,0,0,0
01:09:57 Feb 04 2021,97,43,0,0,0
01:09:59 Feb 04 2021,97,43,0,0,0
01:10:01 Feb 04 2021,97,44,0,0,0
01:10:03 Feb 04 2021,96,43,0,0,0
01:10:05 Feb 04 2021,96,43,0,0,0
01:10:07 Feb 04 2021,96,43,0,0,0
01:10:09 Feb 04 2021,96,43,0,0,0
01:10:11 Feb 04 2021,96,43,0,0,0
01:10:13 Feb 04 2021,96,43,0,0,0
01:10:15 Feb 04 2021,96,42,0,0,0
01:10:17 Feb 04 2021,96,40,0,0,0
01:10:19 Feb 04 2021,97,39,0,0,0
01:10:21 Feb 04 2021,97,38,0,0,0
01:10:23 Feb 04 2021,97,38,0,0,0
01:10:25 Feb 04 2021,97,46,0,0,0
01:10:27 Feb 04 2021,97,49,0,0,0
01:10:29 Feb 04 2021,97,51,0,0,0
01:10:31 Feb 04 2021,97,55,0,0,0
01:10:33 Feb 04 2021,97,49,0,0,0
01:10:35 Feb 04 2021,97,50,0,0,0
01:10:37 Feb 04 2021,97,50,0,0,0
01:10:39 Feb 04 2021,97,50,0,0,0
01:10:41 Feb 04 2021,97,49,0,0,0
01:10:43 Feb 04 2021,97,49,0,0,0
01:10:45 Feb 04 2021,97,49,0,0,0
01:10:47 Feb 04 2021,97,48,0,0,0
01:10:49 Feb 04 2021,97,48,0,0,0
01:10:51 Feb 04 2021,97,47,0,0,0
01:10:53 Feb 04 2021,97,45,0,0,0
01:10:55 Feb 04 2021,97,46,0,0,0
01:10:57 Feb 04 2021,97,46,0,0,0
01:10:59 Feb 04 2021,96,44,0,0,0
01:11:01 Feb 04 2021,96,45,0,0,0
01:11:03 Feb 04 2021,96,45,0,0,0
01:11:05 Feb 04 2021,96,44,0,0,0
01:11:07 Feb 04 2021,96,45,0,0,0
01:11:09 Feb 04 2021,96,45,0,0,0
01:11:11 Feb 04 2021,96,45,0,0,0
01:11:13 Feb 04 2021,96,45,0,0,0
01:11:15 Feb 04 2021,96,45,0,0,0
01:11:17 Feb 04 2021,96,45,0,0,0
01:11:19 Feb 04 2021,95,44,0,0,0
01:11:21 Feb 04 2021,94,44,0,0,0
01:11:23 Feb 04 2021,94,44,0,0,0
01:11:25 Feb 04 2021,94,45,0,0,0
01:11:27 Feb 04 2021,94,45,0,0,0
01:11:29 Feb 04 2021,94,46,0,0,0
01:11:31 Feb 04 2021,94,48,0,0,0
01:11:33 Feb 04 2021,94,48,0,0,0
01:11:35 Feb 04 2021,95,49,0,0,0
01:11:37 Feb 04 2021,95,49,0,0,0
01:11:39 Feb 04 2021,96,49,0,0,0
01:11:41 Feb 04 2021,97,49,0,0,0
01:11:43 Feb 04 2021,97,49,0,0,0
01:11:45 Feb 04 2021,97,49,0,0,0
01:11:47 Feb 04 2021,97,48,0,0,0
01:11:49 Feb 04 2021,97,48,0,0,0
01:11:51 Feb 04 2021,97,48,0,0,0
01:11:53 Feb 04 2021,97,47,0,0,0
01:11:55 Feb 04 2021,97,48,0,0,0
01:11:57 Feb 04 2021,97,48,0,0,0
01:11:59 Feb 04 2021,97,48,0,0,0
01:12:01 Feb 04 2021,97,48,0,0,0
01:12:03 Feb 04 2021,97,49,0,0,0
01:12:05 Feb 04 2021,97,50,0,0,0
01:12:07 Feb 04 2021,97,52,0,0,0
01:12:09 Feb 04 2021,97,55,0,0,0
01:12:11 Feb 04 2021,97,55,0,0,0
01:12:13 Feb 04 2021,97,56,0,0,0
01:12:15 Feb 04 2021,96,55,0,0,0
01:12:17 Feb 04 2021,96,56,0,0,0
01:12:19 Feb 04 2021,96,53,0,0,0
01:12:21 Feb 04 2021,97,53,0,0,0
01:12:23 Feb 04 2021,97,52,0,0,0
01:12:25 Feb 04 2021,97,51,0,0,0
01:12:27 Feb 04 2021,97,52,0,0,0
01:12:29 Feb 04 2021,96,51,0,0,0
01:12:31 Feb 04 2021,96,57,0,0,0
01:12:33 Feb 04 2021,96,59,0,0,0
01:12:35 Feb 04 2021,96,62,0,0,0
01:12:37 Feb 04 2021,97,59,0,0,0
01:12:39 Feb 04 2021,97,59,0,0,0
01:12:41 Feb 04 2021,97,59,0,0,0
01:12:43 Feb 04 2021,97,56,0,0,0
01:12:45 Feb 04 2021,97,54,0,0,0
01:12:47 Feb 04 2021,97,54,0,0,0
01:12:49 Feb 04 2021,97,53,0,0,0
01:12:51 Feb 04 2021,97,52,0,0,0
01:12:53 Feb 04 2021,97,53,0,0,0
01:12:55 Feb 04 2021,97,54,0,0,0
01:12:57 Feb 04 2021,97,53,0,0,0
01:12:59 Feb 04 2021,97,53,0,0,0
01:13:01 Feb 04 2021,97,53,0,0,0
01:13:03 Feb 04 2021,97,53,0,0,0
01:13:05 Feb 04 2021,97,53,0,0,0
01:13:07 Feb 04 2021,97,53,0,0,0
01:13:09 Feb 04 2021,97,53,0,0,0
01:13:11 Feb 04 2021,97,53,0,0,0
01:13:13 Feb 04 2021,97,51,0,0,0
01:13:15 Feb 04 2021,97,52,0,0,0
01:13:17 Feb 04 2021,97,52,0,0,0
01:13:19 Feb 04 2021,97,52,0,0,0
01:13:21 Feb 04 2021,97,53,0,0,0
01:13:23 Feb 04 2021,97,53,0,0,0
01:13:25 Feb 04 2021,97,53,0,0,0
01:13:27 Feb 04 2021,97,53,0,0,0
01:13:29 Feb 04 2021,97,53,0,0,0
01:13:31 Feb 04 2021,97,54,0,0,0
01:13:33 Feb 04 2021,97,54,0,0,0
01:13:35 Feb 04 2021,97,57,0,0,0
01:13:37 Feb 04 2021,97,57,0,0,0
01:13:39 Feb 04 2021,97,58,0,0,0
01:13:41 Feb 04 2021,97,59,0,0,0
01:13:43 Feb 04 2021,97,58,0,0,0
01:13:45 Feb 04 2021,97,59,0,0,0
01:13:47 Feb 04 2021,96,59,0,0,0
01:13:49 Feb 04 2021,96,61,0,0,0
01:13:51 Feb 04 2021,95,61,0,0,0
01:13:53 Feb 04 2021,95,62,0,0,0
01:13:55 Feb 04 2021,96,63,0,0,0
01:13:57 Feb 04 2021,96,63,0,0,0
01:13:59 Feb 04 2021,96,61,0,0,0
01:14:01 Feb 04 2021,96,60,0,0,0
01:14:03 Feb 04 2021,96,57,0,0,0
01:14:05 Feb 04 2021,96,55,0,0,0
01:14:07 Feb 04 2021,96,57,0,0,0
01:14:09 Feb 04 2021,96,55,0,0,0
01:14:11 Feb 04 2021,96,55,0,0,0
01:14:13 Feb 04 2021,97,55,0,0,0
01:14:15 Feb 04 2021,97,58,0,0,0
01:14:17 Feb 04 2021,97,61,0,0,0
01:14:19 Feb 04 2021,97,65,0,0,0
01:14:21 Feb 04 2021,97,69,0,0,0
01:14:23 Feb 04 2021,97,70,0,0,0
01:14:25 Feb 04 2021,97,69,0,0,0
01:14:27 Feb 04 2021,97,71,0,0,0
01:14:29 Feb 04 2021,97,71,0,0,0
01:14:31 Feb 04 2021,97,70,0,0,0
01:14:33 Feb 04 2021,97,72,0,0,0
01:14:35 Feb 04 2021,97,74,0,0,0
01:14:37 Feb 04 2021,97,73,0,0,0
01:14:39 Feb 04 2021,97,74,0,0,0
01:14:41 Feb 04 2021,97,73,0,0,0
01:14:43 Feb 04 2021,97,73,0,0,0
01:14:45 Feb 04 2021,97,74,0,0,0
01:14:47 Feb 04 2021,97,70,0,0,0
01:14:49 Feb 04 2021,96,64,0,0,0
01:14:51 Feb 04 2021,96,62,0,0,0
01:14:53 Feb 04 2021,95,66,0,0,0
01:14:55 Feb 04 2021,94,67,0,0,0
01:14:57 Feb 04 2021,94,70,0,0,0
01:14:59 Feb 04 2021,94,71,0,0,0
01:15:01 Feb 04 2021,94,70,0,0,0
01:15:03 Feb 04 2021,94,73,0,0,0
01:15:05 Feb 04 2021,94,74,0,0,0
01:15:07 Feb 04 2021,93,71,0,0,0
01:15:09 Feb 04 2021,93,69,0,0,0
01:15:11 Feb 04 2021,93,69,0,0,0
01:15:13 Feb 04 2021,93,71,0,0,0
01:15:15 Feb 04 2021,94,73,0,0,0
01:15:17 Feb 04 2021,94,72,0,0,0
01:15:19 Feb 04 2021,95,70,0,0,0
01:15:21 Feb 04 2021,96,67,0,0,0
01:15:23 Feb 04 2021,96,70,0,0,0
01:15:25 Feb 04 2021,96,69,0,0,0
01:15:27 Feb 04 2021,97,66,0,0,0
01:15:29 Feb 04 2021,97,66,0,0,0
01:15:31 Feb 04 2021,97,65,0,0,0
01:15:33 Feb 04 2021,97,65,0,0,0
01:15:35 Feb 04 2021,97,65,0,0,0
01:15:37 Feb 04 2021,97,68,0,0,0
01:15:39 Feb 04 2021,97,70,0,0,0
01:15:41 Feb 04 2021,97,70,0,0,0
01:15:43 Feb 04 2021,97,71,0,0,0
01:15:45 Feb 04 2021,97,67,0,0,0
01:15:47 Feb 04 2021,97,68,0,0,0
01:15:49 Feb 04 2021,97,68,0,0,0
01:15:51 Feb 04 2021,97,67,0,0,0
01:15:53 Feb 04 2021,97,65,0,0,0
01:15:55 Feb 04 2021,97,61,0,0,0
01:15:57 Feb 04 2021,97,61,0,0,0
01:15:59 Feb 04 2021,97,61,0,0,0
01:16:01 Feb 04 2021,97,62,0,0,0
01:16:03 Feb 04 2021,97,63,0,0,0
01:16:05 Feb 04 2021,97,63,0,0,0
01:16:07 Feb 04 2021,97,63,0,0,0
01:16:09 Feb 04 2021,96,63,0,0,0
01:16:11 Feb 04 2021,96,61,0,0,0
01:16:13 Feb 04 2021,96,61,0,0,0
01:16:15 Feb 04 2021,96,62,0,0,0
01:16:17 Feb 04 2021,96,60,0,0,0
01:16:19 Feb 04 2021,96,57,0,0,0
01:16:21 Feb 04 2021,96,55,0,0,0
01:16:23 Feb 04 2021,96,52,0,0,0
01:16:25 Feb 04 2021,96,54,0,0,0
01:16:27 Feb 04 2021,96,56,0,0,0
01:16:29 Feb 04 2021,96,56,0,0,0
01:16:31 Feb 04 2021,96,59,0,0,0
01:16:33 Feb 04 2021,95,61,0,0,0
01:16:35 Feb 04 2021,96,62,0,0,0
01:16:37 Feb 04 2021,96,61,0,0,0
01:16:39 Feb 04 2021,96,58,0,0,0
01:16:41 Feb 04 2021,96,56,0,0,0
01:16:43 Feb 04 2021,97,56,0,0,0
01:16:45 Feb 04 2021,97,57,0,0,0
01:16:47 Feb 04 2021,97,56,0,0,0
01:16:49 Feb 04 2021,97,55,0,0,0
01:16:51 Feb 04 2021,97,55,0,0,0
01:16:53 Feb 04 2021,97,53,0,0,0
01:16:55 Feb 04 2021,97,55,0,0,0
01:16:57 Feb 04 2021,97,57,0,0,0
01:16:59 Feb 04 2021,97,55,0,0,0
01:17:01 Feb 04 2021,97,57,0,0,0
01:17:03 Feb 04 2021,97,55,0,0,0
01:17:05 Feb 04 2021,97,54,0,0,0
01:17:07 Feb 04 2021,97,55,0,0,0
01:17:09 Feb 04 2021,97,54,0,0,0
01:17:11 Feb 04 2021,97,57,0,0,0
01:17:13 Feb 04 2021,97,58,0,0,0
01:17:15 Feb 04 2021,97,57,0,0,0
01:17:17 Feb 04 2021,97,58,0,0,0
01:17:19 Feb 04 2021,97,58,0,0,0
01:17:21 Feb 04 2021,97,58,0,0,0
01:17:23 Feb 04 2021,97,58,0,0,0
01:17:25 Feb 04 2021,97,59,0,0,0
01:17:27 Feb 04 2021,97,59,0,0,0
01:17:29 Feb 04 2021,97,59,0,0,0
01:17:31 Feb 04 2021,97,59,0,0,0
01:17:33 Feb 04 2021,97,59,0,0,0
01:17:35 Feb 04 2021,97,57,0,0,0
01:17:37 Feb 04 2021,97,57,0,0,0
01:17:39 Feb 04 2021,97,56,0,0,0
01:17:41 Feb 04 2021,97,58,0,0,0
01:17:43 Feb 04 2021,97,58,0,0,0
01:17:45 Feb 04 2021,97,60,0,0,0
01:17:47 Feb 04 2021,97,62,0,0,0
01:17:49 Feb 04 2021,97,60,0,0,0
01:17:51 Feb 04 2021,97,60,0,0,0
01:17:53 Feb 04 2021,96,62,0,0,0
01:17:55 Feb 04 2021,95,61,0,0,0
01:17:57 Feb 04 2021,95,62,0,0,0
01:17:59 Feb 04 2021,95,61,0,0,0
01:18:01 Feb 04 2021,95,62,0,0,0
01:18:03 Feb 04 2021,96,65,0,0,0
01:18:05 Feb 04 2021,97,67,0,0,0
01:18:07 Feb 04 2021,97,69,0,0,0
01:18:09 Feb 04 2021,97,67,0,0,0
01:18:11 Feb 04 2021,97,66,0,0,0
01:18:13 Feb 04 2021,97,66,0,0,0
01:18:15 Feb 04 2021,97,66,0,0,0
01:18:17 Feb 04 2021,97,66,0,0,0
01:18:19 Feb 04 2021,97,67,0,0,0
01:18:21 Feb 04 2021,97,68,0,0,0
01:18:23 Feb 04 2021,97,70,0,0,0
01:18:25 Feb 04 2021,97,69,0,0,0
01:18:27 Feb 04 2021,97,68,0,0,0
01:18:29 Feb 04 2021,97,69,0,0,0
01:18:31 Feb 04 2021,97,70,0,0,0
01:18:33 Feb 04 2021,97,72,0,0,0
01:18:35 Feb 04 2021,97,70,0,0,0
01:18:37 Feb 04 2021,97,67,0,0,0
01:18:39 Feb 04 2021,97,65,0,0,0
01:18:41 Feb 04 2021,97,65,0,0,0
01:18:43 Feb 04 2021,97,61,0,0,0
01:18:45 Feb 04 2021,97,66,0,0,0
01:18:47 Feb 04 2021,96,67,0,0,0
01:18:49 Feb 04 2021,96,72,0,0,0
01:18:51 Feb 04 2021,96,73,0,0,0
01:18:53 Feb 04 2021,95,74,0,0,0
01:18:55 Feb 04 2021,96,71,0,0,0
01:18:57 Feb 04 2021,95,71,0,0,0
01:18:59 Feb 04 2021,94,72,0,0,0
01:19:01 Feb 04 2021,93,70,0,0,0
01:19:03 Feb 04 2021,93,70,0,0,0
01:19:05 Feb 04 2021,91,69,0,0,0
01:19:07 Feb 04 2021,90,68,0,0,0
01:19:09 Feb 04 2021,90,68,0,0,0
01:19:11 Feb 04 2021,89,71,0,1,0
01:19:13 Feb 04 2021,90,75,0,0,0
01:19:15 Feb 04 2021,91,76,0,0,0
01:19:17 Feb 04 2021,92,76,0,0,0
01:19:19 Feb 04 2021,92,75,0,0,0
01:19:21 Feb 04 2021,93,73,0,0,0
01:19:23 Feb 04 2021,93,73,0,0,0
01:19:25 Feb 04 2021,94,73,0,0,0
01:19:27 Feb 04 2021,95,74,0,0,0
01:19:29 Feb 04 2021,96,76,0,0,0
01:19:31 Feb 04 2021,97,76,0,0,0
01:19:33 Feb 04 2021,97,78,0,0,0
01:19:35 Feb 04 2021,97,77,0,0,0
01:19:37 Feb 04 2021,98,77,0,0,0
01:19:39 Feb 04 2021,98,77,0,0,0
01:19:41 Feb 04 2021,98,77,0,0,0
01:19:43 Feb 04 2021,97,77,0,0,0
01:19:45 Feb 04 2021,97,77,0,0,0
01:19:47 Feb 04 2021,97,77,0,0,0
01:19:49 Feb 04 2021,97,77,0,0,0
01:19:51 Feb 04 2021,97,78,0,0,0
01:19:53 Feb 04 2021,97,79,0,0,0
01:19:55 Feb 04 2021,97,80,0,0,0
01:19:57 Feb 04 2021,97,81,0,0,0
01:19:59 Feb 04 2021,97,80,0,0,0
01:20:01 Feb 04 2021,96,82,0,0,0
01:20:03 Feb 04 2021,96,81,0,0,0
01:20:05 Feb 04 2021,96,81,0,0,0
01:20:07 Feb 04 2021,96,81,0,0,0
01:20:09 Feb 04 2021,96,81,0,0,0
01:20:11 Feb 04 2021,94,67,0,0,0
01:20:13 Feb 04 2021,93,63,0,0,0
01:20:15 Feb 04 2021,93,57,0,0,0
01:20:17 Feb 04 2021,93,57,0,0,0
01:20:19 Feb 04 2021,93,61,0,0,0
01:20:21 Feb 04 2021,93,60,0,0,0
01:20:23 Feb 04 2021,93,58,0,0,0
01:20:25 Feb 04 2021,93,59,0,0,0
01:20:27 Feb 04 2021,93,52,0,0,0
01:20:29 Feb 04 2021,94,46,0,0,0
01:20:31 Feb 04 2021,95,42,0,0,0
01:20:33 Feb 04 2021,95,42,0,0,0
01:20:35 Feb 04 2021,95,42,0,0,0
01:20:37 Feb 04 2021,95,42,0,0,0
01:20:39 Feb 04 2021,95,42,0,0,0
01:20:41 Feb 04 2021,95,42,0,0,0
01:20:43 Feb 04 2021,95,42,0,0,0
01:20:45 Feb 04 2021,95,42,0,0,0
01:20:47 Feb 04 2021,95,42,0,0,0
01:20:49 Feb 04 2021,95,42,0,0,0
01:20:51 Feb 04 2021,95,42,0,0,0
01:20:53 Feb 04 2021,95,42,0,0,0
01:20:55 Feb 04 2021,95,42,0,0,0
01:20:57 Feb 04 2021,95,42,0,0,0
01:20:59 Feb 04 2021,96,42,0,0,0
01:21:01 Feb 04 2021,96,43,0,0,0
01:21:03 Feb 04 2021,97,45,0,0,0
01:21:05 Feb 04 2021,97,46,0,0,0
01:21:07 Feb 04 2021,97,48,0,0,0
01:21:09 Feb 04 2021,97,47,0,0,0
01:21:11 Feb 04 2021,97,43,0,0,0
01:21:13 Feb 04 2021,97,42,0,0,0
01:21:15 Feb 04 2021,97,40,0,0,0
01:21:17 Feb 04 2021,97,41,0,0,0
01:21:19 Feb 04 2021,97,42,0,0,0
01:21:21 Feb 04 2021,97,42,0,0,0
01:21:23 Feb 04 2021,97,42,0,0,0
01:21:25 Feb 04 2021,97,42,0,0,0
01:21:27 Feb 04 2021,97,43,0,0,0
01:21:29 Feb 04 2021,97,43,0,0,0
01:21:31 Feb 04 2021,97,46,0,0,0
01:21:33 Feb 04 2021,97,46,0,0,0
01:21:35 Feb 04 2021,97,50,0,0,0
01:21:37 Feb 04 2021,97,51,0,0,0
01:21:39 Feb 04 2021,97,45,0,0,0
01:21:41 Feb 04 2021,97,42,0,0,0
01:21:43 Feb 04 2021,97,39,0,0,0
01:21:45 Feb 04 2021,97,40,0,0,0
01:21:47 Feb 04 2021,97,40,0,0,0
01:21:49 Feb 04 2021,97,41,0,0,0
01:21:51 Feb 04 2021,97,40,0,0,0
01:21:53 Feb 04 2021,97,40,0,0,0
01:21:55 Feb 04 2021,97,40,0,0,0
01:21:57 Feb 04 2021,97,40,0,0,0
01:21:59 Feb 04 2021,97,40,0,0,0
01:22:01 Feb 04 2021,97,39,0,0,0
01:22:03 Feb 04 2021,97,39,0,0,0
01:22:05 Feb 04 2021,97,40,0,0,0
01:22:07 Feb 04 2021,97,40,0,0,0
01:22:09 Feb 04 2021,97,40,0,0,0
01:22:11 Feb 04 2021,97,41,0,0,0
01:22:13 Feb 04 2021,97,41,0,0,0
01:22:15 Feb 04 2021,97,41,0,0,0
01:22:17 Feb 04 2021,97,41,0,0,0
01:22:19 Feb 04 2021,97,41,0,0,0
01:22:21 Feb 04 2021,97,41,0,0,0
01:22:23 Feb 04 2021,97,42,0,0,0
01:22:25 Feb 04 2021,96,45,0,0,0
01:22:27 Feb 04 2021,96,46,0,0,0
01:22:29 Feb 04 2021,96,45,0,0,0
01:22:31 Feb 04 2021,96,46,0,0,0
01:22:33 Feb 04 2021,96,45,0,0,0
01:22:35 Feb 04 2021,96,45,0,0,0
01:22:37 Feb 04 2021,96,43,0,0,0
01:22:39 Feb 04 2021,96,42,0,0,0
01:22:41 Feb 04 2021,96,41,0,0,0
01:22:43 Feb 04 2021,96,40,0,0,0
01:22:45 Feb 04 2021,96,41,0,0,0
01:22:47 Feb 04 2021,96,41,0,0,0
01:22:49 Feb 04 2021,96,40,0,0,0
01:22:51 Feb 04 2021,96,41,0,0,0
01:22:53 Feb 04 2021,96,41,0,0,0
01:22:55 Feb 04 2021,96,41,0,0,0
01:22:57 Feb 04 2021,96,42,0,0,0
01:22:59 Feb 04 2021,97,40,0,0,0
01:23:01 Feb 04 2021,97,39,0,0,0
01:23:03 Feb 04 2021,97,38,0,0,0
01:23:05 Feb 04 2021,97,37,0,0,0
01:23:07 Feb 04 2021,97,37,0,0,0
01:23:09 Feb 04 2021,97,37,0,0,0
01:23:11 Feb 04 2021,97,37,0,0,0
01:23:13 Feb 04 2021,97,37,0,0,0
01:23:15 Feb 04 2021,97,37,0,0,0
01:23:17 Feb 04 2021,97,37,0,0,0
01:23:19 Feb 04 2021,97,37,0,0,0
01:23:21 Feb 04 2021,97,37,0,0,0
01:23:23 Feb 04 2021,97,37,0,0,0
01:23:25 Feb 04 2021,97,37,0,0,0
01:23:27 Feb 04 2021,97,37,0,0,0
01:23:29 Feb 04 2021,97,37,0,0,0
01:23:31 Feb 04 2021,97,37,0,0,0
01:23:33 Feb 04 2021,97,37,0,0,0
01:23:35 Feb 04 2021,97,37,0,0,0
01:23:37 Feb 04 2021,97,37,0,0,0
01:23:39 Feb 04 2021,97,37,0,0,0
01:23:41 Feb 04 2021,97,37,0,0,0
01:23:43 Feb 04 2021,97,37,0,0,0
01:23:45 Feb 04 2021,97,41,0,0,0
01:23:47 Feb 04 2021,97,43,0,0,0
01:23:49 Feb 04 2021,97,45,0,0,0
01:23:51 Feb 04 2021,97,47,0,0,0
01:23:53 Feb 04 2021,97,46,0,0,0
01:23:55 Feb 04 2021,97,47,0,0,0
01:23:57 Feb 04 2021,97,48,0,0,0
01:23:59 Feb 04 2021,97,48,0,0,0
01:24:01 Feb 04 2021,97,49,0,0,0
01:24:03 Feb 04 2021,96,58,0,0,0
01:24:05 Feb 04 2021,96,63,0,0,0
01:24:07 Feb 04 2021,96,67,0,0,0
01:24:09 Feb 04 2021,96,68,0,0,0
01:24:11 Feb 04 2021,96,66,0,0,0
01:24:13 Feb 04 2021,96,66,0,0,0
01:24:15 Feb 04 2021,96,67,0,0,0
01:24:17 Feb 04 2021,96,67,0,0,0
01:24:19 Feb 04 2021,97,67,0,0,0
01:24:21 Feb 04 2021,97,69,0,0,0
01:24:23 Feb 04 2021,97,69,0,0,0
01:24:25 Feb 04 2021,97,69,0,0,0
01:24:27 Feb 04 2021,97,70,0,0,0
01:24:29 Feb 04 2021,97,69,0,0,0
01:24:31 Feb 04 2021,97,67,0,0,0
01:24:33 Feb 04 2021,97,67,0,0,0
01:24:35 Feb 04 2021,97,66,0,0,0
01:24:37 Feb 04 2021,97,66,0,0,0
01:24:39 Feb 04 2021,97,65,0,0,0
01:24:41 Feb 04 2021,97,62,0,0,0
01:24:43 Feb 04 2021,97,61,0,0,0
01:24:45 Feb 04 2021,97,60,0,0,0
01:24:47 Feb 04 2021,97,59,0,0,0
01:24:49 Feb 04 2021,97,58,0,0,0
01:24:51 Feb 04 2021,97,57,0,0,0
01:24:53 Feb 04 2021,97,58,0,0,0
01:24:55 Feb 04 2021,97,61,0,0,0
01:24:57 Feb 04 2021,97,62,0,0,0
01:24:59 Feb 04 2021,96,62,0,0,0
01:25:01 Feb 04 2021,96,60,0,0,0
01:25:03 Feb 04 2021,96,61,0,0,0
01:25:05 Feb 04 2021,96,60,0,0,0
01:25:07 Feb 04 2021,96,58,0,0,0
01:25:09 Feb 04 2021,96,55,0,0,0
01:25:11 Feb 04 2021,96,53,0,0,0
01:25:13 Feb 04 2021,96,53,0,0,0
01:25:15 Feb 04 2021,96,56,0,0,0
01:25:17 Feb 04 2021,96,55,0,0,0
01:25:19 Feb 04 2021,96,57,0,0,0
01:25:21 Feb 04 2021,96,60,0,0,0
01:25:23 Feb 04 2021,96,62,0,0,0
01:25:25 Feb 04 2021,96,68,0,0,0
01:25:27 Feb 04 2021,97,68,0,0,0
01:25:29 Feb 04 2021,97,67,0,0,0
01:25:31 Feb 04 2021,97,68,0,0,0
01:25:33 Feb 04 2021,97,68,0,0,0
01:25:35 Feb 04 2021,97,68,0,0,0
01:25:37 Feb 04 2021,97,69,0,0,0
01:25:39 Feb 04 2021,97,69,0,0,0
01:25:41 Feb 04 2021,97,69,0,0,0
01:25:43 Feb 04 2021,97,68,0,0,0
01:25:45 Feb 04 2021,97,69,0,0,0
01:25:47 Feb 04 2021,97,72,0,0,0
01:25:49 Feb 04 2021,97,73,0,0,0
01:25:51 Feb 04 2021,97,74,0,0,0
01:25:53 Feb 04 2021,97,74,0,0,0
01:25:55 Feb 04 2021,97,70,0,0,0
01:25:57 Feb 04 2021,97,69,0,0,0
01:25:59 Feb 04 2021,97,67,0,0,0
01:26:01 Feb 04 2021,97,66,0,0,0
01:26:03 Feb 04 2021,97,68,0,0,0
01:26:05 Feb 04 2021,97,69,0,0,0
01:26:07 Feb 04 2021,97,67,0,0,0
01:26:09 Feb 04 2021,97,62,0,0,0
01:26:11 Feb 04 2021,97,60,0,0,0
01:26:13 Feb 04 2021,97,63,0,0,0
01:26:15 Feb 04 2021,97,61,0,0,0
01:26:17 Feb 04 2021,97,61,0,0,0
01:26:19 Feb 04 2021,97,61,0,0,0
01:26:21 Feb 04 2021,97,61,0,0,0
01:26:23 Feb 04 2021,97,61,0,0,0
01:26:25 Feb 04 2021,97,59,0,0,0
01:26:27 Feb 04 2021,96,59,0,0,0
01:26:29 Feb 04 2021,96,62,0,0,0
01:26:31 Feb 04 2021,96,65,0,0,0
01:26:33 Feb 04 2021,96,69,0,0,0
01:26:35 Feb 04 2021,96,68,0,0,0
01:26:37 Feb 04 2021,96,69,0,0,0
01:26:39 Feb 04 2021,96,69,0,0,0
01:26:41 Feb 04 2021,96,69,0,0,0
01:26:43 Feb 04 2021,96,69,0,0,0
01:26:45 Feb 04 2021,96,69,0,0,0
01:26:47 Feb 04 2021,96,69,0,0,0
01:26:49 Feb 04 2021,96,69,0,0,0
01:26:51 Feb 04 2021,96,69,0,0,0
01:26:53 Feb 04 2021,96,69,0,0,0
01:26:55 Feb 04 2021,96,69,0,0,0
01:26:57 Feb 04 2021,96,70,0,0,0
01:26:59 Feb 04 2021,97,69,0,0,0
01:27:01 Feb 04 2021,97,68,0,0,0
01:27:03 Feb 04 2021,97,69,0,0,0
01:27:05 Feb 04 2021,97,68,0,0,0
01:27:07 Feb 04 2021,97,68,0,0,0
01:27:09 Feb 04 2021,97,68,0,0,0
01:27:11 Feb 04 2021,97,68,0,0,0
01:27:13 Feb 04 2021,97,68,0,0,0
01:27:15 Feb 04 2021,97,66,0,0,0
01:27:17 Feb 04 2021,97,66,0,0,0
01:27:19 Feb 04 2021,97,63,0,0,0
01:27:21 Feb 04 2021,97,62,0,0,0
01:27:23 Feb 04 2021,97,61,0,0,0
01:27:25 Feb 04 2021,97,65,0,0,0
01:27:27 Feb 04 2021,97,65,0,0,0
01:27:29 Feb 04 2021,97,63,0,0,0
01:27:31 Feb 04 2021,97,65,0,0,0
01:27:33 Feb 04 2021,97,63,0,0,0
01:27:35 Feb 04 2021,97,62,0,0,0
01:27:37 Feb 04 2021,97,62,0,0,0
01:27:39 Feb 04 2021,97,62,0,0,0
01:27:41 Feb 04 2021,97,61,0,0,0
01:27:43 Feb 04 2021,97,60,0,0,0
01:27:45 Feb 04 2021,97,58,0,0,0
01:27:47 Feb 04 2021,97,58,0,0,0
01:27:49 Feb 04 2021,97,60,0,0,0
01:27:51 Feb 04 2021,97,61,0,0,0
01:27:53 Feb 04 2021,97,62,0,0,0
01:27:55 Feb 04 2021,97,61,0,0,0
01:27:57 Feb 04 2021,97,61,0,0,0
01:27:59 Feb 04 2021,97,63,0,0,0
01:28:01 Feb 04 2021,97,63,0,0,0
01:28:03 Feb 04 2021,97,64,0,0,0
01:28:05 Feb 04 2021,97,65,0,0,0
01:28:07 Feb 04 2021,97,64,0,0,0
01:28:09 Feb 04 2021,97,65,0,0,0
01:28:11 Feb 04 2021,97,67,0,0,0
01:28:13 Feb 04 2021,97,64,0,0,0
01:28:15 Feb 04 2021,97,65,0,0,0
01:28:17 Feb 04 2021,97,65,0,0,0
01:28:19 Feb 04 2021,97,67,0,0,0
01:28:21 Feb 04 2021,97,65,0,0,0
01:28:23 Feb 04 2021,97,67,0,0,0
01:28:25 Feb 04 2021,97,66,0,0,0
01:28:27 Feb 04 2021,97,66,0,0,0
01:28:29 Feb 04 2021,97,69,0,0,0
01:28:31 Feb 04 2021,97,67,0,0,0
01:28:33 Feb 04 2021,97,67,0,0,0
01:28:35 Feb 04 2021,97,68,0,0,0
01:28:37 Feb 04 2021,97,68,0,0,0
01:28:39 Feb 04 2021,97,68,0,0,0
01:28:41 Feb 04 2021,97,68,0,0,0
01:28:43 Feb 04 2021,97,68,0,0,0
01:28:45 Feb 04 2021,97,68,0,0,0
01:28:47 Feb 04 2021,97,68,0,0,0
01:28:49 Feb 04 2021,97,65,0,0,0
01:28:51 Feb 04 2021,97,64,0,0,0
01:28:53 Feb 04 2021,97,67,0,0,0
01:28:55 Feb 04 2021,97,66,0,0,0
01:28:57 Feb 04 2021,97,66,0,0,0
01:28:59 Feb 04 2021,97,66,0,0,0
01:29:01 Feb 04 2021,96,68,0,0,0
01:29:03 Feb 04 2021,96,67,0,0,0
01:29:05 Feb 04 2021,96,69,0,0,0
01:29:07 Feb 04 2021,96,69,0,0,0
01:29:09 Feb 04 2021,96,66,0,0,0
01:29:11 Feb 04 2021,96,64,0,0,0
01:29:13 Feb 04 2021,96,63,0,0,0
01:29:15 Feb 04 2021,96,63,0,0,0
01:29:17 Feb 04 2021,96,65,0,0,0
01:29:19 Feb 04 2021,96,65,0,0,0
01:29:21 Feb 04 2021,96,66,0,0,0
01:29:23 Feb 04 2021,96,67,0,0,0
01:29:25 Feb 04 2021,97,68,0,0,0
01:29:27 Feb 04 2021,97,69,0,0,0
01:29:29 Feb 04 2021,97,69,0,0,0
01:29:31 Feb 04 2021,97,70,0,0,0
01:29:33 Feb 04 2021,97,68,0,0,0
01:29:35 Feb 04 2021,97,68,0,0,0
01:29:37 Feb 04 2021,97,69,0,0,0
01:29:39 Feb 04 2021,97,69,0,0,0
01:29:41 Feb 04 2021,97,70,0,0,0
01:29:43 Feb 04 2021,97,70,0,0,0
01:29:45 Feb 04 2021,97,70,0,0,0
01:29:47 Feb 04 2021,97,69,0,0,0
01:29:49 Feb 04 2021,97,69,0,0,0
01:29:51 Feb 04 2021,97,68,0,0,0
01:29:53 Feb 04 2021,97,68,0,0,0
01:29:55 Feb 04 2021,97,68,0,0,0
01:29:57 Feb 04 2021,97,68,0,0,0
01:29:59 Feb 04 2021,97,70,0,0,0
01:30:01 Feb 04 2021,97,70,0,0,0
01:30:03 Feb 04 2021,96,69,0,0,0
01:30:05 Feb 04 2021,96,70,0,0,0
01:30:07 Feb 04 2021,96,66,0,0,0
01:30:09 Feb 04 2021,96,66,0,0,0
01:30:11 Feb 04 2021,96,66,0,0,0
01:30:13 Feb 04 2021,96,66,0,0,0
01:30:15 Feb 04 2021,96,63,0,0,0
01:30:17 Feb 04 2021,96,63,0,0,0
01:30:19 Feb 04 2021,96,63,0,0,0
01:30:21 Feb 04 2021,96,63,0,0,0
01:30:23 Feb 04 2021,96,63,0,0,0
01:30:25 Feb 04 2021,96,64,0,0,0
01:30:27 Feb 04 2021,96,62,0,0,0
01:30:29 Feb 04 2021,95,61,0,0,0
01:30:31 Feb 04 2021,95,60,0,0,0
01:30:33 Feb 04 2021,94,55,0,0,0
01:30:35 Feb 04 2021,93,52,0,0,0
01:30:37 Feb 04 2021,94,53,0,0,0
01:30:39 Feb 04 2021,94,52,0,0,0
01:30:41 Feb 04 2021,94,52,0,0,0
01:30:43 Feb 04 2021,94,53,0,0,0
01:30:45 Feb 04 2021,94,53,0,0,0
01:30:47 Feb 04 2021,94,53,0,0,0
01:30:49 Feb 04 2021,94,53,0,0,0
01:30:51 Feb 04 2021,94,53,0,0,0
01:30:53 Feb 04 2021,94,54,0,0,0
01:30:55 Feb 04 2021,94,55,0,0,0
01:30:57 Feb 04 2021,92,58,0,0,0
01:30:59 Feb 04 2021,92,59,0,0,0
01:31:01 Feb 04 2021,91,61,0,0,0
01:31:03 Feb 04 2021,91,62,0,0,0
01:31:05 Feb 04 2021,92,62,0,0,0
01:31:07 Feb 04 2021,92,59,0,0,0
01:31:09 Feb 04 2021,93,61,0,0,0
01:31:11 Feb 04 2021,94,59,0,0,0
01:31:13 Feb 04 2021,94,62,0,0,0
01:31:15 Feb 04 2021,95,65,0,0,0
01:31:17 Feb 04 2021,96,62,0,0,0
01:31:19 Feb 04 2021,97,62,0,0,0
01:31:21 Feb 04 2021,97,65,0,0,0
01:31:23 Feb 04 2021,97,65,0,0,0
01:31:25 Feb 04 2021,97,67,0,0,0
01:31:27 Feb 04 2021,98,69,0,0,0
01:31:29 Feb 04 2021,98,71,0,0,0
01:31:31 Feb 04 2021,98,68,0,0,0
01:31:33 Feb 04 2021,98,68,0,0,0
01:31:35 Feb 04 2021,98,66,0,0,0
01:31:37 Feb 04 2021,98,64,0,0,0
01:31:39 Feb 04 2021,98,62,0,0,0
01:31:41 Feb 04 2021,98,60,0,0,0
01:31:43 Feb 04 2021,98,61,0,0,0
01:31:45 Feb 04 2021,98,61,0,0,0
01:31:47 Feb 04 2021,98,61,0,0,0
01:31:49 Feb 04 2021,98,61,0,0,0
01:31:51 Feb 04 2021,98,59,0,0,0
01:31:53 Feb 04 2021,98,58,0,0,0
01:31:55 Feb 04 2021,98,56,0,0,0
01:31:57 Feb 04 2021,98,57,0,0,0
01:31:59 Feb 04 2021,98,58,0,0,0
01:32:01 Feb 04 2021,98,57,0,0,0
01:32:03 Feb 04 2021,98,57,0,0,0
01:32:05 Feb 04 2021,98,57,0,0,0
01:32:07 Feb 04 2021,98,57,0,0,0
01:32:09 Feb 04 2021,98,57,0,0,0
01:32:11 Feb 04 2021,97,51,0,0,0
01:32:13 Feb 04 2021,97,47,0,0,0
01:32:15 Feb 04 2021,97,43,0,0,0
01:32:17 Feb 04 2021,97,44,0,0,0
01:32:19 Feb 04 2021,97,46,0,0,0
01:32:21 Feb 04 2021,97,47,0,0,0
01:32:23 Feb 04 2021,97,46,0,0,0
01:32:25 Feb 04 2021,97,47,0,0,0
01:32:27 Feb 04 2021,97,47,0,0,0
01:32:29 Feb 04 2021,97,47,0,0,0
01:32:31 Feb 04 2021,97,49,0,0,0
01:32:33 Feb 04 2021,97,50,0,0,0
01:32:35 Feb 04 2021,97,51,0,0,0
01:32:37 Feb 04 2021,97,50,0,0,0
01:32:39 Feb 04 2021,97,50,0,0,0
01:32:41 Feb 04 2021,97,50,0,0,0
01:32:43 Feb 04 2021,97,54,0,0,0
01:32:45 Feb 04 2021,97,55,0,0,0
01:32:47 Feb 04 2021,97,58,0,0,0
01:32:49 Feb 04 2021,97,58,0,0,0
01:32:51 Feb 04 2021,97,58,0,0,0
01:32:53 Feb 04 2021,97,64,0,0,0
01:32:55 Feb 04 2021,97,63,0,0,0
01:32:57 Feb 04 2021,97,61,0,0,0
01:32:59 Feb 04 2021,97,55,0,0,0
01:33:01 Feb 04 2021,97,46,0,0,0
01:33:03 Feb 04 2021,97,46,0,0,0
01:33:05 Feb 04 2021,97,45,0,0,0
01:33:07 Feb 04 2021,96,55,0,0,0
01:33:09 Feb 04 2021,96,56,0,0,0
01:33:11 Feb 04 2021,96,56,0,0,0
01:33:13 Feb 04 2021,96,62,0,0,0
01:33:15 Feb 04 2021,96,62,0,0,0
01:33:17 Feb 04 2021,96,63,0,0,0
01:33:19 Feb 04 2021,95,60,0,0,0
01:33:21 Feb 04 2021,95,55,0,0,0
01:33:23 Feb 04 2021,95,52,0,0,0
01:33:25 Feb 04 2021,94,51,0,0,0
01:33:27 Feb 04 2021,94,52,0,0,0
01:33:29 Feb 04 2021,94,51,0,0,0
01:33:31 Feb 04 2021,94,51,0,0,0
01:33:33 Feb 04 2021,93,52,0,0,0
01:33:35 Feb 04 2021,93,55,0,0,0
01:33:37 Feb 04 2021,92,56,0,0,0
01:33:39 Feb 04 2021,92,54,0,0,0
01:33:41 Feb 04 2021,91,54,0,0,0
01:33:43 Feb 04 2021,92,55,0,0,0
01:33:45 Feb 04 2021,91,54,0,0,0
01:33:47 Feb 04 2021,91,46,0,0,0
01:33:49 Feb 04 2021,90,44,0,0,0
01:33:51 Feb 04 2021,89,42,0,1,0
01:33:53 Feb 04 2021,89,44,0,0,0
01:33:55 Feb 04 2021,89,47,0,0,0
01:33:57 Feb 04 2021,89,52,0,0,0
01:33:59 Feb 04 2021,90,52,0,0,0
01:34:01 Feb 04 2021,90,55,0,0,0
01:34:03 Feb 04 2021,91,57,0,0,0
01:34:05 Feb 04 2021,91,55,0,0,0
01:34:07 Feb 04 2021,91,54,0,0,0
01:34:09 Feb 04 2021,93,57,0,0,0
01:34:11 Feb 04 2021,93,57,0,0,0
01:34:13 Feb 04 2021,95,61,0,0,0
01:34:15 Feb 04 2021,97,65,0,0,0
01:34:17 Feb 04 2021,97,63,0,0,0
01:34:19 Feb 04 2021,97,65,0,0,0
01:34:21 Feb 04 2021,97,65,0,0,0
01:34:23 Feb 04 2021,97,60,0,0,0
01:34:25 Feb 04 2021,97,52,0,0,0
01:34:27 Feb 04 2021,97,45,0,0,0
01:34:29 Feb 04 2021,98,41,0,0,0
01:34:31 Feb 04 2021,98,42,0,0,0
01:34:33 Feb 04 2021,98,42,0,0,0
01:34:35 Feb 04 2021,98,43,0,0,0
01:34:37 Feb 04 2021,98,42,0,0,0
01:34:39 Feb 04 2021,98,42,0,0,0
01:34:41 Feb 04 2021,98,42,0,0,0
01:34:43 Feb 04 2021,98,42,0,0,0
01:34:45 Feb 04 2021,98,42,0,0,0
01:34:47 Feb 04 2021,98,42,0,0,0
01:34:49 Feb 04 2021,98,42,0,0,0
01:34:51 Feb 04 2021,98,42,0,0,0
01:34:53 Feb 04 2021,97,42,0,0,0
01:34:55 Feb 04 2021,97,40,0,0,0
01:34:57 Feb 04 2021,97,41,0,0,0
01:34:59 Feb 04 2021,97,41,0,0,0
01:35:01 Feb 04 2021,97,41,0,0,0
01:35:03 Feb 04 2021,97,41,0,0,0
01:35:05 Feb 04 2021,97,41,0,0,0
01:35:07 Feb 04 2021,97,41,0,0,0
01:35:09 Feb 04 2021,97,41,0,0,0
01:35:11 Feb 04 2021,97,41,0,0,0
01:35:13 Feb 04 2021,97,41,0,0,0
01:35:15 Feb 04 2021,97,40,0,0,0
01:35:17 Feb 04 2021,97,41,0,0,0
01:35:19 Feb 04 2021,97,42,0,0,0
01:35:21 Feb 04 2021,97,42,0,0,0
01:35:23 Feb 04 2021,97,42,0,0,0
01:35:25 Feb 04 2021,97,41,0,0,0
01:35:27 Feb 04 2021,97,41,0,0,0
01:35:29 Feb 04 2021,97,41,0,0,0
01:35:31 Feb 04 2021,97,41,0,0,0
01:35:33 Feb 04 2021,97,41,0,0,0
01:35:35 Feb 04 2021,97,41,0,0,0
01:35:37 Feb 04 2021,97,41,0,0,0
01:35:39 Feb 04 2021,97,41,0,0,0
01:35:41 Feb 04 2021,97,41,0,0,0
01:35:43 Feb 04 2021,97,41,0,0,0
01:35:45 Feb 04 2021,97,41,0,0,0
01:35:47 Feb 04 2021,97,41,0,0,0
01:35:49 Feb 04 2021,97,41,0,0,0
01:35:51 Feb 04 2021,97,42,0,0,0
01:35:53 Feb 04 2021,97,42,0,0,0
01:35:55 Feb 04 2021,97,42,0,0,0
01:35:57 Feb 04 2021,97,42,0,0,0
01:35:59 Feb 04 2021,97,42,0,0,0
01:36:01 Feb 04 2021,97,42,0,0,0
01:36:03 Feb 04 2021,97,40,0,0,0
01:36:05 Feb 04 2021,97,40,0,0,0
01:36:07 Feb 04 2021,97,39,0,0,0
01:36:09 Feb 04 2021,97,39,0,0,0
01:36:11 Feb 04 2021,97,39,0,0,0
01:36:13 Feb 04 2021,97,40,0,0,0
01:36:15 Feb 04 2021,97,42,0,0,0
01:36:17 Feb 04 2021,97,43,0,0,0
01:36:19 Feb 04 2021,97,46,0,0,0
01:36:21 Feb 04 2021,97,46,0,0,0
01:36:23 Feb 04 2021,97,47,0,0,0
01:36:25 Feb 04 2021,97,52,0,0,0
01:36:27 Feb 04 2021,97,52,0,0,0
01:36:29 Feb 04 2021,97,53,0,0,0
01:36:31 Feb 04 2021,97,63,0,0,0
01:36:33 Feb 04 2021,97,66,0,0,0
01:36:35 Feb 04 2021,96,71,1,0,0
01:36:37 Feb 04 2021,96,75,0,0,0
01:36:39 Feb 04 2021,96,73,0,0,0
01:36:41 Feb 04 2021,96,73,0,0,0
01:36:43 Feb 04 2021,96,73,0,0,0
01:36:45 Feb 04 2021,96,74,0,0,0
01:36:47 Feb 04 2021,96,76,0,0,0
01:36:49 Feb 04 2021,96,81,0,0,0
01:36:51 Feb 04 2021,96,82,0,0,0
01:36:53 Feb 04 2021,96,84,0,0,0
01:36:55 Feb 04 2021,96,82,0,0,0
01:36:57 Feb 04 2021,96,79,0,0,0
01:36:59 Feb 04 2021,96,78,0,0,0
01:37:01 Feb 04 2021,96,74,0,0,0
01:37:03 Feb 04 2021,96,76,0,0,0
01:37:05 Feb 04 2021,96,76,0,0,0
01:37:07 Feb 04 2021,96,69,0,0,0
01:37:09 Feb 04 2021,96,72,0,0,0
01:37:11 Feb 04 2021,96,70,0,0,0
01:37:13 Feb 04 2021,96,70,0,0,0
01:37:15 Feb 04 2021,96,78,0,0,0
01:37:17 Feb 04 2021,96,76,0,0,0
01:37:19 Feb 04 2021,96,73,0,0,0
01:37:21 Feb 04 2021,96,70,0,0,0
01:37:23 Feb 04 2021,96,64,0,0,0
01:37:25 Feb 04 2021,96,64,0,0,0
01:37:27 Feb 04 2021,96,64,0,0,0
01:37:29 Feb 04 2021,96,64,0,0,0
01:37:31 Feb 04 2021,96,64,0,0,0
01:37:33 Feb 04 2021,96,66,0,0,0
01:37:35 Feb 04 2021,96,68,0,0,0
01:37:37 Feb 04 2021,96,71,0,0,0
01:37:39 Feb 04 2021,96,73,0,0,0
01:37:41 Feb 04 2021,96,73,0,0,0
01:37:43 Feb 04 2021,96,73,0,0,0
01:37:45 Feb 04 2021,96,73,0,0,0
01:37:47 Feb 04 2021,96,73,0,0,0
01:37:49 Feb 04 2021,96,73,0,0,0
01:37:51 Feb 04 2021,96,73,0,0,0
01:37:53 Feb 04 2021,96,73,0,0,0
01:37:55 Feb 04 2021,96,73,0,0,0
01:37:57 Feb 04 2021,96,73,0,0,0
01:37:59 Feb 04 2021,96,73,0,0,0
01:38:01 Feb 04 2021,96,73,0,0,0
01:38:03 Feb 04 2021,96,72,0,0,0
01:38:05 Feb 04 2021,96,73,0,0,0
01:38:07 Feb 04 2021,96,73,0,0,0
01:38:09 Feb 04 2021,96,72,0,0,0
01:38:11 Feb 04 2021,96,72,0,0,0
01:38:13 Feb 04 2021,96,72,0,0,0
01:38:15 Feb 04 2021,96,73,0,0,0
01:38:17 Feb 04 2021,95,75,0,0,0
01:38:19 Feb 04 2021,95,77,0,0,0
01:38:21 Feb 04 2021,94,78,0,0,0
01:38:23 Feb 04 2021,94,77,0,0,0
01:38:25 Feb 04 2021,94,77,0,0,0
01:38:27 Feb 04 2021,94,76,0,0,0
01:38:29 Feb 04 2021,94,75,0,0,0
01:38:31 Feb 04 2021,93,74,0,0,0
01:38:33 Feb 04 2021,93,74,0,0,0
01:38:35 Feb 04 2021,93,76,0,0,0
01:38:37 Feb 04 2021,93,77,0,0,0
01:38:39 Feb 04 2021,92,79,0,0,0
01:38:41 Feb 04 2021,92,79,0,0,0
01:38:43 Feb 04 2021,92,82,0,0,0
01:38:45 Feb 04 2021,92,83,0,0,0
01:38:47 Feb 04 2021,93,83,0,0,0
01:38:49 Feb 04 2021,93,80,0,0,0
01:38:51 Feb 04 2021,94,77,0,0,0
01:38:53 Feb 04 2021,95,76,0,0,0
01:38:55 Feb 04 2021,96,70,0,0,0
01:38:57 Feb 04 2021,96,73,0,0,0
01:38:59 Feb 04 2021,96,78,0,0,0
01:39:01 Feb 04 2021,96,78,0,0,0
01:39:03 Feb 04 2021,97,78,0,0,0
01:39:05 Feb 04 2021,97,76,0,0,0
01:39:07 Feb 04 2021,97,78,0,0,0
01:39:09 Feb 04 2021,97,70,0,0,0
01:39:11 Feb 04 2021,97,73,0,0,0
01:39:13 Feb 04 2021,97,72,0,0,0
01:39:15 Feb 04 2021,97,70,0,0,0
01:39:17 Feb 04 2021,97,67,0,0,0
01:39:19 Feb 04 2021,97,69,0,0,0
01:39:21 Feb 04 2021,97,69,0,0,0
01:39:23 Feb 04 2021,97,67,0,0,0
01:39:25 Feb 04 2021,97,70,0,0,0
01:39:27 Feb 04 2021,97,71,0,0,0
01:39:29 Feb 04 2021,97,71,0,0,0
01:39:31 Feb 04 2021,97,69,0,0,0
01:39:33 Feb 04 2021,97,71,0,0,0
01:39:35 Feb 04 2021,97,71,0,0,0
01:39:37 Feb 04 2021,97,68,0,0,0
01:39:39 Feb 04 2021,97,70,0,0,0
01:39:41 Feb 04 2021,96,72,0,0,0
01:39:43 Feb 04 2021,96,71,0,0,0
01:39:45 Feb 04 2021,96,74,0,0,0
01:39:47 Feb 04 2021,96,74,0,0,0
01:39:49 Feb 04 2021,95,75,0,0,0
01:39:51 Feb 04 2021,95,75,0,0,0
01:39:53 Feb 04 2021,95,76,0,0,0
01:39:55 Feb 04 2021,95,76,0,0,0
01:39:57 Feb 04 2021,95,75,0,0,0
01:39:59 Feb 04 2021,95,78,0,0,0
01:40:01 Feb 04 2021,95,78,0,0,0
01:40:03 Feb 04 2021,95,79,0,0,0
01:40:05 Feb 04 2021,95,78,0,0,0
01:40:07 Feb 04 2021,95,77,0,0,0
01:40:09 Feb 04 2021,95,79,0,0,0
01:40:11 Feb 04 2021,95,80,0,0,0
01:40:13 Feb 04 2021,96,81,0,0,0
01:40:15 Feb 04 2021,96,74,0,0,0
01:40:17 Feb 04 2021,96,69,0,0,0
01:40:19 Feb 04 2021,96,76,0,0,0
01:40:21 Feb 04 2021,96,75,0,0,0
01:40:23 Feb 04 2021,96,78,0,0,0
01:40:25 Feb 04 2021,97,80,0,0,0
01:40:27 Feb 04 2021,97,79,0,0,0
01:40:29 Feb 04 2021,97,80,0,0,0
01:40:31 Feb 04 2021,97,80,0,0,0
01:40:33 Feb 04 2021,97,85,0,0,0
01:40:35 Feb 04 2021,97,87,0,0,0
01:40:37 Feb 04 2021,97,88,0,0,0
01:40:39 Feb 04 2021,97,88,0,0,0
01:40:41 Feb 04 2021,97,86,0,0,0
01:40:43 Feb 04 2021,97,86,0,0,0
01:40:45 Feb 04 2021,97,86,0,0,0
01:40:47 Feb 04 2021,97,87,0,0,0
01:40:49 Feb 04 2021,97,86,0,0,0
01:40:51 Feb 04 2021,97,86,0,0,0
01:40:53 Feb 04 2021,97,86,0,0,0
01:40:55 Feb 04 2021,97,86,0,0,0
01:40:57 Feb 04 2021,96,86,0,0,0
01:40:59 Feb 04 2021,96,86,0,0,0
01:41:01 Feb 04 2021,96,87,0,0,0
01:41:03 Feb 04 2021,96,85,0,0,0
01:41:05 Feb 04 2021,96,85,0,0,0
01:41:07 Feb 04 2021,96,85,0,0,0
01:41:09 Feb 04 2021,96,85,0,0,0
01:41:11 Feb 04 2021,96,85,0,0,0
01:41:13 Feb 04 2021,96,85,0,0,0
01:41:15 Feb 04 2021,96,85,0,0,0
01:41:17 Feb 04 2021,96,85,0,0,0
01:41:19 Feb 04 2021,96,87,0,0,0
01:41:21 Feb 04 2021,95,88,0,0,0
01:41:23 Feb 04 2021,95,88,0,0,0
01:41:25 Feb 04 2021,94,86,0,0,0
01:41:27 Feb 04 2021,93,86,0,0,0
01:41:29 Feb 04 2021,93,86,0,0,0
01:41:31 Feb 04 2021,92,88,0,0,0
01:41:33 Feb 04 2021,92,88,0,0,0
01:41:35 Feb 04 2021,92,89,0,0,0
01:41:37 Feb 04 2021,92,88,0,0,0
01:41:39 Feb 04 2021,92,89,0,0,0
01:41:41 Feb 04 2021,92,89,0,0,0
01:41:43 Feb 04 2021,92,87,0,0,0
01:41:45 Feb 04 2021,92,87,0,0,0
01:41:47 Feb 04 2021,92,87,0,0,0
01:41:49 Feb 04 2021,92,88,0,0,0
01:41:51 Feb 04 2021,92,89,0,0,0
01:41:53 Feb 04 2021,92,89,0,0,0
01:41:55 Feb 04 2021,92,87,0,0,0
01:41:57 Feb 04 2021,93,84,0,0,0
01:41:59 Feb 04 2021,94,83,0,0,0
01:42:01 Feb 04 2021,95,80,0,0,0
01:42:03 Feb 04 2021,96,80,0,0,0
01:42:05 Feb 04 2021,96,80,0,0,0
01:42:07 Feb 04 2021,97,80,0,0,0
01:42:09 Feb 04 2021,97,79,0,0,0
01:42:11 Feb 04 2021,97,81,0,0,0
01:42:13 Feb 04 2021,97,80,0,0,0
01:42:15 Feb 04 2021,98,81,0,0,0
01:42:17 Feb 04 2021,98,82,0,0,0
01:42:19 Feb 04 2021,98,83,0,0,0
01:42:21 Feb 04 2021,98,84,0,0,0
01:42:23 Feb 04 2021,98,82,0,0,0
01:42:25 Feb 04 2021,98,82,0,0,0
01:42:27 Feb 04 2021,98,82,0,0,0
01:42:29 Feb 04 2021,98,83,0,0,0
01:42:31 Feb 04 2021,98,76,0,0,0
01:42:33 Feb 04 2021,97,75,0,0,0
01:42:35 Feb 04 2021,97,73,0,0,0
01:42:37 Feb 04 2021,97,72,0,0,0
01:42:39 Feb 04 2021,97,79,0,0,0
01:42:41 Feb 04 2021,97,79,0,0,0
01:42:43 Feb 04 2021,97,81,0,0,0
01:42:45 Feb 04 2021,97,81,0,0,0
01:42:47 Feb 04 2021,97,80,0,0,0
01:42:49 Feb 04 2021,97,79,0,0,0
01:42:51 Feb 04 2021,97,80,0,0,0
01:42:53 Feb 04 2021,96,79,0,0,0
01:42:55 Feb 04 2021,97,81,0,0,0
01:42:57 Feb 04 2021,97,82,0,0,0
01:42:59 Feb 04 2021,97,80,0,0,0
01:43:01 Feb 04 2021,97,83,0,0,0
01:43:03 Feb 04 2021,97,83,0,0,0
01:43:05 Feb 04 2021,97,82,0,0,0
01:43:07 Feb 04 2021,97,84,0,0,0
01:43:09 Feb 04 2021,96,83,0,0,0
01:43:11 Feb 04 2021,97,83,0,0,0
01:43:13 Feb 04 2021,97,83,0,0,0
01:43:15 Feb 04 2021,97,83,0,0,0
01:43:17 Feb 04 2021,97,82,0,0,0
01:43:19 Feb 04 2021,97,81,0,0,0
01:43:21 Feb 04 2021,97,78,0,0,0
01:43:23 Feb 04 2021,97,76,0,0,0
01:43:25 Feb 04 2021,97,78,0,0,0
01:43:27 Feb 04 2021,97,78,0,0,0
01:43:29 Feb 04 2021,97,81,0,0,0
01:43:31 Feb 04 2021,97,81,0,0,0
01:43:33 Feb 04 2021,97,80,0,0,0
01:43:35 Feb 04 2021,97,81,0,0,0
01:43:37 Feb 04 2021,97,83,0,0,0
01:43:39 Feb 04 2021,97,86,0,0,0
01:43:41 Feb 04 2021,97,88,0,0,0
01:43:43 Feb 04 2021,97,92,0,0,0
01:43:45 Feb 04 2021,97,91,0,0,0
01:43:47 Feb 04 2021,97,89,0,0,0
01:43:49 Feb 04 2021,97,86,0,0,0
01:43:51 Feb 04 2021,97,81,0,0,0
01:43:53 Feb 04 2021,97,79,0,0,0
01:43:55 Feb 04 2021,97,85,0,0,0
01:43:57 Feb 04 2021,97,82,0,0,0
01:43:59 Feb 04 2021,97,81,0,0,0
01:44:01 Feb 04 2021,97,81,0,0,0
01:44:03 Feb 04 2021,97,80,0,0,0
01:44:05 Feb 04 2021,97,81,0,0,0
01:44:07 Feb 04 2021,97,80,0,0,0
01:44:09 Feb 04 2021,97,80,0,0,0
01:44:11 Feb 04 2021,97,80,0,0,0
01:44:13 Feb 04 2021,97,82,0,0,0
01:44:15 Feb 04 2021,97,86,0,0,0
01:44:17 Feb 04 2021,96,86,0,0,0
01:44:19 Feb 04 2021,96,84,0,0,0
01:44:21 Feb 04 2021,96,83,0,0,0
01:44:23 Feb 04 2021,96,82,0,0,0
01:44:25 Feb 04 2021,96,83,0,0,0
01:44:27 Feb 04 2021,96,83,0,0,0
01:44:29 Feb 04 2021,96,87,0,0,0
01:44:31 Feb 04 2021,96,87,0,0,0
01:44:33 Feb 04 2021,95,91,0,0,0
01:44:35 Feb 04 2021,95,91,0,0,0
01:44:37 Feb 04 2021,95,93,0,0,0
01:44:39 Feb 04 2021,96,93,0,0,0
01:44:41 Feb 04 2021,96,91,0,0,0
01:44:43 Feb 04 2021,96,96,0,0,0
01:44:45 Feb 04 2021,96,95,0,0,0
01:44:47 Feb 04 2021,96,94,0,0,0
01:44:49 Feb 04 2021,96,92,0,0,0
01:44:51 Feb 04 2021,97,89,0,0,0
01:44:53 Feb 04 2021,97,87,0,0,0
01:44:55 Feb 04 2021,97,89,0,0,0
01:44:57 Feb 04 2021,97,92,0,0,0
01:44:59 Feb 04 2021,97,91,0,0,0
01:45:01 Feb 04 2021,97,91,0,0,0
01:45:03 Feb 04 2021,97,86,0,0,0
01:45:05 Feb 04 2021,97,78,0,0,0
01:45:07 Feb 04 2021,97,75,0,0,0
01:45:09 Feb 04 2021,97,71,0,0,0
01:45:11 Feb 04 2021,97,68,0,0,0
01:45:13 Feb 04 2021,97,67,0,0,0
01:45:15 Feb 04 2021,97,66,0,0,0
01:45:17 Feb 04 2021,97,60,0,0,0
01:45:19 Feb 04 2021,97,53,0,0,0
01:45:21 Feb 04 2021,97,46,0,0,0
01:45:23 Feb 04 2021,97,46,0,0,0
01:45:25 Feb 04 2021,97,48,0,0,0
01:45:27 Feb 04 2021,97,48,0,0,0
01:45:29 Feb 04 2021,97,47,0,0,0
01:45:31 Feb 04 2021,97,47,0,0,0
01:45:33 Feb 04 2021,97,48,0,0,0
01:45:35 Feb 04 2021,97,48,0,0,0
01:45:37 Feb 04 2021,97,48,0,0,0
01:45:39 Feb 04 2021,97,47,0,0,0
01:45:41 Feb 04 2021,97,47,0,0,0
01:45:43 Feb 04 2021,97,48,0,0,0
01:45:45 Feb 04 2021,97,48,0,0,0
01:45:47 Feb 04 2021,97,48,0,0,0
01:45:49 Feb 04 2021,97,48,0,0,0
01:45:51 Feb 04 2021,97,54,0,0,0
01:45:53 Feb 04 2021,97,61,0,0,0
01:45:55 Feb 04 2021,96,62,0,0,0
01:45:57 Feb 04 2021,96,71,0,0,0
01:45:59 Feb 04 2021,95,74,0,0,0
01:46:01 Feb 04 2021,95,77,0,0,0
01:46:03 Feb 04 2021,96,76,0,0,0
01:46:05 Feb 04 2021,96,76,0,0,0
01:46:07 Feb 04 2021,96,74,0,0,0
01:46:09 Feb 04 2021,97,74,0,0,0
01:46:11 Feb 04 2021,97,76,0,0,0
01:46:13 Feb 04 2021,97,76,0,0,0
01:46:15 Feb 04 2021,97,77,0,0,0
01:46:17 Feb 04 2021,97,76,0,0,0
01:46:19 Feb 04 2021,97,76,0,0,0
01:46:21 Feb 04 2021,98,77,0,0,0
01:46:23 Feb 04 2021,98,76,0,0,0
01:46:25 Feb 04 2021,98,75,0,0,0
01:46:27 Feb 04 2021,98,75,0,0,0
01:46:29 Feb 04 2021,98,76,0,0,0
01:46:31 Feb 04 2021,98,77,0,0,0
01:46:33 Feb 04 2021,98,78,0,0,0
01:46:35 Feb 04 2021,98,79,0,0,0
01:46:37 Feb 04 2021,98,78,0,0,0
01:46:39 Feb 04 2021,98,79,0,0,0
01:46:41 Feb 04 2021,98,79,0,0,0
01:46:43 Feb 04 2021,98,80,0,0,0
01:46:45 Feb 04 2021,98,72,0,0,0
01:46:47 Feb 04 2021,97,69,0,0,0
01:46:49 Feb 04 2021,97,71,0,0,0
01:46:51 Feb 04 2021,96,72,0,0,0
01:46:53 Feb 04 2021,95,79,0,0,0
01:46:55 Feb 04 2021,95,81,0,0,0
01:46:57 Feb 04 2021,95,81,0,0,0
01:46:59 Feb 04 2021,95,79,0,0,0
01:47:01 Feb 04 2021,94,76,0,0,0
01:47:03 Feb 04 2021,94,76,0,0,0
01:47:05 Feb 04 2021,94,75,0,0,0
01:47:07 Feb 04 2021,93,77,0,0,0
01:47:09 Feb 04 2021,93,78,0,0,0
01:47:11 Feb 04 2021,93,78,0,0,0
01:47:13 Feb 04 2021,93,78,0,0,0
01:47:15 Feb 04 2021,93,78,0,0,0
01:47:17 Feb 04 2021,93,77,0,0,0
01:47:19 Feb 04 2021,93,78,0,0,0
01:47:21 Feb 04 2021,94,77,0,0,0
01:47:23 Feb 04 2021,95,76,0,0,0
01:47:25 Feb 04 2021,96,76,0,0,0
01:47:27 Feb 04 2021,97,77,0,0,0
01:47:29 Feb 04 2021,97,78,0,0,0
01:47:31 Feb 04 2021,97,78,0,0,0
01:47:33 Feb 04 2021,97,76,0,0,0
01:47:35 Feb 04 2021,97,76,0,0,0
01:47:37 Feb 04 2021,97,75,0,0,0
01:47:39 Feb 04 2021,97,76,0,0,0
01:47:41 Feb 04 2021,97,77,0,0,0
01:47:43 Feb 04 2021,97,77,0,0,0
01:47:45 Feb 04 2021,97,76,0,0,0
01:47:47 Feb 04 2021,97,79,0,0,0
01:47:49 Feb 04 2021,97,72,0,0,0
01:47:51 Feb 04 2021,97,67,0,0,0
01:47:53 Feb 04 2021,97,69,0,0,0
01:47:55 Feb 04 2021,97,63,0,0,0
01:47:57 Feb 04 2021,97,71,0,0,0
01:47:59 Feb 04 2021,97,71,0,0,0
01:48:01 Feb 04 2021,97,67,0,0,0
01:48:03 Feb 04 2021,96,66,0,0,0
01:48:05 Feb 04 2021,96,65,0,0,0
01:48:07 Feb 04 2021,96,64,0,0,0
01:48:09 Feb 04 2021,95,63,0,0,0
01:48:11 Feb 04 2021,95,66,0,0,0
01:48:13 Feb 04 2021,95,67,0,0,0
01:48:15 Feb 04 2021,94,65,0,0,0
01:48:17 Feb 04 2021,94,69,0,0,0
01:48:19 Feb 04 2021,94,70,0,0,0
01:48:21 Feb 04 2021,95,71,0,0,0
01:48:23 Feb 04 2021,95,73,0,0,0
01:48:25 Feb 04 2021,95,72,0,0,0
01:48:27 Feb 04 2021,94,71,0,0,0
01:48:29 Feb 04 2021,94,72,0,0,0
01:48:31 Feb 04 2021,93,73,0,0,0
01:48:33 Feb 04 2021,93,71,0,0,0
01:48:35 Feb 04 2021,92,67,0,0,0
01:48:37 Feb 04 2021,92,65,0,0,0
01:48:39 Feb 04 2021,93,65,0,0,0
01:48:41 Feb 04 2021,94,68,0,0,0
01:48:43 Feb 04 2021,95,69,0,0,0
01:48:45 Feb 04 2021,95,70,0,0,0
01:48:47 Feb 04 2021,96,70,0,0,0
01:48:49 Feb 04 2021,96,71,0,0,0
01:48:51 Feb 04 2021,97,74,0,0,0
01:48:53 Feb 04 2021,97,75,0,0,0
01:48:55 Feb 04 2021,97,76,0,0,0
01:48:57 Feb 04 2021,97,78,0,0,0
01:48:59 Feb 04 2021,97,75,0,0,0
01:49:01 Feb 04 2021,97,76,0,0,0
01:49:03 Feb 04 2021,97,76,0,0,0
01:49:05 Feb 04 2021,97,75,0,0,0
01:49:07 Feb 04 2021,97,78,0,0,0
01:49:09 Feb 04 2021,97,79,0,0,0
01:49:11 Feb 04 2021,97,78,0,0,0
01:49:13 Feb 04 2021,97,78,0,0,0
01:49:15 Feb 04 2021,97,78,0,0,0
01:49:17 Feb 04 2021,97,79,0,0,0
01:49:19 Feb 04 2021,97,79,0,0,0
01:49:21 Feb 04 2021,97,80,0,0,0
01:49:23 Feb 04 2021,97,82,0,0,0
01:49:25 Feb 04 2021,97,82,0,0,0
01:49:27 Feb 04 2021,97,83,0,0,0
01:49:29 Feb 04 2021,97,83,0,0,0
01:49:31 Feb 04 2021,97,81,0,0,0
01:49:33 Feb 04 2021,97,81,0,0,0
01:49:35 Feb 04 2021,97,82,0,0,0
01:49:37 Feb 04 2021,95,82,0,0,0
01:49:39 Feb 04 2021,95,84,0,0,0
01:49:41 Feb 04 2021,94,81,0,0,0
01:49:43 Feb 04 2021,94,81,0,0,0
01:49:45 Feb 04 2021,94,82,0,0,0
01:49:47 Feb 04 2021,94,81,0,0,0
01:49:49 Feb 04 2021,94,81,0,0,0
01:49:51 Feb 04 2021,94,81,0,0,0
01:49:53 Feb 04 2021,94,81,0,0,0
01:49:55 Feb 04 2021,95,80,0,0,0
01:49:57 Feb 04 2021,95,80,0,0,0
01:49:59 Feb 04 2021,96,81,0,0,0
01:50:01 Feb 04 2021,97,82,0,0,0
01:50:03 Feb 04 2021,97,82,0,0,0
01:50:05 Feb 04 2021,97,83,0,0,0
01:50:07 Feb 04 2021,97,84,0,0,0
01:50:09 Feb 04 2021,97,85,0,0,0
01:50:11 Feb 04 2021,97,86,0,0,0
01:50:13 Feb 04 2021,97,85,0,0,0
01:50:15 Feb 04 2021,97,85,0,0,0
01:50:17 Feb 04 2021,97,85,0,0,0
01:50:19 Feb 04 2021,97,85,0,0,0
01:50:21 Feb 04 2021,97,85,0,0,0
01:50:23 Feb 04 2021,97,84,0,0,0
01:50:25 Feb 04 2021,97,84,0,0,0
01:50:27 Feb 04 2021,97,84,0,0,0
01:50:29 Feb 04 2021,97,83,0,0,0
01:50:31 Feb 04 2021,97,84,0,0,0
01:50:33 Feb 04 2021,97,84,0,0,0
01:50:35 Feb 04 2021,97,84,0,0,0
01:50:37 Feb 04 2021,97,83,1,0,0
01:50:39 Feb 04 2021,97,83,0,0,0
01:50:41 Feb 04 2021,97,82,0,0,0
01:50:43 Feb 04 2021,97,81,2,0,0
01:50:45 Feb 04 2021,97,82,0,0,0
01:50:47 Feb 04 2021,97,81,0,0,0
01:50:49 Feb 04 2021,97,82,0,0,0
01:50:51 Feb 04 2021,97,82,6,0,0
01:50:53 Feb 04 2021,96,84,0,0,0
01:50:55 Feb 04 2021,95,84,0,0,0
01:50:57 Feb 04 2021,94,84,0,0,0
01:50:59 Feb 04 2021,93,81,0,0,0
01:51:01 Feb 04 2021,93,81,0,0,0
01:51:03 Feb 04 2021,93,82,0,0,0
01:51:05 Feb 04 2021,94,81,0,0,0
01:51:07 Feb 04 2021,94,82,0,0,0
01:51:09 Feb 04 2021,94,82,0,0,0
01:51:11 Feb 04 2021,94,82,0,0,0
01:51:13 Feb 04 2021,95,83,0,0,0
01:51:15 Feb 04 2021,95,82,0,0,0
01:51:17 Feb 04 2021,96,83,0,0,0
01:51:19 Feb 04 2021,97,84,0,0,0
01:51:21 Feb 04 2021,97,85,0,0,0
01:51:23 Feb 04 2021,97,85,0,0,0
01:51:25 Feb 04 2021,97,82,0,0,0
01:51:27 Feb 04 2021,97,79,0,0,0
01:51:29 Feb 04 2021,97,77,0,0,0
01:51:31 Feb 04 2021,97,77,0,0,0
01:51:33 Feb 04 2021,97,78,0,0,0
01:51:35 Feb 04 2021,97,78,0,0,0
01:51:37 Feb 04 2021,97,77,0,0,0
01:51:39 Feb 04 2021,98,78,0,0,0
01:51:41 Feb 04 2021,98,78,0,0,0
01:51:43 Feb 04 2021,98,79,0,0,0
01:51:45 Feb 04 2021,98,79,0,0,0
01:51:47 Feb 04 2021,98,80,0,0,0
01:51:49 Feb 04 2021,98,79,0,0,0
01:51:51 Feb 04 2021,98,79,0,0,0
01:51:53 Feb 04 2021,97,77,0,0,0
01:51:55 Feb 04 2021,97,77,0,0,0
01:51:57 Feb 04 2021,97,76,0,0,0
01:51:59 Feb 04 2021,97,79,0,0,0
01:52:01 Feb 04 2021,96,82,0,0,0
01:52:03 Feb 04 2021,96,82,0,0,0
01:52:05 Feb 04 2021,96,86,0,0,0
01:52:07 Feb 04 2021,95,86,0,0,0
01:52:09 Feb 04 2021,94,84,0,0,0
01:52:11 Feb 04 2021,94,82,0,0,0
01:52:13 Feb 04 2021,94,79,0,0,0
01:52:15 Feb 04 2021,94,79,0,0,0
01:52:17 Feb 04 2021,94,79,0,0,0
01:52:19 Feb 04 2021,95,79,0,0,0
01:52:21 Feb 04 2021,95,79,0,0,0
01:52:23 Feb 04 2021,95,79,0,0,0
01:52:25 Feb 04 2021,96,77,0,0,0
01:52:27 Feb 04 2021,96,80,0,0,0
01:52:29 Feb 04 2021,96,81,0,0,0
01:52:31 Feb 04 2021,97,84,0,0,0
01:52:33 Feb 04 2021,97,85,0,0,0
01:52:35 Feb 04 2021,97,86,0,0,0
01:52:37 Feb 04 2021,97,86,0,0,0
01:52:39 Feb 04 2021,97,85,0,0,0
01:52:41 Feb 04 2021,97,86,0,0,0
01:52:43 Feb 04 2021,97,86,0,0,0
01:52:45 Feb 04 2021,98,85,0,0,0
01:52:47 Feb 04 2021,98,84,0,0,0
01:52:49 Feb 04 2021,98,83,0,0,0
01:52:51 Feb 04 2021,98,82,0,0,0
01:52:53 Feb 04 2021,98,83,0,0,0
01:52:55 Feb 04 2021,98,82,0,0,0
01:52:57 Feb 04 2021,98,85,0,0,0
01:52:59 Feb 04 2021,98,86,0,0,0
01:53:01 Feb 04 2021,97,79,0,0,0
01:53:03 Feb 04 2021,97,75,0,0,0
01:53:05 Feb 04 2021,97,70,0,0,0
01:53:07 Feb 04 2021,97,68,0,0,0
01:53:09 Feb 04 2021,97,73,0,0,0
01:53:11 Feb 04 2021,97,75,0,0,0
01:53:13 Feb 04 2021,97,76,1,0,0
01:53:15 Feb 04 2021,97,75,0,0,0
01:53:17 Feb 04 2021,97,77,0,0,0
01:53:19 Feb 04 2021,97,76,1,0,0
01:53:21 Feb 04 2021,97,76,0,0,0
01:53:23 Feb 04 2021,97,76,0,0,0
01:53:25 Feb 04 2021,97,75,0,0,0
01:53:27 Feb 04 2021,96,78,0,0,0
01:53:29 Feb 04 2021,96,79,0,0,0
01:53:31 Feb 04 2021,95,79,0,0,0
01:53:33 Feb 04 2021,96,79,0,0,0
01:53:35 Feb 04 2021,96,79,0,0,0
01:53:37 Feb 04 2021,96,77,0,0,0
01:53:39 Feb 04 2021,96,76,0,0,0
01:53:41 Feb 04 2021,96,77,0,0,0
01:53:43 Feb 04 2021,96,78,0,0,0
01:53:45 Feb 04 2021,97,80,0,0,0
01:53:47 Feb 04 2021,97,81,0,0,0
01:53:49 Feb 04 2021,97,82,0,0,0
01:53:51 Feb 04 2021,97,81,0,0,0
01:53:53 Feb 04 2021,97,80,0,0,0
01:53:55 Feb 04 2021,97,79,0,0,0
01:53:57 Feb 04 2021,97,78,0,0,0
01:53:59 Feb 04 2021,97,79,0,0,0
01:54:01 Feb 04 2021,97,79,0,0,0
01:54:03 Feb 04 2021,97,79,0,0,0
01:54:05 Feb 04 2021,97,76,0,0,0
01:54:07 Feb 04 2021,97,76,0,0,0
01:54:09 Feb 04 2021,97,76,0,0,0
01:54:11 Feb 04 2021,97,78,0,0,0
01:54:13 Feb 04 2021,97,80,0,0,0
01:54:15 Feb 04 2021,97,77,0,0,0
01:54:17 Feb 04 2021,97,69,0,0,0
01:54:19 Feb 04 2021,97,68,0,0,0
01:54:21 Feb 04 2021,97,71,0,0,0
01:54:23 Feb 04 2021,97,72,0,0,0
01:54:25 Feb 04 2021,97,70,0,0,0
01:54:27 Feb 04 2021,97,67,0,0,0
01:54:29 Feb 04 2021,97,66,0,0,0
01:54:31 Feb 04 2021,96,58,0,0,0
01:54:33 Feb 04 2021,95,57,0,0,0
01:54:35 Feb 04 2021,95,61,0,0,0
01:54:37 Feb 04 2021,95,62,0,0,0
01:54:39 Feb 04 2021,96,76,0,0,0
01:54:41 Feb 04 2021,96,81,0,0,0
01:54:43 Feb 04 2021,96,84,0,0,0
01:54:45 Feb 04 2021,96,83,0,0,0
01:54:47 Feb 04 2021,95,82,0,0,0
01:54:49 Feb 04 2021,95,79,0,0,0
01:54:51 Feb 04 2021,95,78,0,0,0
01:54:53 Feb 04 2021,96,76,0,0,0
01:54:55 Feb 04 2021,96,76,0,0,0
01:54:57 Feb 04 2021,96,77,0,0,0
01:54:59 Feb 04 2021,96,76,0,0,0
01:55:01 Feb 04 2021,97,78,0,0,0
01:55:03 Feb 04 2021,97,81,0,0,0
01:55:05 Feb 04 2021,97,81,0,0,0
01:55:07 Feb 04 2021,97,82,0,0,0
01:55:09 Feb 04 2021,97,81,0,0,0
01:55:11 Feb 04 2021,97,76,0,0,0
01:55:13 Feb 04 2021,97,74,0,0,0
01:55:15 Feb 04 2021,97,70,0,0,0
01:55:17 Feb 04 2021,97,71,0,0,0
01:55:19 Feb 04 2021,97,70,0,0,0
01:55:21 Feb 04 2021,97,69,0,0,0
01:55:23 Feb 04 2021,97,68,0,0,0
01:55:25 Feb 04 2021,97,68,0,0,0
01:55:27 Feb 04 2021,97,61,0,0,0
01:55:29 Feb 04 2021,97,59,0,0,0
01:55:31 Feb 04 2021,97,60,0,0,0
01:55:33 Feb 04 2021,97,53,0,0,0
01:55:35 Feb 04 2021,97,60,0,0,0
01:55:37 Feb 04 2021,97,59,0,0,0
01:55:39 Feb 04 2021,97,65,0,0,0
01:55:41 Feb 04 2021,96,71,0,0,0
01:55:43 Feb 04 2021,96,69,0,0,0
01:55:45 Feb 04 2021,96,73,0,0,0
01:55:47 Feb 04 2021,95,73,0,0,0
01:55:49 Feb 04 2021,95,72,0,0,0
01:55:51 Feb 04 2021,94,76,0,0,0
01:55:53 Feb 04 2021,94,73,0,0,0
01:55:55 Feb 04 2021,94,69,0,0,0
01:55:57 Feb 04 2021,94,67,0,0,0
01:55:59 Feb 04 2021,94,63,0,0,0
01:56:01 Feb 04 2021,95,61,0,0,0
01:56:03 Feb 04 2021,96,59,0,0,0
01:56:05 Feb 04 2021,96,63,0,0,0
01:56:07 Feb 04 2021,96,65,0,0,0
01:56:09 Feb 04 2021,96,68,0,0,0
01:56:11 Feb 04 2021,97,71,0,0,0
01:56:13 Feb 04 2021,97,69,0,0,0
01:56:15 Feb 04 2021,97,70,0,0,0
01:56:17 Feb 04 2021,97,70,0,0,0
01:56:19 Feb 04 2021,97,70,0,0,0
01:56:21 Feb 04 2021,97,65,0,0,0
01:56:23 Feb 04 2021,97,64,0,0,0
01:56:25 Feb 04 2021,97,62,0,0,0
01:56:27 Feb 04 2021,97,63,0,0,0
01:56:29 Feb 04 2021,97,63,0,0,0
01:56:31 Feb 04 2021,97,62,0,0,0
01:56:33 Feb 04 2021,97,62,0,0,0
01:56:35 Feb 04 2021,97,63,0,0,0
01:56:37 Feb 04 2021,97,59,0,0,0
01:56:39 Feb 04 2021,97,62,0,0,0
01:56:41 Feb 04 2021,97,68,0,0,0
01:56:43 Feb 04 2021,97,71,0,0,0
01:56:45 Feb 04 2021,97,71,0,0,0
01:56:47 Feb 04 2021,97,72,0,0,0
01:56:49 Feb 04 2021,97,73,0,0,0
01:56:51 Feb 04 2021,97,74,0,0,0
01:56:53 Feb 04 2021,97,77,0,0,0
01:56:55 Feb 04 2021,97,78,0,0,0
01:56:57 Feb 04 2021,97,78,0,0,0
01:56:59 Feb 04 2021,97,78,0,0,0
01:57:01 Feb 04 2021,97,77,0,0,0
01:57:03 Feb 04 2021,97,78,0,0,0
01:57:05 Feb 04 2021,97,78,0,0,0
01:57:07 Feb 04 2021,97,79,0,0,0
01:57:09 Feb 04 2021,96,76,0,0,0
01:57:11 Feb 04 2021,96,74,0,0,0
01:57:13 Feb 04 2021,95,73,0,0,0
01:57:15 Feb 04 2021,95,71,0,0,0
01:57:17 Feb 04 2021,95,71,0,0,0
01:57:19 Feb 04 2021,95,67,0,0,0
01:57:21 Feb 04 2021,95,64,0,0,0
01:57:23 Feb 04 2021,96,66,0,0,0
01:57:25 Feb 04 2021,96,72,0,0,0
01:57:27 Feb 04 2021,96,74,0,0,0
01:57:29 Feb 04 2021,97,74,0,0,0
01:57:31 Feb 04 2021,97,75,0,0,0
01:57:33 Feb 04 2021,97,76,0,0,0
01:57:35 Feb 04 2021,97,77,0,0,0
01:57:37 Feb 04 2021,97,78,0,0,0
01:57:39 Feb 04 2021,97,75,0,0,0
01:57:41 Feb 04 2021,97,75,0,0,0
01:57:43 Feb 04 2021,97,75,0,0,0
01:57:45 Feb 04 2021,97,73,0,0,0
01:57:47 Feb 04 2021,97,72,0,0,0
01:57:49 Feb 04 2021,97,73,0,0,0
01:57:51 Feb 04 2021,97,72,0,0,0
01:57:53 Feb 04 2021,97,72,0,0,0
01:57:55 Feb 04 2021,97,73,0,0,0
01:57:57 Feb 04 2021,97,71,0,0,0
01:57:59 Feb 04 2021,97,65,0,0,0
01:58:01 Feb 04 2021,97,64,0,0,0
01:58:03 Feb 04 2021,97,58,0,0,0
01:58:05 Feb 04 2021,97,58,0,0,0
01:58:07 Feb 04 2021,97,55,0,0,0
01:58:09 Feb 04 2021,97,55,0,0,0
01:58:11 Feb 04 2021,97,55,0,0,0
01:58:13 Feb 04 2021,97,54,0,0,0
01:58:15 Feb 04 2021,96,50,0,0,0
01:58:17 Feb 04 2021,95,45,0,0,0
01:58:19 Feb 04 2021,94,41,0,0,0
01:58:21 Feb 04 2021,93,38,0,0,0
01:58:23 Feb 04 2021,93,39,0,0,0
01:58:25 Feb 04 2021,93,40,0,0,0
01:58:27 Feb 04 2021,93,40,0,0,0
01:58:29 Feb 04 2021,93,39,0,0,0
01:58:31 Feb 04 2021,93,40,0,0,0
01:58:33 Feb 04 2021,93,40,0,0,0
01:58:35 Feb 04 2021,93,40,0,0,0
01:58:37 Feb 04 2021,93,40,0,0,0
01:58:39 Feb 04 2021,93,40,0,0,0
01:58:41 Feb 04 2021,94,39,0,0,0
01:58:43 Feb 04 2021,94,38,0,0,0
01:58:45 Feb 04 2021,95,38,0,0,0
01:58:47 Feb 04 2021,96,37,0,0,0
01:58:49 Feb 04 2021,95,38,0,0,0
01:58:51 Feb 04 2021,95,38,0,0,0
01:58:53 Feb 04 2021,95,38,0,0,0
01:58:55 Feb 04 2021,95,38,0,0,0
01:58:57 Feb 04 2021,95,38,0,0,0
01:58:59 Feb 04 2021,96,38,0,0,0
01:59:01 Feb 04 2021,96,38,0,0,0
01:59:03 Feb 04 2021,97,38,0,0,0
01:59:05 Feb 04 2021,97,38,0,0,0
01:59:07 Feb 04 2021,97,38,0,0,0
01:59:09 Feb 04 2021,97,38,0,0,0
01:59:11 Feb 04 2021,97,38,0,0,0
01:59:13 Feb 04 2021,97,38,0,0,0
01:59:15 Feb 04 2021,97,38,0,0,0
01:59:17 Feb 04 2021,97,38,7,0,0
01:59:19 Feb 04 2021,97,38,1,0,0
01:59:21 Feb 04 2021,97,38,3,0,0
01:59:23 Feb 04 2021,97,38,2,0,0
01:59:25 Feb 04 2021,97,38,0,0,0
01:59:27 Feb 04 2021,97,38,0,0,0
01:59:29 Feb 04 2021,97,38,0,0,0
01:59:31 Feb 04 2021,97,38,0,0,0
01:59:33 Feb 04 2021,97,38,0,0,0
01:59:35 Feb 04 2021,97,38,0,0,0
01:59:37 Feb 04 2021,97,38,0,0,0
01:59:39 Feb 04 2021,97,38,0,0,0
01:59:41 Feb 04 2021,97,38,0,0,0
01:59:43 Feb 04 2021,97,38,0,0,0
01:59:45 Feb 04 2021,97,38,0,0,0
01:59:47 Feb 04 2021,97,38,0,0,0
01:59:49 Feb 04 2021,97,38,0,0,0
01:59:51 Feb 04 2021,97,38,0,0,0
01:59:53 Feb 04 2021,97,40,0,0,0
01:59:55 Feb 04 2021,97,40,0,0,0
01:59:57 Feb 04 2021,97,41,0,0,0
01:59:59 Feb 04 2021,97,42,0,0,0
02:00:01 Feb 04 2021,97,41,0,0,0
02:00:03 Feb 04 2021,97,41,0,0,0
02:00:05 Feb 04 2021,97,41,0,0,0
02:00:07 Feb 04 2021,97,41,0,0,0
02:00:09 Feb 04 2021,97,41,0,0,0
02:00:11 Feb 04 2021,97,41,0,0,0
02:00:13 Feb 04 2021,97,41,0,0,0
02:00:15 Feb 04 2021,97,40,0,0,0
02:00:17 Feb 04 2021,97,41,0,0,0
02:00:19 Feb 04 2021,97,41,0,0,0
02:00:21 Feb 04 2021,97,41,0,0,0
02:00:23 Feb 04 2021,97,41,0,0,0
02:00:25 Feb 04 2021,97,41,0,0,0
02:00:27 Feb 04 2021,97,47,0,0,0
02:00:29 Feb 04 2021,97,49,0,0,0
02:00:31 Feb 04 2021,97,52,0,0,0
02:00:33 Feb 04 2021,97,55,0,0,0
02:00:35 Feb 04 2021,97,50,1,0,0
02:00:37 Feb 04 2021,97,51,0,0,0
02:00:39 Feb 04 2021,97,51,0,0,0
02:00:41 Feb 04 2021,97,49,0,0,0
02:00:43 Feb 04 2021,97,49,0,0,0
02:00:45 Feb 04 2021,97,48,0,0,0
02:00:47 Feb 04 2021,97,48,0,0,0
02:00:49 Feb 04 2021,97,48,0,0,0
02:00:51 Feb 04 2021,97,48,0,0,0
02:00:53 Feb 04 2021,97,48,0,0,0
02:00:55 Feb 04 2021,97,48,1,0,0
02:00:57 Feb 04 2021,97,48,0,0,0
02:00:59 Feb 04 2021,97,47,0,0,0
02:01:01 Feb 04 2021,97,48,1,0,0
02:01:03 Feb 04 2021,97,48,0,0,0
02:01:05 Feb 04 2021,97,48,1,0,0
02:01:07 Feb 04 2021,97,49,0,0,0
02:01:09 Feb 04 2021,97,50,0,0,0
02:01:11 Feb 04 2021,97,50,0,0,0
02:01:13 Feb 04 2021,97,49,0,0,0
02:01:15 Feb 04 2021,97,48,0,0,0
02:01:17 Feb 04 2021,97,46,0,0,0
02:01:19 Feb 04 2021,97,44,0,0,0
02:01:21 Feb 04 2021,97,42,0,0,0
02:01:23 Feb 04 2021,97,39,1,0,0
02:01:25 Feb 04 2021,97,39,0,0,0
02:01:27 Feb 04 2021,97,39,0,0,0
02:01:29 Feb 04 2021,97,39,0,0,0
02:01:31 Feb 04 2021,97,39,0,0,0
02:01:33 Feb 04 2021,97,46,0,0,0
02:01:35 Feb 04 2021,97,57,0,0,0
02:01:37 Feb 04 2021,97,62,0,0,0
02:01:39 Feb 04 2021,97,63,0,0,0
02:01:41 Feb 04 2021,96,56,0,0,0
02:01:43 Feb 04 2021,95,54,0,0,0
02:01:45 Feb 04 2021,95,54,0,0,0
02:01:47 Feb 04 2021,95,51,0,0,0
02:01:49 Feb 04 2021,97,54,0,0,0
02:01:51 Feb 04 2021,97,53,0,0,0
02:01:53 Feb 04 2021,97,53,0,0,0
02:01:55 Feb 04 2021,97,53,0,0,0
02:01:57 Feb 04 2021,97,52,0,0,0
02:01:59 Feb 04 2021,97,52,0,0,0
02:02:01 Feb 04 2021,97,55,0,0,0
02:02:03 Feb 04 2021,97,59,0,0,0
02:02:05 Feb 04 2021,97,63,0,0,0
02:02:07 Feb 04 2021,97,66,1,0,0
02:02:09 Feb 04 2021,97,65,0,0,0
02:02:11 Feb 04 2021,97,66,1,0,0
02:02:13 Feb 04 2021,97,70,0,0,0
02:02:15 Feb 04 2021,97,71,0,0,0
02:02:17 Feb 04 2021,97,74,0,0,0
02:02:19 Feb 04 2021,97,76,0,0,0
02:02:21 Feb 04 2021,97,73,0,0,0
02:02:23 Feb 04 2021,97,72,0,0,0
02:02:25 Feb 04 2021,97,70,1,0,0
02:02:27 Feb 04 2021,97,68,0,0,0
02:02:29 Feb 04 2021,97,62,0,0,0
02:02:31 Feb 04 2021,97,63,0,0,0
02:02:33 Feb 04 2021,97,56,0,0,0
02:02:35 Feb 04 2021,97,56,0,0,0
02:02:37 Feb 04 2021,97,62,0,0,0
02:02:39 Feb 04 2021,97,61,0,0,0
02:02:41 Feb 04 2021,97,67,0,0,0
02:02:43 Feb 04 2021,96,68,1,0,0
02:02:45 Feb 04 2021,96,71,0,0,0
02:02:47 Feb 04 2021,97,71,0,0,0
02:02:49 Feb 04 2021,97,70,0,0,0
02:02:51 Feb 04 2021,97,70,0,0,0
02:02:53 Feb 04 2021,97,70,0,0,0
02:02:55 Feb 04 2021,97,70,0,0,0
02:02:57 Feb 04 2021,97,69,0,0,0
02:02:59 Feb 04 2021,97,69,0,0,0
02:03:01 Feb 04 2021,97,70,0,0,0
02:03:03 Feb 04 2021,97,71,0,0,0
02:03:05 Feb 04 2021,97,72,0,0,0
02:03:07 Feb 04 2021,97,72,0,0,0
02:03:09 Feb 04 2021,97,72,1,0,0
02:03:11 Feb 04 2021,97,72,0,0,0
02:03:13 Feb 04 2021,97,72,0,0,0
02:03:15 Feb 04 2021,97,72,1,0,0
02:03:17 Feb 04 2021,97,74,0,0,0
02:03:19 Feb 04 2021,97,74,1,0,0
02:03:21 Feb 04 2021,97,74,0,0,0
02:03:23 Feb 04 2021,97,73,0,0,0
02:03:25 Feb 04 2021,97,74,0,0,0
02:03:27 Feb 04 2021,97,77,1,0,0
02:03:29 Feb 04 2021,97,75,1,0,0
02:03:31 Feb 04 2021,97,79,0,0,0
02:03:33 Feb 04 2021,97,79,1,0,0
02:03:35 Feb 04 2021,97,79,1,0,0
02:03:37 Feb 04 2021,97,82,0,0,0
02:03:39 Feb 04 2021,97,79,0,0,0
02:03:41 Feb 04 2021,97,79,0,0,0
02:03:43 Feb 04 2021,97,78,0,0,0
02:03:45 Feb 04 2021,97,75,0,0,0
02:03:47 Feb 04 2021,97,72,0,0,0
02:03:49 Feb 04 2021,97,70,1,0,0
02:03:51 Feb 04 2021,97,70,0,0,0
02:03:53 Feb 04 2021,97,75,0,0,0
02:03:55 Feb 04 2021,96,83,1,0,0
02:03:57 Feb 04 2021,96,84,6,0,0
02:03:59 Feb 04 2021,96,85,3,0,0
02:04:01 Feb 04 2021,95,79,7,0,0
02:04:03 Feb 04 2021,95,71,1,0,0
02:04:05 Feb 04 2021,95,75,1,0,0
02:04:07 Feb 04 2021,95,75,1,0,0
02:04:09 Feb 04 2021,95,74,1,0,0
02:04:11 Feb 04 2021,93,68,0,0,0
02:04:13 Feb 04 2021,93,67,0,0,0
02:04:15 Feb 04 2021,93,64,0,0,0
02:04:17 Feb 04 2021,93,57,0,0,0
02:04:19 Feb 04 2021,95,61,1,0,0
02:04:21 Feb 04 2021,94,61,0,0,0
02:04:23 Feb 04 2021,94,59,1,0,0
02:04:25 Feb 04 2021,94,56,1,0,0
02:04:27 Feb 04 2021,94,57,0,0,0
02:04:29 Feb 04 2021,94,57,0,0,0
02:04:31 Feb 04 2021,95,55,1,0,0
02:04:33 Feb 04 2021,96,55,1,0,0
02:04:35 Feb 04 2021,96,55,1,0,0
02:04:37 Feb 04 2021,96,55,0,0,0
02:04:39 Feb 04 2021,96,55,0,0,0
02:04:41 Feb 04 2021,96,55,1,0,0
02:04:43 Feb 04 2021,96,55,1,0,0
02:04:45 Feb 04 2021,96,55,1,0,0
02:04:47 Feb 04 2021,96,55,1,0,0
02:04:49 Feb 04 2021,96,55,0,0,0
02:04:51 Feb 04 2021,96,54,1,0,0
02:04:53 Feb 04 2021,97,64,0,0,0
02:04:55 Feb 04 2021,97,67,0,0,0
02:04:57 Feb 04 2021,97,67,1,0,0
02:04:59 Feb 04 2021,97,63,1,0,0
02:05:01 Feb 04 2021,97,59,1,0,0
02:05:03 Feb 04 2021,97,58,0,0,0
02:05:05 Feb 04 2021,97,60,1,0,0
02:05:07 Feb 04 2021,97,60,0,0,0
02:05:09 Feb 04 2021,97,59,0,0,0
02:05:11 Feb 04 2021,97,58,0,0,0
02:05:13 Feb 04 2021,97,58,0,0,0
02:05:15 Feb 04 2021,97,59,0,0,0
02:05:17 Feb 04 2021,96,58,0,0,0
02:05:19 Feb 04 2021,95,62,0,0,0
02:05:21 Feb 04 2021,95,66,0,0,0
02:05:23 Feb 04 2021,94,72,1,0,0
02:05:25 Feb 04 2021,95,69,0,0,0
02:05:27 Feb 04 2021,96,71,0,0,0
02:05:29 Feb 04 2021,96,71,0,0,0
02:05:31 Feb 04 2021,96,69,0,0,0
02:05:33 Feb 04 2021,97,71,0,0,0
02:05:35 Feb 04 2021,97,71,0,0,0
02:05:37 Feb 04 2021,97,70,0,0,0
02:05:39 Feb 04 2021,97,70,1,0,0
02:05:41 Feb 04 2021,97,68,0,0,0
02:05:43 Feb 04 2021,97,70,0,0,0
02:05:45 Feb 04 2021,97,70,0,0,0
02:05:47 Feb 04 2021,97,69,0,0,0
02:05:49 Feb 04 2021,97,71,0,0,0
02:05:51 Feb 04 2021,97,69,0,0,0
02:05:53 Feb 04 2021,97,66,0,0,0
02:05:55 Feb 04 2021,97,63,0,0,0
02:05:57 Feb 04 2021,97,60,1,0,0
02:05:59 Feb 04 2021,97,51,1,0,0
02:06:01 Feb 04 2021,97,49,0,0,0
02:06:03 Feb 04 2021,97,50,0,0,0
02:06:05 Feb 04 2021,97,47,0,0,0
02:06:07 Feb 04 2021,97,54,1,0,0
02:06:09 Feb 04 2021,97,57,0,0,0
02:06:11 Feb 04 2021,97,55,0,0,0
02:06:13 Feb 04 2021,97,56,0,0,0
02:06:15 Feb 04 2021,97,58,0,0,0
02:06:17 Feb 04 2021,97,59,0,0,0
02:06:19 Feb 04 2021,96,59,0,0,0
02:06:21 Feb 04 2021,97,61,1,0,0
02:06:23 Feb 04 2021,97,65,0,0,0
02:06:25 Feb 04 2021,97,67,0,0,0
02:06:27 Feb 04 2021,97,71,1,0,0
02:06:29 Feb 04 2021,96,70,1,0,0
02:06:31 Feb 04 2021,97,67,0,0,0
02:06:33 Feb 04 2021,97,67,0,0,0
02:06:35 Feb 04 2021,97,64,0,0,0
02:06:37 Feb 04 2021,97,65,0,0,0
02:06:39 Feb 04 2021,97,65,1,0,0
02:06:41 Feb 04 2021,97,65,0,0,0
02:06:43 Feb 04 2021,97,67,0,0,0
02:06:45 Feb 04 2021,96,71,0,0,0
02:06:47 Feb 04 2021,95,74,0,0,0
02:06:49 Feb 04 2021,96,74,0,0,0
02:06:51 Feb 04 2021,95,76,0,0,0
02:06:53 Feb 04 2021,95,76,0,0,0
02:06:55 Feb 04 2021,95,76,0,0,0
02:06:57 Feb 04 2021,96,77,1,0,0
02:06:59 Feb 04 2021,96,77,1,0,0
02:07:01 Feb 04 2021,97,77,1,0,0
02:07:03 Feb 04 2021,97,78,0,0,0
02:07:05 Feb 04 2021,97,79,1,0,0
02:07:07 Feb 04 2021,97,73,0,0,0
02:07:09 Feb 04 2021,97,74,0,0,0
02:07:11 Feb 04 2021,97,72,1,0,0
02:07:13 Feb 04 2021,97,70,1,0,0
02:07:15 Feb 04 2021,97,75,0,0,0
02:07:17 Feb 04 2021,97,72,0,0,0
02:07:19 Feb 04 2021,97,73,0,0,0
02:07:21 Feb 04 2021,97,74,0,0,0
02:07:23 Feb 04 2021,97,74,0,0,0
02:07:25 Feb 04 2021,97,75,0,0,0
02:07:27 Feb 04 2021,97,76,0,0,0
02:07:29 Feb 04 2021,97,75,1,0,0
02:07:31 Feb 04 2021,97,76,0,0,0
02:07:33 Feb 04 2021,97,78,1,0,0
02:07:35 Feb 04 2021,97,74,1,0,0
02:07:37 Feb 04 2021,97,74,0,0,0
02:07:39 Feb 04 2021,96,73,0,0,0
02:07:41 Feb 04 2021,96,72,1,0,0
02:07:43 Feb 04 2021,95,75,1,0,0
02:07:45 Feb 04 2021,93,75,0,0,0
02:07:47 Feb 04 2021,93,72,2,0,0
02:07:49 Feb 04 2021,93,71,0,0,0
02:07:51 Feb 04 2021,93,71,0,0,0
02:07:53 Feb 04 2021,94,75,0,0,0
02:07:55 Feb 04 2021,93,77,0,0,0
02:07:57 Feb 04 2021,92,78,0,0,0
02:07:59 Feb 04 2021,91,77,0,0,0
02:08:01 Feb 04 2021,90,75,1,0,0
02:08:03 Feb 04 2021,92,74,0,0,0
02:08:05 Feb 04 2021,92,73,0,0,0
02:08:07 Feb 04 2021,93,70,0,0,0
02:08:09 Feb 04 2021,94,69,0,0,0
02:08:11 Feb 04 2021,95,68,0,0,0
02:08:13 Feb 04 2021,96,69,0,0,0
02:08:15 Feb 04 2021,96,70,0,0,0
02:08:17 Feb 04 2021,97,70,0,0,0
02:08:19 Feb 04 2021,97,70,0,0,0
02:08:21 Feb 04 2021,97,71,0,0,0
02:08:23 Feb 04 2021,97,71,0,0,0
02:08:25 Feb 04 2021,97,72,0,0,0
02:08:27 Feb 04 2021,97,75,0,0,0
02:08:29 Feb 04 2021,97,75,0,0,0
02:08:31 Feb 04 2021,97,77,0,0,0
02:08:33 Feb 04 2021,97,78,0,0,0
02:08:35 Feb 04 2021,97,77,0,0,0
02:08:37 Feb 04 2021,97,77,1,0,0
02:08:39 Feb 04 2021,97,76,0,0,0
02:08:41 Feb 04 2021,97,75,0,0,0
02:08:43 Feb 04 2021,97,75,0,0,0
02:08:45 Feb 04 2021,97,72,0,0,0
02:08:47 Feb 04 2021,97,70,0,0,0
02:08:49 Feb 04 2021,96,70,0,0,0
02:08:51 Feb 04 2021,96,74,0,0,0
02:08:53 Feb 04 2021,96,78,0,0,0
02:08:55 Feb 04 2021,96,77,0,0,0
02:08:57 Feb 04 2021,96,76,0,0,0
02:08:59 Feb 04 2021,95,74,0,0,0
02:09:01 Feb 04 2021,95,73,0,0,0
02:09:03 Feb 04 2021,94,75,1,0,0
02:09:05 Feb 04 2021,94,74,0,0,0
02:09:07 Feb 04 2021,94,75,0,0,0
02:09:09 Feb 04 2021,94,75,0,0,0
02:09:11 Feb 04 2021,94,75,0,0,0
02:09:13 Feb 04 2021,94,75,0,0,0
02:09:15 Feb 04 2021,94,73,0,0,0
02:09:17 Feb 04 2021,94,72,0,0,0
02:09:19 Feb 04 2021,94,70,0,0,0
02:09:21 Feb 04 2021,94,67,0,0,0
02:09:23 Feb 04 2021,95,68,0,0,0
02:09:25 Feb 04 2021,95,67,0,0,0
02:09:27 Feb 04 2021,96,69,0,0,0
02:09:29 Feb 04 2021,96,72,0,0,0
02:09:31 Feb 04 2021,97,71,0,0,0
02:09:33 Feb 04 2021,97,72,0,0,0
02:09:35 Feb 04 2021,97,73,0,0,0
02:09:37 Feb 04 2021,97,71,0,0,0
02:09:39 Feb 04 2021,97,72,0,0,0
02:09:41 Feb 04 2021,97,72,0,0,0
02:09:43 Feb 04 2021,97,73,0,0,0
02:09:45 Feb 04 2021,97,76,0,0,0
02:09:47 Feb 04 2021,97,77,0,0,0
02:09:49 Feb 04 2021,97,78,0,0,0
02:09:51 Feb 04 2021,97,78,0,0,0
02:09:53 Feb 04 2021,97,77,0,0,0
02:09:55 Feb 04 2021,97,77,0,0,0
02:09:57 Feb 04 2021,97,77,0,0,0
02:09:59 Feb 04 2021,97,77,0,0,0
02:10:01 Feb 04 2021,96,78,0,0,0
02:10:03 Feb 04 2021,96,79,0,0,0
02:10:05 Feb 04 2021,96,80,0,0,0
02:10:07 Feb 04 2021,95,81,0,0,0
02:10:09 Feb 04 2021,94,81,0,0,0
02:10:11 Feb 04 2021,93,80,0,0,0
02:10:13 Feb 04 2021,92,81,0,0,0
02:10:15 Feb 04 2021,92,80,0,0,0
02:10:17 Feb 04 2021,91,79,0,0,0
02:10:19 Feb 04 2021,91,81,0,0,0
02:10:21 Feb 04 2021,91,80,0,0,0
02:10:23 Feb 04 2021,92,79,1,0,0
02:10:25 Feb 04 2021,92,80,0,0,0
02:10:27 Feb 04 2021,92,81,0,0,0
02:10:29 Feb 04 2021,91,84,0,0,0
02:10:31 Feb 04 2021,91,85,0,0,0
02:10:33 Feb 04 2021,91,86,0,0,0
02:10:35 Feb 04 2021,92,84,0,0,0
02:10:37 Feb 04 2021,92,85,0,0,0
02:10:39 Feb 04 2021,93,84,0,0,0
02:10:41 Feb 04 2021,94,83,0,0,0
02:10:43 Feb 04 2021,95,80,0,0,0
02:10:45 Feb 04 2021,95,80,0,0,0
02:10:47 Feb 04 2021,96,78,0,0,0
02:10:49 Feb 04 2021,96,78,0,0,0
02:10:51 Feb 04 2021,96,77,0,0,0
02:10:53 Feb 04 2021,97,74,0,0,0
02:10:55 Feb 04 2021,97,69,0,0,0
02:10:57 Feb 04 2021,97,69,0,0,0
02:10:59 Feb 04 2021,97,66,0,0,0
02:11:01 Feb 04 2021,97,63,0,0,0
02:11:03 Feb 04 2021,97,71,0,0,0
02:11:05 Feb 04 2021,97,72,0,0,0
02:11:07 Feb 04 2021,97,80,0,0,0
02:11:09 Feb 04 2021,97,81,0,0,0
02:11:11 Feb 04 2021,97,82,0,0,0
02:11:13 Feb 04 2021,97,83,0,0,0
02:11:15 Feb 04 2021,97,83,0,0,0
02:11:17 Feb 04 2021,97,84,0,0,0
02:11:19 Feb 04 2021,97,84,0,0,0
02:11:21 Feb 04 2021,97,83,0,0,0
02:11:23 Feb 04 2021,96,83,0,0,0
02:11:25 Feb 04 2021,96,83,0,0,0
02:11:27 Feb 04 2021,96,81,0,0,0
02:11:29 Feb 04 2021,95,81,0,0,0
02:11:31 Feb 04 2021,96,80,0,0,0
02:11:33 Feb 04 2021,95,80,0,0,0
02:11:35 Feb 04 2021,93,80,0,0,0
02:11:37 Feb 04 2021,92,80,0,0,0
02:11:39 Feb 04 2021,91,80,0,0,0
02:11:41 Feb 04 2021,90,77,0,0,0
02:11:43 Feb 04 2021,89,76,0,1,0
02:11:45 Feb 04 2021,90,80,0,0,0
02:11:47 Feb 04 2021,89,82,0,0,0
02:11:49 Feb 04 2021,90,82,0,0,0
02:11:51 Feb 04 2021,91,81,0,0,0
02:11:53 Feb 04 2021,93,77,0,0,0
02:11:55 Feb 04 2021,94,76,0,0,0
02:11:57 Feb 04 2021,94,75,0,0,0
02:11:59 Feb 04 2021,95,76,0,0,0
02:12:01 Feb 04 2021,95,76,0,0,0
02:12:03 Feb 04 2021,96,78,0,0,0
02:12:05 Feb 04 2021,97,77,0,0,0
02:12:07 Feb 04 2021,97,77,0,0,0
02:12:09 Feb 04 2021,97,76,0,0,0
02:12:11 Feb 04 2021,97,75,0,0,0
02:12:13 Feb 04 2021,97,76,0,0,0
02:12:15 Feb 04 2021,97,80,0,0,0
02:12:17 Feb 04 2021,97,80,1,0,0
02:12:19 Feb 04 2021,97,75,0,0,0
02:12:21 Feb 04 2021,97,73,0,0,0
02:12:23 Feb 04 2021,97,71,0,0,0
02:12:25 Feb 04 2021,97,68,0,0,0
02:12:27 Feb 04 2021,97,68,0,0,0
02:12:29 Feb 04 2021,97,66,0,0,0
02:12:31 Feb 04 2021,97,66,1,0,0
02:12:33 Feb 04 2021,97,67,0,0,0
02:12:35 Feb 04 2021,96,62,0,0,0
02:12:37 Feb 04 2021,97,65,0,0,0
02:12:39 Feb 04 2021,97,61,0,0,0
02:12:41 Feb 04 2021,97,64,0,0,0
02:12:43 Feb 04 2021,97,65,0,0,0
02:12:45 Feb 04 2021,97,65,0,0,0
02:12:47 Feb 04 2021,97,68,0,0,0
02:12:49 Feb 04 2021,97,70,0,0,0
02:12:51 Feb 04 2021,96,71,0,0,0
02:12:53 Feb 04 2021,95,68,0,0,0
02:12:55 Feb 04 2021,94,69,0,0,0
02:12:57 Feb 04 2021,93,71,0,0,0
02:12:59 Feb 04 2021,93,73,0,0,0
02:13:01 Feb 04 2021,93,76,0,0,0
02:13:03 Feb 04 2021,94,75,0,0,0
02:13:05 Feb 04 2021,94,75,0,0,0
02:13:07 Feb 04 2021,94,74,0,0,0
02:13:09 Feb 04 2021,95,73,0,0,0
02:13:11 Feb 04 2021,95,72,0,0,0
02:13:13 Feb 04 2021,96,73,0,0,0
02:13:15 Feb 04 2021,96,75,0,0,0
02:13:17 Feb 04 2021,96,76,0,0,0
02:13:19 Feb 04 2021,96,77,0,0,0
02:13:21 Feb 04 2021,96,76,0,0,0
02:13:23 Feb 04 2021,97,77,0,0,0
02:13:25 Feb 04 2021,97,78,0,0,0
02:13:27 Feb 04 2021,97,79,0,0,0
02:13:29 Feb 04 2021,97,78,0,0,0
02:13:31 Feb 04 2021,97,76,0,0,0
02:13:33 Feb 04 2021,97,75,0,0,0
02:13:35 Feb 04 2021,97,74,0,0,0
02:13:37 Feb 04 2021,97,75,0,0,0
02:13:39 Feb 04 2021,97,77,0,0,0
02:13:41 Feb 04 2021,97,75,0,0,0
02:13:43 Feb 04 2021,97,74,0,0,0
02:13:45 Feb 04 2021,97,72,0,0,0
02:13:47 Feb 04 2021,97,68,0,0,0
02:13:49 Feb 04 2021,97,71,0,0,0
02:13:51 Feb 04 2021,97,75,0,0,0
02:13:53 Feb 04 2021,96,77,0,0,0
02:13:55 Feb 04 2021,96,78,0,0,0
02:13:57 Feb 04 2021,96,76,0,0,0
02:13:59 Feb 04 2021,96,75,1,0,0
02:14:01 Feb 04 2021,96,74,1,0,0
02:14:03 Feb 04 2021,96,75,0,0,0
02:14:05 Feb 04 2021,96,76,0,0,0
02:14:07 Feb 04 2021,94,76,1,0,0
02:14:09 Feb 04 2021,93,77,0,0,0
02:14:11 Feb 04 2021,92,77,0,0,0
02:14:13 Feb 04 2021,91,78,0,0,0
02:14:15 Feb 04 2021,92,78,0,0,0
02:14:17 Feb 04 2021,92,79,0,0,0
02:14:19 Feb 04 2021,92,79,0,0,0
02:14:21 Feb 04 2021,92,79,0,0,0
02:14:23 Feb 04 2021,93,81,0,0,0
02:14:25 Feb 04 2021,93,80,0,0,0
02:14:27 Feb 04 2021,94,80,0,0,0
02:14:29 Feb 04 2021,96,82,0,0,0
02:14:31 Feb 04 2021,96,81,0,0,0
02:14:33 Feb 04 2021,97,79,0,0,0
02:14:35 Feb 04 2021,97,82,0,0,0
02:14:37 Feb 04 2021,97,80,0,0,0
02:14:39 Feb 04 2021,97,79,0,0,0
02:14:41 Feb 04 2021,97,81,0,0,0
02:14:43 Feb 04 2021,97,80,0,0,0
02:14:45 Feb 04 2021,97,81,2,0,0
02:14:47 Feb 04 2021,97,81,0,0,0
02:14:49 Feb 04 2021,97,81,0,0,0
02:14:51 Feb 04 2021,97,80,0,0,0
02:14:53 Feb 04 2021,97,80,0,0,0
02:14:55 Feb 04 2021,97,78,0,0,0
02:14:57 Feb 04 2021,97,78,0,0,0
02:14:59 Feb 04 2021,97,79,0,0,0
02:15:01 Feb 04 2021,97,79,1,0,0
02:15:03 Feb 04 2021,97,78,0,0,0
02:15:05 Feb 04 2021,97,82,0,0,0
02:15:07 Feb 04 2021,97,80,0,0,0
02:15:09 Feb 04 2021,97,80,0,0,0
02:15:11 Feb 04 2021,97,83,0,0,0
02:15:13 Feb 04 2021,97,81,0,0,0
02:15:15 Feb 04 2021,96,80,1,0,0
02:15:17 Feb 04 2021,95,80,0,0,0
02:15:19 Feb 04 2021,94,79,0,0,0
02:15:21 Feb 04 2021,94,78,0,0,0
02:15:23 Feb 04 2021,94,78,1,0,0
02:15:25 Feb 04 2021,94,78,0,0,0
02:15:27 Feb 04 2021,94,77,0,0,0
02:15:29 Feb 04 2021,94,78,0,0,0
02:15:31 Feb 04 2021,94,77,0,0,0
02:15:33 Feb 04 2021,94,76,0,0,0
02:15:35 Feb 04 2021,94,77,0,0,0
02:15:37 Feb 04 2021,94,76,0,0,0
02:15:39 Feb 04 2021,94,77,1,0,0
02:15:41 Feb 04 2021,94,76,0,0,0
02:15:43 Feb 04 2021,94,75,1,0,0
02:15:45 Feb 04 2021,94,76,0,0,0
02:15:47 Feb 04 2021,94,76,0,0,0
02:15:49 Feb 04 2021,95,76,0,0,0
02:15:51 Feb 04 2021,95,76,1,0,0
02:15:53 Feb 04 2021,96,76,0,0,0
02:15:55 Feb 04 2021,96,76,0,0,0
02:15:57 Feb 04 2021,96,75,0,0,0
02:15:59 Feb 04 2021,96,76,0,0,0
02:16:01 Feb 04 2021,96,76,0,0,0
02:16:03 Feb 04 2021,96,75,0,0,0
02:16:05 Feb 04 2021,96,76,0,0,0
02:16:07 Feb 04 2021,96,76,0,0,0
02:16:09 Feb 04 2021,96,76,0,0,0
02:16:11 Feb 04 2021,96,76,0,0,0
02:16:13 Feb 04 2021,96,76,0,0,0
02:16:15 Feb 04 2021,96,76,0,0,0
02:16:17 Feb 04 2021,96,76,0,0,0
02:16:19 Feb 04 2021,96,77,0,0,0
02:16:21 Feb 04 2021,96,80,0,0,0
02:16:23 Feb 04 2021,95,80,0,0,0
02:16:25 Feb 04 2021,95,79,0,0,0
02:16:27 Feb 04 2021,94,78,0,0,0
02:16:29 Feb 04 2021,94,77,0,0,0
02:16:31 Feb 04 2021,94,78,0,0,0
02:16:33 Feb 04 2021,94,79,0,0,0
02:16:35 Feb 04 2021,93,78,0,0,0
02:16:37 Feb 04 2021,93,78,0,0,0
02:16:39 Feb 04 2021,92,79,0,0,0
02:16:41 Feb 04 2021,92,78,0,0,0
02:16:43 Feb 04 2021,92,79,0,0,0
02:16:45 Feb 04 2021,92,80,1,0,0
02:16:47 Feb 04 2021,92,79,0,0,0
02:16:49 Feb 04 2021,92,82,0,0,0
02:16:51 Feb 04 2021,92,85,0,0,0
02:16:53 Feb 04 2021,93,83,0,0,0
02:16:55 Feb 04 2021,93,86,1,0,0
02:16:57 Feb 04 2021,94,84,0,0,0
02:16:59 Feb 04 2021,95,83,0,0,0
02:17:01 Feb 04 2021,95,83,0,0,0
02:17:03 Feb 04 2021,96,81,0,0,0
02:17:05 Feb 04 2021,96,81,0,0,0
02:17:07 Feb 04 2021,96,81,0,0,0
02:17:09 Feb 04 2021,97,81,0,0,0
02:17:11 Feb 04 2021,97,80,0,0,0
02:17:13 Feb 04 2021,97,81,0,0,0
02:17:15 Feb 04 2021,97,81,0,0,0
02:17:17 Feb 04 2021,97,81,0,0,0
02:17:19 Feb 04 2021,97,78,0,0,0
02:17:21 Feb 04 2021,97,78,0,0,0
02:17:23 Feb 04 2021,97,78,0,0,0
02:17:25 Feb 04 2021,97,77,0,0,0
02:17:27 Feb 04 2021,97,72,0,0,0
02:17:29 Feb 04 2021,97,69,1,0,0
02:17:31 Feb 04 2021,97,66,0,0,0
02:17:33 Feb 04 2021,97,69,0,0,0
02:17:35 Feb 04 2021,96,75,0,0,0
02:17:37 Feb 04 2021,96,79,0,0,0
02:17:39 Feb 04 2021,95,80,0,0,0
02:17:41 Feb 04 2021,95,81,0,0,0
02:17:43 Feb 04 2021,95,81,0,0,0
02:17:45 Feb 04 2021,95,81,0,0,0
02:17:47 Feb 04 2021,95,81,0,0,0
02:17:49 Feb 04 2021,95,81,0,0,0
02:17:51 Feb 04 2021,95,81,0,0,0
02:17:53 Feb 04 2021,95,80,0,0,0
02:17:55 Feb 04 2021,95,80,0,0,0
02:17:57 Feb 04 2021,95,80,0,0,0
02:17:59 Feb 04 2021,95,79,0,0,0
02:18:01 Feb 04 2021,95,80,0,0,0
02:18:03 Feb 04 2021,95,80,0,0,0
02:18:05 Feb 04 2021,95,80,0,0,0
02:18:07 Feb 04 2021,95,81,0,0,0
02:18:09 Feb 04 2021,95,81,0,0,0
02:18:11 Feb 04 2021,95,81,0,0,0
02:18:13 Feb 04 2021,95,81,0,0,0
02:18:15 Feb 04 2021,96,80,0,0,0
02:18:17 Feb 04 2021,96,82,0,0,0
02:18:19 Feb 04 2021,97,81,0,0,0
02:18:21 Feb 04 2021,97,81,0,0,0
02:18:23 Feb 04 2021,97,81,3,0,0
02:18:25 Feb 04 2021,97,80,0,0,0
02:18:27 Feb 04 2021,97,80,0,0,0
02:18:29 Feb 04 2021,97,82,0,0,0
02:18:31 Feb 04 2021,97,82,0,0,0
02:18:33 Feb 04 2021,97,83,0,0,0
02:18:35 Feb 04 2021,97,84,0,0,0
02:18:37 Feb 04 2021,97,80,0,0,0
02:18:39 Feb 04 2021,97,80,0,0,0
02:18:41 Feb 04 2021,97,77,0,0,0
02:18:43 Feb 04 2021,97,76,0,0,0
02:18:45 Feb 04 2021,97,77,0,0,0
02:18:47 Feb 04 2021,97,78,0,0,0
02:18:49 Feb 04 2021,97,79,0,0,0
02:18:51 Feb 04 2021,97,79,0,0,0
02:18:53 Feb 04 2021,97,80,1,0,0
02:18:55 Feb 04 2021,97,79,0,0,0
02:18:57 Feb 04 2021,97,79,0,0,0
02:18:59 Feb 04 2021,97,79,0,0,0
02:19:01 Feb 04 2021,97,79,1,0,0
02:19:03 Feb 04 2021,95,79,0,0,0
02:19:05 Feb 04 2021,95,79,0,0,0
02:19:07 Feb 04 2021,94,79,0,0,0
02:19:09 Feb 04 2021,92,80,0,0,0
02:19:11 Feb 04 2021,91,79,0,0,0
02:19:13 Feb 04 2021,90,79,1,0,0
02:19:15 Feb 04 2021,89,75,0,1,0
02:19:17 Feb 04 2021,89,73,0,0,0
02:19:19 Feb 04 2021,89,76,0,0,0
02:19:21 Feb 04 2021,89,71,0,0,0
02:19:23 Feb 04 2021,91,73,0,0,0
02:19:25 Feb 04 2021,94,70,0,0,0
02:19:27 Feb 04 2021,96,68,0,0,0
02:19:29 Feb 04 2021,97,69,0,0,0
02:19:31 Feb 04 2021,97,67,0,0,0
02:19:33 Feb 04 2021,97,68,0,0,0
02:19:35 Feb 04 2021,97,70,0,0,0
02:19:37 Feb 04 2021,97,68,0,0,0
02:19:39 Feb 04 2021,97,68,0,0,0
02:19:41 Feb 04 2021,97,67,2,0,0
02:19:43 Feb 04 2021,97,67,1,0,0
02:19:45 Feb 04 2021,97,67,1,0,0
02:19:47 Feb 04 2021,97,68,1,0,0
02:19:49 Feb 04 2021,97,70,1,0,0
02:19:51 Feb 04 2021,97,69,0,0,0
02:19:53 Feb 04 2021,97,69,0,0,0
02:19:55 Feb 04 2021,97,71,0,0,0
02:19:57 Feb 04 2021,97,68,1,0,0
02:19:59 Feb 04 2021,97,70,1,0,0
02:20:01 Feb 04 2021,97,72,1,0,0
02:20:03 Feb 04 2021,97,72,1,0,0
02:20:05 Feb 04 2021,97,73,0,0,0
02:20:07 Feb 04 2021,97,74,1,0,0
02:20:09 Feb 04 2021,97,75,0,0,0
02:20:11 Feb 04 2021,97,75,1,0,0
02:20:13 Feb 04 2021,97,76,0,0,0
02:20:15 Feb 04 2021,97,76,0,0,0
02:20:17 Feb 04 2021,97,77,0,0,0
02:20:19 Feb 04 2021,97,80,0,0,0
02:20:21 Feb 04 2021,97,79,0,0,0
02:20:23 Feb 04 2021,97,80,0,0,0
02:20:25 Feb 04 2021,97,78,0,0,0
02:20:27 Feb 04 2021,97,76,0,0,0
02:20:29 Feb 04 2021,97,77,0,0,0
02:20:31 Feb 04 2021,96,76,0,0,0
02:20:33 Feb 04 2021,96,76,0,0,0
02:20:35 Feb 04 2021,96,77,0,0,0
02:20:37 Feb 04 2021,96,78,1,0,0
02:20:39 Feb 04 2021,96,78,1,0,0
02:20:41 Feb 04 2021,96,79,0,0,0
02:20:43 Feb 04 2021,97,81,0,0,0
02:20:45 Feb 04 2021,97,82,0,0,0
02:20:47 Feb 04 2021,97,82,0,0,0
02:20:49 Feb 04 2021,97,81,0,0,0
02:20:51 Feb 04 2021,97,82,1,0,0
02:20:53 Feb 04 2021,97,81,0,0,0
02:20:55 Feb 04 2021,97,76,0,0,0
02:20:57 Feb 04 2021,97,73,0,0,0
02:20:59 Feb 04 2021,97,70,0,0,0
02:21:01 Feb 04 2021,97,66,0,0,0
02:21:03 Feb 04 2021,97,70,1,0,0
02:21:05 Feb 04 2021,97,68,0,0,0
02:21:07 Feb 04 2021,97,68,0,0,0
02:21:09 Feb 04 2021,97,67,0,0,0
02:21:11 Feb 04 2021,97,65,0,0,0
02:21:13 Feb 04 2021,97,66,1,0,0
02:21:15 Feb 04 2021,96,64,0,0,0
02:21:17 Feb 04 2021,96,66,0,0,0
02:21:19 Feb 04 2021,95,71,0,0,0
02:21:21 Feb 04 2021,94,72,1,0,0
02:21:23 Feb 04 2021,94,73,0,0,0
02:21:25 Feb 04 2021,93,74,0,0,0
02:21:27 Feb 04 2021,93,74,1,0,0
02:21:29 Feb 04 2021,93,75,1,0,0
02:21:31 Feb 04 2021,93,77,0,0,0
02:21:33 Feb 04 2021,93,77,0,0,0
02:21:35 Feb 04 2021,93,76,0,0,0
02:21:37 Feb 04 2021,93,76,1,0,0
02:21:39 Feb 04 2021,93,77,4,0,0
02:21:41 Feb 04 2021,93,77,3,0,0
02:21:43 Feb 04 2021,93,76,2,0,0
02:21:45 Feb 04 2021,93,76,1,0,0
02:21:47 Feb 04 2021,93,76,0,0,0
02:21:49 Feb 04 2021,93,75,0,0,0
02:21:51 Feb 04 2021,93,76,0,0,0
02:21:53 Feb 04 2021,94,74,0,0,0
02:21:55 Feb 04 2021,95,74,0,0,0
02:21:57 Feb 04 2021,97,72,0,0,0
02:21:59 Feb 04 2021,97,71,1,0,0
02:22:01 Feb 04 2021,97,70,0,0,0
02:22:03 Feb 04 2021,98,69,1,0,0
02:22:05 Feb 04 2021,98,70,0,0,0
02:22:07 Feb 04 2021,98,72,0,0,0
02:22:09 Feb 04 2021,98,73,0,0,0
02:22:11 Feb 04 2021,98,74,0,0,0
02:22:13 Feb 04 2021,98,74,0,0,0
02:22:15 Feb 04 2021,98,78,1,0,0
02:22:17 Feb 04 2021,98,79,0,0,0
02:22:19 Feb 04 2021,98,84,0,0,0
02:22:21 Feb 04 2021,98,84,0,0,0
02:22:23 Feb 04 2021,98,82,1,0,0
02:22:25 Feb 04 2021,98,82,0,0,0
02:22:27 Feb 04 2021,98,79,0,0,0
02:22:29 Feb 04 2021,97,71,1,0,0
02:22:31 Feb 04 2021,97,71,0,0,0
02:22:33 Feb 04 2021,97,69,1,0,0
02:22:35 Feb 04 2021,97,71,1,0,0
02:22:37 Feb 04 2021,97,72,0,0,0
02:22:39 Feb 04 2021,97,71,0,0,0
02:22:41 Feb 04 2021,97,76,0,0,0
02:22:43 Feb 04 2021,97,78,1,0,0
02:22:45 Feb 04 2021,97,76,0,0,0
02:22:47 Feb 04 2021,97,78,0,0,0
02:22:49 Feb 04 2021,97,76,0,0,0
02:22:51 Feb 04 2021,96,76,0,0,0
02:22:53 Feb 04 2021,96,78,0,0,0
02:22:55 Feb 04 2021,96,76,0,0,0
02:22:57 Feb 04 2021,95,76,0,0,0
02:22:59 Feb 04 2021,96,76,0,0,0
02:23:01 Feb 04 2021,96,75,0,0,0
02:23:03 Feb 04 2021,96,76,0,0,0
02:23:05 Feb 04 2021,96,76,0,0,0
02:23:07 Feb 04 2021,97,77,0,0,0
02:23:09 Feb 04 2021,97,78,0,0,0
02:23:11 Feb 04 2021,97,77,0,0,0
02:23:13 Feb 04 2021,97,77,0,0,0
02:23:15 Feb 04 2021,97,77,0,0,0
02:23:17 Feb 04 2021,97,77,0,0,0
02:23:19 Feb 04 2021,97,77,0,0,0
02:23:21 Feb 04 2021,97,76,0,0,0
02:23:23 Feb 04 2021,97,75,0,0,0
02:23:25 Feb 04 2021,97,75,0,0,0
02:23:27 Feb 04 2021,97,76,0,0,0
02:23:29 Feb 04 2021,97,77,0,0,0
02:23:31 Feb 04 2021,97,77,0,0,0
02:23:33 Feb 04 2021,97,73,0,0,0
02:23:35 Feb 04 2021,97,69,0,0,0
02:23:37 Feb 04 2021,97,68,0,0,0
02:23:39 Feb 04 2021,97,67,0,0,0
02:23:41 Feb 04 2021,97,68,0,0,0
02:23:43 Feb 04 2021,97,69,3,0,0
02:23:45 Feb 04 2021,97,69,2,0,0
02:23:47 Feb 04 2021,97,71,1,0,0
02:23:49 Feb 04 2021,97,71,0,0,0
02:23:51 Feb 04 2021,97,71,0,0,0
02:23:53 Feb 04 2021,97,71,0,0,0
02:23:55 Feb 04 2021,97,71,0,0,0
02:23:57 Feb 04 2021,97,71,0,0,0
02:23:59 Feb 04 2021,97,70,0,0,0
02:24:01 Feb 04 2021,97,70,0,0,0
02:24:03 Feb 04 2021,97,70,0,0,0
02:24:05 Feb 04 2021,96,70,0,0,0
02:24:07 Feb 04 2021,96,71,0,0,0
02:24:09 Feb 04 2021,96,68,3,0,0
02:24:11 Feb 04 2021,96,68,1,0,0
02:24:13 Feb 04 2021,96,71,2,0,0
02:24:15 Feb 04 2021,96,73,0,0,0
02:24:17 Feb 04 2021,96,74,0,0,0
02:24:19 Feb 04 2021,96,76,0,0,0
02:24:21 Feb 04 2021,96,74,0,0,0
02:24:23 Feb 04 2021,97,72,0,0,0
02:24:25 Feb 04 2021,97,73,0,0,0
02:24:27 Feb 04 2021,97,71,0,0,0
02:24:29 Feb 04 2021,97,72,0,0,0
02:24:31 Feb 04 2021,97,72,0,0,0
02:24:33 Feb 04 2021,97,73,1,0,0
02:24:35 Feb 04 2021,97,74,0,0,0
02:24:37 Feb 04 2021,97,74,0,0,0
02:24:39 Feb 04 2021,97,75,0,0,0
02:24:41 Feb 04 2021,97,74,0,0,0
02:24:43 Feb 04 2021,97,73,0,0,0
02:24:45 Feb 04 2021,97,74,1,0,0
02:24:47 Feb 04 2021,97,74,0,0,0
02:24:49 Feb 04 2021,97,77,0,0,0
02:24:51 Feb 04 2021,97,79,0,0,0
02:24:53 Feb 04 2021,97,78,0,0,0
02:24:55 Feb 04 2021,97,79,0,0,0
02:24:57 Feb 04 2021,97,78,0,0,0
02:24:59 Feb 04 2021,96,79,0,0,0
02:25:01 Feb 04 2021,96,79,0,0,0
02:25:03 Feb 04 2021,97,79,0,0,0
02:25:05 Feb 04 2021,97,79,0,0,0
02:25:07 Feb 04 2021,96,79,0,0,0
02:25:09 Feb 04 2021,96,79,0,0,0
02:25:11 Feb 04 2021,96,79,0,0,0
02:25:13 Feb 04 2021,97,80,0,0,0
02:25:15 Feb 04 2021,97,79,0,0,0
02:25:17 Feb 04 2021,97,80,0,0,0
02:25:19 Feb 04 2021,97,81,0,0,0
02:25:21 Feb 04 2021,97,80,0,0,0
02:25:23 Feb 04 2021,97,82,0,0,0
02:25:25 Feb 04 2021,97,81,0,0,0
02:25:27 Feb 04 2021,97,81,0,0,0
02:25:29 Feb 04 2021,97,83,0,0,0
02:25:31 Feb 04 2021,97,82,1,0,0
02:25:33 Feb 04 2021,97,81,0,0,0
02:25:35 Feb 04 2021,97,81,0,0,0
02:25:37 Feb 04 2021,97,80,0,0,0
02:25:39 Feb 04 2021,97,78,0,0,0
02:25:41 Feb 04 2021,97,79,0,0,0
02:25:43 Feb 04 2021,97,78,0,0,0
02:25:45 Feb 04 2021,97,78,0,0,0
02:25:47 Feb 04 2021,97,78,0,0,0
02:25:49 Feb 04 2021,97,78,0,0,0
02:25:51 Feb 04 2021,97,78,0,0,0
02:25:53 Feb 04 2021,97,78,0,0,0
02:25:55 Feb 04 2021,97,78,0,0,0
02:25:57 Feb 04 2021,97,76,0,0,0
02:25:59 Feb 04 2021,97,76,0,0,0
02:26:01 Feb 04 2021,97,76,1,0,0
02:26:03 Feb 04 2021,97,75,0,0,0
02:26:05 Feb 04 2021,97,76,0,0,0
02:26:07 Feb 04 2021,97,74,0,0,0
02:26:09 Feb 04 2021,97,72,0,0,0
02:26:11 Feb 04 2021,97,72,0,0,0
02:26:13 Feb 04 2021,97,72,0,0,0
02:26:15 Feb 04 2021,97,73,0,0,0
02:26:17 Feb 04 2021,97,73,0,0,0
02:26:19 Feb 04 2021,97,73,0,0,0
02:26:21 Feb 04 2021,97,73,0,0,0
02:26:23 Feb 04 2021,97,73,0,0,0
02:26:25 Feb 04 2021,97,73,0,0,0
02:26:27 Feb 04 2021,96,76,0,0,0
02:26:29 Feb 04 2021,96,76,0,0,0
02:26:31 Feb 04 2021,96,77,0,0,0
02:26:33 Feb 04 2021,95,76,0,0,0
02:26:35 Feb 04 2021,96,75,0,0,0
02:26:37 Feb 04 2021,94,77,0,0,0
02:26:39 Feb 04 2021,93,75,1,0,0
02:26:41 Feb 04 2021,92,74,0,0,0
02:26:43 Feb 04 2021,92,72,0,0,0
02:26:45 Feb 04 2021,93,71,0,0,0
02:26:47 Feb 04 2021,93,70,0,0,0
02:26:49 Feb 04 2021,94,73,0,0,0
02:26:51 Feb 04 2021,94,73,0,0,0
02:26:53 Feb 04 2021,94,72,0,0,0
02:26:55 Feb 04 2021,94,73,0,0,0
02:26:57 Feb 04 2021,94,73,0,0,0
02:26:59 Feb 04 2021,94,73,0,0,0
02:27:01 Feb 04 2021,94,73,1,0,0
02:27:03 Feb 04 2021,94,74,0,0,0
02:27:05 Feb 04 2021,94,75,0,0,0
02:27:07 Feb 04 2021,94,74,0,0,0
02:27:09 Feb 04 2021,95,76,0,0,0
02:27:11 Feb 04 2021,96,79,0,0,0
02:27:13 Feb 04 2021,96,79,0,0,0
02:27:15 Feb 04 2021,97,80,0,0,0
02:27:17 Feb 04 2021,97,79,0,0,0
02:27:19 Feb 04 2021,97,80,0,0,0
02:27:21 Feb 04 2021,97,78,0,0,0
02:27:23 Feb 04 2021,97,76,0,0,0
02:27:25 Feb 04 2021,97,77,0,0,0
02:27:27 Feb 04 2021,97,75,0,0,0
02:27:29 Feb 04 2021,97,75,0,0,0
02:27:31 Feb 04 2021,97,75,0,0,0
02:27:33 Feb 04 2021,97,74,0,0,0
02:27:35 Feb 04 2021,97,77,1,0,0
02:27:37 Feb 04 2021,97,80,0,0,0
02:27:39 Feb 04 2021,97,84,0,0,0
02:27:41 Feb 04 2021,97,84,0,0,0
02:27:43 Feb 04 2021,96,83,0,0,0
02:27:45 Feb 04 2021,97,82,0,0,0
02:27:47 Feb 04 2021,97,81,0,0,0
02:27:49 Feb 04 2021,97,80,0,0,0
02:27:51 Feb 04 2021,97,80,0,0,0
02:27:53 Feb 04 2021,97,77,0,0,0
02:27:55 Feb 04 2021,97,78,0,0,0
02:27:57 Feb 04 2021,97,78,0,0,0
02:27:59 Feb 04 2021,95,78,0,0,0
02:28:01 Feb 04 2021,95,78,0,0,0
02:28:03 Feb 04 2021,94,78,0,0,0
02:28:05 Feb 04 2021,94,78,0,0,0
02:28:07 Feb 04 2021,94,77,0,0,0
02:28:09 Feb 04 2021,94,76,0,0,0
02:28:11 Feb 04 2021,94,76,1,0,0
02:28:13 Feb 04 2021,95,74,0,0,0
02:28:15 Feb 04 2021,96,73,0,0,0
02:28:17 Feb 04 2021,96,74,0,0,0
02:28:19 Feb 04 2021,97,74,1,0,0
02:28:21 Feb 04 2021,97,75,0,0,0
02:28:23 Feb 04 2021,98,76,0,0,0
02:28:25 Feb 04 2021,98,75,0,0,0
02:28:27 Feb 04 2021,98,75,0,0,0
02:28:29 Feb 04 2021,98,75,0,0,0
02:28:31 Feb 04 2021,98,74,0,0,0
02:28:33 Feb 04 2021,98,74,0,0,0
02:28:35 Feb 04 2021,98,74,0,0,0
02:28:37 Feb 04 2021,98,76,0,0,0
02:28:39 Feb 04 2021,98,76,0,0,0
02:28:41 Feb 04 2021,98,77,0,0,0
02:28:43 Feb 04 2021,98,76,0,0,0
02:28:45 Feb 04 2021,98,78,0,0,0
02:28:47 Feb 04 2021,97,79,0,0,0
02:28:49 Feb 04 2021,96,78,0,0,0
02:28:51 Feb 04 2021,96,80,0,0,0
02:28:53 Feb 04 2021,96,80,0,0,0
02:28:55 Feb 04 2021,96,80,0,0,0
02:28:57 Feb 04 2021,95,80,0,0,0
02:28:59 Feb 04 2021,94,78,0,0,0
02:29:01 Feb 04 2021,94,76,0,0,0
02:29:03 Feb 04 2021,94,76,0,0,0
02:29:05 Feb 04 2021,94,75,0,0,0
02:29:07 Feb 04 2021,95,78,0,0,0
02:29:09 Feb 04 2021,94,80,0,0,0
02:29:11 Feb 04 2021,94,80,0,0,0
02:29:13 Feb 04 2021,94,82,0,0,0
02:29:15 Feb 04 2021,93,83,0,0,0
02:29:17 Feb 04 2021,93,83,0,0,0
02:29:19 Feb 04 2021,92,84,0,0,0
02:29:21 Feb 04 2021,93,84,0,0,0
02:29:23 Feb 04 2021,94,84,0,0,0
02:29:25 Feb 04 2021,94,84,0,0,0
02:29:27 Feb 04 2021,94,84,0,0,0
02:29:29 Feb 04 2021,94,84,0,0,0
02:29:31 Feb 04 2021,94,84,1,0,0
02:29:33 Feb 04 2021,94,84,1,0,0
02:29:35 Feb 04 2021,94,84,0,0,0
02:29:37 Feb 04 2021,94,84,1,0,0
02:29:39 Feb 04 2021,94,84,0,0,0
02:29:41 Feb 04 2021,94,84,0,0,0
02:29:43 Feb 04 2021,95,82,0,0,0
02:29:45 Feb 04 2021,96,82,0,0,0
02:29:47 Feb 04 2021,96,82,0,0,0
02:29:49 Feb 04 2021,96,82,0,0,0
02:29:51 Feb 04 2021,97,81,0,0,0
02:29:53 Feb 04 2021,97,79,0,0,0
02:29:55 Feb 04 2021,97,77,0,0,0
02:29:57 Feb 04 2021,97,72,0,0,0
02:29:59 Feb 04 2021,97,71,0,0,0
02:30:01 Feb 04 2021,97,71,0,0,0
02:30:03 Feb 04 2021,97,71,0,0,0
02:30:05 Feb 04 2021,97,73,0,0,0
02:30:07 Feb 04 2021,97,74,0,0,0
02:30:09 Feb 04 2021,97,77,2,0,0
02:30:11 Feb 04 2021,97,78,2,0,0
02:30:13 Feb 04 2021,97,78,4,0,0
02:30:15 Feb 04 2021,97,78,1,0,0
02:30:17 Feb 04 2021,97,78,0,0,0
02:30:19 Feb 04 2021,97,78,1,0,0
02:30:21 Feb 04 2021,97,78,0,0,0
02:30:23 Feb 04 2021,97,78,0,0,0
02:30:25 Feb 04 2021,97,78,0,0,0
02:30:27 Feb 04 2021,97,78,1,0,0
02:30:29 Feb 04 2021,97,78,1,0,0
02:30:31 Feb 04 2021,95,78,0,0,0
02:30:33 Feb 04 2021,92,79,1,0,0
02:30:35 Feb 04 2021,92,80,4,0,0
02:30:37 Feb 04 2021,91,82,3,0,0
02:30:39 Feb 04 2021,92,84,3,0,0
02:30:41 Feb 04 2021,92,83,14,0,0
02:30:43 Feb 04 2021,92,85,0,0,0
02:30:45 Feb 04 2021,92,85,0,0,0
02:30:47 Feb 04 2021,92,83,2,0,0
02:30:49 Feb 04 2021,92,84,0,0,0
02:30:51 Feb 04 2021,92,83,0,0,0
02:30:53 Feb 04 2021,94,81,0,0,0
02:30:55 Feb 04 2021,96,81,0,0,0
02:30:57 Feb 04 2021,98,78,1,0,0
02:30:59 Feb 04 2021,98,77,0,0,0
02:31:01 Feb 04 2021,98,76,1,0,0
02:31:03 Feb 04 2021,98,74,0,0,0
02:31:05 Feb 04 2021,98,74,0,0,0
02:31:07 Feb 04 2021,98,73,0,0,0
02:31:09 Feb 04 2021,98,66,0,0,0
02:31:11 Feb 04 2021,98,68,0,0,0
02:31:13 Feb 04 2021,98,68,0,0,0
02:31:15 Feb 04 2021,98,66,1,0,0
02:31:17 Feb 04 2021,98,71,0,0,0
02:31:19 Feb 04 2021,98,70,0,0,0
02:31:21 Feb 04 2021,98,71,0,0,0
02:31:23 Feb 04 2021,98,72,0,0,0
02:31:25 Feb 04 2021,98,72,0,0,0
02:31:27 Feb 04 2021,98,71,0,0,0
02:31:29 Feb 04 2021,98,71,0,0,0
02:31:31 Feb 04 2021,97,71,0,0,0
02:31:33 Feb 04 2021,97,70,0,0,0
02:31:35 Feb 04 2021,96,66,0,0,0
02:31:37 Feb 04 2021,96,67,0,0,0
02:31:39 Feb 04 2021,96,69,0,0,0
02:31:41 Feb 04 2021,96,71,0,0,0
02:31:43 Feb 04 2021,96,72,0,0,0
02:31:45 Feb 04 2021,95,74,1,0,0
02:31:47 Feb 04 2021,95,76,1,0,0
02:31:49 Feb 04 2021,95,78,0,0,0
02:31:51 Feb 04 2021,95,79,0,0,0
02:31:53 Feb 04 2021,95,78,0,0,0
02:31:55 Feb 04 2021,95,78,0,0,0
02:31:57 Feb 04 2021,96,78,0,0,0
02:31:59 Feb 04 2021,97,78,0,0,0
02:32:01 Feb 04 2021,97,78,1,0,0
02:32:03 Feb 04 2021,97,78,0,0,0
02:32:05 Feb 04 2021,97,78,0,0,0
02:32:07 Feb 04 2021,97,79,0,0,0
02:32:09 Feb 04 2021,97,79,0,0,0
02:32:11 Feb 04 2021,97,80,0,0,0
02:32:13 Feb 04 2021,97,78,0,0,0
02:32:15 Feb 04 2021,97,77,0,0,0
02:32:17 Feb 04 2021,97,78,0,0,0
02:32:19 Feb 04 2021,97,78,0,0,0
02:32:21 Feb 04 2021,97,80,0,0,0
02:32:23 Feb 04 2021,97,80,0,0,0
02:32:25 Feb 04 2021,97,80,0,0,0
02:32:27 Feb 04 2021,97,80,0,0,0
02:32:29 Feb 04 2021,97,76,0,0,0
02:32:31 Feb 04 2021,97,69,0,0,0
02:32:33 Feb 04 2021,97,63,0,0,0
02:32:35 Feb 04 2021,97,66,0,0,0
02:32:37 Feb 04 2021,97,63,0,0,0
02:32:39 Feb 04 2021,96,69,0,0,0
02:32:41 Feb 04 2021,96,69,0,0,0
02:32:43 Feb 04 2021,95,65,0,0,0
02:32:45 Feb 04 2021,95,72,0,0,0
02:32:47 Feb 04 2021,94,72,0,0,0
02:32:49 Feb 04 2021,94,72,0,0,0
02:32:51 Feb 04 2021,94,72,0,0,0
02:32:53 Feb 04 2021,95,71,0,0,0
02:32:55 Feb 04 2021,94,70,0,0,0
02:32:57 Feb 04 2021,94,72,0,0,0
02:32:59 Feb 04 2021,94,73,0,0,0
02:33:01 Feb 04 2021,94,74,0,0,0
02:33:03 Feb 04 2021,95,76,0,0,0
02:33:05 Feb 04 2021,95,76,0,0,0
02:33:07 Feb 04 2021,95,76,0,0,0
02:33:09 Feb 04 2021,95,76,0,0,0
02:33:11 Feb 04 2021,96,76,0,0,0
02:33:13 Feb 04 2021,96,77,1,0,0
02:33:15 Feb 04 2021,97,76,0,0,0
02:33:17 Feb 04 2021,97,77,0,0,0
02:33:19 Feb 04 2021,97,71,0,0,0
02:33:21 Feb 04 2021,97,68,0,0,0
02:33:23 Feb 04 2021,97,69,0,0,0
02:33:25 Feb 04 2021,97,66,0,0,0
02:33:27 Feb 04 2021,97,67,0,0,0
02:33:29 Feb 04 2021,97,64,0,0,0
02:33:31 Feb 04 2021,97,61,0,0,0
02:33:33 Feb 04 2021,97,60,0,0,0
02:33:35 Feb 04 2021,97,59,0,0,0
02:33:37 Feb 04 2021,97,60,0,0,0
02:33:39 Feb 04 2021,97,57,0,0,0
02:33:41 Feb 04 2021,97,57,0,0,0
02:33:43 Feb 04 2021,97,56,0,0,0
02:33:45 Feb 04 2021,97,58,0,0,0
02:33:47 Feb 04 2021,97,58,0,0,0
02:33:49 Feb 04 2021,97,59,0,0,0
02:33:51 Feb 04 2021,97,61,2,0,0
02:33:53 Feb 04 2021,97,60,7,0,0
02:33:55 Feb 04 2021,97,61,7,0,0
02:33:57 Feb 04 2021,97,60,4,0,0
02:33:59 Feb 04 2021,97,60,7,0,0
02:34:01 Feb 04 2021,97,59,1,0,0
02:34:03 Feb 04 2021,97,59,1,0,0
02:34:05 Feb 04 2021,97,59,1,0,0
02:34:07 Feb 04 2021,97,59,1,0,0
02:34:09 Feb 04 2021,97,59,0,0,0
02:34:11 Feb 04 2021,97,59,0,0,0
02:34:13 Feb 04 2021,97,61,0,0,0
02:34:15 Feb 04 2021,97,63,0,0,0
02:34:17 Feb 04 2021,97,64,0,0,0
02:34:19 Feb 04 2021,97,65,1,0,0
02:34:21 Feb 04 2021,97,65,1,0,0
02:34:23 Feb 04 2021,97,66,0,0,0
02:34:25 Feb 04 2021,97,65,1,0,0
02:34:27 Feb 04 2021,97,65,1,0,0
02:34:29 Feb 04 2021,97,63,1,0,0
02:34:31 Feb 04 2021,97,62,1,0,0
02:34:33 Feb 04 2021,97,61,1,0,0
02:34:35 Feb 04 2021,97,61,1,0,0
02:34:37 Feb 04 2021,97,61,0,0,0
02:34:39 Feb 04 2021,97,62,1,0,0
02:34:41 Feb 04 2021,97,64,1,0,0
02:34:43 Feb 04 2021,98,64,0,0,0
02:34:45 Feb 04 2021,98,64,0,0,0
02:34:47 Feb 04 2021,98,64,0,0,0
02:34:49 Feb 04 2021,98,64,1,0,0
02:34:51 Feb 04 2021,98,64,0,0,0
02:34:53 Feb 04 2021,98,64,0,0,0
02:34:55 Feb 04 2021,98,65,0,0,0
02:34:57 Feb 04 2021,98,66,0,0,0
02:34:59 Feb 04 2021,98,65,1,0,0
02:35:01 Feb 04 2021,98,67,1,0,0
02:35:03 Feb 04 2021,98,66,0,0,0
02:35:05 Feb 04 2021,97,65,0,0,0
02:35:07 Feb 04 2021,97,66,1,0,0
02:35:09 Feb 04 2021,97,66,1,0,0
02:35:11 Feb 04 2021,96,67,0,0,0
02:35:13 Feb 04 2021,97,67,0,0,0
02:35:15 Feb 04 2021,97,68,0,0,0
02:35:17 Feb 04 2021,96,66,1,0,0
02:35:19 Feb 04 2021,95,70,1,0,0
02:35:21 Feb 04 2021,95,67,0,0,0
02:35:23 Feb 04 2021,95,70,1,0,0
02:35:25 Feb 04 2021,96,74,1,0,0
02:35:27 Feb 04 2021,96,68,1,0,0
02:35:29 Feb 04 2021,96,68,1,0,0
02:35:31 Feb 04 2021,97,66,0,0,0
02:35:33 Feb 04 2021,97,62,1,0,0
02:35:35 Feb 04 2021,97,61,0,0,0
02:35:37 Feb 04 2021,97,62,0,0,0
02:35:39 Feb 04 2021,97,60,1,0,0
02:35:41 Feb 04 2021,97,62,1,0,0
02:35:43 Feb 04 2021,97,62,0,0,0
02:35:45 Feb 04 2021,97,62,0,0,0
02:35:47 Feb 04 2021,97,62,0,0,0
02:35:49 Feb 04 2021,97,62,0,0,0
02:35:51 Feb 04 2021,97,62,0,0,0
02:35:53 Feb 04 2021,97,62,0,0,0
02:35:55 Feb 04 2021,97,62,1,0,0
02:35:57 Feb 04 2021,97,62,1,0,0
02:35:59 Feb 04 2021,98,61,1,0,0
02:36:01 Feb 04 2021,98,61,1,0,0
02:36:03 Feb 04 2021,98,61,0,0,0
02:36:05 Feb 04 2021,98,61,0,0,0
02:36:07 Feb 04 2021,98,62,0,0,0
02:36:09 Feb 04 2021,98,61,0,0,0
02:36:11 Feb 04 2021,98,61,0,0,0
02:36:13 Feb 04 2021,98,59,1,0,0
02:36:15 Feb 04 2021,98,59,0,0,0
02:36:17 Feb 04 2021,98,62,0,0,0
02:36:19 Feb 04 2021,97,61,1,0,0
02:36:21 Feb 04 2021,97,63,0,0,0
02:36:23 Feb 04 2021,97,59,1,0,0
02:36:25 Feb 04 2021,97,59,0,0,0
02:36:27 Feb 04 2021,97,59,3,0,0
02:36:29 Feb 04 2021,97,59,3,0,0
02:36:31 Feb 04 2021,97,61,2,0,0
02:36:33 Feb 04 2021,97,60,2,0,0
02:36:35 Feb 04 2021,97,61,4,0,0
02:36:37 Feb 04 2021,97,60,3,0,0
02:36:39 Feb 04 2021,97,60,0,0,0
02:36:41 Feb 04 2021,97,60,0,0,0
02:36:43 Feb 04 2021,97,60,0,0,0
02:36:45 Feb 04 2021,97,60,0,0,0
02:36:47 Feb 04 2021,97,61,0,0,0
02:36:49 Feb 04 2021,97,60,0,0,0
02:36:51 Feb 04 2021,97,57,0,0,0
02:36:53 Feb 04 2021,95,54,1,0,0
02:36:55 Feb 04 2021,95,53,0,0,0
02:36:57 Feb 04 2021,93,53,0,0,0
02:36:59 Feb 04 2021,94,54,0,0,0
02:37:01 Feb 04 2021,94,54,0,0,0
02:37:03 Feb 04 2021,94,54,0,0,0
02:37:05 Feb 04 2021,94,54,0,0,0
02:37:07 Feb 04 2021,94,54,0,0,0
02:37:09 Feb 04 2021,94,54,0,0,0
02:37:11 Feb 04 2021,95,51,0,0,0
02:37:13 Feb 04 2021,96,49,0,0,0
02:37:15 Feb 04 2021,97,52,0,0,0
02:37:17 Feb 04 2021,98,50,0,0,0
02:37:19 Feb 04 2021,98,54,0,0,0
02:37:21 Feb 04 2021,98,57,1,0,0
02:37:23 Feb 04 2021,98,55,0,0,0
02:37:25 Feb 04 2021,98,54,0,0,0
02:37:27 Feb 04 2021,98,55,0,0,0
02:37:29 Feb 04 2021,98,54,0,0,0
02:37:31 Feb 04 2021,98,54,0,0,0
02:37:33 Feb 04 2021,98,54,0,0,0
02:37:35 Feb 04 2021,98,53,0,0,0
02:37:37 Feb 04 2021,98,53,0,0,0
02:37:39 Feb 04 2021,98,52,0,0,0
02:37:41 Feb 04 2021,97,54,0,0,0
02:37:43 Feb 04 2021,97,57,0,0,0
02:37:45 Feb 04 2021,96,60,0,0,0
02:37:47 Feb 04 2021,95,61,0,0,0
02:37:49 Feb 04 2021,95,62,1,0,0
02:37:51 Feb 04 2021,95,62,0,0,0
02:37:53 Feb 04 2021,95,61,0,0,0
02:37:55 Feb 04 2021,95,62,0,0,0
02:37:57 Feb 04 2021,95,62,0,0,0
02:37:59 Feb 04 2021,95,65,1,0,0
02:38:01 Feb 04 2021,95,66,0,0,0
02:38:03 Feb 04 2021,94,67,0,0,0
02:38:05 Feb 04 2021,94,65,0,0,0
02:38:07 Feb 04 2021,94,63,0,0,0
02:38:09 Feb 04 2021,94,63,0,0,0
02:38:11 Feb 04 2021,94,63,0,0,0
02:38:13 Feb 04 2021,94,65,0,0,0
02:38:15 Feb 04 2021,94,65,0,0,0
02:38:17 Feb 04 2021,95,64,0,0,0
02:38:19 Feb 04 2021,96,66,0,0,0
02:38:21 Feb 04 2021,97,64,1,0,0
02:38:23 Feb 04 2021,97,64,1,0,0
02:38:25 Feb 04 2021,97,63,0,0,0
02:38:27 Feb 04 2021,97,62,1,0,0
02:38:29 Feb 04 2021,97,62,0,0,0
02:38:31 Feb 04 2021,97,62,0,0,0
02:38:33 Feb 04 2021,97,63,0,0,0
02:38:35 Feb 04 2021,97,63,1,0,0
02:38:37 Feb 04 2021,97,63,1,0,0
02:38:39 Feb 04 2021,97,63,0,0,0
02:38:41 Feb 04 2021,97,59,0,0,0
02:38:43 Feb 04 2021,97,54,0,0,0
02:38:45 Feb 04 2021,97,57,0,0,0
02:38:47 Feb 04 2021,97,54,1,0,0
02:38:49 Feb 04 2021,97,53,1,0,0
02:38:51 Feb 04 2021,97,56,0,0,0
02:38:53 Feb 04 2021,97,57,0,0,0
02:38:55 Feb 04 2021,97,57,0,0,0
02:38:57 Feb 04 2021,97,60,0,0,0
02:38:59 Feb 04 2021,97,60,1,0,0
02:39:01 Feb 04 2021,97,59,0,0,0
02:39:03 Feb 04 2021,97,64,1,0,0
02:39:05 Feb 04 2021,97,63,0,0,0
02:39:07 Feb 04 2021,96,61,0,0,0
02:39:09 Feb 04 2021,96,61,0,0,0
02:39:11 Feb 04 2021,96,58,0,0,0
02:39:13 Feb 04 2021,96,58,0,0,0
02:39:15 Feb 04 2021,96,58,0,0,0
02:39:17 Feb 04 2021,96,56,0,0,0
02:39:19 Feb 04 2021,96,56,0,0,0
02:39:21 Feb 04 2021,96,56,0,0,0
02:39:23 Feb 04 2021,96,56,0,0,0
02:39:25 Feb 04 2021,96,57,1,0,0
02:39:27 Feb 04 2021,96,56,1,0,0
02:39:29 Feb 04 2021,96,56,0,0,0
02:39:31 Feb 04 2021,96,56,0,0,0
02:39:33 Feb 04 2021,96,56,0,0,0
02:39:35 Feb 04 2021,96,56,0,0,0
02:39:37 Feb 04 2021,96,56,0,0,0
02:39:39 Feb 04 2021,96,56,1,0,0
02:39:41 Feb 04 2021,96,55,0,0,0
02:39:43 Feb 04 2021,97,58,1,0,0
02:39:45 Feb 04 2021,97,58,0,0,0
02:39:47 Feb 04 2021,97,58,0,0,0
02:39:49 Feb 04 2021,97,63,0,0,0
02:39:51 Feb 04 2021,97,67,0,0,0
02:39:53 Feb 04 2021,97,71,0,0,0
02:39:55 Feb 04 2021,97,74,0,0,0
02:39:57 Feb 04 2021,97,74,0,0,0
02:39:59 Feb 04 2021,97,74,0,0,0
02:40:01 Feb 04 2021,97,73,0,0,0
02:40:03 Feb 04 2021,97,73,0,0,0
02:40:05 Feb 04 2021,97,72,0,0,0
02:40:07 Feb 04 2021,97,73,0,0,0
02:40:09 Feb 04 2021,97,72,0,0,0
02:40:11 Feb 04 2021,97,72,0,0,0
02:40:13 Feb 04 2021,96,71,0,0,0
02:40:15 Feb 04 2021,96,71,0,0,0
02:40:17 Feb 04 2021,96,71,0,0,0
02:40:19 Feb 04 2021,97,71,1,0,0
02:40:21 Feb 04 2021,97,75,1,0,0
02:40:23 Feb 04 2021,96,76,1,0,0
02:40:25 Feb 04 2021,96,77,0,0,0
02:40:27 Feb 04 2021,95,77,1,0,0
02:40:29 Feb 04 2021,95,77,0,0,0
02:40:31 Feb 04 2021,96,77,0,0,0
02:40:33 Feb 04 2021,95,77,0,0,0
02:40:35 Feb 04 2021,95,77,0,0,0
02:40:37 Feb 04 2021,95,77,0,0,0
02:40:39 Feb 04 2021,95,77,0,0,0
02:40:41 Feb 04 2021,95,79,0,0,0
02:40:43 Feb 04 2021,96,81,0,0,0
02:40:45 Feb 04 2021,97,80,0,0,0
02:40:47 Feb 04 2021,97,81,0,0,0
02:40:49 Feb 04 2021,97,77,0,0,0
02:40:51 Feb 04 2021,97,77,0,0,0
02:40:53 Feb 04 2021,97,75,0,0,0
02:40:55 Feb 04 2021,97,75,0,0,0
02:40:57 Feb 04 2021,97,76,0,0,0
02:40:59 Feb 04 2021,97,76,0,0,0
02:41:01 Feb 04 2021,98,76,0,0,0
02:41:03 Feb 04 2021,98,76,1,0,0
02:41:05 Feb 04 2021,98,76,0,0,0
02:41:07 Feb 04 2021,98,76,0,0,0
02:41:09 Feb 04 2021,98,76,1,0,0
02:41:11 Feb 04 2021,98,76,0,0,0
02:41:13 Feb 04 2021,98,76,0,0,0
02:41:15 Feb 04 2021,98,77,1,0,0
02:41:17 Feb 04 2021,98,77,0,0,0
02:41:19 Feb 04 2021,97,77,0,0,0
02:41:21 Feb 04 2021,97,78,1,0,0
02:41:23 Feb 04 2021,97,75,0,0,0
02:41:25 Feb 04 2021,98,75,0,0,0
02:41:27 Feb 04 2021,98,74,1,0,0
02:41:29 Feb 04 2021,98,73,0,0,0
02:41:31 Feb 04 2021,98,74,0,0,0
02:41:33 Feb 04 2021,98,74,0,0,0
02:41:35 Feb 04 2021,98,76,0,0,0
02:41:37 Feb 04 2021,98,76,0,0,0
02:41:39 Feb 04 2021,98,77,0,0,0
02:41:41 Feb 04 2021,98,77,0,0,0
02:41:43 Feb 04 2021,98,76,1,0,0
02:41:45 Feb 04 2021,98,77,0,0,0
02:41:47 Feb 04 2021,98,77,0,0,0
02:41:49 Feb 04 2021,96,78,0,0,0
02:41:51 Feb 04 2021,95,78,1,0,0
02:41:53 Feb 04 2021,94,78,0,0,0
02:41:55 Feb 04 2021,95,79,0,0,0
02:41:57 Feb 04 2021,96,77,0,0,0
02:41:59 Feb 04 2021,97,76,0,0,0
02:42:01 Feb 04 2021,97,74,0,0,0
02:42:03 Feb 04 2021,97,75,0,0,0
02:42:05 Feb 04 2021,97,74,1,0,0
02:42:07 Feb 04 2021,97,74,0,0,0
02:42:09 Feb 04 2021,97,73,0,0,0
02:42:11 Feb 04 2021,97,73,0,0,0
02:42:13 Feb 04 2021,97,74,0,0,0
02:42:15 Feb 04 2021,97,72,0,0,0
02:42:17 Feb 04 2021,98,72,0,0,0
02:42:19 Feb 04 2021,97,71,0,0,0
02:42:21 Feb 04 2021,97,69,0,0,0
02:42:23 Feb 04 2021,97,69,1,0,0
02:42:25 Feb 04 2021,97,69,0,0,0
02:42:27 Feb 04 2021,97,70,0,0,0
02:42:29 Feb 04 2021,97,73,0,0,0
02:42:31 Feb 04 2021,97,74,0,0,0
02:42:33 Feb 04 2021,97,75,0,0,0
02:42:35 Feb 04 2021,97,73,0,0,0
02:42:37 Feb 04 2021,97,73,0,0,0
02:42:39 Feb 04 2021,97,72,0,0,0
02:42:41 Feb 04 2021,96,72,0,0,0
02:42:43 Feb 04 2021,96,71,0,0,0
02:42:45 Feb 04 2021,96,71,0,0,0
02:42:47 Feb 04 2021,96,71,0,0,0
02:42:49 Feb 04 2021,96,71,0,0,0
02:42:51 Feb 04 2021,96,70,0,0,0
02:42:53 Feb 04 2021,96,66,0,0,0
02:42:55 Feb 04 2021,94,66,1,0,0
02:42:57 Feb 04 2021,93,62,0,0,0
02:42:59 Feb 04 2021,92,59,0,0,0
02:43:01 Feb 04 2021,92,61,0,0,0
02:43:03 Feb 04 2021,93,60,0,0,0
02:43:05 Feb 04 2021,93,59,0,0,0
02:43:07 Feb 04 2021,93,58,0,0,0
02:43:09 Feb 04 2021,93,58,0,0,0
02:43:11 Feb 04 2021,94,63,0,0,0
02:43:13 Feb 04 2021,95,64,0,0,0
02:43:15 Feb 04 2021,96,67,0,0,0
02:43:17 Feb 04 2021,96,70,0,0,0
02:43:19 Feb 04 2021,96,70,0,0,0
02:43:21 Feb 04 2021,97,71,1,0,0
02:43:23 Feb 04 2021,97,73,0,0,0
02:43:25 Feb 04 2021,97,73,0,0,0
02:43:27 Feb 04 2021,97,71,0,0,0
02:43:29 Feb 04 2021,97,71,0,0,0
02:43:31 Feb 04 2021,97,72,0,0,0
02:43:33 Feb 04 2021,97,69,0,0,0
02:43:35 Feb 04 2021,97,71,0,0,0
02:43:37 Feb 04 2021,97,73,0,0,0
02:43:39 Feb 04 2021,97,71,0,0,0
02:43:41 Feb 04 2021,97,71,0,0,0
02:43:43 Feb 04 2021,97,70,0,0,0
02:43:45 Feb 04 2021,97,70,0,0,0
02:43:47 Feb 04 2021,97,71,0,0,0
02:43:49 Feb 04 2021,97,73,0,0,0
02:43:51 Feb 04 2021,97,73,0,0,0
02:43:53 Feb 04 2021,97,68,0,0,0
02:43:55 Feb 04 2021,97,69,0,0,0
02:43:57 Feb 04 2021,97,66,0,0,0
02:43:59 Feb 04 2021,96,69,0,0,0
02:44:01 Feb 04 2021,96,75,0,0,0
02:44:03 Feb 04 2021,95,78,0,0,0
02:44:05 Feb 04 2021,94,81,0,0,0
02:44:07 Feb 04 2021,93,82,0,0,0
02:44:09 Feb 04 2021,92,85,0,0,0
02:44:11 Feb 04 2021,92,83,0,0,0
02:44:13 Feb 04 2021,92,83,0,0,0
02:44:15 Feb 04 2021,92,81,0,0,0
02:44:17 Feb 04 2021,92,80,0,0,0
02:44:19 Feb 04 2021,92,78,0,0,0
02:44:21 Feb 04 2021,92,77,0,0,0
02:44:23 Feb 04 2021,92,77,0,0,0
02:44:25 Feb 04 2021,93,74,0,0,0
02:44:27 Feb 04 2021,94,74,0,0,0
02:44:29 Feb 04 2021,95,78,0,0,0
02:44:31 Feb 04 2021,96,78,0,0,0
02:44:33 Feb 04 2021,96,80,0,0,0
02:44:35 Feb 04 2021,96,81,0,0,0
02:44:37 Feb 04 2021,97,79,0,0,0
02:44:39 Feb 04 2021,97,78,0,0,0
02:44:41 Feb 04 2021,97,75,0,0,0
02:44:43 Feb 04 2021,98,74,0,0,0
02:44:45 Feb 04 2021,98,75,0,0,0
02:44:47 Feb 04 2021,98,76,0,0,0
02:44:49 Feb 04 2021,98,78,0,0,0
02:44:51 Feb 04 2021,98,79,0,0,0
02:44:53 Feb 04 2021,98,84,1,0,0
02:44:55 Feb 04 2021,98,83,1,0,0
02:44:57 Feb 04 2021,98,84,0,0,0
02:44:59 Feb 04 2021,98,82,0,0,0
02:45:01 Feb 04 2021,98,79,0,0,0
02:45:03 Feb 04 2021,98,80,0,0,0
02:45:05 Feb 04 2021,98,82,0,0,0
02:45:07 Feb 04 2021,98,79,0,0,0
02:45:09 Feb 04 2021,97,80,0,0,0
02:45:11 Feb 04 2021,97,81,0,0,0
02:45:13 Feb 04 2021,97,80,0,0,0
02:45:15 Feb 04 2021,96,81,1,0,0
02:45:17 Feb 04 2021,96,82,0,0,0
02:45:19 Feb 04 2021,95,82,0,0,0
02:45:21 Feb 04 2021,94,83,0,0,0
02:45:23 Feb 04 2021,94,82,0,0,0
02:45:25 Feb 04 2021,94,82,0,0,0
02:45:27 Feb 04 2021,94,82,0,0,0
02:45:29 Feb 04 2021,93,79,0,0,0
02:45:31 Feb 04 2021,93,78,1,0,0
02:45:33 Feb 04 2021,92,79,0,0,0
02:45:35 Feb 04 2021,91,79,0,0,0
02:45:37 Feb 04 2021,92,80,0,0,0
02:45:39 Feb 04 2021,92,81,0,0,0
02:45:41 Feb 04 2021,92,80,0,0,0
02:45:43 Feb 04 2021,93,82,0,0,0
02:45:45 Feb 04 2021,93,81,0,0,0
02:45:47 Feb 04 2021,93,81,1,0,0
02:45:49 Feb 04 2021,93,81,0,0,0
02:45:51 Feb 04 2021,94,80,0,0,0
02:45:53 Feb 04 2021,96,78,0,0,0
02:45:55 Feb 04 2021,97,77,0,0,0
02:45:57 Feb 04 2021,97,77,0,0,0
02:45:59 Feb 04 2021,97,77,0,0,0
02:46:01 Feb 04 2021,97,72,0,0,0
02:46:03 Feb 04 2021,98,70,0,0,0
02:46:05 Feb 04 2021,98,68,0,0,0
02:46:07 Feb 04 2021,98,62,0,0,0
02:46:09 Feb 04 2021,98,60,0,0,0
02:46:11 Feb 04 2021,98,56,0,0,0
02:46:13 Feb 04 2021,98,55,1,0,0
02:46:15 Feb 04 2021,98,68,0,0,0
02:46:17 Feb 04 2021,98,67,0,0,0
02:46:19 Feb 04 2021,98,73,1,0,0
02:46:21 Feb 04 2021,98,70,0,0,0
02:46:23 Feb 04 2021,98,68,0,0,0
02:46:25 Feb 04 2021,98,67,0,0,0
02:46:27 Feb 04 2021,98,65,1,0,0
02:46:29 Feb 04 2021,97,64,0,0,0
02:46:31 Feb 04 2021,97,64,0,0,0
02:46:33 Feb 04 2021,96,69,1,0,0
02:46:35 Feb 04 2021,96,72,3,0,0
02:46:37 Feb 04 2021,96,76,0,0,0
02:46:39 Feb 04 2021,96,76,0,0,0
02:46:41 Feb 04 2021,96,75,0,0,0
02:46:43 Feb 04 2021,95,73,0,0,0
02:46:45 Feb 04 2021,95,72,0,0,0
02:46:47 Feb 04 2021,92,69,0,0,0
02:46:49 Feb 04 2021,91,65,0,0,0
02:46:51 Feb 04 2021,91,66,0,0,0
02:46:53 Feb 04 2021,90,64,0,0,0
02:46:55 Feb 04 2021,90,68,1,0,0
02:46:57 Feb 04 2021,90,68,0,0,0
02:46:59 Feb 04 2021,89,68,0,1,0
02:47:01 Feb 04 2021,89,69,0,0,0
02:47:03 Feb 04 2021,90,70,0,0,0
02:47:05 Feb 04 2021,90,69,0,0,0
02:47:07 Feb 04 2021,91,66,0,0,0
02:47:09 Feb 04 2021,92,68,0,0,0
02:47:11 Feb 04 2021,93,72,0,0,0
02:47:13 Feb 04 2021,94,73,0,0,0
02:47:15 Feb 04 2021,93,73,0,0,0
02:47:17 Feb 04 2021,95,72,0,0,0
02:47:19 Feb 04 2021,96,74,0,0,0
02:47:21 Feb 04 2021,97,74,0,0,0
02:47:23 Feb 04 2021,97,75,0,0,0
02:47:25 Feb 04 2021,97,75,0,0,0
02:47:27 Feb 04 2021,97,74,0,0,0
02:47:29 Feb 04 2021,97,74,0,0,0
02:47:31 Feb 04 2021,97,74,0,0,0
02:47:33 Feb 04 2021,98,75,0,0,0
02:47:35 Feb 04 2021,98,75,0,0,0
02:47:37 Feb 04 2021,98,77,0,0,0
02:47:39 Feb 04 2021,98,77,0,0,0
02:47:41 Feb 04 2021,98,78,0,0,0
02:47:43 Feb 04 2021,98,79,0,0,0
02:47:45 Feb 04 2021,98,79,0,0,0
02:47:47 Feb 04 2021,98,80,0,0,0
02:47:49 Feb 04 2021,98,80,0,0,0
02:47:51 Feb 04 2021,97,80,0,0,0
02:47:53 Feb 04 2021,97,83,0,0,0
02:47:55 Feb 04 2021,97,81,0,0,0
02:47:57 Feb 04 2021,97,81,0,0,0
02:47:59 Feb 04 2021,97,83,0,0,0
02:48:01 Feb 04 2021,97,81,0,0,0
02:48:03 Feb 04 2021,97,81,0,0,0
02:48:05 Feb 04 2021,97,81,0,0,0
02:48:07 Feb 04 2021,94,81,0,0,0
02:48:09 Feb 04 2021,92,80,0,0,0
02:48:11 Feb 04 2021,92,77,0,0,0
02:48:13 Feb 04 2021,91,75,0,0,0
02:48:15 Feb 04 2021,92,74,0,0,0
02:48:17 Feb 04 2021,92,73,0,0,0
02:48:19 Feb 04 2021,92,74,0,0,0
02:48:21 Feb 04 2021,92,72,0,0,0
02:48:23 Feb 04 2021,93,73,0,0,0
02:48:25 Feb 04 2021,94,72,0,0,0
02:48:27 Feb 04 2021,95,71,0,0,0
02:48:29 Feb 04 2021,96,73,0,0,0
02:48:31 Feb 04 2021,96,71,0,0,0
02:48:33 Feb 04 2021,97,74,0,0,0
02:48:35 Feb 04 2021,97,76,0,0,0
02:48:37 Feb 04 2021,97,76,0,0,0
02:48:39 Feb 04 2021,97,76,0,0,0
02:48:41 Feb 04 2021,97,74,0,0,0
02:48:43 Feb 04 2021,97,75,0,0,0
02:48:45 Feb 04 2021,98,75,0,0,0
02:48:47 Feb 04 2021,98,76,0,0,0
02:48:49 Feb 04 2021,98,78,0,0,0
02:48:51 Feb 04 2021,98,74,0,0,0
02:48:53 Feb 04 2021,98,73,0,0,0
02:48:55 Feb 04 2021,98,71,0,0,0
02:48:57 Feb 04 2021,98,72,0,0,0
02:48:59 Feb 04 2021,98,72,0,0,0
02:49:01 Feb 04 2021,98,72,0,0,0
02:49:03 Feb 04 2021,98,71,0,0,0
02:49:05 Feb 04 2021,98,73,0,0,0
02:49:07 Feb 04 2021,98,76,0,0,0
02:49:09 Feb 04 2021,98,77,0,0,0
02:49:11 Feb 04 2021,97,77,0,0,0
02:49:13 Feb 04 2021,97,76,0,0,0
02:49:15 Feb 04 2021,97,75,0,0,0
02:49:17 Feb 04 2021,96,75,0,0,0
02:49:19 Feb 04 2021,94,78,0,0,0
02:49:21 Feb 04 2021,92,79,0,0,0
02:49:23 Feb 04 2021,91,80,1,0,0
02:49:25 Feb 04 2021,91,79,0,0,0
02:49:27 Feb 04 2021,90,79,1,0,0
02:49:29 Feb 04 2021,90,80,0,0,0
02:49:31 Feb 04 2021,90,79,0,0,0
02:49:33 Feb 04 2021,89,77,0,1,0
02:49:35 Feb 04 2021,89,76,0,0,0
02:49:37 Feb 04 2021,89,76,0,0,0
02:49:39 Feb 04 2021,89,77,0,0,0
02:49:41 Feb 04 2021,90,78,1,0,0
02:49:43 Feb 04 2021,91,79,0,0,0
02:49:45 Feb 04 2021,92,78,1,0,0
02:49:47 Feb 04 2021,93,77,0,0,0
02:49:49 Feb 04 2021,93,77,0,0,0
02:49:51 Feb 04 2021,93,77,0,0,0
02:49:53 Feb 04 2021,93,77,0,0,0
02:49:55 Feb 04 2021,95,76,0,0,0
02:49:57 Feb 04 2021,96,78,0,0,0
02:49:59 Feb 04 2021,97,79,0,0,0
02:50:01 Feb 04 2021,97,79,0,0,0
02:50:03 Feb 04 2021,97,79,0,0,0
02:50:05 Feb 04 2021,97,79,0,0,0
02:50:07 Feb 04 2021,97,79,0,0,0
02:50:09 Feb 04 2021,97,79,0,0,0
02:50:11 Feb 04 2021,97,79,0,0,0
02:50:13 Feb 04 2021,97,77,1,0,0
02:50:15 Feb 04 2021,97,76,0,0,0
02:50:17 Feb 04 2021,97,75,0,0,0
02:50:19 Feb 04 2021,97,74,0,0,0
02:50:21 Feb 04 2021,97,75,0,0,0
02:50:23 Feb 04 2021,97,75,0,0,0
02:50:25 Feb 04 2021,97,74,0,0,0
02:50:27 Feb 04 2021,97,73,0,0,0
02:50:29 Feb 04 2021,97,74,0,0,0
02:50:31 Feb 04 2021,97,71,0,0,0
02:50:33 Feb 04 2021,97,68,0,0,0
02:50:35 Feb 04 2021,97,67,0,0,0
02:50:37 Feb 04 2021,96,68,0,0,0
02:50:39 Feb 04 2021,96,72,0,0,0
02:50:41 Feb 04 2021,96,78,0,0,0
02:50:43 Feb 04 2021,97,79,0,0,0
02:50:45 Feb 04 2021,97,79,0,0,0
02:50:47 Feb 04 2021,96,78,0,0,0
02:50:49 Feb 04 2021,96,77,0,0,0
02:50:51 Feb 04 2021,96,73,0,0,0
02:50:53 Feb 04 2021,96,72,0,0,0
02:50:55 Feb 04 2021,96,72,1,0,0
02:50:57 Feb 04 2021,96,71,0,0,0
02:50:59 Feb 04 2021,96,72,0,0,0
02:51:01 Feb 04 2021,96,73,0,0,0
02:51:03 Feb 04 2021,96,73,0,0,0
02:51:05 Feb 04 2021,96,76,0,0,0
02:51:07 Feb 04 2021,97,80,0,0,0
02:51:09 Feb 04 2021,97,85,0,0,0
02:51:11 Feb 04 2021,97,86,0,0,0
02:51:13 Feb 04 2021,97,85,0,0,0
02:51:15 Feb 04 2021,97,82,0,0,0
02:51:17 Feb 04 2021,97,80,0,0,0
02:51:19 Feb 04 2021,97,80,0,0,0
02:51:21 Feb 04 2021,97,78,0,0,0
02:51:23 Feb 04 2021,97,77,2,0,0
02:51:25 Feb 04 2021,97,76,0,0,0
02:51:27 Feb 04 2021,97,76,0,0,0
02:51:29 Feb 04 2021,97,73,0,0,0
02:51:31 Feb 04 2021,97,72,0,0,0
02:51:33 Feb 04 2021,97,76,0,0,0
02:51:35 Feb 04 2021,97,77,0,0,0
02:51:37 Feb 04 2021,97,80,0,0,0
02:51:39 Feb 04 2021,97,83,0,0,0
02:51:41 Feb 04 2021,97,81,0,0,0
02:51:43 Feb 04 2021,97,79,0,0,0
02:51:45 Feb 04 2021,97,79,0,0,0
02:51:47 Feb 04 2021,97,77,0,0,0
02:51:49 Feb 04 2021,97,78,0,0,0
02:51:51 Feb 04 2021,97,78,0,0,0
02:51:53 Feb 04 2021,97,78,0,0,0
02:51:55 Feb 04 2021,97,78,0,0,0
02:51:57 Feb 04 2021,96,80,0,0,0
02:51:59 Feb 04 2021,96,80,0,0,0
02:52:01 Feb 04 2021,96,81,0,0,0
02:52:03 Feb 04 2021,96,79,0,0,0
02:52:05 Feb 04 2021,95,79,0,0,0
02:52:07 Feb 04 2021,94,76,0,0,0
02:52:09 Feb 04 2021,93,76,0,0,0
02:52:11 Feb 04 2021,93,76,0,0,0
02:52:13 Feb 04 2021,93,75,0,0,0
02:52:15 Feb 04 2021,93,76,0,0,0
02:52:17 Feb 04 2021,93,76,0,0,0
02:52:19 Feb 04 2021,94,74,0,0,0
02:52:21 Feb 04 2021,94,72,0,0,0
02:52:23 Feb 04 2021,95,72,0,0,0
02:52:25 Feb 04 2021,96,70,0,0,0
02:52:27 Feb 04 2021,97,69,0,0,0
02:52:29 Feb 04 2021,97,69,0,0,0
02:52:31 Feb 04 2021,97,70,0,0,0
02:52:33 Feb 04 2021,97,65,0,0,0
02:52:35 Feb 04 2021,97,58,0,0,0
02:52:37 Feb 04 2021,97,54,0,0,0
02:52:39 Feb 04 2021,97,49,0,0,0
02:52:41 Feb 04 2021,97,48,0,0,0
02:52:43 Feb 04 2021,97,50,0,0,0
02:52:45 Feb 04 2021,97,46,0,0,0
02:52:47 Feb 04 2021,97,42,0,0,0
02:52:49 Feb 04 2021,97,41,0,0,0
02:52:51 Feb 04 2021,97,41,0,0,0
02:52:53 Feb 04 2021,97,40,0,0,0
02:52:55 Feb 04 2021,97,41,0,0,0
02:52:57 Feb 04 2021,97,40,0,0,0
02:52:59 Feb 04 2021,97,39,0,0,0
02:53:01 Feb 04 2021,97,40,0,0,0
02:53:03 Feb 04 2021,97,40,0,0,0
02:53:05 Feb 04 2021,97,40,0,0,0
02:53:07 Feb 04 2021,97,40,0,0,0
02:53:09 Feb 04 2021,97,40,0,0,0
02:53:11 Feb 04 2021,97,40,0,0,0
02:53:13 Feb 04 2021,97,40,0,0,0
02:53:15 Feb 04 2021,97,40,0,0,0
02:53:17 Feb 04 2021,97,40,0,0,0
02:53:19 Feb 04 2021,97,41,0,0,0
02:53:21 Feb 04 2021,97,41,0,0,0
02:53:23 Feb 04 2021,97,41,0,0,0
02:53:25 Feb 04 2021,95,41,0,0,0
02:53:27 Feb 04 2021,94,40,0,0,0
02:53:29 Feb 04 2021,93,39,0,0,0
02:53:31 Feb 04 2021,94,39,0,0,0
02:53:33 Feb 04 2021,96,39,0,0,0
02:53:35 Feb 04 2021,96,39,0,0,0
02:53:37 Feb 04 2021,96,39,0,0,0
02:53:39 Feb 04 2021,96,39,0,0,0
02:53:41 Feb 04 2021,96,39,0,0,0
02:53:43 Feb 04 2021,96,39,0,0,0
02:53:45 Feb 04 2021,96,51,0,0,0
02:53:47 Feb 04 2021,97,64,0,0,0
02:53:49 Feb 04 2021,97,74,0,0,0
02:53:51 Feb 04 2021,98,76,0,0,0
02:53:53 Feb 04 2021,98,77,0,0,0
02:53:55 Feb 04 2021,98,77,0,0,0
02:53:57 Feb 04 2021,98,79,0,0,0
02:53:59 Feb 04 2021,98,79,0,0,0
02:54:01 Feb 04 2021,98,82,0,0,0
02:54:03 Feb 04 2021,98,81,0,0,0
02:54:05 Feb 04 2021,98,82,0,0,0
02:54:07 Feb 04 2021,98,83,0,0,0
02:54:09 Feb 04 2021,98,81,0,0,0
02:54:11 Feb 04 2021,98,84,0,0,0
02:54:13 Feb 04 2021,97,82,0,0,0
02:54:15 Feb 04 2021,97,81,0,0,0
02:54:17 Feb 04 2021,97,81,0,0,0
02:54:19 Feb 04 2021,97,80,0,0,0
02:54:21 Feb 04 2021,97,81,0,0,0
02:54:23 Feb 04 2021,97,81,0,0,0
02:54:25 Feb 04 2021,97,81,0,0,0
02:54:27 Feb 04 2021,97,81,0,0,0
02:54:29 Feb 04 2021,97,81,0,0,0
02:54:31 Feb 04 2021,97,81,0,0,0
02:54:33 Feb 04 2021,96,81,0,0,0
02:54:35 Feb 04 2021,96,79,0,0,0
02:54:37 Feb 04 2021,96,75,0,0,0
02:54:39 Feb 04 2021,94,71,0,0,0
02:54:41 Feb 04 2021,94,74,0,0,0
02:54:43 Feb 04 2021,93,72,0,0,0
02:54:45 Feb 04 2021,93,71,0,0,0
02:54:47 Feb 04 2021,93,72,0,0,0
02:54:49 Feb 04 2021,93,71,0,0,0
02:54:51 Feb 04 2021,94,72,0,0,0
02:54:53 Feb 04 2021,94,72,0,0,0
02:54:55 Feb 04 2021,95,70,0,0,0
02:54:57 Feb 04 2021,96,68,0,0,0
02:54:59 Feb 04 2021,96,66,0,0,0
02:55:01 Feb 04 2021,97,65,0,0,0
02:55:03 Feb 04 2021,97,69,0,0,0
02:55:05 Feb 04 2021,97,71,0,0,0
02:55:07 Feb 04 2021,97,73,0,0,0
02:55:09 Feb 04 2021,97,71,0,0,0
02:55:11 Feb 04 2021,97,73,0,0,0
02:55:13 Feb 04 2021,97,68,0,0,0
02:55:15 Feb 04 2021,97,68,0,0,0
02:55:17 Feb 04 2021,97,72,0,0,0
02:55:19 Feb 04 2021,97,70,0,0,0
02:55:21 Feb 04 2021,97,71,0,0,0
02:55:23 Feb 04 2021,97,71,0,0,0
02:55:25 Feb 04 2021,97,69,0,0,0
02:55:27 Feb 04 2021,97,71,0,0,0
02:55:29 Feb 04 2021,97,71,0,0,0
02:55:31 Feb 04 2021,97,74,0,0,0
02:55:33 Feb 04 2021,96,75,0,0,0
02:55:35 Feb 04 2021,96,74,0,0,0
02:55:37 Feb 04 2021,95,74,2,0,0
02:55:39 Feb 04 2021,95,74,1,0,0
02:55:41 Feb 04 2021,95,74,1,0,0
02:55:43 Feb 04 2021,94,75,1,0,0
02:55:45 Feb 04 2021,94,77,1,0,0
02:55:47 Feb 04 2021,94,78,0,0,0
02:55:49 Feb 04 2021,94,79,0,0,0
02:55:51 Feb 04 2021,94,78,1,0,0
02:55:53 Feb 04 2021,94,78,1,0,0
02:55:55 Feb 04 2021,94,77,1,0,0
02:55:57 Feb 04 2021,94,76,0,0,0
02:55:59 Feb 04 2021,93,76,1,0,0
02:56:01 Feb 04 2021,93,76,0,0,0
02:56:03 Feb 04 2021,94,78,1,0,0
02:56:05 Feb 04 2021,94,78,0,0,0
02:56:07 Feb 04 2021,95,79,0,0,0
02:56:09 Feb 04 2021,96,77,0,0,0
02:56:11 Feb 04 2021,96,77,1,0,0
02:56:13 Feb 04 2021,97,77,0,0,0
02:56:15 Feb 04 2021,97,77,1,0,0
02:56:17 Feb 04 2021,97,78,0,0,0
02:56:19 Feb 04 2021,97,77,0,0,0
02:56:21 Feb 04 2021,97,76,0,0,0
02:56:23 Feb 04 2021,97,75,1,0,0
02:56:25 Feb 04 2021,97,74,1,0,0
02:56:27 Feb 04 2021,97,76,0,0,0
02:56:29 Feb 04 2021,97,76,1,0,0
02:56:31 Feb 04 2021,97,73,0,0,0
02:56:33 Feb 04 2021,97,71,0,0,0
02:56:35 Feb 04 2021,97,67,0,0,0
02:56:37 Feb 04 2021,97,65,1,0,0
02:56:39 Feb 04 2021,97,58,0,0,0
02:56:41 Feb 04 2021,97,58,0,0,0
02:56:43 Feb 04 2021,97,57,1,0,0
02:56:45 Feb 04 2021,97,53,0,0,0
02:56:47 Feb 04 2021,97,52,1,0,0
02:56:49 Feb 04 2021,96,48,1,0,0
02:56:51 Feb 04 2021,96,48,1,0,0
02:56:53 Feb 04 2021,96,47,0,0,0
02:56:55 Feb 04 2021,97,47,0,0,0
02:56:57 Feb 04 2021,97,48,0,0,0
02:56:59 Feb 04 2021,97,48,0,0,0
02:57:01 Feb 04 2021,97,49,0,0,0
02:57:03 Feb 04 2021,96,61,0,0,0
02:57:05 Feb 04 2021,94,71,1,0,0
02:57:07 Feb 04 2021,93,81,0,0,0
02:57:09 Feb 04 2021,93,81,1,0,0
02:57:11 Feb 04 2021,92,79,0,0,0
02:57:13 Feb 04 2021,91,78,0,0,0
02:57:15 Feb 04 2021,90,78,0,0,0
02:57:17 Feb 04 2021,88,80,1,1,0
02:57:19 Feb 04 2021,88,81,1,0,0
02:57:21 Feb 04 2021,88,82,0,0,0
02:57:23 Feb 04 2021,88,83,1,0,0
02:57:25 Feb 04 2021,89,82,0,0,0
02:57:27 Feb 04 2021,90,83,1,0,0
02:57:29 Feb 04 2021,91,83,0,0,0
02:57:31 Feb 04 2021,93,83,0,0,0
02:57:33 Feb 04 2021,93,83,0,0,0
02:57:35 Feb 04 2021,93,83,0,0,0
02:57:37 Feb 04 2021,94,83,0,0,0
02:57:39 Feb 04 2021,93,83,1,0,0
02:57:41 Feb 04 2021,93,83,1,0,0
02:57:43 Feb 04 2021,93,83,0,0,0
02:57:45 Feb 04 2021,93,83,0,0,0
02:57:47 Feb 04 2021,93,83,1,0,0
02:57:49 Feb 04 2021,93,83,1,0,0
02:57:51 Feb 04 2021,94,82,0,0,0
02:57:53 Feb 04 2021,94,80,0,0,0
02:57:55 Feb 04 2021,96,74,1,0,0
02:57:57 Feb 04 2021,97,71,0,0,0
02:57:59 Feb 04 2021,97,67,0,0,0
02:58:01 Feb 04 2021,97,68,0,0,0
02:58:03 Feb 04 2021,97,67,1,0,0
02:58:05 Feb 04 2021,97,66,0,0,0
02:58:07 Feb 04 2021,97,67,1,0,0
02:58:09 Feb 04 2021,96,68,0,0,0
02:58:11 Feb 04 2021,96,68,0,0,0
02:58:13 Feb 04 2021,96,68,0,0,0
02:58:15 Feb 04 2021,96,68,0,0,0
02:58:17 Feb 04 2021,97,69,0,0,0
02:58:19 Feb 04 2021,97,69,1,0,0
02:58:21 Feb 04 2021,97,69,1,0,0
02:58:23 Feb 04 2021,95,68,0,0,0
02:58:25 Feb 04 2021,92,69,1,0,0
02:58:27 Feb 04 2021,90,73,0,0,0
02:58:29 Feb 04 2021,89,73,0,1,0
02:58:31 Feb 04 2021,87,77,0,0,0
02:58:33 Feb 04 2021,87,78,0,0,0
02:58:35 Feb 04 2021,86,78,1,0,0
02:58:37 Feb 04 2021,86,80,1,0,0
02:58:39 Feb 04 2021,86,80,1,0,0
02:58:41 Feb 04 2021,85,81,6,0,0
02:58:43 Feb 04 2021,85,82,2,0,0
02:58:45 Feb 04 2021,85,81,2,0,0
02:58:47 Feb 04 2021,85,81,3,0,0
02:58:49 Feb 04 2021,85,81,3,0,0
02:58:51 Feb 04 2021,85,83,1,0,0
02:58:53 Feb 04 2021,85,87,6,0,0
02:58:55 Feb 04 2021,85,90,2,0,0
02:58:57 Feb 04 2021,85,91,5,0,0
02:58:59 Feb 04 2021,87,88,3,0,0
02:59:01 Feb 04 2021,90,87,0,0,0
02:59:03 Feb 04 2021,94,84,1,0,0
02:59:05 Feb 04 2021,96,80,0,0,0
02:59:07 Feb 04 2021,97,82,0,0,0
02:59:09 Feb 04 2021,97,80,1,0,0
02:59:11 Feb 04 2021,97,80,0,0,0
02:59:13 Feb 04 2021,97,80,2,0,0
02:59:15 Feb 04 2021,97,79,1,0,0
02:59:17 Feb 04 2021,97,79,1,0,0
02:59:19 Feb 04 2021,97,81,1,0,0
02:59:21 Feb 04 2021,97,81,5,0,0
02:59:23 Feb 04 2021,97,80,5,0,0
02:59:25 Feb 04 2021,97,81,4,0,0
02:59:27 Feb 04 2021,97,80,3,0,0
02:59:29 Feb 04 2021,97,81,26,0,0
02:59:31 Feb 04 2021,97,81,3,0,0
02:59:33 Feb 04 2021,97,82,1,0,0
02:59:35 Feb 04 2021,97,82,1,0,0
02:59:37 Feb 04 2021,97,82,1,0,0
02:59:39 Feb 04 2021,97,82,0,0,0
02:59:41 Feb 04 2021,97,82,0,0,0
02:59:43 Feb 04 2021,97,82,0,0,0
02:59:45 Feb 04 2021,97,82,0,0,0
02:59:47 Feb 04 2021,97,81,2,0,0
02:59:49 Feb 04 2021,97,81,1,0,0
02:59:51 Feb 04 2021,97,82,1,0,0
02:59:53 Feb 04 2021,97,82,0,0,0
02:59:55 Feb 04 2021,97,81,0,0,0
02:59:57 Feb 04 2021,97,82,4,0,0
02:59:59 Feb 04 2021,97,82,1,0,0
03:00:01 Feb 04 2021,97,82,1,0,0
03:00:03 Feb 04 2021,97,84,1,0,0
03:00:05 Feb 04 2021,97,83,2,0,0
03:00:07 Feb 04 2021,97,84,4,0,0
03:00:09 Feb 04 2021,97,87,1,0,0
03:00:11 Feb 04 2021,97,86,12,0,0
03:00:13 Feb 04 2021,97,89,5,0,0
03:00:15 Feb 04 2021,97,89,0,0,0
03:00:17 Feb 04 2021,97,89,0,0,0
03:00:19 Feb 04 2021,97,89,0,0,0
03:00:21 Feb 04 2021,97,89,0,0,0
03:00:23 Feb 04 2021,97,88,0,0,0
03:00:25 Feb 04 2021,97,88,0,0,0
03:00:27 Feb 04 2021,97,90,0,0,0
03:00:29 Feb 04 2021,97,90,0,0,0
03:00:31 Feb 04 2021,96,89,0,0,0
03:00:33 Feb 04 2021,96,88,0,0,0
03:00:35 Feb 04 2021,96,83,0,0,0
03:00:37 Feb 04 2021,96,76,0,0,0
03:00:39 Feb 04 2021,96,72,0,0,0
03:00:41 Feb 04 2021,96,67,0,0,0
03:00:43 Feb 04 2021,96,69,0,0,0
03:00:45 Feb 04 2021,96,70,0,0,0
03:00:47 Feb 04 2021,96,70,0,0,0
03:00:49 Feb 04 2021,96,65,0,0,0
03:00:51 Feb 04 2021,96,64,0,0,0
03:00:53 Feb 04 2021,96,64,0,0,0
03:00:55 Feb 04 2021,96,62,0,0,0
03:00:57 Feb 04 2021,96,64,0,0,0
03:00:59 Feb 04 2021,96,62,0,0,0
03:01:01 Feb 04 2021,96,62,0,0,0
03:01:03 Feb 04 2021,96,62,0,0,0
03:01:05 Feb 04 2021,96,62,0,0,0
03:01:07 Feb 04 2021,96,61,0,0,0
03:01:09 Feb 04 2021,96,61,0,0,0
03:01:11 Feb 04 2021,96,60,0,0,0
03:01:13 Feb 04 2021,96,59,0,0,0
03:01:15 Feb 04 2021,96,55,0,0,0
03:01:17 Feb 04 2021,96,52,0,0,0
03:01:19 Feb 04 2021,96,50,0,0,0
03:01:21 Feb 04 2021,96,49,0,0,0
03:01:23 Feb 04 2021,96,45,0,0,0
03:01:25 Feb 04 2021,96,45,0,0,0
03:01:27 Feb 04 2021,96,43,0,0,0
03:01:29 Feb 04 2021,96,43,0,0,0
03:01:31 Feb 04 2021,96,44,0,0,0
03:01:33 Feb 04 2021,96,44,2,0,0
03:01:35 Feb 04 2021,96,44,2,0,0
03:01:37 Feb 04 2021,96,44,1,0,0
03:01:39 Feb 04 2021,96,45,1,0,0
03:01:41 Feb 04 2021,96,46,2,0,0
03:01:43 Feb 04 2021,96,47,0,0,0
03:01:45 Feb 04 2021,96,48,0,0,0
03:01:47 Feb 04 2021,96,50,0,0,0
03:01:49 Feb 04 2021,96,49,0,0,0
03:01:51 Feb 04 2021,96,50,0,0,0
03:01:53 Feb 04 2021,96,52,0,0,0
03:01:55 Feb 04 2021,96,52,0,0,0
03:01:57 Feb 04 2021,96,53,0,0,0
03:01:59 Feb 04 2021,96,54,0,0,0
03:02:01 Feb 04 2021,96,53,0,0,0
03:02:03 Feb 04 2021,96,54,0,0,0
03:02:05 Feb 04 2021,96,54,0,0,0
03:02:07 Feb 04 2021,96,54,6,0,0
03:02:09 Feb 04 2021,96,55,0,0,0
03:02:11 Feb 04 2021,96,55,6,0,0
03:02:13 Feb 04 2021,96,56,1,0,0
03:02:15 Feb 04 2021,96,56,0,0,0
03:02:17 Feb 04 2021,96,56,0,0,0
03:02:19 Feb 04 2021,96,59,0,0,0
03:02:21 Feb 04 2021,96,60,0,0,0
03:02:23 Feb 04 2021,96,65,0,0,0
03:02:25 Feb 04 2021,96,64,0,0,0
03:02:27 Feb 04 2021,96,61,0,0,0
03:02:29 Feb 04 2021,95,64,0,0,0
03:02:31 Feb 04 2021,95,65,0,0,0
03:02:33 Feb 04 2021,96,67,0,0,0
03:02:35 Feb 04 2021,96,68,0,0,0
03:02:37 Feb 04 2021,96,67,0,0,0
03:02:39 Feb 04 2021,96,66,0,0,0
03:02:41 Feb 04 2021,96,65,0,0,0
03:02:43 Feb 04 2021,96,61,0,0,0
03:02:45 Feb 04 2021,96,62,0,0,0
03:02:47 Feb 04 2021,96,60,0,0,0
03:02:49 Feb 04 2021,96,56,0,0,0
03:02:51 Feb 04 2021,96,54,0,0,0
03:02:53 Feb 04 2021,96,52,0,0,0
03:02:55 Feb 04 2021,96,51,0,0,0
03:02:57 Feb 04 2021,96,52,0,0,0
03:02:59 Feb 04 2021,96,55,0,0,0
03:03:01 Feb 04 2021,96,56,0,0,0
03:03:03 Feb 04 2021,96,59,0,0,0
03:03:05 Feb 04 2021,96,59,0,0,0
03:03:07 Feb 04 2021,96,58,0,0,0
03:03:09 Feb 04 2021,96,57,0,0,0
03:03:11 Feb 04 2021,96,58,0,0,0
03:03:13 Feb 04 2021,96,58,0,0,0
03:03:15 Feb 04 2021,96,57,0,0,0
03:03:17 Feb 04 2021,96,56,0,0,0
03:03:19 Feb 04 2021,96,59,0,0,0
03:03:21 Feb 04 2021,96,61,0,0,0
03:03:23 Feb 04 2021,96,61,0,0,0
03:03:25 Feb 04 2021,96,65,0,0,0
03:03:27 Feb 04 2021,96,59,0,0,0
03:03:29 Feb 04 2021,96,54,0,0,0
03:03:31 Feb 04 2021,96,56,0,0,0
03:03:33 Feb 04 2021,96,54,1,0,0
03:03:35 Feb 04 2021,96,54,0,0,0
03:03:37 Feb 04 2021,96,56,1,0,0
03:03:39 Feb 04 2021,96,57,0,0,0
03:03:41 Feb 04 2021,96,57,0,0,0
03:03:43 Feb 04 2021,96,58,0,0,0
03:03:45 Feb 04 2021,96,57,0,0,0
03:03:47 Feb 04 2021,96,57,0,0,0
03:03:49 Feb 04 2021,96,57,0,0,0
03:03:51 Feb 04 2021,96,57,0,0,0
03:03:53 Feb 04 2021,96,57,0,0,0
03:03:55 Feb 04 2021,96,57,0,0,0
03:03:57 Feb 04 2021,96,56,0,0,0
03:03:59 Feb 04 2021,96,55,0,0,0
03:04:01 Feb 04 2021,96,55,0,0,0
03:04:03 Feb 04 2021,96,55,0,0,0
03:04:05 Feb 04 2021,96,53,0,0,0
03:04:07 Feb 04 2021,96,54,0,0,0
03:04:09 Feb 04 2021,96,56,0,0,0
03:04:11 Feb 04 2021,96,57,0,0,0
03:04:13 Feb 04 2021,96,58,0,0,0
03:04:15 Feb 04 2021,96,57,0,0,0
03:04:17 Feb 04 2021,96,57,0,0,0
03:04:19 Feb 04 2021,96,57,0,0,0
03:04:21 Feb 04 2021,96,57,0,0,0
03:04:23 Feb 04 2021,96,57,0,0,0
03:04:25 Feb 04 2021,96,57,0,0,0
03:04:27 Feb 04 2021,96,57,0,0,0
03:04:29 Feb 04 2021,96,57,0,0,0
03:04:31 Feb 04 2021,96,56,0,0,0
03:04:33 Feb 04 2021,97,56,0,0,0
03:04:35 Feb 04 2021,97,56,0,0,0
03:04:37 Feb 04 2021,97,56,0,0,0
03:04:39 Feb 04 2021,97,56,0,0,0
03:04:41 Feb 04 2021,97,56,0,0,0
03:04:43 Feb 04 2021,97,56,0,0,0
03:04:45 Feb 04 2021,97,56,0,0,0
03:04:47 Feb 04 2021,97,56,0,0,0
03:04:49 Feb 04 2021,97,56,0,0,0
03:04:51 Feb 04 2021,97,55,0,0,0
03:04:53 Feb 04 2021,97,52,0,0,0
03:04:55 Feb 04 2021,97,52,0,0,0
03:04:57 Feb 04 2021,97,54,0,0,0
03:04:59 Feb 04 2021,97,58,0,0,0
03:05:01 Feb 04 2021,97,60,0,0,0
03:05:03 Feb 04 2021,97,56,0,0,0
03:05:05 Feb 04 2021,97,56,0,0,0
03:05:07 Feb 04 2021,97,56,0,0,0
03:05:09 Feb 04 2021,97,53,0,0,0
03:05:11 Feb 04 2021,96,45,0,0,0
03:05:13 Feb 04 2021,96,36,0,0,0
03:05:15 Feb 04 2021,96,30,0,0,0
03:05:17 Feb 04 2021,96,29,0,0,0
03:05:19 Feb 04 2021,96,29,0,0,0
03:05:21 Feb 04 2021,96,29,0,0,0
03:05:23 Feb 04 2021,96,29,0,0,0
03:05:25 Feb 04 2021,96,29,0,0,0
03:05:27 Feb 04 2021,96,29,0,0,0
03:05:29 Feb 04 2021,96,29,0,0,0
03:05:31 Feb 04 2021,96,29,0,0,0
03:05:33 Feb 04 2021,96,28,0,0,0
03:05:35 Feb 04 2021,96,28,0,0,0
03:05:37 Feb 04 2021,96,28,0,0,0
03:05:39 Feb 04 2021,96,28,0,0,0
03:05:41 Feb 04 2021,96,28,0,0,0
03:05:43 Feb 04 2021,96,28,0,0,0
03:05:45 Feb 04 2021,96,28,0,0,0
03:05:47 Feb 04 2021,96,28,0,0,0
03:05:49 Feb 04 2021,96,28,0,0,0
03:05:51 Feb 04 2021,96,28,0,0,0
03:05:53 Feb 04 2021,96,29,0,0,0
03:05:55 Feb 04 2021,97,29,0,0,0
03:05:57 Feb 04 2021,97,30,0,0,0
03:05:59 Feb 04 2021,97,30,0,0,0
03:06:01 Feb 04 2021,97,30,0,0,0
03:06:03 Feb 04 2021,97,30,0,0,0
03:06:05 Feb 04 2021,97,30,0,0,0
03:06:07 Feb 04 2021,97,30,0,0,0
03:06:09 Feb 04 2021,97,30,0,0,0
03:06:11 Feb 04 2021,97,30,0,0,0
03:06:13 Feb 04 2021,97,30,0,0,0
03:06:15 Feb 04 2021,97,30,0,0,0
03:06:17 Feb 04 2021,97,30,0,0,0
03:06:19 Feb 04 2021,97,30,0,0,0
03:06:21 Feb 04 2021,97,30,0,0,0
03:06:23 Feb 04 2021,97,30,0,0,0
03:06:25 Feb 04 2021,97,30,0,0,0
03:06:27 Feb 04 2021,97,30,0,0,0
03:06:29 Feb 04 2021,97,30,0,0,0
03:06:31 Feb 04 2021,97,30,0,0,0
03:06:33 Feb 04 2021,97,30,0,0,0
03:06:35 Feb 04 2021,97,30,0,0,0
03:06:37 Feb 04 2021,97,30,0,0,0
03:06:39 Feb 04 2021,97,33,0,0,0
03:06:41 Feb 04 2021,97,33,0,0,0
03:06:43 Feb 04 2021,97,33,0,0,0
03:06:45 Feb 04 2021,97,33,0,0,0
03:06:47 Feb 04 2021,97,33,0,0,0
03:06:49 Feb 04 2021,97,33,0,0,0
03:06:51 Feb 04 2021,97,33,0,0,0
03:06:53 Feb 04 2021,97,33,0,0,0
03:06:55 Feb 04 2021,97,33,0,0,0
03:06:57 Feb 04 2021,97,36,0,0,0
03:06:59 Feb 04 2021,97,36,0,0,0
03:07:01 Feb 04 2021,97,36,0,0,0
03:07:03 Feb 04 2021,97,36,0,0,0
03:07:05 Feb 04 2021,97,36,0,0,0
03:07:07 Feb 04 2021,97,36,0,0,0
03:07:09 Feb 04 2021,97,36,0,0,0
03:07:11 Feb 04 2021,97,36,0,0,0
03:07:13 Feb 04 2021,97,36,0,0,0
03:07:15 Feb 04 2021,97,38,0,0,0
03:07:17 Feb 04 2021,96,37,0,0,0
03:07:19 Feb 04 2021,96,40,0,0,0
03:07:21 Feb 04 2021,96,40,0,0,0
03:07:23 Feb 04 2021,96,39,0,0,0
03:07:25 Feb 04 2021,96,41,0,0,0
03:07:27 Feb 04 2021,96,42,0,0,0
03:07:29 Feb 04 2021,96,43,0,0,0
03:07:31 Feb 04 2021,96,46,0,0,0
03:07:33 Feb 04 2021,96,44,0,0,0
03:07:35 Feb 04 2021,96,45,0,0,0
03:07:37 Feb 04 2021,96,46,0,0,0
03:07:39 Feb 04 2021,95,47,0,0,0
03:07:41 Feb 04 2021,95,49,0,0,0
03:07:43 Feb 04 2021,95,49,0,0,0
03:07:45 Feb 04 2021,95,49,0,0,0
03:07:47 Feb 04 2021,95,49,0,0,0
03:07:49 Feb 04 2021,95,49,0,0,0
03:07:51 Feb 04 2021,95,54,0,0,0
03:07:53 Feb 04 2021,95,61,0,0,0
03:07:55 Feb 04 2021,96,68,0,0,0
03:07:57 Feb 04 2021,96,71,0,0,0
03:07:59 Feb 04 2021,96,68,0,0,0
03:08:01 Feb 04 2021,96,68,0,0,0
03:08:03 Feb 04 2021,96,69,0,0,0
03:08:05 Feb 04 2021,96,72,0,0,0
03:08:07 Feb 04 2021,96,73,0,0,0
03:08:09 Feb 04 2021,97,73,0,0,0
03:08:11 Feb 04 2021,97,73,0,0,0
03:08:13 Feb 04 2021,97,72,0,0,0
03:08:15 Feb 04 2021,97,74,0,0,0
03:08:17 Feb 04 2021,97,74,0,0,0
03:08:19 Feb 04 2021,96,77,0,0,0
03:08:21 Feb 04 2021,96,76,0,0,0
03:08:23 Feb 04 2021,96,75,0,0,0
03:08:25 Feb 04 2021,96,77,0,0,0
03:08:27 Feb 04 2021,96,77,0,0,0
03:08:29 Feb 04 2021,95,81,0,0,0
03:08:31 Feb 04 2021,95,85,0,0,0
03:08:33 Feb 04 2021,95,86,0,0,0
03:08:35 Feb 04 2021,94,86,0,0,0
03:08:37 Feb 04 2021,94,86,0,0,0
03:08:39 Feb 04 2021,94,86,0,0,0
03:08:41 Feb 04 2021,94,86,0,0,0
03:08:43 Feb 04 2021,93,84,0,0,0
03:08:45 Feb 04 2021,94,83,0,0,0
03:08:47 Feb 04 2021,93,81,0,0,0
03:08:49 Feb 04 2021,93,79,0,0,0
03:08:51 Feb 04 2021,93,78,0,0,0
03:08:53 Feb 04 2021,93,79,0,0,0
03:08:55 Feb 04 2021,94,79,0,0,0
03:08:57 Feb 04 2021,94,79,0,0,0
03:08:59 Feb 04 2021,94,80,0,0,0
03:09:01 Feb 04 2021,94,81,0,0,0
03:09:03 Feb 04 2021,94,82,0,0,0
03:09:05 Feb 04 2021,94,83,0,0,0
03:09:07 Feb 04 2021,94,81,0,0,0
03:09:09 Feb 04 2021,95,80,0,0,0
03:09:11 Feb 04 2021,95,80,0,0,0
03:09:13 Feb 04 2021,96,80,0,0,0
03:09:15 Feb 04 2021,96,80,0,0,0
03:09:17 Feb 04 2021,96,81,0,0,0
03:09:19 Feb 04 2021,96,83,0,0,0
03:09:21 Feb 04 2021,96,83,0,0,0
03:09:23 Feb 04 2021,96,86,0,0,0
03:09:25 Feb 04 2021,96,84,0,0,0
03:09:27 Feb 04 2021,96,84,0,0,0
03:09:29 Feb 04 2021,96,86,0,0,0
03:09:31 Feb 04 2021,96,86,0,0,0
03:09:33 Feb 04 2021,96,86,0,0,0
03:09:35 Feb 04 2021,96,85,0,0,0
03:09:37 Feb 04 2021,96,86,0,0,0
03:09:39 Feb 04 2021,96,85,0,0,0
03:09:41 Feb 04 2021,96,85,0,0,0
03:09:43 Feb 04 2021,96,87,0,0,0
03:09:45 Feb 04 2021,96,86,0,0,0
03:09:47 Feb 04 2021,96,85,0,0,0
03:09:49 Feb 04 2021,96,84,0,0,0
03:09:51 Feb 04 2021,96,81,0,0,0
03:09:53 Feb 04 2021,96,81,0,0,0
03:09:55 Feb 04 2021,96,83,0,0,0
03:09:57 Feb 04 2021,96,82,0,0,0
03:09:59 Feb 04 2021,95,85,0,0,0
03:10:01 Feb 04 2021,96,87,0,0,0
03:10:03 Feb 04 2021,96,87,0,0,0
03:10:05 Feb 04 2021,96,87,0,0,0
03:10:07 Feb 04 2021,96,86,0,0,0
03:10:09 Feb 04 2021,95,84,7,0,0
03:10:11 Feb 04 2021,95,83,0,0,0
03:10:13 Feb 04 2021,94,81,0,0,0
03:10:15 Feb 04 2021,95,82,1,0,0
03:10:17 Feb 04 2021,95,82,0,0,0
03:10:19 Feb 04 2021,96,82,2,0,0
03:10:21 Feb 04 2021,96,80,1,0,0
03:10:23 Feb 04 2021,96,79,0,0,0
03:10:25 Feb 04 2021,96,83,0,0,0
03:10:27 Feb 04 2021,97,83,0,0,0
03:10:29 Feb 04 2021,97,83,0,0,0
03:10:31 Feb 04 2021,97,86,0,0,0
03:10:33 Feb 04 2021,97,83,0,0,0
03:10:35 Feb 04 2021,97,84,0,0,0
03:10:37 Feb 04 2021,97,83,0,0,0
03:10:39 Feb 04 2021,97,73,0,0,0
03:10:41 Feb 04 2021,97,76,0,0,0
03:10:43 Feb 04 2021,97,74,0,0,0
03:10:45 Feb 04 2021,97,73,0,0,0
03:10:47 Feb 04 2021,97,74,1,0,0
03:10:49 Feb 04 2021,97,74,0,0,0
03:10:51 Feb 04 2021,97,76,0,0,0
03:10:53 Feb 04 2021,97,80,0,0,0
03:10:55 Feb 04 2021,97,83,0,0,0
03:10:57 Feb 04 2021,97,85,0,0,0
03:10:59 Feb 04 2021,97,88,0,0,0
03:11:01 Feb 04 2021,97,88,0,0,0
03:11:03 Feb 04 2021,97,89,0,0,0
03:11:05 Feb 04 2021,97,90,0,0,0
03:11:07 Feb 04 2021,97,88,0,0,0
03:11:09 Feb 04 2021,97,86,0,0,0
03:11:11 Feb 04 2021,97,87,0,0,0
03:11:13 Feb 04 2021,97,86,0,0,0
03:11:15 Feb 04 2021,97,87,0,0,0
03:11:17 Feb 04 2021,97,87,0,0,0
03:11:19 Feb 04 2021,97,85,0,0,0
03:11:21 Feb 04 2021,97,85,5,0,0
03:11:23 Feb 04 2021,97,82,0,0,0
03:11:25 Feb 04 2021,97,82,0,0,0
03:11:27 Feb 04 2021,96,83,0,0,0
03:11:29 Feb 04 2021,96,81,0,0,0
03:11:31 Feb 04 2021,97,81,0,0,0
03:11:33 Feb 04 2021,96,81,0,0,0
03:11:35 Feb 04 2021,96,81,0,0,0
03:11:37 Feb 04 2021,96,81,0,0,0
03:11:39 Feb 04 2021,95,81,0,0,0
03:11:41 Feb 04 2021,95,79,0,0,0
03:11:43 Feb 04 2021,95,80,0,0,0
03:11:45 Feb 04 2021,95,80,0,0,0
03:11:47 Feb 04 2021,95,80,0,0,0
03:11:49 Feb 04 2021,95,80,0,0,0
03:11:51 Feb 04 2021,95,80,0,0,0
03:11:53 Feb 04 2021,95,80,0,0,0
03:11:55 Feb 04 2021,95,80,0,0,0
03:11:57 Feb 04 2021,95,80,0,0,0
03:11:59 Feb 04 2021,95,80,0,0,0
03:12:01 Feb 04 2021,95,81,0,0,0
03:12:03 Feb 04 2021,95,81,0,0,0
03:12:05 Feb 04 2021,95,81,0,0,0
03:12:07 Feb 04 2021,95,82,0,0,0
03:12:09 Feb 04 2021,95,81,0,0,0
03:12:11 Feb 04 2021,95,80,0,0,0
03:12:13 Feb 04 2021,95,79,0,0,0
03:12:15 Feb 04 2021,95,78,0,0,0
03:12:17 Feb 04 2021,95,78,0,0,0
03:12:19 Feb 04 2021,95,80,0,0,0
03:12:21 Feb 04 2021,95,80,0,0,0
03:12:23 Feb 04 2021,95,80,0,0,0
03:12:25 Feb 04 2021,95,80,0,0,0
03:12:27 Feb 04 2021,95,80,0,0,0
03:12:29 Feb 04 2021,95,80,0,0,0
03:12:31 Feb 04 2021,95,80,0,0,0
03:12:33 Feb 04 2021,95,80,0,0,0
03:12:35 Feb 04 2021,95,80,0,0,0
03:12:37 Feb 04 2021,95,79,0,0,0
03:12:39 Feb 04 2021,95,82,0,0,0
03:12:41 Feb 04 2021,95,83,0,0,0
03:12:43 Feb 04 2021,95,83,0,0,0
03:12:45 Feb 04 2021,95,84,0,0,0
03:12:47 Feb 04 2021,94,84,0,0,0
03:12:49 Feb 04 2021,95,84,0,0,0
03:12:51 Feb 04 2021,94,83,0,0,0
03:12:53 Feb 04 2021,94,81,0,0,0
03:12:55 Feb 04 2021,94,78,0,0,0
03:12:57 Feb 04 2021,94,76,0,0,0
03:12:59 Feb 04 2021,94,77,0,0,0
03:13:01 Feb 04 2021,94,75,0,0,0
03:13:03 Feb 04 2021,94,74,0,0,0
03:13:05 Feb 04 2021,94,63,0,0,0
03:13:07 Feb 04 2021,94,64,0,0,0
03:13:09 Feb 04 2021,95,70,0,0,0
03:13:11 Feb 04 2021,95,74,0,0,0
03:13:13 Feb 04 2021,95,86,0,0,0
03:13:15 Feb 04 2021,95,88,0,0,0
03:13:17 Feb 04 2021,95,84,0,0,0
03:13:19 Feb 04 2021,96,79,0,0,0
03:13:21 Feb 04 2021,96,71,0,0,0
03:13:23 Feb 04 2021,96,64,0,0,0
03:13:25 Feb 04 2021,96,68,0,0,0
03:13:27 Feb 04 2021,96,83,0,0,0
03:13:29 Feb 04 2021,96,84,0,0,0
03:13:31 Feb 04 2021,96,91,0,0,0
03:13:33 Feb 04 2021,96,88,0,0,0
03:13:35 Feb 04 2021,96,91,0,0,0
03:13:37 Feb 04 2021,96,95,0,0,0
03:13:39 Feb 04 2021,96,93,0,0,0
03:13:41 Feb 04 2021,96,94,0,0,0
03:13:43 Feb 04 2021,95,95,0,0,0
03:13:45 Feb 04 2021,95,95,0,0,0
03:13:47 Feb 04 2021,95,96,0,0,0
03:13:49 Feb 04 2021,95,96,0,0,0
03:13:51 Feb 04 2021,94,93,0,0,0
03:13:53 Feb 04 2021,94,91,0,0,0
03:13:55 Feb 04 2021,94,89,0,0,0
03:13:57 Feb 04 2021,93,88,0,0,0
03:13:59 Feb 04 2021,93,89,0,0,0
03:14:01 Feb 04 2021,93,93,0,0,0
03:14:03 Feb 04 2021,92,94,0,0,0
03:14:05 Feb 04 2021,93,95,0,0,0
03:14:07 Feb 04 2021,93,95,0,0,0
03:14:09 Feb 04 2021,93,93,0,0,0
03:14:11 Feb 04 2021,93,89,0,0,0
03:14:13 Feb 04 2021,93,85,0,0,0
03:14:15 Feb 04 2021,94,81,0,0,0
03:14:17 Feb 04 2021,94,84,0,0,0
03:14:19 Feb 04 2021,95,92,0,0,0
03:14:21 Feb 04 2021,95,100,0,0,0
03:14:23 Feb 04 2021,95,104,0,0,0
03:14:25 Feb 04 2021,95,96,0,0,0
03:14:27 Feb 04 2021,96,88,0,0,0
03:14:29 Feb 04 2021,96,85,0,0,0
03:14:31 Feb 04 2021,96,85,0,0,0
03:14:33 Feb 04 2021,96,85,0,0,0
03:14:35 Feb 04 2021,96,85,0,0,0
03:14:37 Feb 04 2021,96,86,0,0,0
03:14:39 Feb 04 2021,96,85,0,0,0
03:14:41 Feb 04 2021,97,77,0,0,0
03:14:43 Feb 04 2021,96,84,0,0,0
03:14:45 Feb 04 2021,96,78,0,0,0
03:14:47 Feb 04 2021,97,75,0,0,0
03:14:49 Feb 04 2021,96,72,0,0,0
03:14:51 Feb 04 2021,96,70,0,0,0
03:14:53 Feb 04 2021,96,71,0,0,0
03:14:55 Feb 04 2021,96,72,0,0,0
03:14:57 Feb 04 2021,96,75,0,0,0
03:14:59 Feb 04 2021,97,77,0,0,0
03:15:01 Feb 04 2021,97,78,0,0,0
03:15:03 Feb 04 2021,97,75,0,0,0
03:15:05 Feb 04 2021,97,75,0,0,0
03:15:07 Feb 04 2021,97,75,0,0,0
03:15:09 Feb 04 2021,97,70,0,0,0
03:15:11 Feb 04 2021,97,70,0,0,0
03:15:13 Feb 04 2021,97,71,0,0,0
03:15:15 Feb 04 2021,97,72,0,0,0
03:15:17 Feb 04 2021,96,69,0,0,0
03:15:19 Feb 04 2021,92,56,0,0,0
03:15:21 Feb 04 2021,90,53,0,0,0
03:15:23 Feb 04 2021,90,44,0,0,0
03:15:25 Feb 04 2021,91,41,0,0,0
03:15:27 Feb 04 2021,92,43,0,0,0
03:15:29 Feb 04 2021,93,48,0,0,0
03:15:31 Feb 04 2021,93,49,0,0,0
03:15:33 Feb 04 2021,93,52,0,0,0
03:15:35 Feb 04 2021,94,49,0,0,0
03:15:37 Feb 04 2021,95,49,0,0,0
03:15:39 Feb 04 2021,96,50,0,0,0
03:15:41 Feb 04 2021,96,50,0,0,0
03:15:43 Feb 04 2021,96,50,0,0,0
03:15:45 Feb 04 2021,96,50,0,0,0
03:15:47 Feb 04 2021,96,51,0,0,0
03:15:49 Feb 04 2021,96,51,0,0,0
03:15:51 Feb 04 2021,96,51,0,0,0
03:15:53 Feb 04 2021,96,52,0,0,0
03:15:55 Feb 04 2021,96,51,0,0,0
03:15:57 Feb 04 2021,96,51,0,0,0
03:15:59 Feb 04 2021,97,51,0,0,0
03:16:01 Feb 04 2021,97,49,0,0,0
03:16:03 Feb 04 2021,97,43,0,0,0
03:16:05 Feb 04 2021,97,41,0,0,0
03:16:07 Feb 04 2021,97,38,0,0,0
03:16:09 Feb 04 2021,97,37,0,0,0
03:16:11 Feb 04 2021,96,41,0,0,0
03:16:13 Feb 04 2021,97,48,0,0,0
03:16:15 Feb 04 2021,96,51,0,0,0
03:16:17 Feb 04 2021,96,54,0,0,0
03:16:19 Feb 04 2021,96,54,0,0,0
03:16:21 Feb 04 2021,94,49,0,0,0
03:16:23 Feb 04 2021,95,49,0,0,0
03:16:25 Feb 04 2021,95,48,0,0,0
03:16:27 Feb 04 2021,96,46,0,0,0
03:16:29 Feb 04 2021,97,48,0,0,0
03:16:31 Feb 04 2021,97,47,0,0,0
03:16:33 Feb 04 2021,95,47,0,0,0
03:16:35 Feb 04 2021,94,47,0,0,0
03:16:37 Feb 04 2021,93,47,0,0,0
03:16:39 Feb 04 2021,94,47,0,0,0
03:16:41 Feb 04 2021,94,47,0,0,0
03:16:43 Feb 04 2021,94,47,0,0,0
03:16:45 Feb 04 2021,94,47,0,0,0
03:16:47 Feb 04 2021,94,51,0,0,0
03:16:49 Feb 04 2021,95,52,0,0,0
03:16:51 Feb 04 2021,95,51,0,0,0
03:16:53 Feb 04 2021,95,52,0,0,0
03:16:55 Feb 04 2021,96,52,0,0,0
03:16:57 Feb 04 2021,96,52,0,0,0
03:16:59 Feb 04 2021,96,52,0,0,0
03:17:01 Feb 04 2021,96,52,0,0,0
03:17:03 Feb 04 2021,96,53,0,0,0
03:17:05 Feb 04 2021,96,53,0,0,0
03:17:07 Feb 04 2021,96,53,0,0,0
03:17:09 Feb 04 2021,96,53,0,0,0
03:17:11 Feb 04 2021,97,54,0,0,0
03:17:13 Feb 04 2021,97,54,0,0,0
03:17:15 Feb 04 2021,97,56,0,0,0
03:17:17 Feb 04 2021,97,57,0,0,0
03:17:19 Feb 04 2021,97,57,0,0,0
03:17:21 Feb 04 2021,97,58,0,0,0
03:17:23 Feb 04 2021,97,56,0,0,0
03:17:25 Feb 04 2021,97,55,0,0,0
03:17:27 Feb 04 2021,97,55,0,0,0
03:17:29 Feb 04 2021,97,54,0,0,0
03:17:31 Feb 04 2021,97,54,0,0,0
03:17:33 Feb 04 2021,97,55,0,0,0
03:17:35 Feb 04 2021,97,54,0,0,0
03:17:37 Feb 04 2021,97,54,0,0,0
03:17:39 Feb 04 2021,97,54,0,0,0
03:17:41 Feb 04 2021,97,54,0,0,0
03:17:43 Feb 04 2021,97,54,0,0,0
03:17:45 Feb 04 2021,97,54,0,0,0
03:17:47 Feb 04 2021,97,54,0,0,0
03:17:49 Feb 04 2021,97,53,0,0,0
03:17:51 Feb 04 2021,96,50,0,0,0
03:17:53 Feb 04 2021,95,50,0,0,0
03:17:55 Feb 04 2021,93,49,0,0,0
03:17:57 Feb 04 2021,92,53,0,0,0
03:17:59 Feb 04 2021,92,59,0,0,0
03:18:01 Feb 04 2021,93,61,0,0,0
03:18:03 Feb 04 2021,93,64,0,0,0
03:18:05 Feb 04 2021,93,63,0,0,0
03:18:07 Feb 04 2021,94,62,0,0,0
03:18:09 Feb 04 2021,95,63,0,0,0
03:18:11 Feb 04 2021,96,65,0,0,0
03:18:13 Feb 04 2021,97,69,0,0,0
03:18:15 Feb 04 2021,97,71,0,0,0
03:18:17 Feb 04 2021,97,71,0,0,0
03:18:19 Feb 04 2021,97,69,0,0,0
03:18:21 Feb 04 2021,97,68,0,0,0
03:18:23 Feb 04 2021,97,68,0,0,0
03:18:25 Feb 04 2021,97,69,0,0,0
03:18:27 Feb 04 2021,97,69,0,0,0
03:18:29 Feb 04 2021,97,69,0,0,0
03:18:31 Feb 04 2021,97,69,0,0,0
03:18:33 Feb 04 2021,97,69,0,0,0
03:18:35 Feb 04 2021,97,69,0,0,0
03:18:37 Feb 04 2021,97,68,0,0,0
03:18:39 Feb 04 2021,96,69,0,0,0
03:18:41 Feb 04 2021,96,69,0,0,0
03:18:43 Feb 04 2021,96,69,3,0,0
03:18:45 Feb 04 2021,96,69,18,0,0
03:18:47 Feb 04 2021,96,70,0,0,0
03:18:49 Feb 04 2021,96,70,3,0,0
03:18:51 Feb 04 2021,95,72,8,0,0
03:18:53 Feb 04 2021,94,73,0,0,0
03:18:55 Feb 04 2021,95,73,0,0,0
03:18:57 Feb 04 2021,95,73,0,0,0
03:18:59 Feb 04 2021,95,71,0,0,0
03:19:01 Feb 04 2021,94,70,0,0,0
03:19:03 Feb 04 2021,93,71,0,0,0
03:19:05 Feb 04 2021,91,73,0,0,0
03:19:07 Feb 04 2021,91,74,0,0,0
03:19:09 Feb 04 2021,91,75,0,0,0
03:19:11 Feb 04 2021,91,74,0,0,0
03:19:13 Feb 04 2021,91,73,0,0,0
03:19:15 Feb 04 2021,91,74,0,0,0
03:19:17 Feb 04 2021,91,75,0,0,0
03:19:19 Feb 04 2021,91,74,0,0,0
03:19:21 Feb 04 2021,91,74,0,0,0
03:19:23 Feb 04 2021,91,74,0,0,0
03:19:25 Feb 04 2021,92,72,0,0,0
03:19:27 Feb 04 2021,92,71,0,0,0
03:19:29 Feb 04 2021,92,70,0,0,0
03:19:31 Feb 04 2021,92,69,0,0,0
03:19:33 Feb 04 2021,92,70,0,0,0
03:19:35 Feb 04 2021,94,74,0,0,0
03:19:37 Feb 04 2021,95,78,0,0,0
03:19:39 Feb 04 2021,97,80,0,0,0
03:19:41 Feb 04 2021,97,82,0,0,0
03:19:43 Feb 04 2021,97,74,0,0,0
03:19:45 Feb 04 2021,98,72,0,0,0
03:19:47 Feb 04 2021,98,71,0,0,0
03:19:49 Feb 04 2021,98,70,0,0,0
03:19:51 Feb 04 2021,98,69,0,0,0
03:19:53 Feb 04 2021,98,65,0,0,0
03:19:55 Feb 04 2021,98,63,0,0,0
03:19:57 Feb 04 2021,98,61,0,0,0
03:19:59 Feb 04 2021,98,61,0,0,0
03:20:01 Feb 04 2021,98,62,0,0,0
03:20:03 Feb 04 2021,97,61,0,0,0
03:20:05 Feb 04 2021,97,63,0,0,0
03:20:07 Feb 04 2021,97,63,0,0,0
03:20:09 Feb 04 2021,97,65,0,0,0
03:20:11 Feb 04 2021,97,67,0,0,0
03:20:13 Feb 04 2021,97,67,0,0,0
03:20:15 Feb 04 2021,97,69,0,0,0
03:20:17 Feb 04 2021,97,69,0,0,0
03:20:19 Feb 04 2021,97,68,0,0,0
03:20:21 Feb 04 2021,95,68,0,0,0
03:20:23 Feb 04 2021,92,66,0,0,0
03:20:25 Feb 04 2021,91,65,0,0,0
03:20:27 Feb 04 2021,89,65,0,1,0
03:20:29 Feb 04 2021,90,65,0,0,0
03:20:31 Feb 04 2021,91,65,0,0,0
03:20:33 Feb 04 2021,90,65,0,0,0
03:20:35 Feb 04 2021,90,65,0,0,0
03:20:37 Feb 04 2021,90,65,0,0,0
03:20:39 Feb 04 2021,90,65,0,0,0
03:20:41 Feb 04 2021,91,64,0,0,0
03:20:43 Feb 04 2021,92,64,0,0,0
03:20:45 Feb 04 2021,93,64,0,0,0
03:20:47 Feb 04 2021,94,63,0,0,0
03:20:49 Feb 04 2021,94,63,0,0,0
03:20:51 Feb 04 2021,94,63,0,0,0
03:20:53 Feb 04 2021,94,63,0,0,0
03:20:55 Feb 04 2021,94,63,0,0,0
03:20:57 Feb 04 2021,94,63,0,0,0
03:20:59 Feb 04 2021,94,63,0,0,0
03:21:01 Feb 04 2021,95,65,0,0,0
03:21:03 Feb 04 2021,95,66,0,0,0
03:21:05 Feb 04 2021,96,67,0,0,0
03:21:07 Feb 04 2021,96,65,0,0,0
03:21:09 Feb 04 2021,96,64,0,0,0
03:21:11 Feb 04 2021,96,66,0,0,0
03:21:13 Feb 04 2021,96,66,0,0,0
03:21:15 Feb 04 2021,96,68,0,0,0
03:21:17 Feb 04 2021,96,71,0,0,0
03:21:19 Feb 04 2021,96,69,0,0,0
03:21:21 Feb 04 2021,96,70,0,0,0
03:21:23 Feb 04 2021,95,72,0,0,0
03:21:25 Feb 04 2021,95,72,0,0,0
03:21:27 Feb 04 2021,95,71,0,0,0
03:21:29 Feb 04 2021,95,72,0,0,0
03:21:31 Feb 04 2021,95,72,0,0,0
03:21:33 Feb 04 2021,95,72,0,0,0
03:21:35 Feb 04 2021,95,72,0,0,0
03:21:37 Feb 04 2021,95,71,0,0,0
03:21:39 Feb 04 2021,95,69,0,0,0
03:21:41 Feb 04 2021,95,68,0,0,0
03:21:43 Feb 04 2021,95,68,0,0,0
03:21:45 Feb 04 2021,95,71,0,0,0
03:21:47 Feb 04 2021,95,72,0,0,0
03:21:49 Feb 04 2021,95,72,0,0,0
03:21:51 Feb 04 2021,95,71,0,0,0
03:21:53 Feb 04 2021,95,70,0,0,0
03:21:55 Feb 04 2021,96,68,0,0,0
03:21:57 Feb 04 2021,96,68,0,0,0
03:21:59 Feb 04 2021,97,67,0,0,0
03:22:01 Feb 04 2021,97,64,0,0,0
03:22:03 Feb 04 2021,97,63,0,0,0
03:22:05 Feb 04 2021,97,62,0,0,0
03:22:07 Feb 04 2021,97,62,0,0,0
03:22:09 Feb 04 2021,97,63,0,0,0
03:22:11 Feb 04 2021,97,63,0,0,0
03:22:13 Feb 04 2021,97,63,0,0,0
03:22:15 Feb 04 2021,97,63,0,0,0
03:22:17 Feb 04 2021,97,64,0,0,0
03:22:19 Feb 04 2021,97,65,0,0,0
03:22:21 Feb 04 2021,97,66,0,0,0
03:22:23 Feb 04 2021,97,65,0,0,0
03:22:25 Feb 04 2021,97,65,0,0,0
03:22:27 Feb 04 2021,97,65,0,0,0
03:22:29 Feb 04 2021,97,65,0,0,0
03:22:31 Feb 04 2021,97,66,0,0,0
03:22:33 Feb 04 2021,97,66,0,0,0
03:22:35 Feb 04 2021,97,66,0,0,0
03:22:37 Feb 04 2021,97,68,0,0,0
03:22:39 Feb 04 2021,97,71,0,0,0
03:22:41 Feb 04 2021,97,73,0,0,0
03:22:43 Feb 04 2021,97,73,0,0,0
03:22:45 Feb 04 2021,97,73,0,0,0
03:22:47 Feb 04 2021,97,71,0,0,0
03:22:49 Feb 04 2021,97,71,0,0,0
03:22:51 Feb 04 2021,97,70,0,0,0
03:22:53 Feb 04 2021,97,71,0,0,0
03:22:55 Feb 04 2021,96,72,0,0,0
03:22:57 Feb 04 2021,95,72,0,0,0
03:22:59 Feb 04 2021,95,73,0,0,0
03:23:01 Feb 04 2021,95,74,0,0,0
03:23:03 Feb 04 2021,95,75,0,0,0
03:23:05 Feb 04 2021,95,75,0,0,0
03:23:07 Feb 04 2021,95,73,0,0,0
03:23:09 Feb 04 2021,95,73,0,0,0
03:23:11 Feb 04 2021,95,72,0,0,0
03:23:13 Feb 04 2021,95,73,0,0,0
03:23:15 Feb 04 2021,95,73,0,0,0
03:23:17 Feb 04 2021,95,73,0,0,0
03:23:19 Feb 04 2021,95,73,0,0,0
03:23:21 Feb 04 2021,95,71,0,0,0
03:23:23 Feb 04 2021,96,72,0,0,0
03:23:25 Feb 04 2021,96,74,0,0,0
03:23:27 Feb 04 2021,97,75,0,0,0
03:23:29 Feb 04 2021,97,76,0,0,0
03:23:31 Feb 04 2021,97,75,0,0,0
03:23:33 Feb 04 2021,97,75,0,0,0
03:23:35 Feb 04 2021,97,76,0,0,0
03:23:37 Feb 04 2021,97,76,0,0,0
03:23:39 Feb 04 2021,97,75,0,0,0
03:23:41 Feb 04 2021,97,74,0,0,0
03:23:43 Feb 04 2021,97,72,0,0,0
03:23:45 Feb 04 2021,97,72,0,0,0
03:23:47 Feb 04 2021,97,72,0,0,0
03:23:49 Feb 04 2021,97,72,0,0,0
03:23:51 Feb 04 2021,97,72,0,0,0
03:23:53 Feb 04 2021,96,72,0,0,0
03:23:55 Feb 04 2021,96,73,0,0,0
03:23:57 Feb 04 2021,96,74,0,0,0
03:23:59 Feb 04 2021,96,75,0,0,0
03:24:01 Feb 04 2021,96,75,0,0,0
03:24:03 Feb 04 2021,95,75,0,0,0
03:24:05 Feb 04 2021,94,75,0,0,0
03:24:07 Feb 04 2021,95,75,0,0,0
03:24:09 Feb 04 2021,95,76,0,0,0
03:24:11 Feb 04 2021,95,76,0,0,0
03:24:13 Feb 04 2021,95,76,0,0,0
03:24:15 Feb 04 2021,95,75,0,0,0
03:24:17 Feb 04 2021,95,75,0,0,0
03:24:19 Feb 04 2021,95,75,0,0,0
03:24:21 Feb 04 2021,95,74,0,0,0
03:24:23 Feb 04 2021,96,70,0,0,0
03:24:25 Feb 04 2021,97,67,0,0,0
03:24:27 Feb 04 2021,97,64,0,0,0
03:24:29 Feb 04 2021,97,65,0,0,0
03:24:31 Feb 04 2021,97,68,0,0,0
03:24:33 Feb 04 2021,97,70,0,0,0
03:24:35 Feb 04 2021,97,70,0,0,0
03:24:37 Feb 04 2021,97,69,0,0,0
03:24:39 Feb 04 2021,97,69,0,0,0
03:24:41 Feb 04 2021,97,69,0,0,0
03:24:43 Feb 04 2021,97,69,0,0,0
03:24:45 Feb 04 2021,97,69,0,0,0
03:24:47 Feb 04 2021,97,70,0,0,0
03:24:49 Feb 04 2021,97,71,0,0,0
03:24:51 Feb 04 2021,97,71,0,0,0
03:24:53 Feb 04 2021,97,71,0,0,0
03:24:55 Feb 04 2021,97,69,0,0,0
03:24:57 Feb 04 2021,97,69,0,0,0
03:24:59 Feb 04 2021,96,70,0,0,0
03:25:01 Feb 04 2021,95,71,0,0,0
03:25:03 Feb 04 2021,95,73,0,0,0
03:25:05 Feb 04 2021,95,74,0,0,0
03:25:07 Feb 04 2021,95,73,0,0,0
03:25:09 Feb 04 2021,95,73,0,0,0
03:25:11 Feb 04 2021,95,73,0,0,0
03:25:13 Feb 04 2021,95,73,0,0,0
03:25:15 Feb 04 2021,95,73,0,0,0
03:25:17 Feb 04 2021,95,73,0,0,0
03:25:19 Feb 04 2021,95,73,0,0,0
03:25:21 Feb 04 2021,95,73,0,0,0
03:25:23 Feb 04 2021,95,74,0,0,0
03:25:25 Feb 04 2021,94,77,0,0,0
03:25:27 Feb 04 2021,92,78,0,0,0
03:25:29 Feb 04 2021,91,79,0,0,0
03:25:31 Feb 04 2021,90,79,0,0,0
03:25:33 Feb 04 2021,92,76,0,0,0
03:25:35 Feb 04 2021,92,77,0,0,0
03:25:37 Feb 04 2021,92,74,0,0,0
03:25:39 Feb 04 2021,93,74,0,0,0
03:25:41 Feb 04 2021,94,78,0,0,0
03:25:43 Feb 04 2021,95,78,0,0,0
03:25:45 Feb 04 2021,95,79,0,0,0
03:25:47 Feb 04 2021,95,78,0,0,0
03:25:49 Feb 04 2021,95,78,0,0,0
03:25:51 Feb 04 2021,95,78,0,0,0
03:25:53 Feb 04 2021,96,78,2,0,0
03:25:55 Feb 04 2021,97,79,1,0,0
03:25:57 Feb 04 2021,97,79,4,0,0
03:25:59 Feb 04 2021,97,80,4,0,0
03:26:01 Feb 04 2021,97,79,4,0,0
03:26:03 Feb 04 2021,97,79,0,0,0
03:26:05 Feb 04 2021,97,79,0,0,0
03:26:07 Feb 04 2021,97,79,0,0,0
03:26:09 Feb 04 2021,97,79,0,0,0
03:26:11 Feb 04 2021,97,80,0,0,0
03:26:13 Feb 04 2021,97,79,0,0,0
03:26:15 Feb 04 2021,97,79,0,0,0
03:26:17 Feb 04 2021,97,80,0,0,0
03:26:19 Feb 04 2021,97,76,0,0,0
03:26:21 Feb 04 2021,96,79,0,0,0
03:26:23 Feb 04 2021,95,81,0,0,0
03:26:25 Feb 04 2021,94,80,0,0,0
03:26:27 Feb 04 2021,93,81,0,0,0
03:26:29 Feb 04 2021,94,81,0,0,0
03:26:31 Feb 04 2021,94,82,0,0,0
03:26:33 Feb 04 2021,94,80,0,0,0
03:26:35 Feb 04 2021,94,79,0,0,0
03:26:37 Feb 04 2021,94,77,0,0,0
03:26:39 Feb 04 2021,94,75,0,0,0
03:26:41 Feb 04 2021,94,75,0,0,0
03:26:43 Feb 04 2021,95,74,0,0,0
03:26:45 Feb 04 2021,95,73,0,0,0
03:26:47 Feb 04 2021,96,73,0,0,0
03:26:49 Feb 04 2021,97,71,0,0,0
03:26:51 Feb 04 2021,97,71,1,0,0
03:26:53 Feb 04 2021,97,70,0,0,0
03:26:55 Feb 04 2021,97,69,0,0,0
03:26:57 Feb 04 2021,97,69,0,0,0
03:26:59 Feb 04 2021,97,68,0,0,0
03:27:01 Feb 04 2021,97,68,0,0,0
03:27:03 Feb 04 2021,97,67,0,0,0
03:27:05 Feb 04 2021,97,67,0,0,0
03:27:07 Feb 04 2021,97,66,0,0,0
03:27:09 Feb 04 2021,97,66,0,0,0
03:27:11 Feb 04 2021,97,66,1,0,0
03:27:13 Feb 04 2021,97,67,0,0,0
03:27:15 Feb 04 2021,97,68,0,0,0
03:27:17 Feb 04 2021,97,68,0,0,0
03:27:19 Feb 04 2021,97,68,0,0,0
03:27:21 Feb 04 2021,97,66,1,0,0
03:27:23 Feb 04 2021,97,63,0,0,0
03:27:25 Feb 04 2021,97,64,1,0,0
03:27:27 Feb 04 2021,97,65,0,0,0
03:27:29 Feb 04 2021,97,66,0,0,0
03:27:31 Feb 04 2021,97,66,0,0,0
03:27:33 Feb 04 2021,97,65,0,0,0
03:27:35 Feb 04 2021,97,67,0,0,0
03:27:37 Feb 04 2021,97,70,0,0,0
03:27:39 Feb 04 2021,97,72,0,0,0
03:27:41 Feb 04 2021,97,75,0,0,0
03:27:43 Feb 04 2021,97,74,0,0,0
03:27:45 Feb 04 2021,97,74,0,0,0
03:27:47 Feb 04 2021,96,75,0,0,0
03:27:49 Feb 04 2021,96,74,0,0,0
03:27:51 Feb 04 2021,95,73,0,0,0
03:27:53 Feb 04 2021,96,72,0,0,0
03:27:55 Feb 04 2021,97,72,0,0,0
03:27:57 Feb 04 2021,96,74,0,0,0
03:27:59 Feb 04 2021,97,75,0,0,0
03:28:01 Feb 04 2021,97,76,1,0,0
03:28:03 Feb 04 2021,97,71,0,0,0
03:28:05 Feb 04 2021,97,72,0,0,0
03:28:07 Feb 04 2021,97,72,0,0,0
03:28:09 Feb 04 2021,98,77,1,0,0
03:28:11 Feb 04 2021,98,80,1,0,0
03:28:13 Feb 04 2021,98,77,0,0,0
03:28:15 Feb 04 2021,98,76,0,0,0
03:28:17 Feb 04 2021,98,78,0,0,0
03:28:19 Feb 04 2021,98,77,1,0,0
03:28:21 Feb 04 2021,98,78,0,0,0
03:28:23 Feb 04 2021,98,76,0,0,0
03:28:25 Feb 04 2021,98,73,0,0,0
03:28:27 Feb 04 2021,98,72,0,0,0
03:28:29 Feb 04 2021,98,72,0,0,0
03:28:31 Feb 04 2021,98,70,1,0,0
03:28:33 Feb 04 2021,98,71,0,0,0
03:28:35 Feb 04 2021,98,71,0,0,0
03:28:37 Feb 04 2021,98,69,0,0,0
03:28:39 Feb 04 2021,98,71,0,0,0
03:28:41 Feb 04 2021,98,67,0,0,0
03:28:43 Feb 04 2021,98,65,0,0,0
03:28:45 Feb 04 2021,98,70,0,0,0
03:28:47 Feb 04 2021,98,63,0,0,0
03:28:49 Feb 04 2021,97,70,0,0,0
03:28:51 Feb 04 2021,96,65,0,0,0
03:28:53 Feb 04 2021,95,66,0,0,0
03:28:55 Feb 04 2021,93,72,1,0,0
03:28:57 Feb 04 2021,93,72,0,0,0
03:28:59 Feb 04 2021,93,72,0,0,0
03:29:01 Feb 04 2021,93,71,0,0,0
03:29:03 Feb 04 2021,93,73,0,0,0
03:29:05 Feb 04 2021,93,72,0,0,0
03:29:07 Feb 04 2021,93,73,0,0,0
03:29:09 Feb 04 2021,93,74,0,0,0
03:29:11 Feb 04 2021,93,74,0,0,0
03:29:13 Feb 04 2021,93,74,0,0,0
03:29:15 Feb 04 2021,94,78,0,0,0
03:29:17 Feb 04 2021,95,79,0,0,0
03:29:19 Feb 04 2021,96,79,0,0,0
03:29:21 Feb 04 2021,96,77,0,0,0
03:29:23 Feb 04 2021,97,72,0,0,0
03:29:25 Feb 04 2021,98,70,0,0,0
03:29:27 Feb 04 2021,98,69,0,0,0
03:29:29 Feb 04 2021,98,70,0,0,0
03:29:31 Feb 04 2021,98,70,0,0,0
03:29:33 Feb 04 2021,98,70,0,0,0
03:29:35 Feb 04 2021,98,70,0,0,0
03:29:37 Feb 04 2021,98,70,0,0,0
03:29:39 Feb 04 2021,98,70,0,0,0
03:29:41 Feb 04 2021,98,72,0,0,0
03:29:43 Feb 04 2021,98,74,0,0,0
03:29:45 Feb 04 2021,98,73,1,0,0
03:29:47 Feb 04 2021,98,72,0,0,0
03:29:49 Feb 04 2021,98,72,0,0,0
03:29:51 Feb 04 2021,97,71,0,0,0
03:29:53 Feb 04 2021,98,70,0,0,0
03:29:55 Feb 04 2021,98,72,0,0,0
03:29:57 Feb 04 2021,98,71,0,0,0
03:29:59 Feb 04 2021,97,72,0,0,0
03:30:01 Feb 04 2021,97,74,0,0,0
03:30:03 Feb 04 2021,97,75,0,0,0
03:30:05 Feb 04 2021,98,76,0,0,0
03:30:07 Feb 04 2021,98,75,1,0,0
03:30:09 Feb 04 2021,97,73,0,0,0
03:30:11 Feb 04 2021,96,73,0,0,0
03:30:13 Feb 04 2021,95,72,0,0,0
03:30:15 Feb 04 2021,94,72,0,0,0
03:30:17 Feb 04 2021,94,72,0,0,0
03:30:19 Feb 04 2021,94,71,0,0,0
03:30:21 Feb 04 2021,94,70,0,0,0
03:30:23 Feb 04 2021,93,68,0,0,0
03:30:25 Feb 04 2021,93,68,0,0,0
03:30:27 Feb 04 2021,93,65,0,0,0
03:30:29 Feb 04 2021,93,67,0,0,0
03:30:31 Feb 04 2021,93,68,0,0,0
03:30:33 Feb 04 2021,93,69,1,0,0
03:30:35 Feb 04 2021,93,68,0,0,0
03:30:37 Feb 04 2021,93,68,0,0,0
03:30:39 Feb 04 2021,94,68,0,0,0
03:30:41 Feb 04 2021,95,68,0,0,0
03:30:43 Feb 04 2021,96,69,0,0,0
03:30:45 Feb 04 2021,97,71,0,0,0
03:30:47 Feb 04 2021,97,70,0,0,0
03:30:49 Feb 04 2021,98,72,1,0,0
03:30:51 Feb 04 2021,98,72,0,0,0
03:30:53 Feb 04 2021,98,73,0,0,0
03:30:55 Feb 04 2021,98,74,0,0,0
03:30:57 Feb 04 2021,98,74,0,0,0
03:30:59 Feb 04 2021,98,74,0,0,0
03:31:01 Feb 04 2021,98,71,0,0,0
03:31:03 Feb 04 2021,98,71,0,0,0
03:31:05 Feb 04 2021,98,68,0,0,0
03:31:07 Feb 04 2021,98,67,0,0,0
03:31:09 Feb 04 2021,98,68,1,0,0
03:31:11 Feb 04 2021,98,67,0,0,0
03:31:13 Feb 04 2021,98,67,0,0,0
03:31:15 Feb 04 2021,98,69,0,0,0
03:31:17 Feb 04 2021,97,69,0,0,0
03:31:19 Feb 04 2021,97,70,0,0,0
03:31:21 Feb 04 2021,97,69,0,0,0
03:31:23 Feb 04 2021,97,68,1,0,0
03:31:25 Feb 04 2021,97,69,0,0,0
03:31:27 Feb 04 2021,97,69,1,0,0
03:31:29 Feb 04 2021,97,69,5,0,0
03:31:31 Feb 04 2021,97,69,41,0,0
03:31:33 Feb 04 2021,97,69,0,0,0
03:31:35 Feb 04 2021,97,69,5,0,0
03:31:37 Feb 04 2021,97,69,0,0,0
03:31:39 Feb 04 2021,97,69,0,0,0
03:31:41 Feb 04 2021,97,69,0,0,0
03:31:43 Feb 04 2021,97,68,0,0,0
03:31:45 Feb 04 2021,97,67,0,0,0
03:31:47 Feb 04 2021,97,68,0,0,0
03:31:49 Feb 04 2021,97,68,0,0,0
03:31:51 Feb 04 2021,97,68,0,0,0
03:31:53 Feb 04 2021,97,68,0,0,0
03:31:55 Feb 04 2021,97,70,9,0,0
03:31:57 Feb 04 2021,97,71,2,0,0
03:31:59 Feb 04 2021,97,72,1,0,0
03:32:01 Feb 04 2021,97,73,1,0,0
03:32:03 Feb 04 2021,97,72,0,0,0
03:32:05 Feb 04 2021,97,72,0,0,0
03:32:07 Feb 04 2021,97,72,0,0,0
03:32:09 Feb 04 2021,97,72,0,0,0
03:32:11 Feb 04 2021,97,75,0,0,0
03:32:13 Feb 04 2021,97,75,0,0,0
03:32:15 Feb 04 2021,97,75,0,0,0
03:32:17 Feb 04 2021,97,76,0,0,0
03:32:19 Feb 04 2021,97,76,0,0,0
03:32:21 Feb 04 2021,97,79,0,0,0
03:32:23 Feb 04 2021,97,80,0,0,0
03:32:25 Feb 04 2021,97,79,0,0,0
03:32:27 Feb 04 2021,97,78,0,0,0
03:32:29 Feb 04 2021,97,78,0,0,0
03:32:31 Feb 04 2021,97,77,0,0,0
03:32:33 Feb 04 2021,97,80,0,0,0
03:32:35 Feb 04 2021,97,79,0,0,0
03:32:37 Feb 04 2021,97,77,0,0,0
03:32:39 Feb 04 2021,97,78,0,0,0
03:32:41 Feb 04 2021,97,77,0,0,0
03:32:43 Feb 04 2021,97,77,0,0,0
03:32:45 Feb 04 2021,96,78,0,0,0
03:32:47 Feb 04 2021,95,78,0,0,0
03:32:49 Feb 04 2021,95,81,0,0,0
03:32:51 Feb 04 2021,95,81,0,0,0
03:32:53 Feb 04 2021,95,81,0,0,0
03:32:55 Feb 04 2021,95,82,0,0,0
03:32:57 Feb 04 2021,94,79,0,0,0
03:32:59 Feb 04 2021,95,81,0,0,0
03:33:01 Feb 04 2021,95,81,0,0,0
03:33:03 Feb 04 2021,95,81,0,0,0
03:33:05 Feb 04 2021,95,81,0,0,0
03:33:07 Feb 04 2021,95,81,0,0,0
03:33:09 Feb 04 2021,95,82,0,0,0
03:33:11 Feb 04 2021,95,82,0,0,0
03:33:13 Feb 04 2021,95,82,0,0,0
03:33:15 Feb 04 2021,95,82,0,0,0
03:33:17 Feb 04 2021,95,82,0,0,0
03:33:19 Feb 04 2021,95,82,0,0,0
03:33:21 Feb 04 2021,96,80,0,0,0
03:33:23 Feb 04 2021,96,78,0,0,0
03:33:25 Feb 04 2021,97,77,0,0,0
03:33:27 Feb 04 2021,97,77,0,0,0
03:33:29 Feb 04 2021,97,78,0,0,0
03:33:31 Feb 04 2021,97,78,0,0,0
03:33:33 Feb 04 2021,97,78,0,0,0
03:33:35 Feb 04 2021,97,78,0,0,0
03:33:37 Feb 04 2021,97,78,0,0,0
03:33:39 Feb 04 2021,97,78,0,0,0
03:33:41 Feb 04 2021,97,78,0,0,0
03:33:43 Feb 04 2021,97,77,0,0,0
03:33:45 Feb 04 2021,97,77,0,0,0
03:33:47 Feb 04 2021,97,77,0,0,0
03:33:49 Feb 04 2021,97,77,0,0,0
03:33:51 Feb 04 2021,97,77,0,0,0
03:33:53 Feb 04 2021,97,77,0,0,0
03:33:55 Feb 04 2021,97,78,0,0,0
03:33:57 Feb 04 2021,97,80,0,0,0
03:33:59 Feb 04 2021,96,79,0,0,0
03:34:01 Feb 04 2021,96,79,0,0,0
03:34:03 Feb 04 2021,96,77,0,0,0
03:34:05 Feb 04 2021,94,75,0,0,0
03:34:07 Feb 04 2021,94,77,0,0,0
03:34:09 Feb 04 2021,93,76,0,0,0
03:34:11 Feb 04 2021,93,74,0,0,0
03:34:13 Feb 04 2021,93,74,0,0,0
03:34:15 Feb 04 2021,93,73,0,0,0
03:34:17 Feb 04 2021,93,73,0,0,0
03:34:19 Feb 04 2021,94,74,0,0,0
03:34:21 Feb 04 2021,95,74,0,0,0
03:34:23 Feb 04 2021,96,74,0,0,0
03:34:25 Feb 04 2021,96,74,0,0,0
03:34:27 Feb 04 2021,96,74,0,0,0
03:34:29 Feb 04 2021,96,74,0,0,0
03:34:31 Feb 04 2021,96,74,0,0,0
03:34:33 Feb 04 2021,96,74,0,0,0
03:34:35 Feb 04 2021,96,73,0,0,0
03:34:37 Feb 04 2021,96,72,0,0,0
03:34:39 Feb 04 2021,97,73,0,0,0
03:34:41 Feb 04 2021,97,72,0,0,0
03:34:43 Feb 04 2021,97,72,0,0,0
03:34:45 Feb 04 2021,97,71,0,0,0
03:34:47 Feb 04 2021,97,71,0,0,0
03:34:49 Feb 04 2021,97,71,0,0,0
03:34:51 Feb 04 2021,97,71,0,0,0
03:34:53 Feb 04 2021,97,70,3,0,0
03:34:55 Feb 04 2021,97,68,13,0,0
03:34:57 Feb 04 2021,97,68,0,0,0
03:34:59 Feb 04 2021,97,68,0,0,0
03:35:01 Feb 04 2021,97,68,0,0,0
03:35:03 Feb 04 2021,97,68,0,0,0
03:35:05 Feb 04 2021,97,69,0,0,0
03:35:07 Feb 04 2021,97,68,0,0,0
03:35:09 Feb 04 2021,95,63,0,0,0
03:35:11 Feb 04 2021,95,61,0,0,0
03:35:13 Feb 04 2021,94,58,0,0,0
03:35:15 Feb 04 2021,95,60,0,0,0
03:35:17 Feb 04 2021,95,59,0,0,0
03:35:19 Feb 04 2021,95,56,0,0,0
03:35:21 Feb 04 2021,95,54,0,0,0
03:35:23 Feb 04 2021,94,55,0,0,0
03:35:25 Feb 04 2021,93,56,0,0,0
03:35:27 Feb 04 2021,94,57,0,0,0
03:35:29 Feb 04 2021,94,57,0,0,0
03:35:31 Feb 04 2021,94,58,0,0,0
03:35:33 Feb 04 2021,94,58,0,0,0
03:35:35 Feb 04 2021,94,59,0,0,0
03:35:37 Feb 04 2021,94,59,0,0,0
03:35:39 Feb 04 2021,94,58,0,0,0
03:35:41 Feb 04 2021,94,58,0,0,0
03:35:43 Feb 04 2021,94,58,0,0,0
03:35:45 Feb 04 2021,94,58,0,0,0
03:35:47 Feb 04 2021,95,59,0,0,0
03:35:49 Feb 04 2021,96,61,0,0,0
03:35:51 Feb 04 2021,97,59,0,0,0
03:35:53 Feb 04 2021,97,59,0,0,0
03:35:55 Feb 04 2021,97,59,0,0,0
03:35:57 Feb 04 2021,97,58,0,0,0
03:35:59 Feb 04 2021,97,57,0,0,0
03:36:01 Feb 04 2021,97,57,0,0,0
03:36:03 Feb 04 2021,97,57,0,0,0
03:36:05 Feb 04 2021,97,58,0,0,0
03:36:07 Feb 04 2021,97,58,0,0,0
03:36:09 Feb 04 2021,97,58,0,0,0
03:36:11 Feb 04 2021,97,59,0,0,0
03:36:13 Feb 04 2021,97,56,0,0,0
03:36:15 Feb 04 2021,97,57,0,0,0
03:36:17 Feb 04 2021,97,61,0,0,0
03:36:19 Feb 04 2021,96,62,0,0,0
03:36:21 Feb 04 2021,96,63,0,0,0
03:36:23 Feb 04 2021,95,67,0,0,0
03:36:25 Feb 04 2021,95,65,0,0,0
03:36:27 Feb 04 2021,95,66,0,0,0
03:36:29 Feb 04 2021,95,67,0,0,0
03:36:31 Feb 04 2021,95,66,0,0,0
03:36:33 Feb 04 2021,95,66,0,0,0
03:36:35 Feb 04 2021,95,66,0,0,0
03:36:37 Feb 04 2021,95,66,0,0,0
03:36:39 Feb 04 2021,95,66,0,0,0
03:36:41 Feb 04 2021,95,66,0,0,0
03:36:43 Feb 04 2021,95,66,0,0,0
03:36:45 Feb 04 2021,95,67,0,0,0
03:36:47 Feb 04 2021,95,67,0,0,0
03:36:49 Feb 04 2021,95,67,0,0,0
03:36:51 Feb 04 2021,95,67,0,0,0
03:36:53 Feb 04 2021,95,68,0,0,0
03:36:55 Feb 04 2021,96,68,0,0,0
03:36:57 Feb 04 2021,97,70,0,0,0
03:36:59 Feb 04 2021,97,70,0,0,0
03:37:01 Feb 04 2021,97,69,0,0,0
03:37:03 Feb 04 2021,97,70,0,0,0
03:37:05 Feb 04 2021,97,69,0,0,0
03:37:07 Feb 04 2021,97,69,0,0,0
03:37:09 Feb 04 2021,97,69,0,0,0
03:37:11 Feb 04 2021,97,69,0,0,0
03:37:13 Feb 04 2021,97,69,0,0,0
03:37:15 Feb 04 2021,97,69,0,0,0
03:37:17 Feb 04 2021,97,69,0,0,0
03:37:19 Feb 04 2021,97,69,0,0,0
03:37:21 Feb 04 2021,97,69,0,0,0
03:37:23 Feb 04 2021,97,70,0,0,0
03:37:25 Feb 04 2021,97,70,0,0,0
03:37:27 Feb 04 2021,97,69,0,0,0
03:37:29 Feb 04 2021,97,67,0,0,0
03:37:31 Feb 04 2021,97,66,0,0,0
03:37:33 Feb 04 2021,97,67,0,0,0
03:37:35 Feb 04 2021,97,68,0,0,0
03:37:37 Feb 04 2021,97,68,0,0,0
03:37:39 Feb 04 2021,97,68,0,0,0
03:37:41 Feb 04 2021,97,69,0,0,0
03:37:43 Feb 04 2021,97,69,0,0,0
03:37:45 Feb 04 2021,97,69,0,0,0
03:37:47 Feb 04 2021,97,70,0,0,0
03:37:49 Feb 04 2021,96,70,0,0,0
03:37:51 Feb 04 2021,97,69,0,0,0
03:37:53 Feb 04 2021,97,70,0,0,0
03:37:55 Feb 04 2021,96,70,0,0,0
03:37:57 Feb 04 2021,97,70,0,0,0
03:37:59 Feb 04 2021,97,70,0,0,0
03:38:01 Feb 04 2021,97,70,0,0,0
03:38:03 Feb 04 2021,97,70,0,0,0
03:38:05 Feb 04 2021,97,72,0,0,0
03:38:07 Feb 04 2021,97,73,0,0,0
03:38:09 Feb 04 2021,97,72,0,0,0
03:38:11 Feb 04 2021,97,73,0,0,0
03:38:13 Feb 04 2021,97,73,0,0,0
03:38:15 Feb 04 2021,97,75,0,0,0
03:38:17 Feb 04 2021,97,74,0,0,0
03:38:19 Feb 04 2021,97,73,0,0,0
03:38:21 Feb 04 2021,97,71,0,0,0
03:38:23 Feb 04 2021,97,70,0,0,0
03:38:25 Feb 04 2021,97,70,0,0,0
03:38:27 Feb 04 2021,97,70,0,0,0
03:38:29 Feb 04 2021,97,70,0,0,0
03:38:31 Feb 04 2021,97,70,0,0,0
03:38:33 Feb 04 2021,97,70,0,0,0
03:38:35 Feb 04 2021,97,70,0,0,0
03:38:37 Feb 04 2021,97,71,0,0,0
03:38:39 Feb 04 2021,97,70,0,0,0
03:38:41 Feb 04 2021,97,72,0,0,0
03:38:43 Feb 04 2021,97,71,0,0,0
03:38:45 Feb 04 2021,97,67,0,0,0
03:38:47 Feb 04 2021,97,69,0,0,0
03:38:49 Feb 04 2021,96,62,0,0,0
03:38:51 Feb 04 2021,96,64,0,0,0
03:38:53 Feb 04 2021,95,62,0,0,0
03:38:55 Feb 04 2021,94,55,0,0,0
03:38:57 Feb 04 2021,93,59,0,0,0
03:38:59 Feb 04 2021,93,57,0,0,0
03:39:01 Feb 04 2021,93,63,0,0,0
03:39:03 Feb 04 2021,92,67,0,0,0
03:39:05 Feb 04 2021,92,68,0,0,0
03:39:07 Feb 04 2021,92,69,0,0,0
03:39:09 Feb 04 2021,91,72,0,0,0
03:39:11 Feb 04 2021,91,72,0,0,0
03:39:13 Feb 04 2021,91,73,0,0,0
03:39:15 Feb 04 2021,91,74,0,0,0
03:39:17 Feb 04 2021,91,73,0,0,0
03:39:19 Feb 04 2021,91,74,0,0,0
03:39:21 Feb 04 2021,91,75,0,0,0
03:39:23 Feb 04 2021,91,74,0,0,0
03:39:25 Feb 04 2021,91,74,0,0,0
03:39:27 Feb 04 2021,91,74,0,0,0
03:39:29 Feb 04 2021,91,74,0,0,0
03:39:31 Feb 04 2021,91,74,0,0,0
03:39:33 Feb 04 2021,91,74,0,0,0
03:39:35 Feb 04 2021,91,74,0,0,0
03:39:37 Feb 04 2021,92,74,0,0,0
03:39:39 Feb 04 2021,94,74,0,0,0
03:39:41 Feb 04 2021,96,74,0,0,0
03:39:43 Feb 04 2021,97,74,0,0,0
03:39:45 Feb 04 2021,97,74,0,0,0
03:39:47 Feb 04 2021,97,75,0,0,0
03:39:49 Feb 04 2021,97,74,0,0,0
03:39:51 Feb 04 2021,97,74,0,0,0
03:39:53 Feb 04 2021,97,74,0,0,0
03:39:55 Feb 04 2021,97,74,0,0,0
03:39:57 Feb 04 2021,97,73,0,0,0
03:39:59 Feb 04 2021,97,73,0,0,0
03:40:01 Feb 04 2021,97,73,0,0,0
03:40:03 Feb 04 2021,97,71,0,0,0
03:40:05 Feb 04 2021,97,72,0,0,0
03:40:07 Feb 04 2021,97,72,0,0,0
03:40:09 Feb 04 2021,97,71,0,0,0
03:40:11 Feb 04 2021,97,71,0,0,0
03:40:13 Feb 04 2021,97,70,0,0,0
03:40:15 Feb 04 2021,97,71,0,0,0
03:40:17 Feb 04 2021,97,70,0,0,0
03:40:19 Feb 04 2021,97,71,0,0,0
03:40:21 Feb 04 2021,97,71,0,0,0
03:40:23 Feb 04 2021,97,71,0,0,0
03:40:25 Feb 04 2021,97,72,0,0,0
03:40:27 Feb 04 2021,97,73,0,0,0
03:40:29 Feb 04 2021,97,73,0,0,0
03:40:31 Feb 04 2021,96,73,0,0,0
03:40:33 Feb 04 2021,96,71,0,0,0
03:40:35 Feb 04 2021,94,69,0,0,0
03:40:37 Feb 04 2021,93,68,0,0,0
03:40:39 Feb 04 2021,93,69,0,0,0
03:40:41 Feb 04 2021,93,71,0,0,0
03:40:43 Feb 04 2021,93,72,0,0,0
03:40:45 Feb 04 2021,93,73,0,0,0
03:40:47 Feb 04 2021,93,72,0,0,0
03:40:49 Feb 04 2021,93,72,0,0,0
03:40:51 Feb 04 2021,94,72,0,0,0
03:40:53 Feb 04 2021,95,73,0,0,0
03:40:55 Feb 04 2021,95,73,0,0,0
03:40:57 Feb 04 2021,96,67,0,0,0
03:40:59 Feb 04 2021,96,73,0,0,0
03:41:01 Feb 04 2021,96,71,0,0,0
03:41:03 Feb 04 2021,97,69,0,0,0
03:41:05 Feb 04 2021,97,67,0,0,0
03:41:07 Feb 04 2021,97,65,0,0,0
03:41:09 Feb 04 2021,97,62,0,0,0
03:41:11 Feb 04 2021,97,63,0,0,0
03:41:13 Feb 04 2021,97,63,0,0,0
03:41:15 Feb 04 2021,97,63,0,0,0
03:41:17 Feb 04 2021,97,66,0,0,0
03:41:19 Feb 04 2021,97,69,0,0,0
03:41:21 Feb 04 2021,97,74,0,0,0
03:41:23 Feb 04 2021,97,76,0,0,0
03:41:25 Feb 04 2021,97,77,0,0,0
03:41:27 Feb 04 2021,97,76,0,0,0
03:41:29 Feb 04 2021,97,74,0,0,0
03:41:31 Feb 04 2021,97,71,0,0,0
03:41:33 Feb 04 2021,97,70,0,0,0
03:41:35 Feb 04 2021,97,69,0,0,0
03:41:37 Feb 04 2021,97,69,0,0,0
03:41:39 Feb 04 2021,97,70,0,0,0
03:41:41 Feb 04 2021,96,70,0,0,0
03:41:43 Feb 04 2021,96,71,0,0,0
03:41:45 Feb 04 2021,95,73,0,0,0
03:41:47 Feb 04 2021,96,74,0,0,0
03:41:49 Feb 04 2021,96,75,0,0,0
03:41:51 Feb 04 2021,96,76,0,0,0
03:41:53 Feb 04 2021,96,77,0,0,0
03:41:55 Feb 04 2021,96,75,0,0,0
03:41:57 Feb 04 2021,96,75,0,0,0
03:41:59 Feb 04 2021,94,73,0,0,0
03:42:01 Feb 04 2021,91,71,0,0,0
03:42:03 Feb 04 2021,89,72,0,1,0
03:42:05 Feb 04 2021,88,71,0,0,0
03:42:07 Feb 04 2021,88,71,0,0,0
03:42:09 Feb 04 2021,89,71,0,0,0
03:42:11 Feb 04 2021,91,71,0,0,0
03:42:13 Feb 04 2021,93,70,0,0,0
03:42:15 Feb 04 2021,94,70,0,0,0
03:42:17 Feb 04 2021,94,69,0,0,0
03:42:19 Feb 04 2021,95,68,0,0,0
03:42:21 Feb 04 2021,95,69,0,0,0
03:42:23 Feb 04 2021,95,69,0,0,0
03:42:25 Feb 04 2021,95,69,0,0,0
03:42:27 Feb 04 2021,95,69,0,0,0
03:42:29 Feb 04 2021,95,69,0,0,0
03:42:31 Feb 04 2021,95,69,0,0,0
03:42:33 Feb 04 2021,96,70,0,0,0
03:42:35 Feb 04 2021,96,72,0,0,0
03:42:37 Feb 04 2021,97,74,0,0,0
03:42:39 Feb 04 2021,97,76,0,0,0
03:42:41 Feb 04 2021,97,75,0,0,0
03:42:43 Feb 04 2021,97,72,0,0,0
03:42:45 Feb 04 2021,97,72,0,0,0
03:42:47 Feb 04 2021,97,70,0,0,0
03:42:49 Feb 04 2021,97,70,0,0,0
03:42:51 Feb 04 2021,97,70,0,0,0
03:42:53 Feb 04 2021,97,69,0,0,0
03:42:55 Feb 04 2021,97,69,0,0,0
03:42:57 Feb 04 2021,96,69,0,0,0
03:42:59 Feb 04 2021,95,69,0,0,0
03:43:01 Feb 04 2021,95,71,0,0,0
03:43:03 Feb 04 2021,94,74,0,0,0
03:43:05 Feb 04 2021,93,76,0,0,0
03:43:07 Feb 04 2021,93,77,0,0,0
03:43:09 Feb 04 2021,92,77,0,0,0
03:43:11 Feb 04 2021,91,76,0,0,0
03:43:13 Feb 04 2021,90,77,0,0,0
03:43:15 Feb 04 2021,89,75,0,1,0
03:43:17 Feb 04 2021,89,78,0,0,0
03:43:19 Feb 04 2021,90,79,0,0,0
03:43:21 Feb 04 2021,90,77,0,0,0
03:43:23 Feb 04 2021,90,77,0,0,0
03:43:25 Feb 04 2021,90,75,0,0,0
03:43:27 Feb 04 2021,90,74,0,0,0
03:43:29 Feb 04 2021,91,71,0,0,0
03:43:31 Feb 04 2021,93,72,0,0,0
03:43:33 Feb 04 2021,94,72,0,0,0
03:43:35 Feb 04 2021,95,71,0,0,0
03:43:37 Feb 04 2021,96,72,0,0,0
03:43:39 Feb 04 2021,96,68,0,0,0
03:43:41 Feb 04 2021,97,67,0,0,0
03:43:43 Feb 04 2021,97,65,0,0,0
03:43:45 Feb 04 2021,97,64,0,0,0
03:43:47 Feb 04 2021,97,66,0,0,0
03:43:49 Feb 04 2021,97,65,0,0,0
03:43:51 Feb 04 2021,97,65,0,0,0
03:43:53 Feb 04 2021,97,65,0,0,0
03:43:55 Feb 04 2021,97,65,0,0,0
03:43:57 Feb 04 2021,97,63,0,0,0
03:43:59 Feb 04 2021,97,63,0,0,0
03:44:01 Feb 04 2021,97,63,0,0,0
03:44:03 Feb 04 2021,97,63,0,0,0
03:44:05 Feb 04 2021,97,62,0,0,0
03:44:07 Feb 04 2021,97,60,0,0,0
03:44:09 Feb 04 2021,97,59,0,0,0
03:44:11 Feb 04 2021,97,59,0,0,0
03:44:13 Feb 04 2021,97,59,0,0,0
03:44:15 Feb 04 2021,97,59,0,0,0
03:44:17 Feb 04 2021,97,59,0,0,0
03:44:19 Feb 04 2021,97,59,0,0,0
03:44:21 Feb 04 2021,97,59,0,0,0
03:44:23 Feb 04 2021,97,59,0,0,0
03:44:25 Feb 04 2021,97,59,0,0,0
03:44:27 Feb 04 2021,96,64,0,0,0
03:44:29 Feb 04 2021,96,72,0,0,0
03:44:31 Feb 04 2021,96,75,0,0,0
03:44:33 Feb 04 2021,93,81,0,0,0
03:44:35 Feb 04 2021,93,77,0,0,0
03:44:37 Feb 04 2021,92,75,0,0,0
03:44:39 Feb 04 2021,91,76,0,0,0
03:44:41 Feb 04 2021,92,78,0,0,0
03:44:43 Feb 04 2021,92,78,0,0,0
03:44:45 Feb 04 2021,92,78,0,0,0
03:44:47 Feb 04 2021,93,78,0,0,0
03:44:49 Feb 04 2021,93,78,0,0,0
03:44:51 Feb 04 2021,94,78,0,0,0
03:44:53 Feb 04 2021,94,78,0,0,0
03:44:55 Feb 04 2021,94,78,0,0,0
03:44:57 Feb 04 2021,95,77,0,0,0
03:44:59 Feb 04 2021,96,77,0,0,0
03:45:01 Feb 04 2021,96,77,0,0,0
03:45:03 Feb 04 2021,97,76,0,0,0
03:45:05 Feb 04 2021,97,74,0,0,0
03:45:07 Feb 04 2021,97,76,0,0,0
03:45:09 Feb 04 2021,97,78,0,0,0
03:45:11 Feb 04 2021,97,79,0,0,0
03:45:13 Feb 04 2021,97,80,0,0,0
03:45:15 Feb 04 2021,97,79,0,0,0
03:45:17 Feb 04 2021,97,77,0,0,0
03:45:19 Feb 04 2021,97,77,0,0,0
03:45:21 Feb 04 2021,96,82,0,0,0
03:45:23 Feb 04 2021,96,82,0,0,0
03:45:25 Feb 04 2021,96,84,0,0,0
03:45:27 Feb 04 2021,95,85,0,0,0
03:45:29 Feb 04 2021,96,82,0,0,0
03:45:31 Feb 04 2021,96,81,0,0,0
03:45:33 Feb 04 2021,96,81,0,0,0
03:45:35 Feb 04 2021,96,81,0,0,0
03:45:37 Feb 04 2021,96,77,0,0,0
03:45:39 Feb 04 2021,96,76,0,0,0
03:45:41 Feb 04 2021,96,74,0,0,0
03:45:43 Feb 04 2021,94,73,0,0,0
03:45:45 Feb 04 2021,92,74,0,0,0
03:45:47 Feb 04 2021,90,75,0,0,0
03:45:49 Feb 04 2021,90,74,0,0,0
03:45:51 Feb 04 2021,89,74,0,1,0
03:45:53 Feb 04 2021,88,77,0,0,0
03:45:55 Feb 04 2021,88,79,0,0,0
03:45:57 Feb 04 2021,87,81,0,0,0
03:45:59 Feb 04 2021,86,80,0,0,0
03:46:01 Feb 04 2021,86,79,0,0,0
03:46:03 Feb 04 2021,86,77,0,0,0
03:46:05 Feb 04 2021,87,76,0,0,0
03:46:07 Feb 04 2021,88,78,0,0,0
03:46:09 Feb 04 2021,89,77,0,0,0
03:46:11 Feb 04 2021,91,77,0,0,0
03:46:13 Feb 04 2021,93,77,0,0,0
03:46:15 Feb 04 2021,95,76,0,0,0
03:46:17 Feb 04 2021,95,74,0,0,0
03:46:19 Feb 04 2021,96,73,0,0,0
03:46:21 Feb 04 2021,97,70,0,0,0
03:46:23 Feb 04 2021,97,69,0,0,0
03:46:25 Feb 04 2021,97,67,0,0,0
03:46:27 Feb 04 2021,97,67,0,0,0
03:46:29 Feb 04 2021,97,67,0,0,0
03:46:31 Feb 04 2021,97,67,0,0,0
03:46:33 Feb 04 2021,97,66,0,0,0
03:46:35 Feb 04 2021,97,64,0,0,0
03:46:37 Feb 04 2021,97,62,0,0,0
03:46:39 Feb 04 2021,97,63,0,0,0
03:46:41 Feb 04 2021,97,62,0,0,0
03:46:43 Feb 04 2021,97,62,0,0,0
03:46:45 Feb 04 2021,97,63,0,0,0
03:46:47 Feb 04 2021,97,62,0,0,0
03:46:49 Feb 04 2021,97,62,0,0,0
03:46:51 Feb 04 2021,97,62,0,0,0
03:46:53 Feb 04 2021,97,61,0,0,0
03:46:55 Feb 04 2021,97,62,0,0,0
03:46:57 Feb 04 2021,97,62,0,0,0
03:46:59 Feb 04 2021,96,63,0,0,0
03:47:01 Feb 04 2021,96,63,0,0,0
03:47:03 Feb 04 2021,96,63,0,0,0
03:47:05 Feb 04 2021,96,63,0,0,0
03:47:07 Feb 04 2021,96,62,0,0,0
03:47:09 Feb 04 2021,95,66,0,0,0
03:47:11 Feb 04 2021,93,70,0,0,0
03:47:13 Feb 04 2021,92,72,0,0,0
03:47:15 Feb 04 2021,92,75,0,0,0
03:47:17 Feb 04 2021,92,76,0,0,0
03:47:19 Feb 04 2021,92,76,0,0,0
03:47:21 Feb 04 2021,91,76,0,0,0
03:47:23 Feb 04 2021,91,72,0,0,0
03:47:25 Feb 04 2021,91,72,0,0,0
03:47:27 Feb 04 2021,91,75,0,0,0
03:47:29 Feb 04 2021,92,75,0,0,0
03:47:31 Feb 04 2021,92,78,0,0,0
03:47:33 Feb 04 2021,93,73,0,0,0
03:47:35 Feb 04 2021,94,69,0,0,0
03:47:37 Feb 04 2021,94,72,0,0,0
03:47:39 Feb 04 2021,94,71,0,0,0
03:47:41 Feb 04 2021,95,73,0,0,0
03:47:43 Feb 04 2021,96,72,0,0,0
03:47:45 Feb 04 2021,97,72,0,0,0
03:47:47 Feb 04 2021,97,73,0,0,0
03:47:49 Feb 04 2021,97,72,0,0,0
03:47:51 Feb 04 2021,97,74,0,0,0
03:47:53 Feb 04 2021,97,75,0,0,0
03:47:55 Feb 04 2021,97,76,0,0,0
03:47:57 Feb 04 2021,97,74,0,0,0
03:47:59 Feb 04 2021,97,74,0,0,0
03:48:01 Feb 04 2021,97,74,0,0,0
03:48:03 Feb 04 2021,97,70,0,0,0
03:48:05 Feb 04 2021,97,70,0,0,0
03:48:07 Feb 04 2021,96,67,0,0,0
03:48:09 Feb 04 2021,96,71,0,0,0
03:48:11 Feb 04 2021,96,74,0,0,0
03:48:13 Feb 04 2021,96,76,0,0,0
03:48:15 Feb 04 2021,96,76,0,0,0
03:48:17 Feb 04 2021,96,75,0,0,0
03:48:19 Feb 04 2021,96,75,0,0,0
03:48:21 Feb 04 2021,94,75,0,0,0
03:48:23 Feb 04 2021,92,75,0,0,0
03:48:25 Feb 04 2021,90,76,0,0,0
03:48:27 Feb 04 2021,90,76,0,0,0
03:48:29 Feb 04 2021,90,78,0,0,0
03:48:31 Feb 04 2021,90,78,0,0,0
03:48:33 Feb 04 2021,90,77,0,0,0
03:48:35 Feb 04 2021,90,76,0,0,0
03:48:37 Feb 04 2021,90,75,0,0,0
03:48:39 Feb 04 2021,88,71,0,1,0
03:48:41 Feb 04 2021,88,71,0,0,0
03:48:43 Feb 04 2021,88,74,0,0,0
03:48:45 Feb 04 2021,88,77,0,0,0
03:48:47 Feb 04 2021,89,77,0,0,0
03:48:49 Feb 04 2021,90,77,0,0,0
03:48:51 Feb 04 2021,91,75,0,0,0
03:48:53 Feb 04 2021,91,74,0,0,0
03:48:55 Feb 04 2021,92,73,0,0,0
03:48:57 Feb 04 2021,93,75,0,0,0
03:48:59 Feb 04 2021,95,75,0,0,0
03:49:01 Feb 04 2021,97,75,0,0,0
03:49:03 Feb 04 2021,97,74,0,0,0
03:49:05 Feb 04 2021,97,74,0,0,0
03:49:07 Feb 04 2021,97,72,0,0,0
03:49:09 Feb 04 2021,97,72,0,0,0
03:49:11 Feb 04 2021,97,74,0,0,0
03:49:13 Feb 04 2021,97,74,0,0,0
03:49:15 Feb 04 2021,97,78,0,0,0
03:49:17 Feb 04 2021,97,80,0,0,0
03:49:19 Feb 04 2021,97,77,0,0,0
03:49:21 Feb 04 2021,97,77,0,0,0
03:49:23 Feb 04 2021,97,74,0,0,0
03:49:25 Feb 04 2021,97,72,0,0,0
03:49:27 Feb 04 2021,97,72,0,0,0
03:49:29 Feb 04 2021,97,72,0,0,0
03:49:31 Feb 04 2021,97,72,0,0,0
03:49:33 Feb 04 2021,97,72,0,0,0
03:49:35 Feb 04 2021,97,73,0,0,0
03:49:37 Feb 04 2021,97,73,0,0,0
03:49:39 Feb 04 2021,97,73,0,0,0
03:49:41 Feb 04 2021,97,72,0,0,0
03:49:43 Feb 04 2021,97,72,0,0,0
03:49:45 Feb 04 2021,97,72,0,0,0
03:49:47 Feb 04 2021,95,72,0,0,0
03:49:49 Feb 04 2021,95,73,0,0,0
03:49:51 Feb 04 2021,94,73,0,0,0
03:49:53 Feb 04 2021,93,75,0,0,0
03:49:55 Feb 04 2021,94,76,0,0,0
03:49:57 Feb 04 2021,92,76,0,0,0
03:49:59 Feb 04 2021,91,75,0,0,0
03:50:01 Feb 04 2021,91,75,0,0,0
03:50:03 Feb 04 2021,91,75,0,0,0
03:50:05 Feb 04 2021,91,75,0,0,0
03:50:07 Feb 04 2021,92,73,0,0,0
03:50:09 Feb 04 2021,92,73,0,0,0
03:50:11 Feb 04 2021,93,72,0,0,0
03:50:13 Feb 04 2021,94,71,0,0,0
03:50:15 Feb 04 2021,94,74,0,0,0
03:50:17 Feb 04 2021,96,74,0,0,0
03:50:19 Feb 04 2021,96,73,0,0,0
03:50:21 Feb 04 2021,97,72,0,0,0
03:50:23 Feb 04 2021,97,71,0,0,0
03:50:25 Feb 04 2021,97,70,0,0,0
03:50:27 Feb 04 2021,97,69,0,0,0
03:50:29 Feb 04 2021,97,70,0,0,0
03:50:31 Feb 04 2021,97,68,0,0,0
03:50:33 Feb 04 2021,97,69,0,0,0
03:50:35 Feb 04 2021,97,70,0,0,0
03:50:37 Feb 04 2021,97,72,0,0,0
03:50:39 Feb 04 2021,97,75,0,0,0
03:50:41 Feb 04 2021,97,76,0,0,0
03:50:43 Feb 04 2021,97,76,0,0,0
03:50:45 Feb 04 2021,97,76,0,0,0
03:50:47 Feb 04 2021,97,75,0,0,0
03:50:49 Feb 04 2021,97,74,0,0,0
03:50:51 Feb 04 2021,97,75,0,0,0
03:50:53 Feb 04 2021,97,75,0,0,0
03:50:55 Feb 04 2021,97,78,0,0,0
03:50:57 Feb 04 2021,97,79,0,0,0
03:50:59 Feb 04 2021,96,80,0,0,0
03:51:01 Feb 04 2021,95,80,0,0,0
03:51:03 Feb 04 2021,93,78,0,0,0
03:51:05 Feb 04 2021,92,77,0,0,0
03:51:07 Feb 04 2021,91,77,0,0,0
03:51:09 Feb 04 2021,91,77,0,0,0
03:51:11 Feb 04 2021,90,77,0,0,0
03:51:13 Feb 04 2021,91,77,0,0,0
03:51:15 Feb 04 2021,91,77,0,0,0
03:51:17 Feb 04 2021,90,76,0,0,0
03:51:19 Feb 04 2021,91,78,0,0,0
03:51:21 Feb 04 2021,89,77,0,1,0
03:51:23 Feb 04 2021,88,78,0,0,0
03:51:25 Feb 04 2021,88,79,0,0,0
03:51:27 Feb 04 2021,88,79,0,0,0
03:51:29 Feb 04 2021,89,79,0,0,0
03:51:31 Feb 04 2021,91,78,0,0,0
03:51:33 Feb 04 2021,93,78,0,0,0
03:51:35 Feb 04 2021,95,79,0,0,0
03:51:37 Feb 04 2021,96,79,0,0,0
03:51:39 Feb 04 2021,96,78,0,0,0
03:51:41 Feb 04 2021,96,79,0,0,0
03:51:43 Feb 04 2021,97,78,0,0,0
03:51:45 Feb 04 2021,97,78,0,0,0
03:51:47 Feb 04 2021,97,80,0,0,0
03:51:49 Feb 04 2021,97,80,0,0,0
03:51:51 Feb 04 2021,97,81,0,0,0
03:51:53 Feb 04 2021,97,81,0,0,0
03:51:55 Feb 04 2021,97,81,0,0,0
03:51:57 Feb 04 2021,97,81,0,0,0
03:51:59 Feb 04 2021,97,81,0,0,0
03:52:01 Feb 04 2021,97,76,0,0,0
03:52:03 Feb 04 2021,97,71,0,0,0
03:52:05 Feb 04 2021,97,69,0,0,0
03:52:07 Feb 04 2021,97,71,0,0,0
03:52:09 Feb 04 2021,97,72,0,0,0
03:52:11 Feb 04 2021,97,72,0,0,0
03:52:13 Feb 04 2021,97,72,0,0,0
03:52:15 Feb 04 2021,97,72,0,0,0
03:52:17 Feb 04 2021,97,73,0,0,0
03:52:19 Feb 04 2021,97,73,0,0,0
03:52:21 Feb 04 2021,97,73,0,0,0
03:52:23 Feb 04 2021,97,73,0,0,0
03:52:25 Feb 04 2021,97,74,0,0,0
03:52:27 Feb 04 2021,95,74,0,0,0
03:52:29 Feb 04 2021,94,74,0,0,0
03:52:31 Feb 04 2021,92,68,0,0,0
03:52:33 Feb 04 2021,92,69,0,0,0
03:52:35 Feb 04 2021,90,76,0,0,0
03:52:37 Feb 04 2021,89,79,0,1,0
03:52:39 Feb 04 2021,88,80,0,0,0
03:52:41 Feb 04 2021,88,79,0,0,0
03:52:43 Feb 04 2021,88,78,0,0,0
03:52:45 Feb 04 2021,88,76,0,0,0
03:52:47 Feb 04 2021,88,75,0,0,0
03:52:49 Feb 04 2021,89,74,0,0,0
03:52:51 Feb 04 2021,90,75,0,0,0
03:52:53 Feb 04 2021,92,74,0,0,0
03:52:55 Feb 04 2021,94,74,0,0,0
03:52:57 Feb 04 2021,96,74,0,0,0
03:52:59 Feb 04 2021,97,74,0,0,0
03:53:01 Feb 04 2021,97,74,0,0,0
03:53:03 Feb 04 2021,97,74,0,0,0
03:53:05 Feb 04 2021,97,74,0,0,0
03:53:07 Feb 04 2021,97,74,0,0,0
03:53:09 Feb 04 2021,97,74,0,0,0
03:53:11 Feb 04 2021,97,74,0,0,0
03:53:13 Feb 04 2021,97,74,0,0,0
03:53:15 Feb 04 2021,97,74,0,0,0
03:53:17 Feb 04 2021,97,74,0,0,0
03:53:19 Feb 04 2021,97,74,0,0,0
03:53:21 Feb 04 2021,97,73,0,0,0
03:53:23 Feb 04 2021,97,71,0,0,0
03:53:25 Feb 04 2021,97,71,0,0,0
03:53:27 Feb 04 2021,97,71,0,0,0
03:53:29 Feb 04 2021,96,71,0,0,0
03:53:31 Feb 04 2021,96,68,0,0,0
03:53:33 Feb 04 2021,95,69,0,0,0
03:53:35 Feb 04 2021,95,68,0,0,0
03:53:37 Feb 04 2021,95,67,0,0,0
03:53:39 Feb 04 2021,95,74,0,0,0
03:53:41 Feb 04 2021,94,73,0,0,0
03:53:43 Feb 04 2021,94,72,0,0,0
03:53:45 Feb 04 2021,92,72,0,0,0
03:53:47 Feb 04 2021,91,71,0,0,0
03:53:49 Feb 04 2021,91,72,0,0,0
03:53:51 Feb 04 2021,90,70,0,0,0
03:53:53 Feb 04 2021,91,72,0,0,0
03:53:55 Feb 04 2021,91,73,0,0,0
03:53:57 Feb 04 2021,90,72,0,0,0
03:53:59 Feb 04 2021,89,73,0,1,0
03:54:01 Feb 04 2021,88,74,0,0,0
03:54:03 Feb 04 2021,88,74,0,0,0
03:54:05 Feb 04 2021,88,75,0,0,0
03:54:07 Feb 04 2021,88,74,0,0,0
03:54:09 Feb 04 2021,89,72,0,0,0
03:54:11 Feb 04 2021,89,71,0,0,0
03:54:13 Feb 04 2021,90,71,0,0,0
03:54:15 Feb 04 2021,91,71,0,0,0
03:54:17 Feb 04 2021,92,71,0,0,0
03:54:19 Feb 04 2021,95,70,0,0,0
03:54:21 Feb 04 2021,95,69,0,0,0
03:54:23 Feb 04 2021,97,68,0,0,0
03:54:25 Feb 04 2021,97,68,0,0,0
03:54:27 Feb 04 2021,97,69,0,0,0
03:54:29 Feb 04 2021,97,69,0,0,0
03:54:31 Feb 04 2021,97,70,0,0,0
03:54:33 Feb 04 2021,97,70,0,0,0
03:54:35 Feb 04 2021,97,70,0,0,0
03:54:37 Feb 04 2021,97,68,0,0,0
03:54:39 Feb 04 2021,97,68,0,0,0
03:54:41 Feb 04 2021,97,71,0,0,0
03:54:43 Feb 04 2021,97,72,0,0,0
03:54:45 Feb 04 2021,97,75,0,0,0
03:54:47 Feb 04 2021,96,74,0,0,0
03:54:49 Feb 04 2021,96,73,0,0,0
03:54:51 Feb 04 2021,95,73,0,0,0
03:54:53 Feb 04 2021,95,75,0,0,0
03:54:55 Feb 04 2021,95,76,0,0,0
03:54:57 Feb 04 2021,95,73,0,0,0
03:54:59 Feb 04 2021,95,74,0,0,0
03:55:01 Feb 04 2021,95,73,0,0,0
03:55:03 Feb 04 2021,95,73,0,0,0
03:55:05 Feb 04 2021,95,74,0,0,0
03:55:07 Feb 04 2021,95,75,0,0,0
03:55:09 Feb 04 2021,95,76,0,0,0
03:55:11 Feb 04 2021,95,77,0,0,0
03:55:13 Feb 04 2021,95,77,0,0,0
03:55:15 Feb 04 2021,95,77,0,0,0
03:55:17 Feb 04 2021,95,77,0,0,0
03:55:19 Feb 04 2021,95,77,0,0,0
03:55:21 Feb 04 2021,95,74,0,0,0
03:55:23 Feb 04 2021,95,73,0,0,0
03:55:25 Feb 04 2021,95,75,0,0,0
03:55:27 Feb 04 2021,92,74,0,0,0
03:55:29 Feb 04 2021,91,75,0,0,0
03:55:31 Feb 04 2021,89,74,0,1,0
03:55:33 Feb 04 2021,88,72,0,0,0
03:55:35 Feb 04 2021,91,72,0,0,0
03:55:37 Feb 04 2021,91,72,0,0,0
03:55:39 Feb 04 2021,93,72,0,0,0
03:55:41 Feb 04 2021,96,72,0,0,0
03:55:43 Feb 04 2021,97,71,0,0,0
03:55:45 Feb 04 2021,97,69,0,0,0
03:55:47 Feb 04 2021,97,68,0,0,0
03:55:49 Feb 04 2021,97,66,0,0,0
03:55:51 Feb 04 2021,97,67,0,0,0
03:55:53 Feb 04 2021,97,68,0,0,0
03:55:55 Feb 04 2021,97,63,0,0,0
03:55:57 Feb 04 2021,97,67,0,0,0
03:55:59 Feb 04 2021,97,66,0,0,0
03:56:01 Feb 04 2021,97,66,0,0,0
03:56:03 Feb 04 2021,97,66,0,0,0
03:56:05 Feb 04 2021,97,66,0,0,0
03:56:07 Feb 04 2021,97,66,0,0,0
03:56:09 Feb 04 2021,97,66,0,0,0
03:56:11 Feb 04 2021,97,66,0,0,0
03:56:13 Feb 04 2021,97,66,0,0,0
03:56:15 Feb 04 2021,97,66,0,0,0
03:56:17 Feb 04 2021,97,67,0,0,0
03:56:19 Feb 04 2021,97,69,0,0,0
03:56:21 Feb 04 2021,97,70,0,0,0
03:56:23 Feb 04 2021,97,70,0,0,0
03:56:25 Feb 04 2021,96,74,0,0,0
03:56:27 Feb 04 2021,96,74,0,0,0
03:56:29 Feb 04 2021,94,75,0,0,0
03:56:31 Feb 04 2021,94,76,0,0,0
03:56:33 Feb 04 2021,97,74,0,0,0
03:56:35 Feb 04 2021,97,75,0,0,0
03:56:37 Feb 04 2021,97,76,0,0,0
03:56:39 Feb 04 2021,97,76,0,0,0
03:56:41 Feb 04 2021,97,78,0,0,0
03:56:43 Feb 04 2021,95,76,0,0,0
03:56:45 Feb 04 2021,95,76,0,0,0
03:56:47 Feb 04 2021,95,80,0,0,0
03:56:49 Feb 04 2021,95,78,0,0,0
03:56:51 Feb 04 2021,96,78,0,0,0
03:56:53 Feb 04 2021,96,79,0,0,0
03:56:55 Feb 04 2021,97,77,0,0,0
03:56:57 Feb 04 2021,97,78,0,0,0
03:56:59 Feb 04 2021,96,79,0,0,0
03:57:01 Feb 04 2021,96,78,0,0,0
03:57:03 Feb 04 2021,96,78,0,0,0
03:57:05 Feb 04 2021,96,78,0,0,0
03:57:07 Feb 04 2021,96,78,0,0,0
03:57:09 Feb 04 2021,96,78,0,0,0
03:57:11 Feb 04 2021,96,77,0,0,0
03:57:13 Feb 04 2021,97,74,0,0,0
03:57:15 Feb 04 2021,97,74,0,0,0
03:57:17 Feb 04 2021,97,73,0,0,0
03:57:19 Feb 04 2021,97,76,0,0,0
03:57:21 Feb 04 2021,97,77,0,0,0
03:57:23 Feb 04 2021,97,76,0,0,0
03:57:25 Feb 04 2021,96,75,0,0,0
03:57:27 Feb 04 2021,96,74,0,0,0
03:57:29 Feb 04 2021,96,75,0,0,0
03:57:31 Feb 04 2021,96,77,0,0,0
03:57:33 Feb 04 2021,96,79,0,0,0
03:57:35 Feb 04 2021,96,81,0,0,0
03:57:37 Feb 04 2021,95,76,0,0,0
03:57:39 Feb 04 2021,95,75,0,0,0
03:57:41 Feb 04 2021,95,74,0,0,0
03:57:43 Feb 04 2021,95,71,0,0,0
03:57:45 Feb 04 2021,95,77,0,0,0
03:57:47 Feb 04 2021,96,77,0,0,0
03:57:49 Feb 04 2021,96,79,0,0,0
03:57:51 Feb 04 2021,96,82,0,0,0
03:57:53 Feb 04 2021,96,82,0,0,0
03:57:55 Feb 04 2021,96,82,0,0,0
03:57:57 Feb 04 2021,95,82,0,0,0
03:57:59 Feb 04 2021,93,82,0,0,0
03:58:01 Feb 04 2021,91,80,0,0,0
03:58:03 Feb 04 2021,91,80,0,0,0
03:58:05 Feb 04 2021,90,79,0,0,0
03:58:07 Feb 04 2021,90,78,0,0,0
03:58:09 Feb 04 2021,88,75,0,1,0
03:58:11 Feb 04 2021,87,69,0,0,0
03:58:13 Feb 04 2021,86,67,0,0,0
03:58:15 Feb 04 2021,86,59,0,0,0
03:58:17 Feb 04 2021,86,59,0,0,0
03:58:19 Feb 04 2021,87,60,0,0,0
03:58:21 Feb 04 2021,90,57,0,0,0
03:58:23 Feb 04 2021,91,57,0,0,0
03:58:25 Feb 04 2021,93,56,0,0,0
03:58:27 Feb 04 2021,94,59,0,0,0
03:58:29 Feb 04 2021,94,62,0,0,0
03:58:31 Feb 04 2021,96,65,0,0,0
03:58:33 Feb 04 2021,97,67,0,0,0
03:58:35 Feb 04 2021,97,69,0,0,0
03:58:37 Feb 04 2021,97,67,0,0,0
03:58:39 Feb 04 2021,97,67,0,0,0
03:58:41 Feb 04 2021,97,67,0,0,0
03:58:43 Feb 04 2021,97,67,0,0,0
03:58:45 Feb 04 2021,97,68,0,0,0
03:58:47 Feb 04 2021,97,68,0,0,0
03:58:49 Feb 04 2021,97,68,0,0,0
03:58:51 Feb 04 2021,97,69,0,0,0
03:58:53 Feb 04 2021,97,69,0,0,0
03:58:55 Feb 04 2021,97,71,0,0,0
03:58:57 Feb 04 2021,96,73,0,0,0
03:58:59 Feb 04 2021,96,72,0,0,0
03:59:01 Feb 04 2021,95,74,9,0,0
03:59:03 Feb 04 2021,95,74,4,0,0
03:59:05 Feb 04 2021,95,74,0,0,0
03:59:07 Feb 04 2021,95,74,0,0,0
03:59:09 Feb 04 2021,94,74,0,0,0
03:59:11 Feb 04 2021,93,74,0,0,0
03:59:13 Feb 04 2021,92,74,0,0,0
03:59:15 Feb 04 2021,90,76,0,0,0
03:59:17 Feb 04 2021,91,77,0,0,0
03:59:19 Feb 04 2021,90,79,0,0,0
03:59:21 Feb 04 2021,90,81,0,0,0
03:59:23 Feb 04 2021,90,81,0,0,0
03:59:25 Feb 04 2021,90,84,0,0,0
03:59:27 Feb 04 2021,90,81,0,0,0
03:59:29 Feb 04 2021,90,79,0,0,0
03:59:31 Feb 04 2021,90,79,0,0,0
03:59:33 Feb 04 2021,91,78,0,0,0
03:59:35 Feb 04 2021,93,73,0,0,0
03:59:37 Feb 04 2021,94,80,0,0,0
03:59:39 Feb 04 2021,95,80,0,0,0
03:59:41 Feb 04 2021,96,75,0,0,0
03:59:43 Feb 04 2021,96,78,0,0,0
03:59:45 Feb 04 2021,96,75,0,0,0
03:59:47 Feb 04 2021,97,73,0,0,0
03:59:49 Feb 04 2021,97,73,0,0,0
03:59:51 Feb 04 2021,97,72,0,0,0
03:59:53 Feb 04 2021,97,72,0,0,0
03:59:55 Feb 04 2021,97,65,0,0,0
03:59:57 Feb 04 2021,98,60,0,0,0
03:59:59 Feb 04 2021,98,57,0,0,0
04:00:01 Feb 04 2021,98,56,0,0,0
04:00:03 Feb 04 2021,98,56,0,0,0
04:00:05 Feb 04 2021,98,56,0,0,0
04:00:07 Feb 04 2021,98,56,0,0,0
04:00:09 Feb 04 2021,98,56,0,0,0
04:00:11 Feb 04 2021,98,54,0,0,0
04:00:13 Feb 04 2021,98,53,0,0,0
04:00:15 Feb 04 2021,98,52,0,0,0
04:00:17 Feb 04 2021,98,53,0,0,0
04:00:19 Feb 04 2021,98,53,0,0,0
04:00:21 Feb 04 2021,98,53,0,0,0
04:00:23 Feb 04 2021,98,53,0,0,0
04:00:25 Feb 04 2021,98,53,0,0,0
04:00:27 Feb 04 2021,98,53,0,0,0
04:00:29 Feb 04 2021,98,53,0,0,0
04:00:31 Feb 04 2021,98,53,0,0,0
04:00:33 Feb 04 2021,98,53,0,0,0
04:00:35 Feb 04 2021,98,53,0,0,0
04:00:37 Feb 04 2021,98,53,0,0,0
04:00:39 Feb 04 2021,98,57,0,0,0
04:00:41 Feb 04 2021,95,64,0,0,0
04:00:43 Feb 04 2021,94,72,0,0,0
04:00:45 Feb 04 2021,92,75,0,0,0
04:00:47 Feb 04 2021,91,78,0,0,0
04:00:49 Feb 04 2021,91,81,0,0,0
04:00:51 Feb 04 2021,89,81,0,1,0
04:00:53 Feb 04 2021,89,82,0,0,0
04:00:55 Feb 04 2021,90,79,0,0,0
04:00:57 Feb 04 2021,91,77,0,0,0
04:00:59 Feb 04 2021,91,78,0,0,0
04:01:01 Feb 04 2021,91,78,0,0,0
04:01:03 Feb 04 2021,91,78,0,0,0
04:01:05 Feb 04 2021,91,78,0,0,0
04:01:07 Feb 04 2021,92,78,0,0,0
04:01:09 Feb 04 2021,94,77,0,0,0
04:01:11 Feb 04 2021,96,76,0,0,0
04:01:13 Feb 04 2021,98,77,1,0,0
04:01:15 Feb 04 2021,98,82,0,0,0
04:01:17 Feb 04 2021,97,83,0,0,0
04:01:19 Feb 04 2021,97,82,0,0,0
04:01:21 Feb 04 2021,97,83,0,0,0
04:01:23 Feb 04 2021,97,82,0,0,0
04:01:25 Feb 04 2021,97,82,0,0,0
04:01:27 Feb 04 2021,97,84,1,0,0
04:01:29 Feb 04 2021,97,85,0,0,0
04:01:31 Feb 04 2021,97,89,0,0,0
04:01:33 Feb 04 2021,97,93,0,0,0
04:01:35 Feb 04 2021,97,89,0,0,0
04:01:37 Feb 04 2021,97,90,0,0,0
04:01:39 Feb 04 2021,97,89,0,0,0
04:01:41 Feb 04 2021,97,88,0,0,0
04:01:43 Feb 04 2021,97,85,0,0,0
04:01:45 Feb 04 2021,96,86,0,0,0
04:01:47 Feb 04 2021,96,84,0,0,0
04:01:49 Feb 04 2021,96,83,0,0,0
04:01:51 Feb 04 2021,96,84,0,0,0
04:01:53 Feb 04 2021,96,84,0,0,0
04:01:55 Feb 04 2021,96,84,0,0,0
04:01:57 Feb 04 2021,96,83,1,0,0
04:01:59 Feb 04 2021,96,84,0,0,0
04:02:01 Feb 04 2021,96,82,0,0,0
04:02:03 Feb 04 2021,96,81,0,0,0
04:02:05 Feb 04 2021,95,81,0,0,0
04:02:07 Feb 04 2021,95,79,0,0,0
04:02:09 Feb 04 2021,94,80,0,0,0
04:02:11 Feb 04 2021,95,80,0,0,0
04:02:13 Feb 04 2021,95,80,0,0,0
04:02:15 Feb 04 2021,95,80,0,0,0
04:02:17 Feb 04 2021,95,79,0,0,0
04:02:19 Feb 04 2021,95,79,0,0,0
04:02:21 Feb 04 2021,96,79,0,0,0
04:02:23 Feb 04 2021,96,79,0,0,0
04:02:25 Feb 04 2021,96,72,0,0,0
04:02:27 Feb 04 2021,97,69,0,0,0
04:02:29 Feb 04 2021,97,65,0,0,0
04:02:31 Feb 04 2021,97,65,0,0,0
04:02:33 Feb 04 2021,97,68,0,0,0
04:02:35 Feb 04 2021,97,72,0,0,0
04:02:37 Feb 04 2021,97,74,0,0,0
04:02:39 Feb 04 2021,97,76,0,0,0
04:02:41 Feb 04 2021,97,74,0,0,0
04:02:43 Feb 04 2021,97,74,0,0,0
04:02:45 Feb 04 2021,97,74,0,0,0
04:02:47 Feb 04 2021,97,69,0,0,0
04:02:49 Feb 04 2021,97,66,0,0,0
04:02:51 Feb 04 2021,97,66,0,0,0
04:02:53 Feb 04 2021,97,66,0,0,0
04:02:55 Feb 04 2021,97,66,0,0,0
04:02:57 Feb 04 2021,97,66,0,0,0
04:02:59 Feb 04 2021,97,65,0,0,0
04:03:01 Feb 04 2021,97,63,0,0,0
04:03:03 Feb 04 2021,97,66,0,0,0
04:03:05 Feb 04 2021,97,68,0,0,0
04:03:07 Feb 04 2021,96,68,0,0,0
04:03:09 Feb 04 2021,96,72,0,0,0
04:03:11 Feb 04 2021,96,72,0,0,0
04:03:13 Feb 04 2021,96,72,0,0,0
04:03:15 Feb 04 2021,96,73,0,0,0
04:03:17 Feb 04 2021,96,74,0,0,0
04:03:19 Feb 04 2021,95,76,0,0,0
04:03:21 Feb 04 2021,94,76,0,0,0
04:03:23 Feb 04 2021,93,75,0,0,0
04:03:25 Feb 04 2021,93,70,0,0,0
04:03:27 Feb 04 2021,93,69,0,0,0
04:03:29 Feb 04 2021,93,71,0,0,0
04:03:31 Feb 04 2021,94,76,0,0,0
04:03:33 Feb 04 2021,94,78,0,0,0
04:03:35 Feb 04 2021,95,77,0,0,0
04:03:37 Feb 04 2021,96,76,0,0,0
04:03:39 Feb 04 2021,97,73,0,0,0
04:03:41 Feb 04 2021,97,72,0,0,0
04:03:43 Feb 04 2021,97,67,0,0,0
04:03:45 Feb 04 2021,97,67,0,0,0
04:03:47 Feb 04 2021,97,67,0,0,0
04:03:49 Feb 04 2021,97,66,0,0,0
04:03:51 Feb 04 2021,97,73,0,0,0
04:03:53 Feb 04 2021,97,72,0,0,0
04:03:55 Feb 04 2021,97,72,0,0,0
04:03:57 Feb 04 2021,97,75,0,0,0
04:03:59 Feb 04 2021,97,75,0,0,0
04:04:01 Feb 04 2021,97,76,0,0,0
04:04:03 Feb 04 2021,97,77,0,0,0
04:04:05 Feb 04 2021,97,77,0,0,0
04:04:07 Feb 04 2021,97,78,0,0,0
04:04:09 Feb 04 2021,97,79,0,0,0
04:04:11 Feb 04 2021,97,80,0,0,0
04:04:13 Feb 04 2021,97,80,0,0,0
04:04:15 Feb 04 2021,97,80,0,0,0
04:04:17 Feb 04 2021,97,79,1,0,0
04:04:19 Feb 04 2021,97,80,0,0,0
04:04:21 Feb 04 2021,97,79,0,0,0
04:04:23 Feb 04 2021,97,80,2,0,0
04:04:25 Feb 04 2021,96,82,0,0,0
04:04:27 Feb 04 2021,96,81,0,0,0
04:04:29 Feb 04 2021,95,81,0,0,0
04:04:31 Feb 04 2021,94,82,0,0,0
04:04:33 Feb 04 2021,94,82,0,0,0
04:04:35 Feb 04 2021,92,82,0,0,0
04:04:37 Feb 04 2021,91,82,0,0,0
04:04:39 Feb 04 2021,91,82,0,0,0
04:04:41 Feb 04 2021,91,82,0,0,0
04:04:43 Feb 04 2021,91,82,0,0,0
04:04:45 Feb 04 2021,90,82,0,0,0
04:04:47 Feb 04 2021,90,82,0,0,0
04:04:49 Feb 04 2021,90,82,0,0,0
04:04:51 Feb 04 2021,90,81,0,0,0
04:04:53 Feb 04 2021,90,80,0,0,0
04:04:55 Feb 04 2021,91,80,0,0,0
04:04:57 Feb 04 2021,92,78,0,0,0
04:04:59 Feb 04 2021,93,80,0,0,0
04:05:01 Feb 04 2021,93,81,0,0,0
04:05:03 Feb 04 2021,93,81,0,0,0
04:05:05 Feb 04 2021,95,82,0,0,0
04:05:07 Feb 04 2021,96,81,0,0,0
04:05:09 Feb 04 2021,96,80,0,0,0
04:05:11 Feb 04 2021,97,79,0,0,0
04:05:13 Feb 04 2021,97,78,0,0,0
04:05:15 Feb 04 2021,97,81,0,0,0
04:05:17 Feb 04 2021,97,81,0,0,0
04:05:19 Feb 04 2021,97,82,0,0,0
04:05:21 Feb 04 2021,97,83,0,0,0
04:05:23 Feb 04 2021,97,82,0,0,0
04:05:25 Feb 04 2021,97,83,0,0,0
04:05:27 Feb 04 2021,97,84,0,0,0
04:05:29 Feb 04 2021,97,82,0,0,0
04:05:31 Feb 04 2021,97,81,0,0,0
04:05:33 Feb 04 2021,97,79,0,0,0
04:05:35 Feb 04 2021,97,75,0,0,0
04:05:37 Feb 04 2021,97,76,0,0,0
04:05:39 Feb 04 2021,97,77,0,0,0
04:05:41 Feb 04 2021,96,76,0,0,0
04:05:43 Feb 04 2021,95,76,0,0,0
04:05:45 Feb 04 2021,95,74,0,0,0
04:05:47 Feb 04 2021,95,72,0,0,0
04:05:49 Feb 04 2021,95,72,0,0,0
04:05:51 Feb 04 2021,94,71,0,0,0
04:05:53 Feb 04 2021,94,73,0,0,0
04:05:55 Feb 04 2021,94,74,0,0,0
04:05:57 Feb 04 2021,93,73,0,0,0
04:05:59 Feb 04 2021,94,74,0,0,0
04:06:01 Feb 04 2021,94,73,0,0,0
04:06:03 Feb 04 2021,94,72,0,0,0
04:06:05 Feb 04 2021,94,73,0,0,0
04:06:07 Feb 04 2021,94,72,0,0,0
04:06:09 Feb 04 2021,94,72,0,0,0
04:06:11 Feb 04 2021,95,72,0,0,0
04:06:13 Feb 04 2021,95,71,0,0,0
04:06:15 Feb 04 2021,96,70,0,0,0
04:06:17 Feb 04 2021,96,71,0,0,0
04:06:19 Feb 04 2021,96,74,0,0,0
04:06:21 Feb 04 2021,97,75,0,0,0
04:06:23 Feb 04 2021,97,76,0,0,0
04:06:25 Feb 04 2021,97,76,0,0,0
04:06:27 Feb 04 2021,97,76,0,0,0
04:06:29 Feb 04 2021,97,76,0,0,0
04:06:31 Feb 04 2021,97,76,0,0,0
04:06:33 Feb 04 2021,97,76,0,0,0
04:06:35 Feb 04 2021,97,76,0,0,0
04:06:37 Feb 04 2021,97,76,0,0,0
04:06:39 Feb 04 2021,97,76,0,0,0
04:06:41 Feb 04 2021,97,76,0,0,0
04:06:43 Feb 04 2021,97,77,0,0,0
04:06:45 Feb 04 2021,97,77,0,0,0
04:06:47 Feb 04 2021,97,78,0,0,0
04:06:49 Feb 04 2021,96,76,0,0,0
04:06:51 Feb 04 2021,96,75,0,0,0
04:06:53 Feb 04 2021,96,75,0,0,0
04:06:55 Feb 04 2021,96,76,0,0,0
04:06:57 Feb 04 2021,96,76,0,0,0
04:06:59 Feb 04 2021,96,76,0,0,0
04:07:01 Feb 04 2021,96,77,0,0,0
04:07:03 Feb 04 2021,96,78,0,0,0
04:07:05 Feb 04 2021,96,80,0,0,0
04:07:07 Feb 04 2021,95,80,0,0,0
04:07:09 Feb 04 2021,93,78,0,0,0
04:07:11 Feb 04 2021,92,79,0,0,0
04:07:13 Feb 04 2021,91,76,0,0,0
04:07:15 Feb 04 2021,91,78,0,0,0
04:07:17 Feb 04 2021,90,77,0,0,0
04:07:19 Feb 04 2021,89,77,0,1,0
04:07:21 Feb 04 2021,90,77,0,0,0
04:07:23 Feb 04 2021,91,77,0,0,0
04:07:25 Feb 04 2021,92,76,0,0,0
04:07:27 Feb 04 2021,92,77,0,0,0
04:07:29 Feb 04 2021,93,78,1,0,0
04:07:31 Feb 04 2021,94,79,0,0,0
04:07:33 Feb 04 2021,94,80,1,0,0
04:07:35 Feb 04 2021,95,81,0,0,0
04:07:37 Feb 04 2021,95,82,0,0,0
04:07:39 Feb 04 2021,96,82,0,0,0
04:07:41 Feb 04 2021,96,82,0,0,0
04:07:43 Feb 04 2021,97,83,0,0,0
04:07:45 Feb 04 2021,97,81,0,0,0
04:07:47 Feb 04 2021,97,81,0,0,0
04:07:49 Feb 04 2021,97,83,0,0,0
04:07:51 Feb 04 2021,97,85,0,0,0
04:07:53 Feb 04 2021,97,83,0,0,0
04:07:55 Feb 04 2021,97,78,0,0,0
04:07:57 Feb 04 2021,97,75,0,0,0
04:07:59 Feb 04 2021,97,73,0,0,0
04:08:01 Feb 04 2021,97,74,0,0,0
04:08:03 Feb 04 2021,97,74,0,0,0
04:08:05 Feb 04 2021,97,75,0,0,0
04:08:07 Feb 04 2021,97,74,0,0,0
04:08:09 Feb 04 2021,97,75,0,0,0
04:08:11 Feb 04 2021,97,76,0,0,0
04:08:13 Feb 04 2021,97,76,0,0,0
04:08:15 Feb 04 2021,97,76,0,0,0
04:08:17 Feb 04 2021,97,76,0,0,0
04:08:19 Feb 04 2021,97,77,0,0,0
04:08:21 Feb 04 2021,96,78,0,0,0
04:08:23 Feb 04 2021,96,78,0,0,0
04:08:25 Feb 04 2021,96,78,0,0,0
04:08:27 Feb 04 2021,96,75,0,0,0
04:08:29 Feb 04 2021,96,75,0,0,0
04:08:31 Feb 04 2021,96,75,0,0,0
04:08:33 Feb 04 2021,96,75,0,0,0
04:08:35 Feb 04 2021,96,74,0,0,0
04:08:37 Feb 04 2021,96,74,0,0,0
04:08:39 Feb 04 2021,96,74,0,0,0
04:08:41 Feb 04 2021,96,74,0,0,0
04:08:43 Feb 04 2021,96,75,0,0,0
04:08:45 Feb 04 2021,96,74,0,0,0
04:08:47 Feb 04 2021,96,73,0,0,0
04:08:49 Feb 04 2021,96,73,0,0,0
04:08:51 Feb 04 2021,96,74,0,0,0
04:08:53 Feb 04 2021,96,72,1,0,0
04:08:55 Feb 04 2021,96,72,0,0,0
04:08:57 Feb 04 2021,96,74,0,0,0
04:08:59 Feb 04 2021,96,72,0,0,0
04:09:01 Feb 04 2021,97,76,0,0,0
04:09:03 Feb 04 2021,97,77,0,0,0
04:09:05 Feb 04 2021,97,76,0,0,0
04:09:07 Feb 04 2021,97,77,0,0,0
04:09:09 Feb 04 2021,97,75,0,0,0
04:09:11 Feb 04 2021,97,75,0,0,0
04:09:13 Feb 04 2021,97,75,0,0,0
04:09:15 Feb 04 2021,97,75,0,0,0
04:09:17 Feb 04 2021,97,77,0,0,0
04:09:19 Feb 04 2021,97,79,0,0,0
04:09:21 Feb 04 2021,97,79,0,0,0
04:09:23 Feb 04 2021,97,78,0,0,0
04:09:25 Feb 04 2021,97,77,0,0,0
04:09:27 Feb 04 2021,97,77,0,0,0
04:09:29 Feb 04 2021,97,77,0,0,0
04:09:31 Feb 04 2021,97,77,0,0,0
04:09:33 Feb 04 2021,97,77,0,0,0
04:09:35 Feb 04 2021,97,76,0,0,0
04:09:37 Feb 04 2021,96,76,0,0,0
04:09:39 Feb 04 2021,97,75,0,0,0
04:09:41 Feb 04 2021,97,75,0,0,0
04:09:43 Feb 04 2021,97,77,0,0,0
04:09:45 Feb 04 2021,97,75,0,0,0
04:09:47 Feb 04 2021,96,76,0,0,0
04:09:49 Feb 04 2021,96,77,0,0,0
04:09:51 Feb 04 2021,96,77,0,0,0
04:09:53 Feb 04 2021,95,77,0,0,0
04:09:55 Feb 04 2021,95,76,0,0,0
04:09:57 Feb 04 2021,94,76,0,0,0
04:09:59 Feb 04 2021,94,76,0,0,0
04:10:01 Feb 04 2021,94,76,0,0,0
04:10:03 Feb 04 2021,94,76,0,0,0
04:10:05 Feb 04 2021,94,77,0,0,0
04:10:07 Feb 04 2021,94,76,0,0,0
04:10:09 Feb 04 2021,94,77,0,0,0
04:10:11 Feb 04 2021,95,76,0,0,0
04:10:13 Feb 04 2021,96,75,0,0,0
04:10:15 Feb 04 2021,96,79,0,0,0
04:10:17 Feb 04 2021,97,76,0,0,0
04:10:19 Feb 04 2021,97,77,0,0,0
04:10:21 Feb 04 2021,97,76,0,0,0
04:10:23 Feb 04 2021,97,75,0,0,0
04:10:25 Feb 04 2021,97,76,0,0,0
04:10:27 Feb 04 2021,97,75,0,0,0
04:10:29 Feb 04 2021,97,77,0,0,0
04:10:31 Feb 04 2021,97,77,0,0,0
04:10:33 Feb 04 2021,97,77,0,0,0
04:10:35 Feb 04 2021,97,80,0,0,0
04:10:37 Feb 04 2021,97,74,0,0,0
04:10:39 Feb 04 2021,97,74,0,0,0
04:10:41 Feb 04 2021,97,71,0,0,0
04:10:43 Feb 04 2021,97,68,0,0,0
04:10:45 Feb 04 2021,97,71,0,0,0
04:10:47 Feb 04 2021,97,70,0,0,0
04:10:49 Feb 04 2021,97,72,0,0,0
04:10:51 Feb 04 2021,97,73,0,0,0
04:10:53 Feb 04 2021,97,72,0,0,0
04:10:55 Feb 04 2021,97,72,0,0,0
04:10:57 Feb 04 2021,97,72,0,0,0
04:10:59 Feb 04 2021,97,75,0,0,0
04:11:01 Feb 04 2021,97,77,0,0,0
04:11:03 Feb 04 2021,97,78,0,0,0
04:11:05 Feb 04 2021,96,74,0,0,0
04:11:07 Feb 04 2021,95,70,0,0,0
04:11:09 Feb 04 2021,95,70,0,0,0
04:11:11 Feb 04 2021,94,73,0,0,0
04:11:13 Feb 04 2021,94,74,0,0,0
04:11:15 Feb 04 2021,95,75,0,0,0
04:11:17 Feb 04 2021,95,74,0,0,0
04:11:19 Feb 04 2021,95,74,0,0,0
04:11:21 Feb 04 2021,95,74,0,0,0
04:11:23 Feb 04 2021,95,73,0,0,0
04:11:25 Feb 04 2021,94,73,0,0,0
04:11:27 Feb 04 2021,93,75,0,0,0
04:11:29 Feb 04 2021,93,76,0,0,0
04:11:31 Feb 04 2021,92,78,0,0,0
04:11:33 Feb 04 2021,93,78,0,0,0
04:11:35 Feb 04 2021,93,78,0,0,0
04:11:37 Feb 04 2021,93,78,0,0,0
04:11:39 Feb 04 2021,93,78,0,0,0
04:11:41 Feb 04 2021,94,78,0,0,0
04:11:43 Feb 04 2021,94,78,0,0,0
04:11:45 Feb 04 2021,95,76,0,0,0
04:11:47 Feb 04 2021,96,75,0,0,0
04:11:49 Feb 04 2021,96,75,0,0,0
04:11:51 Feb 04 2021,97,74,0,0,0
04:11:53 Feb 04 2021,97,76,0,0,0
04:11:55 Feb 04 2021,97,75,0,0,0
04:11:57 Feb 04 2021,97,68,0,0,0
04:11:59 Feb 04 2021,97,66,0,0,0
04:12:01 Feb 04 2021,97,63,0,0,0
04:12:03 Feb 04 2021,97,64,0,0,0
04:12:05 Feb 04 2021,97,67,0,0,0
04:12:07 Feb 04 2021,97,68,0,0,0
04:12:09 Feb 04 2021,97,66,0,0,0
04:12:11 Feb 04 2021,96,68,0,0,0
04:12:13 Feb 04 2021,96,71,0,0,0
04:12:15 Feb 04 2021,96,66,0,0,0
04:12:17 Feb 04 2021,96,73,0,0,0
04:12:19 Feb 04 2021,95,71,0,0,0
04:12:21 Feb 04 2021,95,69,0,0,0
04:12:23 Feb 04 2021,94,70,0,0,0
04:12:25 Feb 04 2021,94,69,0,0,0
04:12:27 Feb 04 2021,94,69,0,0,0
04:12:29 Feb 04 2021,93,67,0,0,0
04:12:31 Feb 04 2021,92,68,0,0,0
04:12:33 Feb 04 2021,91,68,0,0,0
04:12:35 Feb 04 2021,90,68,0,0,0
04:12:37 Feb 04 2021,90,69,0,0,0
04:12:39 Feb 04 2021,90,68,0,0,0
04:12:41 Feb 04 2021,90,68,0,0,0
04:12:43 Feb 04 2021,90,68,0,0,0
04:12:45 Feb 04 2021,91,65,0,0,0
04:12:47 Feb 04 2021,92,64,0,0,0
04:12:49 Feb 04 2021,93,65,0,0,0
04:12:51 Feb 04 2021,94,64,0,0,0
04:12:53 Feb 04 2021,94,65,0,0,0
04:12:55 Feb 04 2021,95,65,0,0,0
04:12:57 Feb 04 2021,95,67,0,0,0
04:12:59 Feb 04 2021,96,66,0,0,0
04:13:01 Feb 04 2021,97,67,0,0,0
04:13:03 Feb 04 2021,97,67,0,0,0
04:13:05 Feb 04 2021,97,67,0,0,0
04:13:07 Feb 04 2021,97,67,0,0,0
04:13:09 Feb 04 2021,97,66,0,0,0
04:13:11 Feb 04 2021,97,65,0,0,0
04:13:13 Feb 04 2021,97,65,0,0,0
04:13:15 Feb 04 2021,97,65,0,0,0
04:13:17 Feb 04 2021,97,65,0,0,0
04:13:19 Feb 04 2021,97,65,0,0,0
04:13:21 Feb 04 2021,97,65,0,0,0
04:13:23 Feb 04 2021,97,65,0,0,0
04:13:25 Feb 04 2021,97,65,0,0,0
04:13:27 Feb 04 2021,97,65,0,0,0
04:13:29 Feb 04 2021,97,65,0,0,0
04:13:31 Feb 04 2021,97,65,0,0,0
04:13:33 Feb 04 2021,97,60,0,0,0
04:13:35 Feb 04 2021,96,55,0,0,0
04:13:37 Feb 04 2021,96,52,0,0,0
04:13:39 Feb 04 2021,95,47,0,0,0
04:13:41 Feb 04 2021,96,47,0,0,0
04:13:43 Feb 04 2021,96,50,0,0,0
04:13:45 Feb 04 2021,96,48,0,0,0
04:13:47 Feb 04 2021,96,48,0,0,0
04:13:49 Feb 04 2021,96,48,0,0,0
04:13:51 Feb 04 2021,96,48,0,0,0
04:13:53 Feb 04 2021,96,48,0,0,0
04:13:55 Feb 04 2021,94,51,0,0,0
04:13:57 Feb 04 2021,94,52,0,0,0
04:13:59 Feb 04 2021,94,52,0,0,0
04:14:01 Feb 04 2021,93,53,0,0,0
04:14:03 Feb 04 2021,93,53,0,0,0
04:14:05 Feb 04 2021,91,61,0,0,0
04:14:07 Feb 04 2021,92,65,0,0,0
04:14:09 Feb 04 2021,93,70,0,0,0
04:14:11 Feb 04 2021,93,74,0,0,0
04:14:13 Feb 04 2021,95,70,0,0,0
04:14:15 Feb 04 2021,96,72,0,0,0
04:14:17 Feb 04 2021,97,73,0,0,0
04:14:19 Feb 04 2021,97,73,0,0,0
04:14:21 Feb 04 2021,97,74,0,0,0
04:14:23 Feb 04 2021,97,74,0,0,0
04:14:25 Feb 04 2021,97,75,0,0,0
04:14:27 Feb 04 2021,97,76,0,0,0
04:14:29 Feb 04 2021,97,77,0,0,0
04:14:31 Feb 04 2021,97,76,0,0,0
04:14:33 Feb 04 2021,97,75,0,0,0
04:14:35 Feb 04 2021,97,74,0,0,0
04:14:37 Feb 04 2021,97,73,0,0,0
04:14:39 Feb 04 2021,97,72,0,0,0
04:14:41 Feb 04 2021,97,72,0,0,0
04:14:43 Feb 04 2021,97,74,0,0,0
04:14:45 Feb 04 2021,97,75,0,0,0
04:14:47 Feb 04 2021,97,78,0,0,0
04:14:49 Feb 04 2021,97,79,0,0,0
04:14:51 Feb 04 2021,97,77,0,0,0
04:14:53 Feb 04 2021,97,78,0,0,0
04:14:55 Feb 04 2021,97,78,0,0,0
04:14:57 Feb 04 2021,96,77,0,0,0
04:14:59 Feb 04 2021,95,77,0,0,0
04:15:01 Feb 04 2021,94,76,0,0,0
04:15:03 Feb 04 2021,93,76,0,0,0
04:15:05 Feb 04 2021,93,76,0,0,0
04:15:07 Feb 04 2021,93,75,0,0,0
04:15:09 Feb 04 2021,93,75,0,0,0
04:15:11 Feb 04 2021,93,75,0,0,0
04:15:13 Feb 04 2021,92,75,0,0,0
04:15:15 Feb 04 2021,92,76,0,0,0
04:15:17 Feb 04 2021,92,76,0,0,0
04:15:19 Feb 04 2021,92,76,0,0,0
04:15:21 Feb 04 2021,93,76,0,0,0
04:15:23 Feb 04 2021,93,76,0,0,0
04:15:25 Feb 04 2021,94,75,0,0,0
04:15:27 Feb 04 2021,96,69,0,0,0
04:15:29 Feb 04 2021,96,68,0,0,0
04:15:31 Feb 04 2021,97,66,0,0,0
04:15:33 Feb 04 2021,97,68,0,0,0
04:15:35 Feb 04 2021,97,73,0,0,0
04:15:37 Feb 04 2021,97,71,0,0,0
04:15:39 Feb 04 2021,97,73,0,0,0
04:15:41 Feb 04 2021,97,72,0,0,0
04:15:43 Feb 04 2021,97,70,0,0,0
04:15:45 Feb 04 2021,97,70,0,0,0
04:15:47 Feb 04 2021,97,70,0,0,0
04:15:49 Feb 04 2021,97,67,0,0,0
04:15:51 Feb 04 2021,97,67,0,0,0
04:15:53 Feb 04 2021,97,65,0,0,0
04:15:55 Feb 04 2021,97,61,0,0,0
04:15:57 Feb 04 2021,97,59,0,0,0
04:15:59 Feb 04 2021,97,58,0,0,0
04:16:01 Feb 04 2021,97,58,0,0,0
04:16:03 Feb 04 2021,97,57,0,0,0
04:16:05 Feb 04 2021,97,57,0,0,0
04:16:07 Feb 04 2021,97,57,0,0,0
04:16:09 Feb 04 2021,97,57,0,0,0
04:16:11 Feb 04 2021,97,58,0,0,0
04:16:13 Feb 04 2021,97,60,0,0,0
04:16:15 Feb 04 2021,96,61,0,0,0
04:16:17 Feb 04 2021,96,62,0,0,0
04:16:19 Feb 04 2021,97,62,0,0,0
04:16:21 Feb 04 2021,97,62,0,0,0
04:16:23 Feb 04 2021,96,62,0,0,0
04:16:25 Feb 04 2021,96,62,0,0,0
04:16:27 Feb 04 2021,96,60,0,0,0
04:16:29 Feb 04 2021,96,61,0,0,0
04:16:31 Feb 04 2021,94,59,0,0,0
04:16:33 Feb 04 2021,93,58,0,0,0
04:16:35 Feb 04 2021,92,57,0,0,0
04:16:37 Feb 04 2021,93,57,0,0,0
04:16:39 Feb 04 2021,93,57,0,0,0
04:16:41 Feb 04 2021,93,57,0,0,0
04:16:43 Feb 04 2021,93,57,0,0,0
04:16:45 Feb 04 2021,93,57,0,0,0
04:16:47 Feb 04 2021,93,58,0,0,0
04:16:49 Feb 04 2021,93,57,0,0,0
04:16:51 Feb 04 2021,94,58,0,0,0
04:16:53 Feb 04 2021,95,60,0,0,0
04:16:55 Feb 04 2021,96,60,0,0,0
04:16:57 Feb 04 2021,97,62,0,0,0
04:16:59 Feb 04 2021,97,62,0,0,0
04:17:01 Feb 04 2021,97,62,0,0,0
04:17:03 Feb 04 2021,97,63,0,0,0
04:17:05 Feb 04 2021,97,63,0,0,0
04:17:07 Feb 04 2021,97,63,0,0,0
04:17:09 Feb 04 2021,97,64,0,0,0
04:17:11 Feb 04 2021,97,65,0,0,0
04:17:13 Feb 04 2021,97,63,0,0,0
04:17:15 Feb 04 2021,97,65,0,0,0
04:17:17 Feb 04 2021,97,66,2,0,0
04:17:19 Feb 04 2021,97,66,0,0,0
04:17:21 Feb 04 2021,97,67,0,0,0
04:17:23 Feb 04 2021,97,67,0,0,0
04:17:25 Feb 04 2021,97,67,0,0,0
04:17:27 Feb 04 2021,96,67,0,0,0
04:17:29 Feb 04 2021,96,68,0,0,0
04:17:31 Feb 04 2021,96,68,0,0,0
04:17:33 Feb 04 2021,96,69,0,0,0
04:17:35 Feb 04 2021,97,68,0,0,0
04:17:37 Feb 04 2021,97,66,0,0,0
04:17:39 Feb 04 2021,96,66,0,0,0
04:17:41 Feb 04 2021,94,67,0,0,0
04:17:43 Feb 04 2021,94,68,0,0,0
04:17:45 Feb 04 2021,96,69,0,0,0
04:17:47 Feb 04 2021,95,70,0,0,0
04:17:49 Feb 04 2021,97,68,0,0,0
04:17:51 Feb 04 2021,95,67,0,0,0
04:17:53 Feb 04 2021,95,68,0,0,0
04:17:55 Feb 04 2021,96,69,0,0,0
04:17:57 Feb 04 2021,96,70,0,0,0
04:17:59 Feb 04 2021,97,70,0,0,0
04:18:01 Feb 04 2021,97,69,0,0,0
04:18:03 Feb 04 2021,96,66,0,0,0
04:18:05 Feb 04 2021,96,64,0,0,0
04:18:07 Feb 04 2021,96,64,0,0,0
04:18:09 Feb 04 2021,96,65,0,0,0
04:18:11 Feb 04 2021,96,64,0,0,0
04:18:13 Feb 04 2021,96,64,0,0,0
04:18:15 Feb 04 2021,97,65,0,0,0
04:18:17 Feb 04 2021,97,65,0,0,0
04:18:19 Feb 04 2021,97,66,1,0,0
04:18:21 Feb 04 2021,97,66,0,0,0
04:18:23 Feb 04 2021,97,67,0,0,0
04:18:25 Feb 04 2021,97,68,0,0,0
04:18:27 Feb 04 2021,97,72,0,0,0
04:18:29 Feb 04 2021,97,73,0,0,0
04:18:31 Feb 04 2021,97,72,0,0,0
04:18:33 Feb 04 2021,97,73,0,0,0
04:18:35 Feb 04 2021,96,73,0,0,0
04:18:37 Feb 04 2021,96,73,0,0,0
04:18:39 Feb 04 2021,96,72,0,0,0
04:18:41 Feb 04 2021,96,72,0,0,0
04:18:43 Feb 04 2021,96,74,0,0,0
04:18:45 Feb 04 2021,96,75,0,0,0
04:18:47 Feb 04 2021,96,79,0,0,0
04:18:49 Feb 04 2021,96,78,0,0,0
04:18:51 Feb 04 2021,97,76,0,0,0
04:18:53 Feb 04 2021,97,78,0,0,0
04:18:55 Feb 04 2021,97,77,0,0,0
04:18:57 Feb 04 2021,96,79,0,0,0
04:18:59 Feb 04 2021,94,80,0,0,0
04:19:01 Feb 04 2021,94,81,0,0,0
04:19:03 Feb 04 2021,94,82,0,0,0
04:19:05 Feb 04 2021,94,80,0,0,0
04:19:07 Feb 04 2021,94,79,0,0,0
04:19:09 Feb 04 2021,94,79,0,0,0
04:19:11 Feb 04 2021,94,79,0,0,0
04:19:13 Feb 04 2021,94,79,0,0,0
04:19:15 Feb 04 2021,94,76,0,0,0
04:19:17 Feb 04 2021,94,73,0,0,0
04:19:19 Feb 04 2021,95,72,0,0,0
04:19:21 Feb 04 2021,95,73,0,0,0
04:19:23 Feb 04 2021,96,73,0,0,0
04:19:25 Feb 04 2021,96,72,0,0,0
04:19:27 Feb 04 2021,96,73,0,0,0
04:19:29 Feb 04 2021,96,72,0,0,0
04:19:31 Feb 04 2021,96,71,0,0,0
04:19:33 Feb 04 2021,97,70,0,0,0
04:19:35 Feb 04 2021,97,66,0,0,0
04:19:37 Feb 04 2021,97,67,0,0,0
04:19:39 Feb 04 2021,97,68,0,0,0
04:19:41 Feb 04 2021,97,66,0,0,0
04:19:43 Feb 04 2021,97,66,0,0,0
04:19:45 Feb 04 2021,97,63,0,0,0
04:19:47 Feb 04 2021,97,61,0,0,0
04:19:49 Feb 04 2021,97,56,0,0,0
04:19:51 Feb 04 2021,97,52,0,0,0
04:19:53 Feb 04 2021,97,54,0,0,0
04:19:55 Feb 04 2021,97,56,0,0,0
04:19:57 Feb 04 2021,97,55,0,0,0
04:19:59 Feb 04 2021,97,52,0,0,0
04:20:01 Feb 04 2021,97,52,0,0,0
04:20:03 Feb 04 2021,97,51,0,0,0
04:20:05 Feb 04 2021,97,50,0,0,0
04:20:07 Feb 04 2021,97,52,0,0,0
04:20:09 Feb 04 2021,97,51,0,0,0
04:20:11 Feb 04 2021,96,51,0,0,0
04:20:13 Feb 04 2021,97,52,0,0,0
04:20:15 Feb 04 2021,97,52,0,0,0
04:20:17 Feb 04 2021,97,52,0,0,0
04:20:19 Feb 04 2021,97,52,0,0,0
04:20:21 Feb 04 2021,97,52,0,0,0
04:20:23 Feb 04 2021,97,52,0,0,0
04:20:25 Feb 04 2021,97,53,0,0,0
04:20:27 Feb 04 2021,97,53,0,0,0
04:20:29 Feb 04 2021,97,51,0,0,0
04:20:31 Feb 04 2021,97,51,0,0,0
04:20:33 Feb 04 2021,97,47,0,0,0
04:20:35 Feb 04 2021,97,48,0,0,0
04:20:37 Feb 04 2021,97,48,0,0,0
04:20:39 Feb 04 2021,97,49,0,0,0
04:20:41 Feb 04 2021,97,49,0,0,0
04:20:43 Feb 04 2021,97,49,0,0,0
04:20:45 Feb 04 2021,97,49,0,0,0
04:20:47 Feb 04 2021,97,49,0,0,0
04:20:49 Feb 04 2021,96,48,0,0,0
04:20:51 Feb 04 2021,96,48,0,0,0
04:20:53 Feb 04 2021,96,48,0,0,0
04:20:55 Feb 04 2021,96,48,0,0,0
04:20:57 Feb 04 2021,96,48,0,0,0
04:20:59 Feb 04 2021,96,47,0,0,0
04:21:01 Feb 04 2021,96,48,1,0,0
04:21:03 Feb 04 2021,96,48,3,0,0
04:21:05 Feb 04 2021,96,48,10,0,0
04:21:07 Feb 04 2021,96,48,0,0,0
04:21:09 Feb 04 2021,96,48,0,0,0
04:21:11 Feb 04 2021,95,48,0,0,0
04:21:13 Feb 04 2021,95,48,0,0,0
04:21:15 Feb 04 2021,95,48,0,0,0
04:21:17 Feb 04 2021,95,48,0,0,0
04:21:19 Feb 04 2021,95,48,0,0,0
04:21:21 Feb 04 2021,93,51,0,0,0
04:21:23 Feb 04 2021,91,53,0,0,0
04:21:25 Feb 04 2021,91,59,0,0,0
04:21:27 Feb 04 2021,88,63,0,1,0
04:21:29 Feb 04 2021,89,60,0,0,0
04:21:31 Feb 04 2021,88,63,0,0,0
04:21:33 Feb 04 2021,88,64,0,0,0
04:21:35 Feb 04 2021,88,65,0,0,0
04:21:37 Feb 04 2021,88,68,0,0,0
04:21:39 Feb 04 2021,88,68,0,0,0
04:21:41 Feb 04 2021,88,68,0,0,0
04:21:43 Feb 04 2021,89,70,1,0,0
04:21:45 Feb 04 2021,91,71,0,0,0
04:21:47 Feb 04 2021,92,71,0,0,0
04:21:49 Feb 04 2021,93,72,0,0,0
04:21:51 Feb 04 2021,94,77,0,0,0
04:21:53 Feb 04 2021,94,77,0,0,0
04:21:55 Feb 04 2021,95,78,0,0,0
04:21:57 Feb 04 2021,96,80,0,0,0
04:21:59 Feb 04 2021,96,73,0,0,0
04:22:01 Feb 04 2021,97,70,0,0,0
04:22:03 Feb 04 2021,97,67,0,0,0
04:22:05 Feb 04 2021,97,66,0,0,0
04:22:07 Feb 04 2021,97,67,0,0,0
04:22:09 Feb 04 2021,97,69,0,0,0
04:22:11 Feb 04 2021,97,70,0,0,0
04:22:13 Feb 04 2021,97,70,0,0,0
04:22:15 Feb 04 2021,97,71,0,0,0
04:22:17 Feb 04 2021,97,70,0,0,0
04:22:19 Feb 04 2021,97,72,0,0,0
04:22:21 Feb 04 2021,96,74,0,0,0
04:22:23 Feb 04 2021,96,75,0,0,0
04:22:25 Feb 04 2021,95,80,0,0,0
04:22:27 Feb 04 2021,96,82,0,0,0
04:22:29 Feb 04 2021,96,84,0,0,0
04:22:31 Feb 04 2021,96,85,0,0,0
04:22:33 Feb 04 2021,97,82,0,0,0
04:22:35 Feb 04 2021,97,80,0,0,0
04:22:37 Feb 04 2021,97,78,0,0,0
04:22:39 Feb 04 2021,97,77,0,0,0
04:22:41 Feb 04 2021,96,79,0,0,0
04:22:43 Feb 04 2021,92,79,0,0,0
04:22:45 Feb 04 2021,92,79,0,0,0
04:22:47 Feb 04 2021,90,79,0,0,0
04:22:49 Feb 04 2021,90,76,0,0,0
04:22:51 Feb 04 2021,91,73,0,0,0
04:22:53 Feb 04 2021,91,74,0,0,0
04:22:55 Feb 04 2021,91,71,0,0,0
04:22:57 Feb 04 2021,92,74,0,0,0
04:22:59 Feb 04 2021,93,75,0,0,0
04:23:01 Feb 04 2021,94,75,0,0,0
04:23:03 Feb 04 2021,95,76,0,0,0
04:23:05 Feb 04 2021,96,75,0,0,0
04:23:07 Feb 04 2021,97,75,0,0,0
04:23:09 Feb 04 2021,97,75,0,0,0
04:23:11 Feb 04 2021,97,75,0,0,0
04:23:13 Feb 04 2021,97,75,0,0,0
04:23:15 Feb 04 2021,97,75,0,0,0
04:23:17 Feb 04 2021,97,75,0,0,0
04:23:19 Feb 04 2021,97,78,0,0,0
04:23:21 Feb 04 2021,97,79,0,0,0
04:23:23 Feb 04 2021,97,80,0,0,0
04:23:25 Feb 04 2021,97,81,0,0,0
04:23:27 Feb 04 2021,97,80,0,0,0
04:23:29 Feb 04 2021,97,80,0,0,0
04:23:31 Feb 04 2021,97,80,0,0,0
04:23:33 Feb 04 2021,97,80,0,0,0
04:23:35 Feb 04 2021,96,80,0,0,0
04:23:37 Feb 04 2021,96,79,0,0,0
04:23:39 Feb 04 2021,95,71,0,0,0
04:23:41 Feb 04 2021,94,64,0,0,0
04:23:43 Feb 04 2021,93,57,0,0,0
04:23:45 Feb 04 2021,93,58,0,0,0
04:23:47 Feb 04 2021,93,59,0,0,0
04:23:49 Feb 04 2021,92,62,0,0,0
04:23:51 Feb 04 2021,92,62,0,0,0
04:23:53 Feb 04 2021,92,63,0,0,0
04:23:55 Feb 04 2021,91,67,0,0,0
04:23:57 Feb 04 2021,91,67,0,0,0
04:23:59 Feb 04 2021,91,69,0,0,0
04:24:01 Feb 04 2021,91,68,0,0,0
04:24:03 Feb 04 2021,92,68,0,0,0
04:24:05 Feb 04 2021,91,67,0,0,0
04:24:07 Feb 04 2021,91,67,0,0,0
04:24:09 Feb 04 2021,90,64,0,0,0
04:24:11 Feb 04 2021,90,58,0,0,0
04:24:13 Feb 04 2021,91,55,0,0,0
04:24:15 Feb 04 2021,92,56,0,0,0
04:24:17 Feb 04 2021,93,55,0,0,0
04:24:19 Feb 04 2021,95,52,0,0,0
04:24:21 Feb 04 2021,96,46,0,0,0
04:24:23 Feb 04 2021,96,39,0,0,0
04:24:25 Feb 04 2021,96,39,0,0,0
04:24:27 Feb 04 2021,96,39,0,0,0
04:24:29 Feb 04 2021,96,40,0,0,0
04:24:31 Feb 04 2021,96,40,0,0,0
04:24:33 Feb 04 2021,96,40,0,0,0
04:24:35 Feb 04 2021,96,40,0,0,0
04:24:37 Feb 04 2021,96,44,0,0,0
04:24:39 Feb 04 2021,97,48,0,0,0
04:24:41 Feb 04 2021,97,49,0,0,0
04:24:43 Feb 04 2021,97,50,0,0,0
04:24:45 Feb 04 2021,97,48,0,0,0
04:24:47 Feb 04 2021,97,49,0,0,0
04:24:49 Feb 04 2021,97,52,0,0,0
04:24:51 Feb 04 2021,97,53,0,0,0
04:24:53 Feb 04 2021,96,55,0,0,0
04:24:55 Feb 04 2021,96,56,0,0,0
04:24:57 Feb 04 2021,95,56,0,0,0
04:24:59 Feb 04 2021,95,59,0,0,0
04:25:01 Feb 04 2021,95,61,0,0,0
04:25:03 Feb 04 2021,94,62,0,0,0
04:25:05 Feb 04 2021,94,62,0,0,0
04:25:07 Feb 04 2021,93,61,0,0,0
04:25:09 Feb 04 2021,93,61,0,0,0
04:25:11 Feb 04 2021,94,61,0,0,0
04:25:13 Feb 04 2021,93,62,0,0,0
04:25:15 Feb 04 2021,92,62,0,0,0
04:25:17 Feb 04 2021,91,63,0,0,0
04:25:19 Feb 04 2021,89,63,0,1,0
04:25:21 Feb 04 2021,89,65,0,0,0
04:25:23 Feb 04 2021,89,69,0,0,0
04:25:25 Feb 04 2021,89,70,0,0,0
04:25:27 Feb 04 2021,90,70,0,0,0
04:25:29 Feb 04 2021,91,69,0,0,0
04:25:31 Feb 04 2021,92,67,0,0,0
04:25:33 Feb 04 2021,93,66,0,0,0
04:25:35 Feb 04 2021,93,66,0,0,0
04:25:37 Feb 04 2021,93,66,0,0,0
04:25:39 Feb 04 2021,94,66,0,0,0
04:25:41 Feb 04 2021,94,66,0,0,0
04:25:43 Feb 04 2021,94,66,0,0,0
04:25:45 Feb 04 2021,95,65,0,0,0
04:25:47 Feb 04 2021,95,65,0,0,0
04:25:49 Feb 04 2021,96,66,0,0,0
04:25:51 Feb 04 2021,96,67,0,0,0
04:25:53 Feb 04 2021,96,66,0,0,0
04:25:55 Feb 04 2021,97,65,0,0,0
04:25:57 Feb 04 2021,97,64,0,0,0
04:25:59 Feb 04 2021,97,64,0,0,0
04:26:01 Feb 04 2021,97,63,0,0,0
04:26:03 Feb 04 2021,97,62,0,0,0
04:26:05 Feb 04 2021,96,58,0,0,0
04:26:07 Feb 04 2021,96,56,0,0,0
04:26:09 Feb 04 2021,96,58,0,0,0
04:26:11 Feb 04 2021,96,57,0,0,0
04:26:13 Feb 04 2021,96,59,0,0,0
04:26:15 Feb 04 2021,96,57,0,0,0
04:26:17 Feb 04 2021,95,57,0,0,0
04:26:19 Feb 04 2021,95,59,0,0,0
04:26:21 Feb 04 2021,94,58,0,0,0
04:26:23 Feb 04 2021,93,58,0,0,0
04:26:25 Feb 04 2021,93,56,0,0,0
04:26:27 Feb 04 2021,92,56,0,0,0
04:26:29 Feb 04 2021,93,54,0,0,0
04:26:31 Feb 04 2021,93,54,0,0,0
04:26:33 Feb 04 2021,93,58,0,0,0
04:26:35 Feb 04 2021,93,59,0,0,0
04:26:37 Feb 04 2021,92,62,0,0,0
04:26:39 Feb 04 2021,91,64,0,0,0
04:26:41 Feb 04 2021,91,63,0,0,0
04:26:43 Feb 04 2021,90,64,0,0,0
04:26:45 Feb 04 2021,90,65,0,1,0
04:26:47 Feb 04 2021,90,64,0,0,0
04:26:49 Feb 04 2021,90,64,0,0,0
04:26:51 Feb 04 2021,90,64,0,0,0
04:26:53 Feb 04 2021,90,64,0,0,0
04:26:55 Feb 04 2021,90,64,0,0,0
04:26:57 Feb 04 2021,90,64,0,0,0
04:26:59 Feb 04 2021,90,64,0,0,0
04:27:01 Feb 04 2021,90,64,0,0,0
04:27:03 Feb 04 2021,90,64,0,0,0
04:27:05 Feb 04 2021,92,60,0,0,0
04:27:07 Feb 04 2021,94,50,0,0,0
04:27:09 Feb 04 2021,96,41,0,0,0
04:27:11 Feb 04 2021,97,38,0,0,0
04:27:13 Feb 04 2021,97,37,0,0,0
04:27:15 Feb 04 2021,97,37,0,0,0
04:27:17 Feb 04 2021,97,37,0,0,0
04:27:19 Feb 04 2021,97,37,0,0,0
04:27:21 Feb 04 2021,97,37,0,0,0
04:27:23 Feb 04 2021,97,37,0,0,0
04:27:25 Feb 04 2021,97,37,0,0,0
04:27:27 Feb 04 2021,97,37,0,0,0
04:27:29 Feb 04 2021,97,37,0,0,0
04:27:31 Feb 04 2021,97,37,0,0,0
04:27:33 Feb 04 2021,97,37,0,0,0
04:27:35 Feb 04 2021,97,37,0,0,0
04:27:37 Feb 04 2021,97,37,0,0,0
04:27:39 Feb 04 2021,97,37,0,0,0
04:27:41 Feb 04 2021,97,37,0,0,0
04:27:43 Feb 04 2021,97,37,0,0,0
04:27:45 Feb 04 2021,97,37,0,0,0
04:27:47 Feb 04 2021,97,37,0,0,0
04:27:49 Feb 04 2021,96,37,0,0,0
04:27:51 Feb 04 2021,95,37,0,0,0
04:27:53 Feb 04 2021,92,37,0,0,0
04:27:55 Feb 04 2021,89,37,0,1,0
04:27:57 Feb 04 2021,87,37,0,0,0
04:27:59 Feb 04 2021,87,38,0,0,0
04:28:01 Feb 04 2021,86,39,0,0,0
04:28:03 Feb 04 2021,86,41,0,0,0
04:28:05 Feb 04 2021,85,41,0,0,0
04:28:07 Feb 04 2021,85,41,2,0,0
04:28:09 Feb 04 2021,85,41,1,0,0
04:28:11 Feb 04 2021,86,41,0,0,0
04:28:13 Feb 04 2021,86,41,1,0,0
04:28:15 Feb 04 2021,86,41,1,0,0
04:28:17 Feb 04 2021,86,41,1,0,0
04:28:19 Feb 04 2021,86,41,1,0,0
04:28:21 Feb 04 2021,86,41,0,0,0
04:28:23 Feb 04 2021,86,41,0,0,0
04:28:25 Feb 04 2021,86,41,0,0,0
04:28:27 Feb 04 2021,86,41,2,0,0
04:28:29 Feb 04 2021,86,41,1,0,0
04:28:31 Feb 04 2021,86,41,1,0,0
04:28:33 Feb 04 2021,86,41,2,0,0
04:28:35 Feb 04 2021,86,41,0,0,0
04:28:37 Feb 04 2021,86,41,0,0,0
04:28:39 Feb 04 2021,86,41,1,0,0
04:28:41 Feb 04 2021,86,41,0,0,0
04:28:43 Feb 04 2021,86,41,0,0,0
04:28:45 Feb 04 2021,86,41,1,0,0
04:28:47 Feb 04 2021,86,41,2,0,0
04:28:49 Feb 04 2021,86,41,4,0,0
04:28:51 Feb 04 2021,86,41,2,0,0
04:28:53 Feb 04 2021,86,41,1,0,0
04:28:55 Feb 04 2021,86,41,0,1,0
04:28:57 Feb 04 2021,86,41,1,0,0
04:28:59 Feb 04 2021,86,41,1,0,0
04:29:01 Feb 04 2021,88,48,0,0,0
04:29:03 Feb 04 2021,91,52,0,0,0
04:29:05 Feb 04 2021,95,61,0,0,0
04:29:07 Feb 04 2021,97,66,0,0,0
04:29:09 Feb 04 2021,97,61,0,0,0
04:29:11 Feb 04 2021,97,66,0,0,0
04:29:13 Feb 04 2021,97,65,0,0,0
04:29:15 Feb 04 2021,97,68,1,0,0
04:29:17 Feb 04 2021,96,68,1,0,0
04:29:19 Feb 04 2021,96,70,1,0,0
04:29:21 Feb 04 2021,96,71,1,0,0
04:29:23 Feb 04 2021,96,72,0,0,0
04:29:25 Feb 04 2021,96,76,0,0,0
04:29:27 Feb 04 2021,96,74,0,0,0
04:29:29 Feb 04 2021,96,76,0,0,0
04:29:31 Feb 04 2021,96,76,1,0,0
04:29:33 Feb 04 2021,96,76,1,0,0
04:29:35 Feb 04 2021,96,76,0,0,0
04:29:37 Feb 04 2021,96,78,0,0,0
04:29:39 Feb 04 2021,96,78,0,0,0
04:29:41 Feb 04 2021,96,81,0,0,0
04:29:43 Feb 04 2021,96,81,1,0,0
04:29:45 Feb 04 2021,96,80,0,0,0
04:29:47 Feb 04 2021,96,82,1,0,0
04:29:49 Feb 04 2021,97,80,0,0,0
04:29:51 Feb 04 2021,97,78,0,0,0
04:29:53 Feb 04 2021,97,77,0,0,0
04:29:55 Feb 04 2021,97,77,0,0,0
04:29:57 Feb 04 2021,97,77,0,0,0
04:29:59 Feb 04 2021,97,77,0,0,0
04:30:01 Feb 04 2021,97,77,0,0,0
04:30:03 Feb 04 2021,97,77,1,0,0
04:30:05 Feb 04 2021,97,77,1,0,0
04:30:07 Feb 04 2021,97,77,0,0,0
04:30:09 Feb 04 2021,97,77,0,0,0
04:30:11 Feb 04 2021,97,77,0,0,0
04:30:13 Feb 04 2021,97,77,0,0,0
04:30:15 Feb 04 2021,97,77,0,0,0
04:30:17 Feb 04 2021,97,81,0,0,0
04:30:19 Feb 04 2021,97,81,0,0,0
04:30:21 Feb 04 2021,95,80,1,0,0
04:30:23 Feb 04 2021,93,81,0,0,0
04:30:25 Feb 04 2021,93,79,1,0,0
04:30:27 Feb 04 2021,91,80,0,0,0
04:30:29 Feb 04 2021,91,80,0,0,0
04:30:31 Feb 04 2021,91,81,1,0,0
04:30:33 Feb 04 2021,91,80,0,0,0
04:30:35 Feb 04 2021,91,80,0,0,0
04:30:37 Feb 04 2021,91,81,0,0,0
04:30:39 Feb 04 2021,91,81,1,0,0
04:30:41 Feb 04 2021,91,81,1,0,0
04:30:43 Feb 04 2021,91,81,0,0,0
04:30:45 Feb 04 2021,92,79,1,0,0
04:30:47 Feb 04 2021,94,79,0,0,0
04:30:49 Feb 04 2021,95,78,0,0,0
04:30:51 Feb 04 2021,96,77,0,0,0
04:30:53 Feb 04 2021,96,82,0,0,0
04:30:55 Feb 04 2021,96,83,1,0,0
04:30:57 Feb 04 2021,97,84,0,0,0
04:30:59 Feb 04 2021,97,81,0,0,0
04:31:01 Feb 04 2021,97,79,0,0,0
04:31:03 Feb 04 2021,97,78,0,0,0
04:31:05 Feb 04 2021,97,79,0,0,0
04:31:07 Feb 04 2021,97,79,0,0,0
04:31:09 Feb 04 2021,97,79,0,0,0
04:31:11 Feb 04 2021,97,80,1,0,0
04:31:13 Feb 04 2021,97,79,0,0,0
04:31:15 Feb 04 2021,97,79,1,0,0
04:31:17 Feb 04 2021,97,79,0,0,0
04:31:19 Feb 04 2021,96,79,0,0,0
04:31:21 Feb 04 2021,96,79,0,0,0
04:31:23 Feb 04 2021,95,80,0,0,0
04:31:25 Feb 04 2021,95,80,0,0,0
04:31:27 Feb 04 2021,95,81,1,0,0
04:31:29 Feb 04 2021,94,79,1,0,0
04:31:31 Feb 04 2021,94,78,0,0,0
04:31:33 Feb 04 2021,93,78,1,0,0
04:31:35 Feb 04 2021,93,74,0,0,0
04:31:37 Feb 04 2021,92,75,1,0,0
04:31:39 Feb 04 2021,92,75,0,0,0
04:31:41 Feb 04 2021,92,74,0,0,0
04:31:43 Feb 04 2021,92,75,1,0,0
04:31:45 Feb 04 2021,92,74,1,0,0
04:31:47 Feb 04 2021,92,73,0,0,0
04:31:49 Feb 04 2021,92,73,1,0,0
04:31:51 Feb 04 2021,92,74,0,0,0
04:31:53 Feb 04 2021,92,73,1,0,0
04:31:55 Feb 04 2021,92,75,0,0,0
04:31:57 Feb 04 2021,92,75,0,0,0
04:31:59 Feb 04 2021,93,74,0,0,0
04:32:01 Feb 04 2021,93,77,0,0,0
04:32:03 Feb 04 2021,94,76,0,0,0
04:32:05 Feb 04 2021,95,75,1,0,0
04:32:07 Feb 04 2021,96,76,1,0,0
04:32:09 Feb 04 2021,96,70,0,0,0
04:32:11 Feb 04 2021,96,69,0,0,0
04:32:13 Feb 04 2021,96,70,0,0,0
04:32:15 Feb 04 2021,97,71,1,0,0
04:32:17 Feb 04 2021,97,71,1,0,0
04:32:19 Feb 04 2021,97,71,0,0,0
04:32:21 Feb 04 2021,96,62,1,0,0
04:32:23 Feb 04 2021,96,59,0,0,0
04:32:25 Feb 04 2021,96,63,0,0,0
04:32:27 Feb 04 2021,96,60,0,0,0
04:32:29 Feb 04 2021,96,67,0,0,0
04:32:31 Feb 04 2021,96,72,1,0,0
04:32:33 Feb 04 2021,96,70,0,0,0
04:32:35 Feb 04 2021,96,74,0,0,0
04:32:37 Feb 04 2021,96,76,0,0,0
04:32:39 Feb 04 2021,96,77,0,0,0
04:32:41 Feb 04 2021,95,79,0,0,0
04:32:43 Feb 04 2021,95,81,0,0,0
04:32:45 Feb 04 2021,94,81,0,0,0
04:32:47 Feb 04 2021,94,80,1,0,0
04:32:49 Feb 04 2021,93,81,0,0,0
04:32:51 Feb 04 2021,92,76,1,0,0
04:32:53 Feb 04 2021,91,74,1,0,0
04:32:55 Feb 04 2021,91,73,0,0,0
04:32:57 Feb 04 2021,90,67,1,0,0
04:32:59 Feb 04 2021,90,67,1,0,0
04:33:01 Feb 04 2021,90,67,1,0,0
04:33:03 Feb 04 2021,90,67,0,0,0
04:33:05 Feb 04 2021,90,70,0,0,0
04:33:07 Feb 04 2021,90,67,0,0,0
04:33:09 Feb 04 2021,91,65,0,0,0
04:33:11 Feb 04 2021,92,65,0,0,0
04:33:13 Feb 04 2021,93,65,1,0,0
04:33:15 Feb 04 2021,94,65,0,0,0
04:33:17 Feb 04 2021,95,65,0,0,0
04:33:19 Feb 04 2021,95,69,0,0,0
04:33:21 Feb 04 2021,96,74,0,0,0
04:33:23 Feb 04 2021,96,78,0,0,0
04:33:25 Feb 04 2021,96,79,1,0,0
04:33:27 Feb 04 2021,96,79,0,0,0
04:33:29 Feb 04 2021,96,79,0,0,0
04:33:31 Feb 04 2021,96,79,0,0,0
04:33:33 Feb 04 2021,96,80,0,0,0
04:33:35 Feb 04 2021,96,79,0,0,0
04:33:37 Feb 04 2021,96,79,0,0,0
04:33:39 Feb 04 2021,96,78,0,0,0
04:33:41 Feb 04 2021,96,78,0,0,0
04:33:43 Feb 04 2021,96,77,0,0,0
04:33:45 Feb 04 2021,96,77,1,0,0
04:33:47 Feb 04 2021,96,77,0,0,0
04:33:49 Feb 04 2021,96,76,1,0,0
04:33:51 Feb 04 2021,95,75,1,0,0
04:33:53 Feb 04 2021,95,74,0,0,0
04:33:55 Feb 04 2021,95,73,1,0,0
04:33:57 Feb 04 2021,94,73,1,0,0
04:33:59 Feb 04 2021,93,75,0,0,0
04:34:01 Feb 04 2021,92,76,0,0,0
04:34:03 Feb 04 2021,91,78,0,0,0
04:34:05 Feb 04 2021,90,79,1,0,0
04:34:07 Feb 04 2021,90,79,1,0,0
04:34:09 Feb 04 2021,90,79,0,0,0
04:34:11 Feb 04 2021,90,79,0,0,0
04:34:13 Feb 04 2021,90,81,0,0,0
04:34:15 Feb 04 2021,90,82,0,0,0
04:34:17 Feb 04 2021,91,82,1,0,0
04:34:19 Feb 04 2021,91,81,0,0,0
04:34:21 Feb 04 2021,92,80,0,0,0
04:34:23 Feb 04 2021,92,79,0,0,0
04:34:25 Feb 04 2021,93,79,1,0,0
04:34:27 Feb 04 2021,94,79,0,0,0
04:34:29 Feb 04 2021,95,78,0,0,0
04:34:31 Feb 04 2021,96,76,0,0,0
04:34:33 Feb 04 2021,96,77,1,0,0
04:34:35 Feb 04 2021,96,77,0,0,0
04:34:37 Feb 04 2021,96,72,1,0,0
04:34:39 Feb 04 2021,96,72,0,0,0
04:34:41 Feb 04 2021,96,72,0,0,0
04:34:43 Feb 04 2021,96,71,1,0,0
04:34:45 Feb 04 2021,96,75,0,0,0
04:34:47 Feb 04 2021,96,74,1,0,0
04:34:49 Feb 04 2021,96,76,1,0,0
04:34:51 Feb 04 2021,96,75,0,0,0
04:34:53 Feb 04 2021,96,75,0,0,0
04:34:55 Feb 04 2021,96,76,0,0,0
04:34:57 Feb 04 2021,96,75,0,0,0
04:34:59 Feb 04 2021,95,75,1,0,0
04:35:01 Feb 04 2021,94,75,1,0,0
04:35:03 Feb 04 2021,93,76,0,0,0
04:35:05 Feb 04 2021,92,74,0,0,0
04:35:07 Feb 04 2021,92,75,0,0,0
04:35:09 Feb 04 2021,92,74,1,0,0
04:35:11 Feb 04 2021,91,73,0,0,0
04:35:13 Feb 04 2021,91,76,0,0,0
04:35:15 Feb 04 2021,91,75,0,0,0
04:35:17 Feb 04 2021,90,74,0,0,0
04:35:19 Feb 04 2021,91,74,0,0,0
04:35:21 Feb 04 2021,90,74,0,0,0
04:35:23 Feb 04 2021,90,74,1,0,0
04:35:25 Feb 04 2021,89,74,0,1,0
04:35:27 Feb 04 2021,88,74,0,0,0
04:35:29 Feb 04 2021,88,74,1,0,0
04:35:31 Feb 04 2021,87,75,3,0,0
04:35:33 Feb 04 2021,87,76,1,0,0
04:35:35 Feb 04 2021,86,78,3,0,0
04:35:37 Feb 04 2021,84,78,1,0,0
04:35:39 Feb 04 2021,83,78,4,0,0
04:35:41 Feb 04 2021,82,79,0,0,0
04:35:43 Feb 04 2021,81,79,9,0,0
04:35:45 Feb 04 2021,82,79,3,0,0
04:35:47 Feb 04 2021,81,78,2,0,0
04:35:49 Feb 04 2021,80,76,2,0,0
04:35:51 Feb 04 2021,79,73,3,0,0
04:35:53 Feb 04 2021,77,72,2,0,0
04:35:55 Feb 04 2021,77,72,1,0,0
04:35:57 Feb 04 2021,77,71,6,0,0
04:35:59 Feb 04 2021,77,72,6,0,0
04:36:01 Feb 04 2021,77,72,6,0,0
04:36:03 Feb 04 2021,77,72,1,0,0
04:36:05 Feb 04 2021,77,72,1,0,0
04:36:07 Feb 04 2021,77,72,0,0,0
04:36:09 Feb 04 2021,77,72,0,0,0
04:36:11 Feb 04 2021,81,72,0,0,0
04:36:13 Feb 04 2021,86,72,1,0,0
04:36:15 Feb 04 2021,90,72,0,0,0
04:36:17 Feb 04 2021,92,72,0,0,0
04:36:19 Feb 04 2021,92,72,1,0,0
04:36:21 Feb 04 2021,92,72,0,0,0
04:36:23 Feb 04 2021,93,71,0,0,0
04:36:25 Feb 04 2021,94,75,0,0,0
04:36:27 Feb 04 2021,95,76,0,0,0
04:36:29 Feb 04 2021,95,79,0,0,0
04:36:31 Feb 04 2021,95,82,0,0,0
04:36:33 Feb 04 2021,95,75,0,0,0
04:36:35 Feb 04 2021,95,74,0,0,0
04:36:37 Feb 04 2021,94,74,0,0,0
04:36:39 Feb 04 2021,94,72,0,0,0
04:36:41 Feb 04 2021,94,77,0,0,0
04:36:43 Feb 04 2021,94,77,0,0,0
04:36:45 Feb 04 2021,94,77,0,0,0
04:36:47 Feb 04 2021,93,79,0,0,0
04:36:49 Feb 04 2021,92,80,0,0,0
04:36:51 Feb 04 2021,90,80,0,0,0
04:36:53 Feb 04 2021,90,79,0,0,0
04:36:55 Feb 04 2021,90,79,0,0,0
04:36:57 Feb 04 2021,90,78,0,0,0
04:36:59 Feb 04 2021,88,81,1,1,0
04:37:01 Feb 04 2021,88,82,0,0,0
04:37:03 Feb 04 2021,88,84,2,0,0
04:37:05 Feb 04 2021,88,85,0,0,0
04:37:07 Feb 04 2021,89,82,2,0,0
04:37:09 Feb 04 2021,88,81,1,0,0
04:37:11 Feb 04 2021,88,79,2,0,0
04:37:13 Feb 04 2021,88,78,1,0,0
04:37:15 Feb 04 2021,88,79,6,0,0
04:37:17 Feb 04 2021,90,80,0,0,0
04:37:19 Feb 04 2021,92,79,0,0,0
04:37:21 Feb 04 2021,94,78,0,0,0
04:37:23 Feb 04 2021,96,77,0,0,0
04:37:25 Feb 04 2021,97,75,0,0,0
04:37:27 Feb 04 2021,97,76,0,0,0
04:37:29 Feb 04 2021,97,77,2,0,0
04:37:31 Feb 04 2021,97,76,1,0,0
04:37:33 Feb 04 2021,97,74,1,0,0
04:37:35 Feb 04 2021,97,75,1,0,0
04:37:37 Feb 04 2021,97,73,1,0,0
04:37:39 Feb 04 2021,97,74,1,0,0
04:37:41 Feb 04 2021,97,75,1,0,0
04:37:43 Feb 04 2021,97,74,1,0,0
04:37:45 Feb 04 2021,97,72,1,0,0
04:37:47 Feb 04 2021,97,71,1,0,0
04:37:49 Feb 04 2021,97,71,1,0,0
04:37:51 Feb 04 2021,97,69,1,0,0
04:37:53 Feb 04 2021,97,71,1,0,0
04:37:55 Feb 04 2021,97,72,1,0,0
04:37:57 Feb 04 2021,97,71,1,0,0
04:37:59 Feb 04 2021,97,71,0,0,0
04:38:01 Feb 04 2021,96,65,0,0,0
04:38:03 Feb 04 2021,96,63,1,0,0
04:38:05 Feb 04 2021,95,60,0,0,0
04:38:07 Feb 04 2021,95,58,0,0,0
04:38:09 Feb 04 2021,95,62,1,0,0
04:38:11 Feb 04 2021,95,63,1,0,0
04:38:13 Feb 04 2021,94,65,1,0,0
04:38:15 Feb 04 2021,93,65,1,0,0
04:38:17 Feb 04 2021,92,65,0,0,0
04:38:19 Feb 04 2021,91,67,1,0,0
04:38:21 Feb 04 2021,93,66,0,0,0
04:38:23 Feb 04 2021,94,67,1,0,0
04:38:25 Feb 04 2021,95,67,0,0,0
04:38:27 Feb 04 2021,95,67,1,0,0
04:38:29 Feb 04 2021,95,69,1,0,0
04:38:31 Feb 04 2021,94,70,1,0,0
04:38:33 Feb 04 2021,94,69,1,0,0
04:38:35 Feb 04 2021,94,71,1,0,0
04:38:37 Feb 04 2021,94,73,1,0,0
04:38:39 Feb 04 2021,94,72,1,0,0
04:38:41 Feb 04 2021,94,74,0,0,0
04:38:43 Feb 04 2021,95,71,1,0,0
04:38:45 Feb 04 2021,95,69,1,0,0
04:38:47 Feb 04 2021,95,72,1,0,0
04:38:49 Feb 04 2021,95,72,0,0,0
04:38:51 Feb 04 2021,95,72,1,0,0
04:38:53 Feb 04 2021,95,72,1,0,0
04:38:55 Feb 04 2021,95,72,1,0,0
04:38:57 Feb 04 2021,95,72,1,0,0
04:38:59 Feb 04 2021,95,72,0,0,0
04:39:01 Feb 04 2021,95,72,1,0,0
04:39:03 Feb 04 2021,95,72,1,0,0
04:39:05 Feb 04 2021,95,72,1,0,0
04:39:07 Feb 04 2021,95,73,0,0,0
04:39:09 Feb 04 2021,95,73,0,0,0
04:39:11 Feb 04 2021,95,72,0,0,0
04:39:13 Feb 04 2021,95,73,0,0,0
04:39:15 Feb 04 2021,95,73,1,0,0
04:39:17 Feb 04 2021,95,73,0,0,0
04:39:19 Feb 04 2021,94,71,1,0,0
04:39:21 Feb 04 2021,93,72,1,0,0
04:39:23 Feb 04 2021,93,75,0,0,0
04:39:25 Feb 04 2021,91,78,0,0,0
04:39:27 Feb 04 2021,92,79,0,0,0
04:39:29 Feb 04 2021,92,79,1,0,0
04:39:31 Feb 04 2021,91,80,1,0,0
04:39:33 Feb 04 2021,91,80,1,0,0
04:39:35 Feb 04 2021,91,79,0,0,0
04:39:37 Feb 04 2021,91,79,1,0,0
04:39:39 Feb 04 2021,91,75,0,0,0
04:39:41 Feb 04 2021,91,73,0,0,0
04:39:43 Feb 04 2021,92,67,2,0,0
04:39:45 Feb 04 2021,92,61,1,0,0
04:39:47 Feb 04 2021,92,59,1,0,0
04:39:49 Feb 04 2021,93,61,1,0,0
04:39:51 Feb 04 2021,93,66,1,0,0
04:39:53 Feb 04 2021,94,72,1,0,0
04:39:55 Feb 04 2021,94,75,1,0,0
04:39:57 Feb 04 2021,94,73,1,0,0
04:39:59 Feb 04 2021,94,73,1,0,0
04:40:01 Feb 04 2021,94,69,1,0,0
04:40:03 Feb 04 2021,94,67,1,0,0
04:40:05 Feb 04 2021,94,69,0,0,0
04:40:07 Feb 04 2021,94,65,1,0,0
04:40:09 Feb 04 2021,94,67,1,0,0
04:40:11 Feb 04 2021,94,67,1,0,0
04:40:13 Feb 04 2021,94,65,1,0,0
04:40:15 Feb 04 2021,94,66,1,0,0
04:40:17 Feb 04 2021,94,65,1,0,0
04:40:19 Feb 04 2021,94,64,1,0,0
04:40:21 Feb 04 2021,94,64,0,0,0
04:40:23 Feb 04 2021,93,59,1,0,0
04:40:25 Feb 04 2021,93,53,1,0,0
04:40:27 Feb 04 2021,92,48,1,0,0
04:40:29 Feb 04 2021,92,45,1,0,0
04:40:31 Feb 04 2021,92,49,1,0,0
04:40:33 Feb 04 2021,92,49,1,0,0
04:40:35 Feb 04 2021,92,48,1,0,0
04:40:37 Feb 04 2021,92,51,1,0,0
04:40:39 Feb 04 2021,92,50,1,0,0
04:40:41 Feb 04 2021,92,50,1,0,0
04:40:43 Feb 04 2021,92,50,0,0,0
04:40:45 Feb 04 2021,92,50,1,0,0
04:40:47 Feb 04 2021,92,50,1,0,0
04:40:49 Feb 04 2021,92,50,1,0,0
04:40:51 Feb 04 2021,92,49,1,0,0
04:40:53 Feb 04 2021,92,49,1,0,0
04:40:55 Feb 04 2021,92,49,1,0,0
04:40:57 Feb 04 2021,92,50,0,0,0
04:40:59 Feb 04 2021,92,50,1,0,0
04:41:01 Feb 04 2021,92,55,1,0,0
04:41:03 Feb 04 2021,91,60,0,0,0
04:41:05 Feb 04 2021,91,66,1,0,0
04:41:07 Feb 04 2021,92,70,0,0,0
04:41:09 Feb 04 2021,92,71,0,0,0
04:41:11 Feb 04 2021,93,71,0,0,0
04:41:13 Feb 04 2021,93,71,1,0,0
04:41:15 Feb 04 2021,94,72,1,0,0
04:41:17 Feb 04 2021,94,73,1,0,0
04:41:19 Feb 04 2021,94,74,1,0,0
04:41:21 Feb 04 2021,95,73,1,0,0
04:41:23 Feb 04 2021,95,72,1,0,0
04:41:25 Feb 04 2021,95,72,1,0,0
04:41:27 Feb 04 2021,95,71,1,0,0
04:41:29 Feb 04 2021,95,68,1,0,0
04:41:31 Feb 04 2021,95,68,0,0,0
04:41:33 Feb 04 2021,95,64,0,0,0
04:41:35 Feb 04 2021,95,64,0,0,0
04:41:37 Feb 04 2021,95,68,1,0,0
04:41:39 Feb 04 2021,94,68,1,0,0
04:41:41 Feb 04 2021,93,69,1,0,0
04:41:43 Feb 04 2021,92,66,1,0,0
04:41:45 Feb 04 2021,92,57,1,0,0
04:41:47 Feb 04 2021,91,58,1,0,0
04:41:49 Feb 04 2021,90,65,0,0,0
04:41:51 Feb 04 2021,89,72,0,1,0
04:41:53 Feb 04 2021,89,75,1,0,0
04:41:55 Feb 04 2021,88,74,1,0,0
04:41:57 Feb 04 2021,88,71,1,0,0
04:41:59 Feb 04 2021,88,70,1,0,0
04:42:01 Feb 04 2021,88,72,2,0,0
04:42:03 Feb 04 2021,88,73,3,0,0
04:42:05 Feb 04 2021,87,76,3,0,0
04:42:07 Feb 04 2021,86,79,2,0,0
04:42:09 Feb 04 2021,85,82,2,0,0
04:42:11 Feb 04 2021,83,83,3,0,0
04:42:13 Feb 04 2021,83,84,1,0,0
04:42:15 Feb 04 2021,84,81,3,0,0
04:42:17 Feb 04 2021,84,80,4,0,0
04:42:19 Feb 04 2021,84,80,3,0,0
04:42:21 Feb 04 2021,84,78,4,0,0
04:42:23 Feb 04 2021,85,79,4,0,0
04:42:25 Feb 04 2021,85,79,3,0,0
04:42:27 Feb 04 2021,87,80,4,0,0
04:42:29 Feb 04 2021,88,80,5,0,0
04:42:31 Feb 04 2021,88,80,1,0,0
04:42:33 Feb 04 2021,88,81,1,0,0
04:42:35 Feb 04 2021,88,80,0,0,0
04:42:37 Feb 04 2021,90,78,1,0,0
04:42:39 Feb 04 2021,91,77,1,0,0
04:42:41 Feb 04 2021,93,76,1,0,0
04:42:43 Feb 04 2021,93,78,1,0,0
04:42:45 Feb 04 2021,93,81,0,0,0
04:42:47 Feb 04 2021,93,82,1,0,0
04:42:49 Feb 04 2021,93,84,1,0,0
04:42:51 Feb 04 2021,93,84,1,0,0
04:42:53 Feb 04 2021,93,85,1,0,0
04:42:55 Feb 04 2021,93,85,0,0,0
04:42:57 Feb 04 2021,93,85,1,0,0
04:42:59 Feb 04 2021,93,86,1,0,0
04:43:01 Feb 04 2021,93,85,1,0,0
04:43:03 Feb 04 2021,93,85,0,0,0
04:43:05 Feb 04 2021,93,85,0,0,0
04:43:07 Feb 04 2021,93,84,1,0,0
04:43:09 Feb 04 2021,92,83,1,0,0
04:43:11 Feb 04 2021,91,80,1,0,0
04:43:13 Feb 04 2021,91,80,1,0,0
04:43:15 Feb 04 2021,91,80,1,0,0
04:43:17 Feb 04 2021,91,80,1,0,0
04:43:19 Feb 04 2021,91,80,1,0,0
04:43:21 Feb 04 2021,89,79,1,1,0
04:43:23 Feb 04 2021,88,79,0,0,0
04:43:25 Feb 04 2021,86,80,7,0,0
04:43:27 Feb 04 2021,86,80,1,0,0
04:43:29 Feb 04 2021,86,83,3,0,0
04:43:31 Feb 04 2021,86,83,1,0,0
04:43:33 Feb 04 2021,86,82,5,0,0
04:43:35 Feb 04 2021,86,81,1,0,0
04:43:37 Feb 04 2021,86,78,4,0,0
04:43:39 Feb 04 2021,85,77,2,0,0
04:43:41 Feb 04 2021,85,79,5,0,0
04:43:43 Feb 04 2021,85,83,1,0,0
04:43:45 Feb 04 2021,87,83,5,0,0
04:43:47 Feb 04 2021,89,80,1,0,0
04:43:49 Feb 04 2021,92,78,4,0,0
04:43:51 Feb 04 2021,93,76,2,0,0
04:43:53 Feb 04 2021,93,78,1,0,0
04:43:55 Feb 04 2021,93,79,1,0,0
04:43:57 Feb 04 2021,94,78,2,0,0
04:43:59 Feb 04 2021,93,79,1,0,0
04:44:01 Feb 04 2021,93,79,1,0,0
04:44:03 Feb 04 2021,93,80,1,0,0
04:44:05 Feb 04 2021,93,80,1,0,0
04:44:07 Feb 04 2021,93,80,0,0,0
04:44:09 Feb 04 2021,93,80,1,0,0
04:44:11 Feb 04 2021,93,80,0,0,0
04:44:13 Feb 04 2021,93,79,0,0,0
04:44:15 Feb 04 2021,94,75,1,0,0
04:44:17 Feb 04 2021,93,73,1,0,0
04:44:19 Feb 04 2021,94,70,0,0,0
04:44:21 Feb 04 2021,94,70,1,0,0
04:44:23 Feb 04 2021,94,69,1,0,0
04:44:25 Feb 04 2021,94,65,0,0,0
04:44:27 Feb 04 2021,94,67,0,0,0
04:44:29 Feb 04 2021,93,70,0,0,0
04:44:31 Feb 04 2021,93,72,0,0,0
04:44:33 Feb 04 2021,93,75,1,0,0
04:44:35 Feb 04 2021,92,74,1,0,0
04:44:37 Feb 04 2021,92,72,0,0,0
04:44:39 Feb 04 2021,91,72,0,0,0
04:44:41 Feb 04 2021,90,69,0,0,0
04:44:43 Feb 04 2021,90,67,1,0,0
04:44:45 Feb 04 2021,89,65,0,1,0
04:44:47 Feb 04 2021,90,66,1,0,0
04:44:49 Feb 04 2021,89,67,1,0,0
04:44:51 Feb 04 2021,88,69,0,0,0
04:44:53 Feb 04 2021,88,69,1,0,0
04:44:55 Feb 04 2021,87,71,1,0,0
04:44:57 Feb 04 2021,87,72,1,0,0
04:44:59 Feb 04 2021,87,69,1,0,0
04:45:01 Feb 04 2021,88,69,0,0,0
04:45:03 Feb 04 2021,88,67,0,0,0
04:45:05 Feb 04 2021,88,67,1,1,0
04:45:07 Feb 04 2021,89,68,1,0,0
04:45:09 Feb 04 2021,89,71,0,0,0
04:45:11 Feb 04 2021,90,70,0,0,0
04:45:13 Feb 04 2021,91,71,1,0,0
04:45:15 Feb 04 2021,92,66,0,0,0
04:45:17 Feb 04 2021,93,62,0,0,0
04:45:19 Feb 04 2021,93,60,1,0,0
04:45:21 Feb 04 2021,93,59,1,0,0
04:45:23 Feb 04 2021,93,62,0,0,0
04:45:25 Feb 04 2021,93,62,2,0,0
04:45:27 Feb 04 2021,93,61,1,0,0
04:45:29 Feb 04 2021,93,62,0,0,0
04:45:31 Feb 04 2021,93,62,1,0,0
04:45:33 Feb 04 2021,93,61,1,0,0
04:45:35 Feb 04 2021,93,61,1,0,0
04:45:37 Feb 04 2021,93,61,1,0,0
04:45:39 Feb 04 2021,93,60,1,0,0
04:45:41 Feb 04 2021,93,60,0,0,0
04:45:43 Feb 04 2021,93,60,0,0,0
04:45:45 Feb 04 2021,93,60,0,0,0
04:45:47 Feb 04 2021,93,56,0,0,0
04:45:49 Feb 04 2021,93,52,1,0,0
04:45:51 Feb 04 2021,93,50,0,0,0
04:45:53 Feb 04 2021,93,47,1,0,0
04:45:55 Feb 04 2021,93,50,1,0,0
04:45:57 Feb 04 2021,93,49,0,0,0
04:45:59 Feb 04 2021,91,47,1,0,0
04:46:01 Feb 04 2021,91,47,1,0,0
04:46:03 Feb 04 2021,90,47,0,0,0
04:46:05 Feb 04 2021,90,47,0,0,0
04:46:07 Feb 04 2021,90,48,1,0,0
04:46:09 Feb 04 2021,89,46,1,1,0
04:46:11 Feb 04 2021,87,43,0,0,0
04:46:13 Feb 04 2021,86,41,1,0,0
04:46:15 Feb 04 2021,86,38,2,0,0
04:46:17 Feb 04 2021,86,37,1,0,0
04:46:19 Feb 04 2021,86,37,3,0,0
04:46:21 Feb 04 2021,86,37,3,0,0
04:46:23 Feb 04 2021,86,37,3,0,0
04:46:25 Feb 04 2021,86,37,3,0,0
04:46:27 Feb 04 2021,86,37,1,0,0
04:46:29 Feb 04 2021,86,37,4,0,0
04:46:31 Feb 04 2021,86,37,0,0,0
04:46:33 Feb 04 2021,86,37,6,0,0
04:46:35 Feb 04 2021,86,37,2,0,0
04:46:37 Feb 04 2021,86,37,4,0,0
04:46:39 Feb 04 2021,86,37,4,0,0
04:46:41 Feb 04 2021,86,37,2,0,0
04:46:43 Feb 04 2021,86,37,11,0,0
04:46:45 Feb 04 2021,86,37,4,0,0
04:46:47 Feb 04 2021,86,37,4,0,0
04:46:49 Feb 04 2021,86,37,1,0,0
04:46:51 Feb 04 2021,86,37,1,0,0
04:46:53 Feb 04 2021,86,37,1,0,0
04:46:55 Feb 04 2021,86,37,1,0,0
04:46:57 Feb 04 2021,90,38,1,0,0
04:46:59 Feb 04 2021,93,38,1,0,0
04:47:01 Feb 04 2021,97,39,1,0,0
04:47:03 Feb 04 2021,97,42,1,0,0
04:47:05 Feb 04 2021,97,43,1,0,0
04:47:07 Feb 04 2021,97,45,1,0,0
04:47:09 Feb 04 2021,97,44,1,0,0
04:47:11 Feb 04 2021,97,44,1,0,0
04:47:13 Feb 04 2021,97,44,1,0,0
04:47:15 Feb 04 2021,97,44,1,0,0
04:47:17 Feb 04 2021,97,44,1,0,0
04:47:19 Feb 04 2021,97,44,1,0,0
04:47:21 Feb 04 2021,97,44,1,0,0
04:47:23 Feb 04 2021,97,44,1,0,0
04:47:25 Feb 04 2021,97,44,0,0,0
04:47:27 Feb 04 2021,97,46,1,0,0
04:47:29 Feb 04 2021,97,47,1,0,0
04:47:31 Feb 04 2021,97,50,1,0,0
04:47:33 Feb 04 2021,96,54,1,0,0
04:47:35 Feb 04 2021,96,53,1,0,0
04:47:37 Feb 04 2021,95,53,1,0,0
04:47:39 Feb 04 2021,95,53,1,0,0
04:47:41 Feb 04 2021,95,53,0,0,0
04:47:43 Feb 04 2021,95,52,0,0,0
04:47:45 Feb 04 2021,95,53,1,0,0
04:47:47 Feb 04 2021,95,54,1,0,0
04:47:49 Feb 04 2021,96,58,1,0,0
04:47:51 Feb 04 2021,96,62,1,0,0
04:47:53 Feb 04 2021,96,67,1,0,0
04:47:55 Feb 04 2021,96,68,1,0,0
04:47:57 Feb 04 2021,97,68,0,0,0
04:47:59 Feb 04 2021,97,66,1,0,0
04:48:01 Feb 04 2021,97,64,1,0,0
04:48:03 Feb 04 2021,97,61,1,0,0
04:48:05 Feb 04 2021,97,63,1,0,0
04:48:07 Feb 04 2021,97,58,1,0,0
04:48:09 Feb 04 2021,97,49,1,0,0
04:48:11 Feb 04 2021,97,41,1,0,0
04:48:13 Feb 04 2021,97,38,1,0,0
04:48:15 Feb 04 2021,97,38,1,0,0
04:48:17 Feb 04 2021,97,38,1,0,0
04:48:19 Feb 04 2021,97,39,1,0,0
04:48:21 Feb 04 2021,97,39,1,0,0
04:48:23 Feb 04 2021,97,39,0,0,0
04:48:25 Feb 04 2021,97,39,1,0,0
04:48:27 Feb 04 2021,97,40,1,0,0
04:48:29 Feb 04 2021,97,39,1,0,0
04:48:31 Feb 04 2021,97,39,1,0,0
04:48:33 Feb 04 2021,97,39,1,0,0
04:48:35 Feb 04 2021,97,39,1,0,0
04:48:37 Feb 04 2021,97,39,1,0,0
04:48:39 Feb 04 2021,96,39,1,0,0
04:48:41 Feb 04 2021,95,39,0,0,0
04:48:43 Feb 04 2021,94,40,1,0,0
04:48:45 Feb 04 2021,93,40,1,0,0
04:48:47 Feb 04 2021,94,46,1,0,0
04:48:49 Feb 04 2021,94,53,1,0,0
04:48:51 Feb 04 2021,94,52,0,0,0
04:48:53 Feb 04 2021,94,57,0,0,0
04:48:55 Feb 04 2021,94,55,1,0,0
04:48:57 Feb 04 2021,94,54,1,0,0
04:48:59 Feb 04 2021,95,52,1,0,0
04:49:01 Feb 04 2021,96,49,1,0,0
04:49:03 Feb 04 2021,96,45,1,0,0
04:49:05 Feb 04 2021,96,46,1,0,0
04:49:07 Feb 04 2021,96,45,1,0,0
04:49:09 Feb 04 2021,96,46,1,0,0
04:49:11 Feb 04 2021,96,46,0,0,0
04:49:13 Feb 04 2021,96,47,1,0,0
04:49:15 Feb 04 2021,96,49,1,0,0
04:49:17 Feb 04 2021,96,50,1,0,0
04:49:19 Feb 04 2021,96,54,1,0,0
04:49:21 Feb 04 2021,96,54,1,0,0
04:49:23 Feb 04 2021,96,53,1,0,0
04:49:25 Feb 04 2021,96,55,1,0,0
04:49:27 Feb 04 2021,96,55,1,0,0
04:49:29 Feb 04 2021,96,56,1,0,0
04:49:31 Feb 04 2021,96,55,0,0,0
04:49:33 Feb 04 2021,96,57,1,0,0
04:49:35 Feb 04 2021,96,56,1,0,0
04:49:37 Feb 04 2021,96,57,1,0,0
04:49:39 Feb 04 2021,96,60,1,0,0
04:49:41 Feb 04 2021,96,60,1,0,0
04:49:43 Feb 04 2021,95,63,1,0,0
04:49:45 Feb 04 2021,95,63,1,0,0
04:49:47 Feb 04 2021,96,63,1,0,0
04:49:49 Feb 04 2021,96,63,0,0,0
04:49:51 Feb 04 2021,96,61,1,0,0
04:49:53 Feb 04 2021,95,63,1,0,0
04:49:55 Feb 04 2021,95,61,1,0,0
04:49:57 Feb 04 2021,95,61,0,0,0
04:49:59 Feb 04 2021,95,60,1,0,0
04:50:01 Feb 04 2021,95,59,1,0,0
04:50:03 Feb 04 2021,95,60,1,0,0
04:50:05 Feb 04 2021,95,59,1,0,0
04:50:07 Feb 04 2021,95,60,0,0,0
04:50:09 Feb 04 2021,95,63,1,0,0
04:50:11 Feb 04 2021,95,65,1,0,0
04:50:13 Feb 04 2021,95,63,1,0,0
04:50:15 Feb 04 2021,95,65,1,0,0
04:50:17 Feb 04 2021,95,65,0,0,0
04:50:19 Feb 04 2021,95,67,1,0,0
04:50:21 Feb 04 2021,96,69,1,0,0
04:50:23 Feb 04 2021,96,71,0,0,0
04:50:25 Feb 04 2021,96,71,1,0,0
04:50:27 Feb 04 2021,96,71,1,0,0
04:50:29 Feb 04 2021,96,72,1,0,0
04:50:31 Feb 04 2021,96,72,0,0,0
04:50:33 Feb 04 2021,96,73,1,0,0
04:50:35 Feb 04 2021,96,72,1,0,0
04:50:37 Feb 04 2021,96,71,1,0,0
04:50:39 Feb 04 2021,96,70,0,0,0
04:50:41 Feb 04 2021,96,70,1,0,0
04:50:43 Feb 04 2021,96,70,1,0,0
04:50:45 Feb 04 2021,96,71,1,0,0
04:50:47 Feb 04 2021,96,69,1,0,0
04:50:49 Feb 04 2021,96,67,1,0,0
04:50:51 Feb 04 2021,96,66,1,0,0
04:50:53 Feb 04 2021,96,67,0,0,0
04:50:55 Feb 04 2021,96,69,0,0,0
04:50:57 Feb 04 2021,95,70,1,0,0
04:50:59 Feb 04 2021,95,72,0,0,0
04:51:01 Feb 04 2021,95,71,1,0,0
04:51:03 Feb 04 2021,94,71,1,0,0
04:51:05 Feb 04 2021,95,72,1,0,0
04:51:07 Feb 04 2021,94,72,1,0,0
04:51:09 Feb 04 2021,92,72,0,0,0
04:51:11 Feb 04 2021,91,73,1,0,0
04:51:13 Feb 04 2021,89,75,1,1,0
04:51:15 Feb 04 2021,88,76,1,0,0
04:51:17 Feb 04 2021,88,78,2,0,0
04:51:19 Feb 04 2021,88,79,2,0,0
04:51:21 Feb 04 2021,88,80,3,0,0
04:51:23 Feb 04 2021,88,80,3,0,0
04:51:25 Feb 04 2021,88,81,3,0,0
04:51:27 Feb 04 2021,89,81,3,0,0
04:51:29 Feb 04 2021,89,81,4,0,0
04:51:31 Feb 04 2021,91,80,0,0,0
04:51:33 Feb 04 2021,92,77,1,0,0
04:51:35 Feb 04 2021,93,76,1,0,0
04:51:37 Feb 04 2021,94,77,1,0,0
04:51:39 Feb 04 2021,95,79,0,0,0
04:51:41 Feb 04 2021,95,80,0,0,0
04:51:43 Feb 04 2021,95,81,1,0,0
04:51:45 Feb 04 2021,96,74,1,0,0
04:51:47 Feb 04 2021,96,72,1,0,0
04:51:49 Feb 04 2021,96,70,1,0,0
04:51:51 Feb 04 2021,96,66,1,0,0
04:51:53 Feb 04 2021,96,72,1,0,0
04:51:55 Feb 04 2021,96,73,0,0,0
04:51:57 Feb 04 2021,96,72,1,0,0
04:51:59 Feb 04 2021,96,74,2,0,0
04:52:01 Feb 04 2021,96,76,1,0,0
04:52:03 Feb 04 2021,96,76,0,0,0
04:52:05 Feb 04 2021,96,76,1,0,0
04:52:07 Feb 04 2021,96,76,1,0,0
04:52:09 Feb 04 2021,96,76,1,0,0
04:52:11 Feb 04 2021,96,76,1,0,0
04:52:13 Feb 04 2021,96,76,1,0,0
04:52:15 Feb 04 2021,96,78,1,0,0
04:52:17 Feb 04 2021,96,78,1,0,0
04:52:19 Feb 04 2021,96,79,1,0,0
04:52:21 Feb 04 2021,96,79,1,0,0
04:52:23 Feb 04 2021,95,78,1,0,0
04:52:25 Feb 04 2021,93,78,0,0,0
04:52:27 Feb 04 2021,92,78,1,0,0
04:52:29 Feb 04 2021,90,76,1,0,0
04:52:31 Feb 04 2021,90,76,1,0,0
04:52:33 Feb 04 2021,89,77,1,1,0
04:52:35 Feb 04 2021,89,78,0,0,0
04:52:37 Feb 04 2021,89,78,2,0,0
04:52:39 Feb 04 2021,89,78,1,0,0
04:52:41 Feb 04 2021,89,77,3,0,0
04:52:43 Feb 04 2021,89,77,1,0,0
04:52:45 Feb 04 2021,89,77,4,0,0
04:52:47 Feb 04 2021,89,77,1,0,0
04:52:49 Feb 04 2021,90,77,1,0,0
04:52:51 Feb 04 2021,91,77,0,0,0
04:52:53 Feb 04 2021,92,77,1,0,0
04:52:55 Feb 04 2021,92,77,1,0,0
04:52:57 Feb 04 2021,92,77,1,0,0
04:52:59 Feb 04 2021,92,77,1,0,0
04:53:01 Feb 04 2021,92,77,1,0,0
04:53:03 Feb 04 2021,93,79,1,0,0
04:53:05 Feb 04 2021,94,83,0,0,0
04:53:07 Feb 04 2021,94,82,1,0,0
04:53:09 Feb 04 2021,96,79,1,0,0
04:53:11 Feb 04 2021,96,80,0,0,0
04:53:13 Feb 04 2021,96,76,1,0,0
04:53:15 Feb 04 2021,96,78,1,0,0
04:53:17 Feb 04 2021,96,78,1,0,0
04:53:19 Feb 04 2021,96,77,0,0,0
04:53:21 Feb 04 2021,96,77,0,0,0
04:53:23 Feb 04 2021,96,75,0,0,0
04:53:25 Feb 04 2021,96,75,0,0,0
04:53:27 Feb 04 2021,96,76,1,0,0
04:53:29 Feb 04 2021,96,76,0,0,0
04:53:31 Feb 04 2021,96,76,0,0,0
04:53:33 Feb 04 2021,96,79,0,0,0
04:53:35 Feb 04 2021,96,80,0,0,0
04:53:37 Feb 04 2021,96,83,1,0,0
04:53:39 Feb 04 2021,96,83,0,0,0
04:53:41 Feb 04 2021,95,82,1,0,0
04:53:43 Feb 04 2021,95,83,1,0,0
04:53:45 Feb 04 2021,93,82,1,0,0
04:53:47 Feb 04 2021,93,82,1,0,0
04:53:49 Feb 04 2021,93,82,0,0,0
04:53:51 Feb 04 2021,92,82,0,0,0
04:53:53 Feb 04 2021,92,80,0,0,0
04:53:55 Feb 04 2021,90,78,0,0,0
04:53:57 Feb 04 2021,90,78,0,0,0
04:53:59 Feb 04 2021,89,77,1,1,0
04:54:01 Feb 04 2021,89,77,1,0,0
04:54:03 Feb 04 2021,90,69,1,0,0
04:54:05 Feb 04 2021,90,71,1,0,0
04:54:07 Feb 04 2021,90,68,0,0,0
04:54:09 Feb 04 2021,91,69,0,0,0
04:54:11 Feb 04 2021,91,74,0,0,0
04:54:13 Feb 04 2021,92,75,1,0,0
04:54:15 Feb 04 2021,93,79,1,0,0
04:54:17 Feb 04 2021,94,77,1,0,0
04:54:19 Feb 04 2021,96,76,1,0,0
04:54:21 Feb 04 2021,96,76,1,0,0
04:54:23 Feb 04 2021,96,75,1,0,0
04:54:25 Feb 04 2021,96,76,0,0,0
04:54:27 Feb 04 2021,96,75,1,0,0
04:54:29 Feb 04 2021,96,70,0,0,0
04:54:31 Feb 04 2021,96,68,0,0,0
04:54:33 Feb 04 2021,96,67,1,0,0
04:54:35 Feb 04 2021,96,68,0,0,0
04:54:37 Feb 04 2021,95,71,1,0,0
04:54:39 Feb 04 2021,95,70,1,0,0
04:54:41 Feb 04 2021,95,71,0,0,0
04:54:43 Feb 04 2021,95,71,0,0,0
04:54:45 Feb 04 2021,96,71,0,0,0
04:54:47 Feb 04 2021,96,72,1,0,0
04:54:49 Feb 04 2021,95,73,1,0,0
04:54:51 Feb 04 2021,94,75,1,0,0
04:54:53 Feb 04 2021,94,78,1,0,0
04:54:55 Feb 04 2021,93,78,1,0,0
04:54:57 Feb 04 2021,93,78,1,0,0
04:54:59 Feb 04 2021,93,78,1,0,0
04:55:01 Feb 04 2021,92,78,2,0,0
04:55:03 Feb 04 2021,91,78,3,0,0
04:55:05 Feb 04 2021,91,78,0,0,0
04:55:07 Feb 04 2021,91,78,0,0,0
04:55:09 Feb 04 2021,91,79,0,0,0
04:55:11 Feb 04 2021,91,79,1,0,0
04:55:13 Feb 04 2021,91,79,1,0,0
04:55:15 Feb 04 2021,91,80,1,0,0
04:55:17 Feb 04 2021,91,77,1,0,0
04:55:19 Feb 04 2021,90,79,0,0,0
04:55:21 Feb 04 2021,89,79,0,1,0
04:55:23 Feb 04 2021,89,78,1,0,0
04:55:25 Feb 04 2021,89,77,1,0,0
04:55:27 Feb 04 2021,89,75,0,0,0
04:55:29 Feb 04 2021,90,77,1,0,0
04:55:31 Feb 04 2021,91,77,1,0,0
04:55:33 Feb 04 2021,92,77,0,0,0
04:55:35 Feb 04 2021,92,78,0,0,0
04:55:37 Feb 04 2021,93,78,1,0,0
04:55:39 Feb 04 2021,94,78,0,0,0
04:55:41 Feb 04 2021,95,77,0,0,0
04:55:43 Feb 04 2021,95,77,1,0,0
04:55:45 Feb 04 2021,95,79,1,0,0
04:55:47 Feb 04 2021,96,75,0,0,0
04:55:49 Feb 04 2021,96,77,1,0,0
04:55:51 Feb 04 2021,96,76,0,0,0
04:55:53 Feb 04 2021,96,75,1,0,0
04:55:55 Feb 04 2021,96,74,0,0,0
04:55:57 Feb 04 2021,96,76,0,0,0
04:55:59 Feb 04 2021,96,76,0,0,0
04:56:01 Feb 04 2021,95,76,1,0,0
04:56:03 Feb 04 2021,95,78,0,0,0
04:56:05 Feb 04 2021,94,79,0,0,0
04:56:07 Feb 04 2021,93,79,0,0,0
04:56:09 Feb 04 2021,93,79,0,0,0
04:56:11 Feb 04 2021,93,79,0,0,0
04:56:13 Feb 04 2021,93,79,0,0,0
04:56:15 Feb 04 2021,93,79,0,0,0
04:56:17 Feb 04 2021,93,79,0,0,0
04:56:19 Feb 04 2021,93,81,1,0,0
04:56:21 Feb 04 2021,93,81,0,0,0
04:56:23 Feb 04 2021,93,82,0,0,0
04:56:25 Feb 04 2021,93,82,1,0,0
04:56:27 Feb 04 2021,93,83,0,0,0
04:56:29 Feb 04 2021,93,82,0,0,0
04:56:31 Feb 04 2021,93,82,1,0,0
04:56:33 Feb 04 2021,92,82,1,0,0
04:56:35 Feb 04 2021,92,80,0,0,0
04:56:37 Feb 04 2021,90,78,0,0,0
04:56:39 Feb 04 2021,91,78,0,0,0
04:56:41 Feb 04 2021,91,78,0,0,0
04:56:43 Feb 04 2021,91,79,0,0,0
04:56:45 Feb 04 2021,91,79,0,0,0
04:56:47 Feb 04 2021,91,79,0,0,0
04:56:49 Feb 04 2021,91,79,0,0,0
04:56:51 Feb 04 2021,91,80,0,0,0
04:56:53 Feb 04 2021,92,79,1,0,0
04:56:55 Feb 04 2021,93,78,1,0,0
04:56:57 Feb 04 2021,94,77,0,0,0
04:56:59 Feb 04 2021,95,75,1,0,0
04:57:01 Feb 04 2021,95,74,1,0,0
04:57:03 Feb 04 2021,95,73,0,0,0
04:57:05 Feb 04 2021,95,72,0,0,0
04:57:07 Feb 04 2021,95,71,0,0,0
04:57:09 Feb 04 2021,95,70,1,0,0
04:57:11 Feb 04 2021,95,69,0,0,0
04:57:13 Feb 04 2021,95,69,0,0,0
04:57:15 Feb 04 2021,95,69,0,0,0
04:57:17 Feb 04 2021,94,67,1,0,0
04:57:19 Feb 04 2021,94,67,0,0,0
04:57:21 Feb 04 2021,94,67,0,0,0
04:57:23 Feb 04 2021,94,67,0,0,0
04:57:25 Feb 04 2021,94,67,0,0,0
04:57:27 Feb 04 2021,94,67,0,0,0
04:57:29 Feb 04 2021,94,67,1,0,0
04:57:31 Feb 04 2021,94,69,0,0,0
04:57:33 Feb 04 2021,94,67,5,0,0
04:57:35 Feb 04 2021,94,66,1,0,0
04:57:37 Feb 04 2021,94,66,2,0,0
04:57:39 Feb 04 2021,94,65,6,0,0
04:57:41 Feb 04 2021,94,68,1,0,0
04:57:43 Feb 04 2021,94,69,1,0,0
04:57:45 Feb 04 2021,94,70,0,0,0
04:57:47 Feb 04 2021,94,70,1,0,0
04:57:49 Feb 04 2021,94,70,1,0,0
04:57:51 Feb 04 2021,94,70,1,0,0
04:57:53 Feb 04 2021,94,70,1,0,0
04:57:55 Feb 04 2021,94,71,0,0,0
04:57:57 Feb 04 2021,93,71,1,0,0
04:57:59 Feb 04 2021,93,72,0,0,0
04:58:01 Feb 04 2021,92,68,0,0,0
04:58:03 Feb 04 2021,92,66,0,0,0
04:58:05 Feb 04 2021,93,68,1,0,0
04:58:07 Feb 04 2021,93,68,1,0,0
04:58:09 Feb 04 2021,93,70,0,0,0
04:58:11 Feb 04 2021,93,69,1,0,0
04:58:13 Feb 04 2021,94,74,1,0,0
04:58:15 Feb 04 2021,94,78,0,0,0
04:58:17 Feb 04 2021,94,79,0,0,0
04:58:19 Feb 04 2021,94,81,1,0,0
04:58:21 Feb 04 2021,94,79,1,0,0
04:58:23 Feb 04 2021,94,77,1,0,0
04:58:25 Feb 04 2021,94,78,0,0,0
04:58:27 Feb 04 2021,94,78,1,0,0
04:58:29 Feb 04 2021,94,78,1,0,0
04:58:31 Feb 04 2021,94,65,1,0,0
04:58:33 Feb 04 2021,93,51,0,0,0
04:58:35 Feb 04 2021,93,38,1,0,0
04:58:37 Feb 04 2021,93,38,1,0,0
04:58:39 Feb 04 2021,93,37,1,0,0
04:58:41 Feb 04 2021,93,38,1,0,0
04:58:43 Feb 04 2021,93,37,0,0,0
04:58:45 Feb 04 2021,93,38,0,0,0
04:58:47 Feb 04 2021,93,38,4,0,0
04:58:49 Feb 04 2021,92,38,2,0,0
04:58:51 Feb 04 2021,92,38,0,0,0
04:58:53 Feb 04 2021,93,38,1,0,0
04:58:55 Feb 04 2021,93,38,1,0,0
04:58:57 Feb 04 2021,93,38,0,0,0
04:58:59 Feb 04 2021,93,38,0,0,0
04:59:01 Feb 04 2021,93,38,1,0,0
04:59:03 Feb 04 2021,92,38,1,0,0
04:59:05 Feb 04 2021,92,38,1,0,0
04:59:07 Feb 04 2021,92,38,0,0,0
04:59:09 Feb 04 2021,93,38,1,0,0
04:59:11 Feb 04 2021,93,38,0,0,0
04:59:13 Feb 04 2021,93,38,1,0,0
04:59:15 Feb 04 2021,93,38,1,0,0
04:59:17 Feb 04 2021,93,38,1,0,0
04:59:19 Feb 04 2021,93,38,0,0,0
04:59:21 Feb 04 2021,93,38,1,0,0
04:59:23 Feb 04 2021,93,38,1,0,0
04:59:25 Feb 04 2021,93,38,1,0,0
04:59:27 Feb 04 2021,93,38,1,0,0
04:59:29 Feb 04 2021,93,38,1,0,0
04:59:31 Feb 04 2021,93,38,1,0,0
04:59:33 Feb 04 2021,93,38,1,0,0
04:59:35 Feb 04 2021,93,38,1,0,0
04:59:37 Feb 04 2021,94,39,1,0,0
04:59:39 Feb 04 2021,94,39,1,0,0
04:59:41 Feb 04 2021,95,41,1,0,0
04:59:43 Feb 04 2021,95,40,1,0,0
04:59:45 Feb 04 2021,95,41,1,0,0
04:59:47 Feb 04 2021,95,42,1,0,0
04:59:49 Feb 04 2021,95,41,1,0,0
04:59:51 Feb 04 2021,95,41,1,0,0
04:59:53 Feb 04 2021,95,40,1,0,0
04:59:55 Feb 04 2021,95,39,1,0,0
04:59:57 Feb 04 2021,95,38,0,0,0
04:59:59 Feb 04 2021,94,40,1,0,0
05:00:01 Feb 04 2021,94,42,0,0,0
05:00:03 Feb 04 2021,94,42,1,0,0
05:00:05 Feb 04 2021,93,43,1,0,0
05:00:07 Feb 04 2021,93,49,1,0,0
05:00:09 Feb 04 2021,93,52,1,0,0
05:00:11 Feb 04 2021,94,56,1,0,0
05:00:13 Feb 04 2021,94,60,1,0,0
05:00:15 Feb 04 2021,94,54,1,0,0
05:00:17 Feb 04 2021,94,55,0,0,0
05:00:19 Feb 04 2021,94,56,1,0,0
05:00:21 Feb 04 2021,94,56,1,0,0
05:00:23 Feb 04 2021,94,58,1,0,0
05:00:25 Feb 04 2021,94,63,1,0,0
05:00:27 Feb 04 2021,91,69,1,0,0
05:00:29 Feb 04 2021,89,75,1,1,0
05:00:31 Feb 04 2021,86,76,1,0,0
05:00:33 Feb 04 2021,86,78,1,0,0
05:00:35 Feb 04 2021,86,78,2,0,0
05:00:37 Feb 04 2021,85,78,1,0,0
05:00:39 Feb 04 2021,85,78,2,0,0
05:00:41 Feb 04 2021,84,78,1,0,0
05:00:43 Feb 04 2021,84,78,2,0,0
05:00:45 Feb 04 2021,85,77,2,0,0
05:00:47 Feb 04 2021,85,76,2,0,0
05:00:49 Feb 04 2021,85,74,3,0,0
05:00:51 Feb 04 2021,87,75,2,0,0
05:00:53 Feb 04 2021,90,74,1,0,0
05:00:55 Feb 04 2021,92,73,1,0,0
05:00:57 Feb 04 2021,93,74,1,0,0
05:00:59 Feb 04 2021,93,71,0,0,0
05:01:01 Feb 04 2021,93,71,13,0,0
05:01:03 Feb 04 2021,93,72,1,0,0
05:01:05 Feb 04 2021,93,72,0,0,0
05:01:07 Feb 04 2021,93,74,0,0,0
05:01:09 Feb 04 2021,94,75,1,0,0
05:01:11 Feb 04 2021,95,73,1,0,0
05:01:13 Feb 04 2021,96,75,0,0,0
05:01:15 Feb 04 2021,96,76,1,0,0
05:01:17 Feb 04 2021,96,78,1,0,0
05:01:19 Feb 04 2021,96,81,0,0,0
05:01:21 Feb 04 2021,96,81,1,0,0
05:01:23 Feb 04 2021,96,81,0,0,0
05:01:25 Feb 04 2021,96,80,0,0,0
05:01:27 Feb 04 2021,96,79,1,0,0
05:01:29 Feb 04 2021,95,78,1,0,0
05:01:31 Feb 04 2021,95,77,0,0,0
05:01:33 Feb 04 2021,96,77,1,0,0
05:01:35 Feb 04 2021,96,76,1,0,0
05:01:37 Feb 04 2021,95,76,1,0,0
05:01:39 Feb 04 2021,95,76,1,0,0
05:01:41 Feb 04 2021,93,77,0,0,0
05:01:43 Feb 04 2021,92,77,0,0,0
05:01:45 Feb 04 2021,92,80,0,0,0
05:01:47 Feb 04 2021,91,79,0,0,0
05:01:49 Feb 04 2021,90,79,1,0,0
05:01:51 Feb 04 2021,90,80,1,1,0
05:01:53 Feb 04 2021,88,78,1,0,0
05:01:55 Feb 04 2021,89,77,1,0,0
05:01:57 Feb 04 2021,89,79,0,0,0
05:01:59 Feb 04 2021,89,77,2,0,0
05:02:01 Feb 04 2021,89,79,0,0,0
05:02:03 Feb 04 2021,89,80,1,0,0
05:02:05 Feb 04 2021,89,79,1,0,0
05:02:07 Feb 04 2021,89,81,1,0,0
05:02:09 Feb 04 2021,89,81,0,0,0
05:02:11 Feb 04 2021,88,83,0,1,0
05:02:13 Feb 04 2021,87,85,0,0,0
05:02:15 Feb 04 2021,88,85,1,0,0
05:02:17 Feb 04 2021,87,86,0,0,0
05:02:19 Feb 04 2021,88,86,0,0,0
05:02:21 Feb 04 2021,88,84,1,0,0
05:02:23 Feb 04 2021,90,84,0,0,0
05:02:25 Feb 04 2021,92,81,1,0,0
05:02:27 Feb 04 2021,92,80,0,0,0
05:02:29 Feb 04 2021,93,80,0,0,0
05:02:31 Feb 04 2021,93,77,1,0,0
05:02:33 Feb 04 2021,93,77,0,0,0
05:02:35 Feb 04 2021,94,77,0,0,0
05:02:37 Feb 04 2021,94,77,1,0,0
05:02:39 Feb 04 2021,95,80,0,0,0
05:02:41 Feb 04 2021,95,80,0,0,0
05:02:43 Feb 04 2021,95,80,1,0,0
05:02:45 Feb 04 2021,96,82,0,0,0
05:02:47 Feb 04 2021,96,80,0,0,0
05:02:49 Feb 04 2021,96,81,1,0,0
05:02:51 Feb 04 2021,96,81,0,0,0
05:02:53 Feb 04 2021,96,81,0,0,0
05:02:55 Feb 04 2021,96,78,0,0,0
05:02:57 Feb 04 2021,95,75,0,0,0
05:02:59 Feb 04 2021,94,72,0,0,0
05:03:01 Feb 04 2021,93,72,0,0,0
05:03:03 Feb 04 2021,93,72,1,0,0
05:03:05 Feb 04 2021,93,74,0,0,0
05:03:07 Feb 04 2021,93,75,0,0,0
05:03:09 Feb 04 2021,93,75,0,0,0
05:03:11 Feb 04 2021,93,76,0,0,0
05:03:13 Feb 04 2021,93,75,0,0,0
05:03:15 Feb 04 2021,93,77,0,0,0
05:03:17 Feb 04 2021,92,73,0,0,0
05:03:19 Feb 04 2021,92,72,0,0,0
05:03:21 Feb 04 2021,91,71,0,0,0
05:03:23 Feb 04 2021,90,69,0,0,0
05:03:25 Feb 04 2021,89,77,0,1,0
05:03:27 Feb 04 2021,89,79,0,0,0
05:03:29 Feb 04 2021,89,77,1,0,0
05:03:31 Feb 04 2021,89,78,1,0,0
05:03:33 Feb 04 2021,89,79,1,0,0
05:03:35 Feb 04 2021,89,75,1,0,0
05:03:37 Feb 04 2021,89,74,1,0,0
05:03:39 Feb 04 2021,89,72,1,0,0
05:03:41 Feb 04 2021,89,72,1,0,0
05:03:43 Feb 04 2021,90,73,1,0,0
05:03:45 Feb 04 2021,91,73,0,0,0
05:03:47 Feb 04 2021,93,74,1,0,0
05:03:49 Feb 04 2021,95,73,0,0,0
05:03:51 Feb 04 2021,96,75,4,0,0
05:03:53 Feb 04 2021,96,76,1,0,0
05:03:55 Feb 04 2021,96,75,1,0,0
05:03:57 Feb 04 2021,96,77,0,0,0
05:03:59 Feb 04 2021,96,77,0,0,0
05:04:01 Feb 04 2021,96,77,0,0,0
05:04:03 Feb 04 2021,96,77,0,0,0
05:04:05 Feb 04 2021,96,76,0,0,0
05:04:07 Feb 04 2021,96,75,0,0,0
05:04:09 Feb 04 2021,96,74,0,0,0
05:04:11 Feb 04 2021,96,73,0,0,0
05:04:13 Feb 04 2021,96,72,1,0,0
05:04:15 Feb 04 2021,96,69,1,0,0
05:04:17 Feb 04 2021,96,70,0,0,0
05:04:19 Feb 04 2021,96,70,1,0,0
05:04:21 Feb 04 2021,96,72,1,0,0
05:04:23 Feb 04 2021,96,76,1,0,0
05:04:25 Feb 04 2021,96,76,1,0,0
05:04:27 Feb 04 2021,94,79,1,0,0
05:04:29 Feb 04 2021,94,79,1,0,0
05:04:31 Feb 04 2021,94,80,1,0,0
05:04:33 Feb 04 2021,93,79,1,0,0
05:04:35 Feb 04 2021,94,79,0,0,0
05:04:37 Feb 04 2021,94,79,0,0,0
05:04:39 Feb 04 2021,94,77,0,0,0
05:04:41 Feb 04 2021,92,74,3,0,0
05:04:43 Feb 04 2021,92,69,0,0,0
05:04:45 Feb 04 2021,91,65,7,0,0
05:04:47 Feb 04 2021,92,64,18,0,0
05:04:49 Feb 04 2021,92,64,0,0,0
05:04:51 Feb 04 2021,92,64,1,0,0
05:04:53 Feb 04 2021,92,64,0,0,0
05:04:55 Feb 04 2021,92,66,0,0,0
05:04:57 Feb 04 2021,92,68,1,0,0
05:04:59 Feb 04 2021,92,70,1,0,0
05:05:01 Feb 04 2021,93,69,1,0,0
05:05:03 Feb 04 2021,94,71,1,0,0
05:05:05 Feb 04 2021,94,72,1,0,0
05:05:07 Feb 04 2021,95,72,1,0,0
05:05:09 Feb 04 2021,95,73,0,0,0
05:05:11 Feb 04 2021,95,73,1,0,0
05:05:13 Feb 04 2021,95,73,1,0,0
05:05:15 Feb 04 2021,95,75,0,0,0
05:05:17 Feb 04 2021,95,75,1,0,0
05:05:19 Feb 04 2021,95,76,0,0,0
05:05:21 Feb 04 2021,96,76,0,0,0
05:05:23 Feb 04 2021,96,76,1,0,0
05:05:25 Feb 04 2021,96,76,1,0,0
05:05:27 Feb 04 2021,96,76,1,0,0
05:05:29 Feb 04 2021,96,75,0,0,0
05:05:31 Feb 04 2021,96,76,1,0,0
05:05:33 Feb 04 2021,96,78,1,0,0
05:05:35 Feb 04 2021,96,75,1,0,0
05:05:37 Feb 04 2021,95,77,0,0,0
05:05:39 Feb 04 2021,95,74,0,0,0
05:05:41 Feb 04 2021,95,73,1,0,0
05:05:43 Feb 04 2021,94,74,1,0,0
05:05:45 Feb 04 2021,94,72,1,0,0
05:05:47 Feb 04 2021,94,73,1,0,0
05:05:49 Feb 04 2021,94,73,1,0,0
05:05:51 Feb 04 2021,94,73,1,0,0
05:05:53 Feb 04 2021,94,73,1,0,0
05:05:55 Feb 04 2021,93,73,0,0,0
05:05:57 Feb 04 2021,92,74,1,0,0
05:05:59 Feb 04 2021,90,74,0,0,0
05:06:01 Feb 04 2021,88,76,1,1,0
05:06:03 Feb 04 2021,88,78,1,0,0
05:06:05 Feb 04 2021,88,79,0,0,0
05:06:07 Feb 04 2021,88,81,0,0,0
05:06:09 Feb 04 2021,88,80,0,0,0
05:06:11 Feb 04 2021,88,79,0,0,0
05:06:13 Feb 04 2021,88,77,1,0,0
05:06:15 Feb 04 2021,88,75,1,0,0
05:06:17 Feb 04 2021,88,74,1,0,0
05:06:19 Feb 04 2021,89,72,0,0,0
05:06:21 Feb 04 2021,90,72,1,0,0
05:06:23 Feb 04 2021,91,67,0,0,0
05:06:25 Feb 04 2021,91,67,0,0,0
05:06:27 Feb 04 2021,92,67,0,0,0
05:06:29 Feb 04 2021,92,66,1,0,0
05:06:31 Feb 04 2021,92,67,0,0,0
05:06:33 Feb 04 2021,92,67,0,0,0
05:06:35 Feb 04 2021,93,64,1,0,0
05:06:37 Feb 04 2021,93,63,1,0,0
05:06:39 Feb 04 2021,94,58,0,0,0
05:06:41 Feb 04 2021,95,60,1,0,0
05:06:43 Feb 04 2021,95,65,1,0,0
05:06:45 Feb 04 2021,95,55,0,0,0
05:06:47 Feb 04 2021,96,59,1,0,0
05:06:49 Feb 04 2021,96,57,1,0,0
05:06:51 Feb 04 2021,96,53,0,0,0
05:06:53 Feb 04 2021,96,57,1,0,0
05:06:55 Feb 04 2021,96,58,1,0,0
05:06:57 Feb 04 2021,95,61,1,0,0
05:06:59 Feb 04 2021,95,63,1,0,0
05:07:01 Feb 04 2021,96,67,0,0,0
05:07:03 Feb 04 2021,95,67,1,0,0
05:07:05 Feb 04 2021,96,67,1,0,0
05:07:07 Feb 04 2021,96,68,0,0,0
05:07:09 Feb 04 2021,95,67,1,0,0
05:07:11 Feb 04 2021,95,67,0,0,0
05:07:13 Feb 04 2021,95,66,1,0,0
05:07:15 Feb 04 2021,95,66,1,0,0
05:07:17 Feb 04 2021,95,65,1,0,0
05:07:19 Feb 04 2021,95,65,0,0,0
05:07:21 Feb 04 2021,95,66,0,0,0
05:07:23 Feb 04 2021,95,66,1,0,0
05:07:25 Feb 04 2021,95,66,0,0,0
05:07:27 Feb 04 2021,95,66,0,0,0
05:07:29 Feb 04 2021,94,66,1,0,0
05:07:31 Feb 04 2021,94,67,1,0,0
05:07:33 Feb 04 2021,94,67,1,0,0
05:07:35 Feb 04 2021,94,67,0,0,0
05:07:37 Feb 04 2021,94,67,0,0,0
05:07:39 Feb 04 2021,94,69,1,0,0
05:07:41 Feb 04 2021,94,70,1,0,0
05:07:43 Feb 04 2021,93,72,1,0,0
05:07:45 Feb 04 2021,93,73,1,0,0
05:07:47 Feb 04 2021,93,72,0,0,0
05:07:49 Feb 04 2021,93,73,1,0,0
05:07:51 Feb 04 2021,93,73,1,0,0
05:07:53 Feb 04 2021,93,74,0,0,0
05:07:55 Feb 04 2021,93,75,1,0,0
05:07:57 Feb 04 2021,93,75,1,0,0
05:07:59 Feb 04 2021,93,75,0,0,0
05:08:01 Feb 04 2021,94,75,1,0,0
05:08:03 Feb 04 2021,94,79,1,0,0
05:08:05 Feb 04 2021,94,79,0,0,0
05:08:07 Feb 04 2021,95,75,0,0,0
05:08:09 Feb 04 2021,95,75,0,0,0
05:08:11 Feb 04 2021,94,74,0,0,0
05:08:13 Feb 04 2021,94,73,1,0,0
05:08:15 Feb 04 2021,94,72,0,0,0
05:08:17 Feb 04 2021,94,72,0,0,0
05:08:19 Feb 04 2021,94,73,1,0,0
05:08:21 Feb 04 2021,93,73,0,0,0
05:08:23 Feb 04 2021,93,73,0,0,0
05:08:25 Feb 04 2021,93,72,0,0,0
05:08:27 Feb 04 2021,93,67,1,0,0
05:08:29 Feb 04 2021,93,71,1,0,0
05:08:31 Feb 04 2021,93,70,0,0,0
05:08:33 Feb 04 2021,93,67,0,0,0
05:08:35 Feb 04 2021,92,68,1,0,0
05:08:37 Feb 04 2021,91,71,0,0,0
05:08:39 Feb 04 2021,90,71,1,0,0
05:08:41 Feb 04 2021,90,74,1,0,0
05:08:43 Feb 04 2021,90,74,0,0,0
05:08:45 Feb 04 2021,90,72,0,0,0
05:08:47 Feb 04 2021,90,69,0,0,0
05:08:49 Feb 04 2021,90,68,1,0,0
05:08:51 Feb 04 2021,90,67,1,0,0
05:08:53 Feb 04 2021,90,67,0,0,0
05:08:55 Feb 04 2021,90,68,0,0,0
05:08:57 Feb 04 2021,90,68,1,0,0
05:08:59 Feb 04 2021,90,67,1,0,0
05:09:01 Feb 04 2021,91,66,0,0,0
05:09:03 Feb 04 2021,92,62,0,0,0
05:09:05 Feb 04 2021,92,65,0,0,0
05:09:07 Feb 04 2021,93,65,1,0,0
05:09:09 Feb 04 2021,94,65,5,0,0
05:09:11 Feb 04 2021,95,67,3,0,0
05:09:13 Feb 04 2021,95,67,3,0,0
05:09:15 Feb 04 2021,95,67,1,0,0
05:09:17 Feb 04 2021,95,67,1,0,0
05:09:19 Feb 04 2021,95,67,1,0,0
05:09:21 Feb 04 2021,95,65,1,0,0
05:09:23 Feb 04 2021,95,67,1,0,0
05:09:25 Feb 04 2021,95,71,0,0,0
05:09:27 Feb 04 2021,95,70,1,0,0
05:09:29 Feb 04 2021,95,68,1,0,0
05:09:31 Feb 04 2021,94,63,1,0,0
05:09:33 Feb 04 2021,93,57,1,0,0
05:09:35 Feb 04 2021,93,57,1,0,0
05:09:37 Feb 04 2021,93,59,0,0,0
05:09:39 Feb 04 2021,93,60,1,0,0
05:09:41 Feb 04 2021,93,60,0,0,0
05:09:43 Feb 04 2021,93,60,1,0,0
05:09:45 Feb 04 2021,93,63,1,0,0
05:09:47 Feb 04 2021,92,65,1,0,0
05:09:49 Feb 04 2021,92,62,1,0,0
05:09:51 Feb 04 2021,92,60,1,0,0
05:09:53 Feb 04 2021,92,59,1,0,0
05:09:55 Feb 04 2021,92,58,1,0,0
05:09:57 Feb 04 2021,92,58,1,0,0
05:09:59 Feb 04 2021,92,64,1,0,0
05:10:01 Feb 04 2021,92,62,1,0,0
05:10:03 Feb 04 2021,92,62,1,0,0
05:10:05 Feb 04 2021,93,60,1,0,0
05:10:07 Feb 04 2021,93,60,1,0,0
05:10:09 Feb 04 2021,93,60,0,0,0
05:10:11 Feb 04 2021,93,63,1,0,0
05:10:13 Feb 04 2021,92,68,0,0,0
05:10:15 Feb 04 2021,91,74,1,0,0
05:10:17 Feb 04 2021,91,78,1,0,0
05:10:19 Feb 04 2021,91,77,1,0,0
05:10:21 Feb 04 2021,91,79,1,0,0
05:10:23 Feb 04 2021,92,73,1,0,0
05:10:25 Feb 04 2021,92,73,1,0,0
05:10:27 Feb 04 2021,92,79,1,0,0
05:10:29 Feb 04 2021,93,78,1,0,0
05:10:31 Feb 04 2021,94,81,1,0,0
05:10:33 Feb 04 2021,94,82,0,0,0
05:10:35 Feb 04 2021,95,82,1,0,0
05:10:37 Feb 04 2021,94,82,1,0,0
05:10:39 Feb 04 2021,94,82,0,0,0
05:10:41 Feb 04 2021,94,80,1,0,0
05:10:43 Feb 04 2021,94,79,1,0,0
05:10:45 Feb 04 2021,94,77,1,0,0
05:10:47 Feb 04 2021,94,76,1,0,0
05:10:49 Feb 04 2021,94,76,1,0,0
05:10:51 Feb 04 2021,93,74,1,0,0
05:10:53 Feb 04 2021,93,73,1,0,0
05:10:55 Feb 04 2021,93,73,1,0,0
05:10:57 Feb 04 2021,93,73,1,0,0
05:10:59 Feb 04 2021,93,73,1,0,0
05:11:01 Feb 04 2021,93,74,1,0,0
05:11:03 Feb 04 2021,93,74,1,0,0
05:11:05 Feb 04 2021,93,74,1,0,0
05:11:07 Feb 04 2021,93,74,1,0,0
05:11:09 Feb 04 2021,93,73,1,0,0
05:11:11 Feb 04 2021,93,69,1,0,0
05:11:13 Feb 04 2021,91,68,1,0,0
05:11:15 Feb 04 2021,91,68,1,0,0
05:11:17 Feb 04 2021,90,66,1,0,0
05:11:19 Feb 04 2021,90,67,0,0,0
05:11:21 Feb 04 2021,90,66,1,0,0
05:11:23 Feb 04 2021,90,69,1,0,0
05:11:25 Feb 04 2021,90,70,1,0,0
05:11:27 Feb 04 2021,90,71,1,0,0
05:11:29 Feb 04 2021,90,70,0,0,0
05:11:31 Feb 04 2021,91,70,1,0,0
05:11:33 Feb 04 2021,91,70,1,0,0
05:11:35 Feb 04 2021,92,70,1,0,0
05:11:37 Feb 04 2021,92,70,1,0,0
05:11:39 Feb 04 2021,92,67,1,0,0
05:11:41 Feb 04 2021,92,67,1,0,0
05:11:43 Feb 04 2021,92,65,1,0,0
05:11:45 Feb 04 2021,92,63,1,0,0
05:11:47 Feb 04 2021,92,65,0,0,0
05:11:49 Feb 04 2021,92,64,1,0,0
05:11:51 Feb 04 2021,92,63,0,0,0
05:11:53 Feb 04 2021,92,64,1,0,0
05:11:55 Feb 04 2021,93,65,1,0,0
05:11:57 Feb 04 2021,94,65,0,0,0
05:11:59 Feb 04 2021,95,65,0,0,0
05:12:01 Feb 04 2021,96,65,0,0,0
05:12:03 Feb 04 2021,96,62,0,0,0
05:12:05 Feb 04 2021,96,64,1,0,0
05:12:07 Feb 04 2021,95,65,1,0,0
05:12:09 Feb 04 2021,95,65,1,0,0
05:12:11 Feb 04 2021,94,64,0,0,0
05:12:13 Feb 04 2021,94,60,1,0,0
05:12:15 Feb 04 2021,93,59,1,0,0
05:12:17 Feb 04 2021,93,62,1,0,0
05:12:19 Feb 04 2021,93,68,0,0,0
05:12:21 Feb 04 2021,93,70,1,0,0
05:12:23 Feb 04 2021,93,68,1,0,0
05:12:25 Feb 04 2021,93,68,1,0,0
05:12:27 Feb 04 2021,92,65,1,0,0
05:12:29 Feb 04 2021,93,63,1,0,0
05:12:31 Feb 04 2021,93,62,1,0,0
05:12:33 Feb 04 2021,93,62,1,0,0
05:12:35 Feb 04 2021,93,63,1,0,0
05:12:37 Feb 04 2021,93,64,0,0,0
05:12:39 Feb 04 2021,93,65,1,0,0
05:12:41 Feb 04 2021,92,67,1,0,0
05:12:43 Feb 04 2021,90,68,1,0,0
05:12:45 Feb 04 2021,90,70,1,0,0
05:12:47 Feb 04 2021,89,72,1,1,0
05:12:49 Feb 04 2021,89,72,1,0,0
05:12:51 Feb 04 2021,89,71,1,0,0
05:12:53 Feb 04 2021,88,70,1,0,0
05:12:55 Feb 04 2021,88,71,0,0,0
05:12:57 Feb 04 2021,89,71,1,0,0
05:12:59 Feb 04 2021,89,72,1,0,0
05:13:01 Feb 04 2021,89,73,0,0,0
05:13:03 Feb 04 2021,91,73,1,0,0
05:13:05 Feb 04 2021,91,73,1,0,0
05:13:07 Feb 04 2021,91,73,1,0,0
05:13:09 Feb 04 2021,91,73,0,0,0
05:13:11 Feb 04 2021,91,73,1,0,0
05:13:13 Feb 04 2021,91,73,1,0,0
05:13:15 Feb 04 2021,92,74,1,0,0
05:13:17 Feb 04 2021,94,74,1,0,0
05:13:19 Feb 04 2021,94,75,1,0,0
05:13:21 Feb 04 2021,95,77,0,0,0
05:13:23 Feb 04 2021,94,78,0,0,0
05:13:25 Feb 04 2021,94,77,1,0,0
05:13:27 Feb 04 2021,94,76,0,0,0
05:13:29 Feb 04 2021,94,74,0,0,0
05:13:31 Feb 04 2021,94,73,0,0,0
05:13:33 Feb 04 2021,94,77,0,0,0
05:13:35 Feb 04 2021,94,78,1,0,0
05:13:37 Feb 04 2021,94,78,1,0,0
05:13:39 Feb 04 2021,94,78,1,0,0
05:13:41 Feb 04 2021,94,77,1,0,0
05:13:43 Feb 04 2021,93,77,1,0,0
05:13:45 Feb 04 2021,92,74,0,0,0
05:13:47 Feb 04 2021,93,73,1,0,0
05:13:49 Feb 04 2021,92,73,1,0,0
05:13:51 Feb 04 2021,93,71,1,0,0
05:13:53 Feb 04 2021,93,73,0,0,0
05:13:55 Feb 04 2021,93,72,1,0,0
05:13:57 Feb 04 2021,92,75,1,0,0
05:13:59 Feb 04 2021,89,77,0,1,0
05:14:01 Feb 04 2021,86,77,1,0,0
05:14:03 Feb 04 2021,84,76,0,0,0
05:14:05 Feb 04 2021,84,74,0,0,0
05:14:07 Feb 04 2021,84,73,1,0,0
05:14:09 Feb 04 2021,84,75,1,0,0
05:14:11 Feb 04 2021,83,75,1,0,0
05:14:13 Feb 04 2021,83,77,1,0,0
05:14:15 Feb 04 2021,83,76,1,0,0
05:14:17 Feb 04 2021,84,74,2,0,0
05:14:19 Feb 04 2021,86,74,1,0,0
05:14:21 Feb 04 2021,87,75,1,0,0
05:14:23 Feb 04 2021,89,77,1,0,0
05:14:25 Feb 04 2021,90,80,1,0,0
05:14:27 Feb 04 2021,90,82,1,0,0
05:14:29 Feb 04 2021,90,82,1,0,0
05:14:31 Feb 04 2021,91,82,0,0,0
05:14:33 Feb 04 2021,91,81,1,0,0
05:14:35 Feb 04 2021,93,78,1,0,0
05:14:37 Feb 04 2021,93,76,1,0,0
05:14:39 Feb 04 2021,94,76,1,0,0
05:14:41 Feb 04 2021,95,75,1,0,0
05:14:43 Feb 04 2021,95,76,1,0,0
05:14:45 Feb 04 2021,95,75,1,0,0
05:14:47 Feb 04 2021,95,72,1,0,0
05:14:49 Feb 04 2021,95,71,1,0,0
05:14:51 Feb 04 2021,95,71,0,0,0
05:14:53 Feb 04 2021,95,73,1,0,0
05:14:55 Feb 04 2021,94,69,1,0,0
05:14:57 Feb 04 2021,94,70,1,0,0
05:14:59 Feb 04 2021,94,66,1,0,0
05:15:01 Feb 04 2021,93,58,1,0,0
05:15:03 Feb 04 2021,93,59,1,0,0
05:15:05 Feb 04 2021,93,56,1,0,0
05:15:07 Feb 04 2021,93,55,1,0,0
05:15:09 Feb 04 2021,93,62,1,0,0
05:15:11 Feb 04 2021,92,59,1,0,0
05:15:13 Feb 04 2021,92,63,0,0,0
05:15:15 Feb 04 2021,92,62,1,0,0
05:15:17 Feb 04 2021,92,63,8,0,0
05:15:19 Feb 04 2021,92,68,0,0,0
05:15:21 Feb 04 2021,92,68,2,0,0
05:15:23 Feb 04 2021,92,71,4,0,0
05:15:25 Feb 04 2021,92,70,0,0,0
05:15:27 Feb 04 2021,92,72,0,0,0
05:15:29 Feb 04 2021,92,73,0,0,0
05:15:31 Feb 04 2021,92,73,0,0,0
05:15:33 Feb 04 2021,90,74,1,0,0
05:15:35 Feb 04 2021,89,74,0,1,0
05:15:37 Feb 04 2021,87,74,0,0,0
05:15:39 Feb 04 2021,85,76,0,0,0
05:15:41 Feb 04 2021,87,76,0,0,0
05:15:43 Feb 04 2021,87,76,0,0,0
05:15:45 Feb 04 2021,87,76,0,0,0
05:15:47 Feb 04 2021,87,75,0,0,0
05:15:49 Feb 04 2021,88,74,1,0,0
05:15:51 Feb 04 2021,89,73,0,0,0
05:15:53 Feb 04 2021,89,72,0,0,0
05:15:55 Feb 04 2021,89,72,0,0,0
05:15:57 Feb 04 2021,89,73,1,0,0
05:15:59 Feb 04 2021,90,73,0,0,0
05:16:01 Feb 04 2021,91,73,0,0,0
05:16:03 Feb 04 2021,93,73,1,0,0
05:16:05 Feb 04 2021,93,71,1,0,0
05:16:07 Feb 04 2021,93,70,0,0,0
05:16:09 Feb 04 2021,93,71,0,0,0
05:16:11 Feb 04 2021,93,70,0,0,0
05:16:13 Feb 04 2021,93,71,0,0,0
05:16:15 Feb 04 2021,93,71,0,0,0
05:16:17 Feb 04 2021,93,70,1,0,0
05:16:19 Feb 04 2021,93,68,0,0,0
05:16:21 Feb 04 2021,93,68,1,0,0
05:16:23 Feb 04 2021,93,67,0,0,0
05:16:25 Feb 04 2021,93,69,0,0,0
05:16:27 Feb 04 2021,93,70,1,0,0
05:16:29 Feb 04 2021,93,71,1,0,0
05:16:31 Feb 04 2021,93,73,1,0,0
05:16:33 Feb 04 2021,92,72,0,0,0
05:16:35 Feb 04 2021,91,76,1,0,0
05:16:37 Feb 04 2021,91,76,1,0,0
05:16:39 Feb 04 2021,89,75,1,1,0
05:16:41 Feb 04 2021,89,75,1,0,0
05:16:43 Feb 04 2021,89,74,3,0,0
05:16:45 Feb 04 2021,89,73,0,0,0
05:16:47 Feb 04 2021,89,74,0,0,0
05:16:49 Feb 04 2021,89,74,1,0,0
05:16:51 Feb 04 2021,89,74,0,0,0
05:16:53 Feb 04 2021,89,73,2,0,0
05:16:55 Feb 04 2021,89,73,3,0,0
05:16:57 Feb 04 2021,89,75,3,0,0
05:16:59 Feb 04 2021,89,76,6,0,0
05:17:01 Feb 04 2021,89,75,1,0,0
05:17:03 Feb 04 2021,89,75,1,0,0
05:17:05 Feb 04 2021,89,75,1,0,0
05:17:07 Feb 04 2021,89,75,4,0,0
05:17:09 Feb 04 2021,89,75,9,0,0
05:17:11 Feb 04 2021,89,75,3,0,0
05:17:13 Feb 04 2021,89,75,2,0,0
05:17:15 Feb 04 2021,89,75,3,0,0
05:17:17 Feb 04 2021,89,74,2,0,0
05:17:19 Feb 04 2021,92,76,0,0,0
05:17:21 Feb 04 2021,94,75,1,0,0
05:17:23 Feb 04 2021,97,75,1,0,0
05:17:25 Feb 04 2021,97,75,1,0,0
05:17:27 Feb 04 2021,98,74,1,0,0
05:17:29 Feb 04 2021,98,75,0,0,0
05:17:31 Feb 04 2021,98,75,0,0,0
05:17:33 Feb 04 2021,98,75,0,0,0
05:17:35 Feb 04 2021,98,75,0,0,0
05:17:37 Feb 04 2021,98,75,0,0,0
05:17:39 Feb 04 2021,98,75,0,0,0
05:17:41 Feb 04 2021,98,75,0,0,0
05:17:43 Feb 04 2021,98,75,0,0,0
05:17:45 Feb 04 2021,98,73,0,0,0
05:17:47 Feb 04 2021,98,65,1,0,0
05:17:49 Feb 04 2021,98,65,0,0,0
05:17:51 Feb 04 2021,98,58,1,0,0
05:17:53 Feb 04 2021,97,62,0,0,0
05:17:55 Feb 04 2021,97,71,0,0,0
05:17:57 Feb 04 2021,97,71,0,0,0
05:17:59 Feb 04 2021,97,76,0,0,0
05:18:01 Feb 04 2021,97,75,1,0,0
05:18:03 Feb 04 2021,96,75,1,0,0
05:18:05 Feb 04 2021,96,78,0,0,0
05:18:07 Feb 04 2021,96,77,0,0,0
05:18:09 Feb 04 2021,97,78,0,0,0
05:18:11 Feb 04 2021,97,79,0,0,0
05:18:13 Feb 04 2021,97,78,1,0,0
05:18:15 Feb 04 2021,97,79,1,0,0
05:18:17 Feb 04 2021,97,80,0,0,0
05:18:19 Feb 04 2021,96,79,1,0,0
05:18:21 Feb 04 2021,96,78,1,0,0
05:18:23 Feb 04 2021,95,78,0,0,0
05:18:25 Feb 04 2021,95,78,0,0,0
05:18:27 Feb 04 2021,95,79,1,0,0
05:18:29 Feb 04 2021,95,79,0,0,0
05:18:31 Feb 04 2021,95,79,0,0,0
05:18:33 Feb 04 2021,95,79,1,0,0
05:18:35 Feb 04 2021,95,79,1,0,0
05:18:37 Feb 04 2021,95,79,1,0,0
05:18:39 Feb 04 2021,95,78,1,0,0
05:18:41 Feb 04 2021,95,75,1,0,0
05:18:43 Feb 04 2021,96,76,0,0,0
05:18:45 Feb 04 2021,97,76,1,0,0
05:18:47 Feb 04 2021,97,78,0,0,0
05:18:49 Feb 04 2021,97,79,0,0,0
05:18:51 Feb 04 2021,97,77,0,0,0
05:18:53 Feb 04 2021,97,75,1,0,0
05:18:55 Feb 04 2021,97,75,0,0,0
05:18:57 Feb 04 2021,97,75,1,0,0
05:18:59 Feb 04 2021,97,78,0,0,0
05:19:01 Feb 04 2021,97,80,0,0,0
05:19:03 Feb 04 2021,97,81,1,0,0
05:19:05 Feb 04 2021,97,75,1,0,0
05:19:07 Feb 04 2021,97,73,1,0,0
05:19:09 Feb 04 2021,97,71,0,0,0
05:19:11 Feb 04 2021,97,69,1,0,0
05:19:13 Feb 04 2021,97,73,0,0,0
05:19:15 Feb 04 2021,97,72,0,0,0
05:19:17 Feb 04 2021,97,70,1,0,0
05:19:19 Feb 04 2021,96,68,0,0,0
05:19:21 Feb 04 2021,97,71,1,0,0
05:19:23 Feb 04 2021,97,70,1,0,0
05:19:25 Feb 04 2021,97,71,0,0,0
05:19:27 Feb 04 2021,97,74,1,0,0
05:19:29 Feb 04 2021,97,75,2,0,0
05:19:31 Feb 04 2021,96,77,0,0,0
05:19:33 Feb 04 2021,95,78,0,0,0
05:19:35 Feb 04 2021,93,78,0,0,0
05:19:37 Feb 04 2021,93,77,1,0,0
05:19:39 Feb 04 2021,92,77,4,0,0
05:19:41 Feb 04 2021,92,77,3,0,0
05:19:43 Feb 04 2021,93,80,1,0,0
05:19:45 Feb 04 2021,91,83,1,0,0
05:19:47 Feb 04 2021,92,85,2,0,0
05:19:49 Feb 04 2021,92,86,3,0,0
05:19:51 Feb 04 2021,92,86,1,0,0
05:19:53 Feb 04 2021,93,86,2,0,0
05:19:55 Feb 04 2021,94,83,1,0,0
05:19:57 Feb 04 2021,95,83,1,0,0
05:19:59 Feb 04 2021,95,84,1,0,0
05:20:01 Feb 04 2021,96,80,1,0,0
05:20:03 Feb 04 2021,96,84,1,0,0
05:20:05 Feb 04 2021,97,83,10,0,0
05:20:07 Feb 04 2021,97,84,3,0,0
05:20:09 Feb 04 2021,97,87,2,0,0
05:20:11 Feb 04 2021,97,87,3,0,0
05:20:13 Feb 04 2021,97,87,5,0,0
05:20:15 Feb 04 2021,97,86,1,0,0
05:20:17 Feb 04 2021,97,87,0,0,0
05:20:19 Feb 04 2021,97,85,1,0,0
05:20:21 Feb 04 2021,97,83,0,0,0
05:20:23 Feb 04 2021,97,87,1,0,0
05:20:25 Feb 04 2021,97,84,1,0,0
05:20:27 Feb 04 2021,97,83,1,0,0
05:20:29 Feb 04 2021,97,83,0,0,0
05:20:31 Feb 04 2021,97,81,0,0,0
05:20:33 Feb 04 2021,97,79,1,0,0
05:20:35 Feb 04 2021,97,79,2,0,0
05:20:37 Feb 04 2021,97,78,1,0,0
05:20:39 Feb 04 2021,97,80,0,0,0
05:20:41 Feb 04 2021,97,84,1,0,0
05:20:43 Feb 04 2021,97,84,0,0,0
05:20:45 Feb 04 2021,97,83,1,0,0
05:20:47 Feb 04 2021,97,82,0,0,0
05:20:49 Feb 04 2021,97,80,1,0,0
05:20:51 Feb 04 2021,97,81,1,0,0
05:20:53 Feb 04 2021,97,82,0,0,0
05:20:55 Feb 04 2021,96,82,0,0,0
05:20:57 Feb 04 2021,95,82,1,0,0
05:20:59 Feb 04 2021,95,82,1,0,0
05:21:01 Feb 04 2021,95,82,1,0,0
05:21:03 Feb 04 2021,95,83,0,0,0
05:21:05 Feb 04 2021,95,84,1,0,0
05:21:07 Feb 04 2021,95,83,0,0,0
05:21:09 Feb 04 2021,95,82,0,0,0
05:21:11 Feb 04 2021,95,80,1,0,0
05:21:13 Feb 04 2021,95,80,0,0,0
05:21:15 Feb 04 2021,95,80,0,0,0
05:21:17 Feb 04 2021,95,79,0,0,0
05:21:19 Feb 04 2021,96,79,1,0,0
05:21:21 Feb 04 2021,96,79,1,0,0
05:21:23 Feb 04 2021,97,76,0,0,0
05:21:25 Feb 04 2021,97,76,0,0,0
05:21:27 Feb 04 2021,97,74,0,0,0
05:21:29 Feb 04 2021,97,68,1,0,0
05:21:31 Feb 04 2021,97,70,1,0,0
05:21:33 Feb 04 2021,97,67,1,0,0
05:21:35 Feb 04 2021,97,67,1,0,0
05:21:37 Feb 04 2021,97,68,1,0,0
05:21:39 Feb 04 2021,97,71,0,0,0
05:21:41 Feb 04 2021,97,75,0,0,0
05:21:43 Feb 04 2021,97,80,1,0,0
05:21:45 Feb 04 2021,97,82,1,0,0
05:21:47 Feb 04 2021,97,80,1,0,0
05:21:49 Feb 04 2021,97,79,0,0,0
05:21:51 Feb 04 2021,96,80,0,0,0
05:21:53 Feb 04 2021,97,80,1,0,0
05:21:55 Feb 04 2021,96,77,1,0,0
05:21:57 Feb 04 2021,97,77,1,0,0
05:21:59 Feb 04 2021,97,73,0,0,0
05:22:01 Feb 04 2021,97,71,0,0,0
05:22:03 Feb 04 2021,97,71,1,0,0
05:22:05 Feb 04 2021,96,73,1,0,0
05:22:07 Feb 04 2021,96,79,1,0,0
05:22:09 Feb 04 2021,94,83,1,0,0
05:22:11 Feb 04 2021,92,84,1,0,0
05:22:13 Feb 04 2021,91,81,1,0,0
05:22:15 Feb 04 2021,89,81,0,1,0
05:22:17 Feb 04 2021,87,80,1,0,0
05:22:19 Feb 04 2021,87,81,0,0,0
05:22:21 Feb 04 2021,87,82,1,0,0
05:22:23 Feb 04 2021,87,82,0,0,0
05:22:25 Feb 04 2021,87,82,1,0,0
05:22:27 Feb 04 2021,88,81,1,0,0
05:22:29 Feb 04 2021,89,80,3,0,0
05:22:31 Feb 04 2021,92,80,0,0,0
05:22:33 Feb 04 2021,94,79,6,0,0
05:22:35 Feb 04 2021,94,79,1,0,0
05:22:37 Feb 04 2021,94,79,0,0,0
05:22:39 Feb 04 2021,94,79,0,0,0
05:22:41 Feb 04 2021,94,79,0,0,0
05:22:43 Feb 04 2021,94,79,0,0,0
05:22:45 Feb 04 2021,94,79,0,0,0
05:22:47 Feb 04 2021,95,79,0,0,0
05:22:49 Feb 04 2021,95,77,0,0,0
05:22:51 Feb 04 2021,96,75,0,0,0
05:22:53 Feb 04 2021,97,73,1,0,0
05:22:55 Feb 04 2021,97,74,0,0,0
05:22:57 Feb 04 2021,98,75,1,0,0
05:22:59 Feb 04 2021,98,75,2,0,0
05:23:01 Feb 04 2021,98,76,0,0,0
05:23:03 Feb 04 2021,98,78,0,0,0
05:23:05 Feb 04 2021,98,75,0,0,0
05:23:07 Feb 04 2021,98,75,0,0,0
05:23:09 Feb 04 2021,97,74,2,0,0
05:23:11 Feb 04 2021,97,72,1,0,0
05:23:13 Feb 04 2021,97,66,0,0,0
05:23:15 Feb 04 2021,97,64,0,0,0
05:23:17 Feb 04 2021,97,64,0,0,0
05:23:19 Feb 04 2021,98,71,0,0,0
05:23:21 Feb 04 2021,97,77,0,0,0
05:23:23 Feb 04 2021,98,77,0,0,0
05:23:25 Feb 04 2021,97,77,0,0,0
05:23:27 Feb 04 2021,97,74,0,0,0
05:23:29 Feb 04 2021,97,71,0,0,0
05:23:31 Feb 04 2021,96,72,0,0,0
05:23:33 Feb 04 2021,97,72,0,0,0
05:23:35 Feb 04 2021,96,72,0,0,0
05:23:37 Feb 04 2021,96,72,0,0,0
05:23:39 Feb 04 2021,96,72,0,0,0
05:23:41 Feb 04 2021,96,72,0,0,0
05:23:43 Feb 04 2021,96,72,0,0,0
05:23:45 Feb 04 2021,96,72,0,0,0
05:23:47 Feb 04 2021,96,72,1,0,0
05:23:49 Feb 04 2021,96,72,0,0,0
05:23:51 Feb 04 2021,96,72,0,0,0
05:23:53 Feb 04 2021,96,73,0,0,0
05:23:55 Feb 04 2021,96,73,0,0,0
05:23:57 Feb 04 2021,96,73,1,0,0
05:23:59 Feb 04 2021,96,73,0,0,0
05:24:01 Feb 04 2021,96,73,0,0,0
05:24:03 Feb 04 2021,96,73,0,0,0
05:24:05 Feb 04 2021,96,72,0,0,0
05:24:07 Feb 04 2021,96,75,0,0,0
05:24:09 Feb 04 2021,96,76,0,0,0
05:24:11 Feb 04 2021,96,78,0,0,0
05:24:13 Feb 04 2021,96,78,0,0,0
05:24:15 Feb 04 2021,96,76,0,0,0
05:24:17 Feb 04 2021,96,76,0,0,0
05:24:19 Feb 04 2021,95,74,0,0,0
05:24:21 Feb 04 2021,95,74,0,0,0
05:24:23 Feb 04 2021,95,74,0,0,0
05:24:25 Feb 04 2021,95,74,0,0,0
05:24:27 Feb 04 2021,95,74,0,0,0
05:24:29 Feb 04 2021,95,75,0,0,0
05:24:31 Feb 04 2021,94,76,0,0,0
05:24:33 Feb 04 2021,94,74,0,0,0
05:24:35 Feb 04 2021,93,74,0,0,0
05:24:37 Feb 04 2021,92,77,0,0,0
05:24:39 Feb 04 2021,90,80,0,0,0
05:24:41 Feb 04 2021,90,83,0,0,0
05:24:43 Feb 04 2021,89,86,0,1,0
05:24:45 Feb 04 2021,89,85,0,0,0
05:24:47 Feb 04 2021,89,83,1,0,0
05:24:49 Feb 04 2021,89,81,0,0,0
05:24:51 Feb 04 2021,89,82,0,0,0
05:24:53 Feb 04 2021,90,80,0,0,0
05:24:55 Feb 04 2021,91,80,0,0,0
05:24:57 Feb 04 2021,92,80,0,0,0
05:24:59 Feb 04 2021,93,76,0,0,0
05:25:01 Feb 04 2021,94,77,0,0,0
05:25:03 Feb 04 2021,95,78,0,0,0
05:25:05 Feb 04 2021,95,80,0,0,0
05:25:07 Feb 04 2021,96,81,0,0,0
05:25:09 Feb 04 2021,96,79,0,0,0
05:25:11 Feb 04 2021,97,71,0,0,0
05:25:13 Feb 04 2021,97,66,0,0,0
05:25:15 Feb 04 2021,97,61,0,0,0
05:25:17 Feb 04 2021,97,60,0,0,0
05:25:19 Feb 04 2021,97,64,0,0,0
05:25:21 Feb 04 2021,97,65,0,0,0
05:25:23 Feb 04 2021,97,65,0,0,0
05:25:25 Feb 04 2021,97,69,0,0,0
05:25:27 Feb 04 2021,97,74,0,0,0
05:25:29 Feb 04 2021,96,76,0,0,0
05:25:31 Feb 04 2021,96,77,0,0,0
05:25:33 Feb 04 2021,96,77,0,0,0
05:25:35 Feb 04 2021,95,76,0,0,0
05:25:37 Feb 04 2021,95,77,0,0,0
05:25:39 Feb 04 2021,95,83,0,0,0
05:25:41 Feb 04 2021,95,80,0,0,0
05:25:43 Feb 04 2021,95,79,0,0,0
05:25:45 Feb 04 2021,95,78,0,0,0
05:25:47 Feb 04 2021,93,76,0,0,0
05:25:49 Feb 04 2021,93,78,0,0,0
05:25:51 Feb 04 2021,92,76,0,0,0
05:25:53 Feb 04 2021,91,74,0,0,0
05:25:55 Feb 04 2021,90,72,0,0,0
05:25:57 Feb 04 2021,89,71,0,1,0
05:25:59 Feb 04 2021,89,73,1,0,0
05:26:01 Feb 04 2021,88,73,1,0,0
05:26:03 Feb 04 2021,88,74,3,0,0
05:26:05 Feb 04 2021,88,75,2,0,0
05:26:07 Feb 04 2021,88,74,3,0,0
05:26:09 Feb 04 2021,88,73,3,0,0
05:26:11 Feb 04 2021,88,73,3,0,0
05:26:13 Feb 04 2021,89,72,2,0,0
05:26:15 Feb 04 2021,91,72,4,0,0
05:26:17 Feb 04 2021,93,73,1,0,0
05:26:19 Feb 04 2021,95,72,1,0,0
05:26:21 Feb 04 2021,95,71,1,0,0
05:26:23 Feb 04 2021,96,69,0,0,0
05:26:25 Feb 04 2021,96,68,0,0,0
05:26:27 Feb 04 2021,96,70,0,0,0
05:26:29 Feb 04 2021,97,69,1,0,0
05:26:31 Feb 04 2021,97,68,0,0,0
05:26:33 Feb 04 2021,97,68,1,0,0
05:26:35 Feb 04 2021,97,67,0,0,0
05:26:37 Feb 04 2021,97,66,0,0,0
05:26:39 Feb 04 2021,97,66,0,0,0
05:26:41 Feb 04 2021,97,67,0,0,0
05:26:43 Feb 04 2021,97,70,0,0,0
05:26:45 Feb 04 2021,97,73,0,0,0
05:26:47 Feb 04 2021,97,75,0,0,0
05:26:49 Feb 04 2021,97,75,0,0,0
05:26:51 Feb 04 2021,97,73,1,0,0
05:26:53 Feb 04 2021,97,74,1,0,0
05:26:55 Feb 04 2021,97,73,0,0,0
05:26:57 Feb 04 2021,97,73,0,0,0
05:26:59 Feb 04 2021,97,73,0,0,0
05:27:01 Feb 04 2021,97,72,0,0,0
05:27:03 Feb 04 2021,97,73,0,0,0
05:27:05 Feb 04 2021,97,72,0,0,0
05:27:07 Feb 04 2021,97,66,0,0,0
05:27:09 Feb 04 2021,97,65,0,0,0
05:27:11 Feb 04 2021,96,62,0,0,0
05:27:13 Feb 04 2021,96,60,0,0,0
05:27:15 Feb 04 2021,96,61,0,0,0
05:27:17 Feb 04 2021,96,65,1,0,0
05:27:19 Feb 04 2021,96,67,0,0,0
05:27:21 Feb 04 2021,96,68,0,0,0
05:27:23 Feb 04 2021,95,72,1,0,0
05:27:25 Feb 04 2021,96,72,0,0,0
05:27:27 Feb 04 2021,96,75,0,0,0
05:27:29 Feb 04 2021,96,77,0,0,0
05:27:31 Feb 04 2021,96,78,1,0,0
05:27:33 Feb 04 2021,96,75,1,0,0
05:27:35 Feb 04 2021,95,75,1,0,0
05:27:37 Feb 04 2021,93,75,1,0,0
05:27:39 Feb 04 2021,92,74,1,0,0
05:27:41 Feb 04 2021,92,75,0,0,0
05:27:43 Feb 04 2021,93,74,0,0,0
05:27:45 Feb 04 2021,93,74,0,0,0
05:27:47 Feb 04 2021,93,75,0,0,0
05:27:49 Feb 04 2021,93,75,0,0,0
05:27:51 Feb 04 2021,94,75,0,0,0
05:27:53 Feb 04 2021,94,75,0,0,0
05:27:55 Feb 04 2021,94,73,0,0,0
05:27:57 Feb 04 2021,96,69,0,0,0
05:27:59 Feb 04 2021,96,67,0,0,0
05:28:01 Feb 04 2021,97,67,0,0,0
05:28:03 Feb 04 2021,97,68,0,0,0
05:28:05 Feb 04 2021,97,69,0,0,0
05:28:07 Feb 04 2021,97,71,0,0,0
05:28:09 Feb 04 2021,97,70,1,0,0
05:28:11 Feb 04 2021,97,70,0,0,0
05:28:13 Feb 04 2021,97,71,0,0,0
05:28:15 Feb 04 2021,97,71,0,0,0
05:28:17 Feb 04 2021,97,71,0,0,0
05:28:19 Feb 04 2021,97,70,1,0,0
05:28:21 Feb 04 2021,97,70,0,0,0
05:28:23 Feb 04 2021,97,70,0,0,0
05:28:25 Feb 04 2021,96,67,0,0,0
05:28:27 Feb 04 2021,96,69,0,0,0
05:28:29 Feb 04 2021,96,67,0,0,0
05:28:31 Feb 04 2021,96,66,0,0,0
05:28:33 Feb 04 2021,96,67,1,0,0
05:28:35 Feb 04 2021,96,67,1,0,0
05:28:37 Feb 04 2021,96,67,1,0,0
05:28:39 Feb 04 2021,96,68,0,0,0
05:28:41 Feb 04 2021,96,68,0,0,0
05:28:43 Feb 04 2021,95,69,0,0,0
05:28:45 Feb 04 2021,96,69,1,0,0
05:28:47 Feb 04 2021,95,69,0,0,0
05:28:49 Feb 04 2021,95,67,0,0,0
05:28:51 Feb 04 2021,93,65,0,0,0
05:28:53 Feb 04 2021,92,67,0,0,0
05:28:55 Feb 04 2021,92,64,0,0,0
05:28:57 Feb 04 2021,91,62,0,0,0
05:28:59 Feb 04 2021,92,64,0,0,0
05:29:01 Feb 04 2021,91,63,0,0,0
05:29:03 Feb 04 2021,89,58,0,1,0
05:29:05 Feb 04 2021,90,61,1,0,0
05:29:07 Feb 04 2021,90,63,0,0,0
05:29:09 Feb 04 2021,90,63,0,0,0
05:29:11 Feb 04 2021,90,66,1,0,0
05:29:13 Feb 04 2021,91,66,1,0,0
05:29:15 Feb 04 2021,93,65,0,0,0
05:29:17 Feb 04 2021,94,64,0,0,0
05:29:19 Feb 04 2021,95,63,1,0,0
05:29:21 Feb 04 2021,95,61,0,0,0
05:29:23 Feb 04 2021,96,60,0,0,0
05:29:25 Feb 04 2021,96,61,1,0,0
05:29:27 Feb 04 2021,96,60,0,0,0
05:29:29 Feb 04 2021,97,59,1,0,0
05:29:31 Feb 04 2021,97,60,0,0,0
05:29:33 Feb 04 2021,97,60,0,0,0
05:29:35 Feb 04 2021,97,59,0,0,0
05:29:37 Feb 04 2021,97,59,1,0,0
05:29:39 Feb 04 2021,97,59,0,0,0
05:29:41 Feb 04 2021,97,57,0,0,0
05:29:43 Feb 04 2021,97,58,0,0,0
05:29:45 Feb 04 2021,97,60,0,0,0
05:29:47 Feb 04 2021,97,62,0,0,0
05:29:49 Feb 04 2021,96,66,0,0,0
05:29:51 Feb 04 2021,96,65,0,0,0
05:29:53 Feb 04 2021,96,66,1,0,0
05:29:55 Feb 04 2021,96,67,0,0,0
05:29:57 Feb 04 2021,96,64,0,0,0
05:29:59 Feb 04 2021,97,66,0,0,0
05:30:01 Feb 04 2021,97,65,0,0,0
05:30:03 Feb 04 2021,97,65,0,0,0
05:30:05 Feb 04 2021,97,65,0,0,0
05:30:07 Feb 04 2021,97,65,0,0,0
05:30:09 Feb 04 2021,97,64,0,0,0
05:30:11 Feb 04 2021,97,64,0,0,0
05:30:13 Feb 04 2021,97,64,0,0,0
05:30:15 Feb 04 2021,97,64,0,0,0
05:30:17 Feb 04 2021,97,64,0,0,0
05:30:19 Feb 04 2021,97,64,1,0,0
05:30:21 Feb 04 2021,97,63,0,0,0
05:30:23 Feb 04 2021,97,63,0,0,0
05:30:25 Feb 04 2021,97,61,0,0,0
05:30:27 Feb 04 2021,97,61,0,0,0
05:30:29 Feb 04 2021,97,61,0,0,0
05:30:31 Feb 04 2021,96,60,1,0,0
05:30:33 Feb 04 2021,96,57,1,0,0
05:30:35 Feb 04 2021,96,55,1,0,0
05:30:37 Feb 04 2021,95,52,1,0,0
05:30:39 Feb 04 2021,95,52,1,0,0
05:30:41 Feb 04 2021,96,53,1,0,0
05:30:43 Feb 04 2021,96,52,1,0,0
05:30:45 Feb 04 2021,96,49,0,0,0
05:30:47 Feb 04 2021,96,47,1,0,0
05:30:49 Feb 04 2021,96,43,1,0,0
05:30:51 Feb 04 2021,96,41,1,0,0
05:30:53 Feb 04 2021,96,41,0,0,0
05:30:55 Feb 04 2021,96,42,0,0,0
05:30:57 Feb 04 2021,96,42,0,0,0
05:30:59 Feb 04 2021,96,42,0,0,0
05:31:01 Feb 04 2021,96,42,0,0,0
05:31:03 Feb 04 2021,96,42,0,0,0
05:31:05 Feb 04 2021,96,42,0,0,0
05:31:07 Feb 04 2021,96,48,1,0,0
05:31:09 Feb 04 2021,96,50,0,0,0
05:31:11 Feb 04 2021,96,64,0,0,0
05:31:13 Feb 04 2021,96,74,0,0,0
05:31:15 Feb 04 2021,96,76,0,0,0
05:31:17 Feb 04 2021,96,81,3,0,0
05:31:19 Feb 04 2021,95,81,2,0,0
05:31:21 Feb 04 2021,94,84,1,0,0
05:31:23 Feb 04 2021,94,81,0,0,0
05:31:25 Feb 04 2021,94,81,0,0,0
05:31:27 Feb 04 2021,95,80,0,0,0
05:31:29 Feb 04 2021,95,78,0,0,0
05:31:31 Feb 04 2021,94,78,0,0,0
05:31:33 Feb 04 2021,93,77,0,0,0
05:31:35 Feb 04 2021,93,77,0,0,0
05:31:37 Feb 04 2021,91,75,0,0,0
05:31:39 Feb 04 2021,88,77,1,1,0
05:31:41 Feb 04 2021,85,71,1,0,0
05:31:43 Feb 04 2021,83,66,1,0,0
05:31:45 Feb 04 2021,82,66,1,0,0
05:31:47 Feb 04 2021,82,60,1,0,0
05:31:49 Feb 04 2021,82,67,0,0,0
05:31:51 Feb 04 2021,82,72,2,0,0
05:31:53 Feb 04 2021,83,74,3,0,0
05:31:55 Feb 04 2021,86,75,2,0,0
05:31:57 Feb 04 2021,89,74,1,0,0
05:31:59 Feb 04 2021,90,74,1,0,0
05:32:01 Feb 04 2021,90,75,1,0,0
05:32:03 Feb 04 2021,91,71,1,0,0
05:32:05 Feb 04 2021,93,68,0,0,0
05:32:07 Feb 04 2021,95,65,2,0,0
05:32:09 Feb 04 2021,96,63,1,0,0
05:32:11 Feb 04 2021,96,64,2,0,0
05:32:13 Feb 04 2021,96,64,4,0,0
05:32:15 Feb 04 2021,96,63,1,0,0
05:32:17 Feb 04 2021,97,66,1,0,0
05:32:19 Feb 04 2021,97,68,2,0,0
05:32:21 Feb 04 2021,97,67,1,0,0
05:32:23 Feb 04 2021,97,70,0,0,0
05:32:25 Feb 04 2021,97,68,1,0,0
05:32:27 Feb 04 2021,97,70,0,0,0
05:32:29 Feb 04 2021,97,72,1,0,0
05:32:31 Feb 04 2021,97,72,0,0,0
05:32:33 Feb 04 2021,97,73,0,0,0
05:32:35 Feb 04 2021,96,70,0,0,0
05:32:37 Feb 04 2021,96,64,1,0,0
05:32:39 Feb 04 2021,96,62,1,0,0
05:32:41 Feb 04 2021,96,61,1,0,0
05:32:43 Feb 04 2021,96,62,1,0,0
05:32:45 Feb 04 2021,96,64,1,0,0
05:32:47 Feb 04 2021,96,64,1,0,0
05:32:49 Feb 04 2021,95,64,1,0,0
05:32:51 Feb 04 2021,95,65,1,0,0
05:32:53 Feb 04 2021,94,67,0,0,0
05:32:55 Feb 04 2021,95,66,1,0,0
05:32:57 Feb 04 2021,93,64,1,0,0
05:32:59 Feb 04 2021,91,62,1,0,0
05:33:01 Feb 04 2021,87,61,1,1,0
05:33:03 Feb 04 2021,85,59,1,0,0
05:33:05 Feb 04 2021,85,60,1,0,0
05:33:07 Feb 04 2021,85,59,0,0,0
05:33:09 Feb 04 2021,86,58,1,0,0
05:33:11 Feb 04 2021,86,57,0,0,0
05:33:13 Feb 04 2021,87,57,0,0,0
05:33:15 Feb 04 2021,88,57,0,0,0
05:33:17 Feb 04 2021,89,57,2,0,0
05:33:19 Feb 04 2021,89,58,1,0,0
05:33:21 Feb 04 2021,91,59,1,0,0
05:33:23 Feb 04 2021,93,59,0,0,0
05:33:25 Feb 04 2021,95,59,1,0,0
05:33:27 Feb 04 2021,95,57,0,0,0
05:33:29 Feb 04 2021,95,56,0,0,0
05:33:31 Feb 04 2021,95,55,1,0,0
05:33:33 Feb 04 2021,95,54,1,0,0
05:33:35 Feb 04 2021,95,57,1,0,0
05:33:37 Feb 04 2021,96,58,0,0,0
05:33:39 Feb 04 2021,96,63,1,0,0
05:33:41 Feb 04 2021,97,67,0,0,0
05:33:43 Feb 04 2021,97,68,0,0,0
05:33:45 Feb 04 2021,97,69,0,0,0
05:33:47 Feb 04 2021,97,67,0,0,0
05:33:49 Feb 04 2021,97,67,1,0,0
05:33:51 Feb 04 2021,97,62,0,0,0
05:33:53 Feb 04 2021,97,59,0,0,0
05:33:55 Feb 04 2021,97,60,1,0,0
05:33:57 Feb 04 2021,97,56,1,0,0
05:33:59 Feb 04 2021,96,55,0,0,0
05:34:01 Feb 04 2021,96,54,6,0,0
05:34:03 Feb 04 2021,96,52,2,0,0
05:34:05 Feb 04 2021,97,53,0,0,0
05:34:07 Feb 04 2021,97,53,0,0,0
05:34:09 Feb 04 2021,97,53,0,0,0
05:34:11 Feb 04 2021,94,59,2,0,0
05:34:13 Feb 04 2021,94,64,0,0,0
05:34:15 Feb 04 2021,94,68,1,0,0
05:34:17 Feb 04 2021,96,69,1,0,0
05:34:19 Feb 04 2021,97,66,1,0,0
05:34:21 Feb 04 2021,97,66,0,0,0
05:34:23 Feb 04 2021,95,64,1,0,0
05:34:25 Feb 04 2021,95,63,1,0,0
05:34:27 Feb 04 2021,97,66,1,0,0
05:34:29 Feb 04 2021,97,66,1,0,0
05:34:31 Feb 04 2021,97,65,1,0,0
05:34:33 Feb 04 2021,97,65,1,0,0
05:34:35 Feb 04 2021,96,65,1,0,0
05:34:37 Feb 04 2021,94,67,0,0,0
05:34:39 Feb 04 2021,95,70,1,0,0
05:34:41 Feb 04 2021,94,71,1,0,0
05:34:43 Feb 04 2021,94,70,0,0,0
05:34:45 Feb 04 2021,95,65,1,0,0
05:34:47 Feb 04 2021,95,66,1,0,0
05:34:49 Feb 04 2021,96,68,0,0,0
05:34:51 Feb 04 2021,96,74,1,0,0
05:34:53 Feb 04 2021,96,74,1,0,0
05:34:55 Feb 04 2021,96,72,1,0,0
05:34:57 Feb 04 2021,97,74,0,0,0
05:34:59 Feb 04 2021,97,74,0,0,0
05:35:01 Feb 04 2021,98,74,1,0,0
05:35:03 Feb 04 2021,98,73,1,0,0
05:35:05 Feb 04 2021,98,72,0,0,0
05:35:07 Feb 04 2021,98,68,0,0,0
05:35:09 Feb 04 2021,97,69,1,0,0
05:35:11 Feb 04 2021,98,72,1,0,0
05:35:13 Feb 04 2021,98,73,1,0,0
05:35:15 Feb 04 2021,98,74,0,0,0
05:35:17 Feb 04 2021,98,73,1,0,0
05:35:19 Feb 04 2021,98,73,0,0,0
05:35:21 Feb 04 2021,98,73,1,0,0
05:35:23 Feb 04 2021,98,74,1,0,0
05:35:25 Feb 04 2021,97,76,1,0,0
05:35:27 Feb 04 2021,97,76,1,0,0
05:35:29 Feb 04 2021,95,77,1,0,0
05:35:31 Feb 04 2021,94,79,1,0,0
05:35:33 Feb 04 2021,94,76,0,0,0
05:35:35 Feb 04 2021,92,77,1,0,0
05:35:37 Feb 04 2021,92,79,1,0,0
05:35:39 Feb 04 2021,92,77,1,0,0
05:35:41 Feb 04 2021,91,76,1,0,0
05:35:43 Feb 04 2021,91,75,1,0,0
05:35:45 Feb 04 2021,91,73,1,0,0
05:35:47 Feb 04 2021,90,73,1,0,0
05:35:49 Feb 04 2021,90,73,1,0,0
05:35:51 Feb 04 2021,87,73,1,1,0
05:35:53 Feb 04 2021,84,74,1,0,0
05:35:55 Feb 04 2021,83,77,1,0,0
05:35:57 Feb 04 2021,84,81,1,0,0
05:35:59 Feb 04 2021,85,82,1,0,0
05:36:01 Feb 04 2021,86,82,1,0,0
05:36:03 Feb 04 2021,86,82,1,0,0
05:36:05 Feb 04 2021,87,82,1,0,0
05:36:07 Feb 04 2021,89,81,1,0,0
05:36:09 Feb 04 2021,90,80,1,0,0
05:36:11 Feb 04 2021,92,81,1,0,0
05:36:13 Feb 04 2021,93,81,1,0,0
05:36:15 Feb 04 2021,95,82,1,0,0
05:36:17 Feb 04 2021,97,85,1,0,0
05:36:19 Feb 04 2021,97,82,0,0,0
05:36:21 Feb 04 2021,97,73,1,0,0
05:36:23 Feb 04 2021,97,69,1,0,0
05:36:25 Feb 04 2021,97,68,1,0,0
05:36:27 Feb 04 2021,97,69,1,0,0
05:36:29 Feb 04 2021,97,75,1,0,0
05:36:31 Feb 04 2021,97,76,1,0,0
05:36:33 Feb 04 2021,97,75,1,0,0
05:36:35 Feb 04 2021,97,77,1,0,0
05:36:37 Feb 04 2021,97,77,0,0,0
05:36:39 Feb 04 2021,97,77,1,0,0
05:36:41 Feb 04 2021,97,77,1,0,0
05:36:43 Feb 04 2021,97,77,1,0,0
05:36:45 Feb 04 2021,97,77,1,0,0
05:36:47 Feb 04 2021,97,77,1,0,0
05:36:49 Feb 04 2021,97,77,1,0,0
05:36:51 Feb 04 2021,97,77,1,0,0
05:36:53 Feb 04 2021,97,77,1,0,0
05:36:55 Feb 04 2021,97,79,1,0,0
05:36:57 Feb 04 2021,97,79,1,0,0
05:36:59 Feb 04 2021,97,80,1,0,0
05:37:01 Feb 04 2021,97,84,1,0,0
05:37:03 Feb 04 2021,97,85,1,0,0
05:37:05 Feb 04 2021,95,85,0,0,0
05:37:07 Feb 04 2021,93,83,1,0,0
05:37:09 Feb 04 2021,91,82,1,0,0
05:37:11 Feb 04 2021,90,81,1,0,0
05:37:13 Feb 04 2021,90,82,0,0,0
05:37:15 Feb 04 2021,90,82,1,0,0
05:37:17 Feb 04 2021,90,81,0,0,0
05:37:19 Feb 04 2021,90,81,1,0,0
05:37:21 Feb 04 2021,91,81,1,0,0
05:37:23 Feb 04 2021,92,81,1,0,0
05:37:25 Feb 04 2021,93,81,1,0,0
05:37:27 Feb 04 2021,93,81,1,0,0
05:37:29 Feb 04 2021,94,81,1,0,0
05:37:31 Feb 04 2021,94,81,1,0,0
05:37:33 Feb 04 2021,94,82,1,0,0
05:37:35 Feb 04 2021,95,82,1,0,0
05:37:37 Feb 04 2021,95,81,0,0,0
05:37:39 Feb 04 2021,96,81,0,0,0
05:37:41 Feb 04 2021,96,81,1,0,0
05:37:43 Feb 04 2021,96,81,0,0,0
05:37:45 Feb 04 2021,97,81,1,0,0
05:37:47 Feb 04 2021,97,82,1,0,0
05:37:49 Feb 04 2021,97,82,0,0,0
05:37:51 Feb 04 2021,97,81,1,0,0
05:37:53 Feb 04 2021,97,81,1,0,0
05:37:55 Feb 04 2021,97,79,1,0,0
05:37:57 Feb 04 2021,96,79,1,0,0
05:37:59 Feb 04 2021,96,76,1,0,0
05:38:01 Feb 04 2021,96,75,0,0,0
05:38:03 Feb 04 2021,97,73,1,0,0
05:38:05 Feb 04 2021,97,72,1,0,0
05:38:07 Feb 04 2021,97,72,1,0,0
05:38:09 Feb 04 2021,97,73,0,0,0
05:38:11 Feb 04 2021,97,73,1,0,0
05:38:13 Feb 04 2021,96,73,1,0,0
05:38:15 Feb 04 2021,95,73,1,0,0
05:38:17 Feb 04 2021,95,73,1,0,0
05:38:19 Feb 04 2021,94,75,3,0,0
05:38:21 Feb 04 2021,94,75,2,0,0
05:38:23 Feb 04 2021,94,76,1,0,0
05:38:25 Feb 04 2021,94,77,1,0,0
05:38:27 Feb 04 2021,94,76,0,0,0
05:38:29 Feb 04 2021,94,76,0,0,0
05:38:31 Feb 04 2021,94,78,0,0,0
05:38:33 Feb 04 2021,94,78,0,0,0
05:38:35 Feb 04 2021,94,79,0,0,0
05:38:37 Feb 04 2021,94,80,0,0,0
05:38:39 Feb 04 2021,92,80,1,0,0
05:38:41 Feb 04 2021,89,80,0,1,0
05:38:43 Feb 04 2021,90,79,1,0,0
05:38:45 Feb 04 2021,88,79,1,0,0
05:38:47 Feb 04 2021,89,79,0,0,0
05:38:49 Feb 04 2021,89,79,1,0,0
05:38:51 Feb 04 2021,89,78,1,0,0
05:38:53 Feb 04 2021,89,78,0,0,0
05:38:55 Feb 04 2021,89,76,0,0,0
05:38:57 Feb 04 2021,89,73,0,0,0
05:38:59 Feb 04 2021,89,74,0,0,0
05:39:01 Feb 04 2021,89,73,0,1,0
05:39:03 Feb 04 2021,89,73,1,0,0
05:39:05 Feb 04 2021,90,74,1,0,0
05:39:07 Feb 04 2021,91,75,1,0,0
05:39:09 Feb 04 2021,93,78,1,0,0
05:39:11 Feb 04 2021,95,80,0,0,0
05:39:13 Feb 04 2021,96,80,0,0,0
05:39:15 Feb 04 2021,96,79,0,0,0
05:39:17 Feb 04 2021,96,79,1,0,0
05:39:19 Feb 04 2021,96,75,0,0,0
05:39:21 Feb 04 2021,96,75,1,0,0
05:39:23 Feb 04 2021,96,73,1,0,0
05:39:25 Feb 04 2021,96,74,1,0,0
05:39:27 Feb 04 2021,96,77,0,0,0
05:39:29 Feb 04 2021,96,76,1,0,0
05:39:31 Feb 04 2021,96,76,0,0,0
05:39:33 Feb 04 2021,96,75,0,0,0
05:39:35 Feb 04 2021,96,78,1,0,0
05:39:37 Feb 04 2021,96,78,0,0,0
05:39:39 Feb 04 2021,96,79,1,0,0
05:39:41 Feb 04 2021,96,80,0,0,0
05:39:43 Feb 04 2021,96,79,1,0,0
05:39:45 Feb 04 2021,96,79,1,0,0
05:39:47 Feb 04 2021,96,79,2,0,0
05:39:49 Feb 04 2021,96,79,1,0,0
05:39:51 Feb 04 2021,96,79,1,0,0
05:39:53 Feb 04 2021,96,80,1,0,0
05:39:55 Feb 04 2021,96,81,1,0,0
05:39:57 Feb 04 2021,96,82,0,0,0
05:39:59 Feb 04 2021,96,82,0,0,0
05:40:01 Feb 04 2021,96,80,0,0,0
05:40:03 Feb 04 2021,96,80,0,0,0
05:40:05 Feb 04 2021,96,80,0,0,0
05:40:07 Feb 04 2021,96,79,0,0,0
05:40:09 Feb 04 2021,96,79,0,0,0
05:40:11 Feb 04 2021,96,79,0,0,0
05:40:13 Feb 04 2021,96,80,0,0,0
05:40:15 Feb 04 2021,96,80,0,0,0
05:40:17 Feb 04 2021,96,80,0,0,0
05:40:19 Feb 04 2021,96,80,0,0,0
05:40:21 Feb 04 2021,96,79,0,0,0
05:40:23 Feb 04 2021,96,79,0,0,0
05:40:25 Feb 04 2021,96,79,0,0,0
05:40:27 Feb 04 2021,96,80,0,0,0
05:40:29 Feb 04 2021,96,80,0,0,0
05:40:31 Feb 04 2021,96,81,0,0,0
05:40:33 Feb 04 2021,97,81,0,0,0
05:40:35 Feb 04 2021,97,81,0,0,0
05:40:37 Feb 04 2021,97,81,0,0,0
05:40:39 Feb 04 2021,97,82,0,0,0
05:40:41 Feb 04 2021,97,82,0,0,0
05:40:43 Feb 04 2021,97,84,0,0,0
05:40:45 Feb 04 2021,97,86,0,0,0
05:40:47 Feb 04 2021,97,89,1,0,0
05:40:49 Feb 04 2021,98,92,0,0,0
05:40:51 Feb 04 2021,98,89,0,0,0
05:40:53 Feb 04 2021,97,83,0,0,0
05:40:55 Feb 04 2021,97,75,0,0,0
05:40:57 Feb 04 2021,97,72,1,0,0
05:40:59 Feb 04 2021,97,70,0,0,0
05:41:01 Feb 04 2021,96,70,0,0,0
05:41:03 Feb 04 2021,96,71,0,0,0
05:41:05 Feb 04 2021,96,71,0,0,0
05:41:07 Feb 04 2021,96,71,0,0,0
05:41:09 Feb 04 2021,96,71,0,0,0
05:41:11 Feb 04 2021,96,71,0,0,0
05:41:13 Feb 04 2021,96,71,0,0,0
05:41:15 Feb 04 2021,96,71,1,0,0
05:41:17 Feb 04 2021,96,71,1,0,0
05:41:19 Feb 04 2021,96,71,1,0,0
05:41:21 Feb 04 2021,96,71,0,0,0
05:41:23 Feb 04 2021,96,71,0,0,0
05:41:25 Feb 04 2021,96,71,0,0,0
05:41:27 Feb 04 2021,96,71,0,0,0
05:41:29 Feb 04 2021,96,71,1,0,0
05:41:31 Feb 04 2021,94,72,1,0,0
05:41:33 Feb 04 2021,93,73,0,0,0
05:41:35 Feb 04 2021,92,72,0,0,0
05:41:37 Feb 04 2021,93,74,1,0,0
05:41:39 Feb 04 2021,93,74,1,0,0
05:41:41 Feb 04 2021,93,73,0,0,0
05:41:43 Feb 04 2021,92,75,1,0,0
05:41:45 Feb 04 2021,92,77,1,0,0
05:41:47 Feb 04 2021,92,78,0,0,0
05:41:49 Feb 04 2021,92,80,0,0,0
05:41:51 Feb 04 2021,92,80,0,0,0
05:41:53 Feb 04 2021,92,78,0,0,0
05:41:55 Feb 04 2021,93,77,0,0,0
05:41:57 Feb 04 2021,93,77,0,0,0
05:41:59 Feb 04 2021,93,76,0,0,0
05:42:01 Feb 04 2021,93,77,0,0,0
05:42:03 Feb 04 2021,93,76,0,0,0
05:42:05 Feb 04 2021,94,77,1,0,0
05:42:07 Feb 04 2021,95,77,1,0,0
05:42:09 Feb 04 2021,95,77,0,0,0
05:42:11 Feb 04 2021,95,78,0,0,0
05:42:13 Feb 04 2021,95,74,1,0,0
05:42:15 Feb 04 2021,95,73,1,0,0
05:42:17 Feb 04 2021,95,73,0,0,0
05:42:19 Feb 04 2021,95,74,0,0,0
05:42:21 Feb 04 2021,95,75,0,0,0
05:42:23 Feb 04 2021,95,75,0,0,0
05:42:25 Feb 04 2021,95,74,0,0,0
05:42:27 Feb 04 2021,95,76,0,0,0
05:42:29 Feb 04 2021,95,78,1,0,0
05:42:31 Feb 04 2021,94,78,0,0,0
05:42:33 Feb 04 2021,93,78,0,0,0
05:42:35 Feb 04 2021,92,74,1,0,0
05:42:37 Feb 04 2021,91,71,0,0,0
05:42:39 Feb 04 2021,90,71,0,0,0
05:42:41 Feb 04 2021,90,71,1,0,0
05:42:43 Feb 04 2021,90,72,1,0,0
05:42:45 Feb 04 2021,90,72,0,0,0
05:42:47 Feb 04 2021,89,74,0,1,0
05:42:49 Feb 04 2021,89,74,1,0,0
05:42:51 Feb 04 2021,89,74,0,0,0
05:42:53 Feb 04 2021,88,73,1,0,0
05:42:55 Feb 04 2021,88,74,0,0,0
05:42:57 Feb 04 2021,88,74,1,0,0
05:42:59 Feb 04 2021,87,73,1,0,0
05:43:01 Feb 04 2021,87,74,1,0,0
05:43:03 Feb 04 2021,88,73,1,0,0
05:43:05 Feb 04 2021,88,73,1,0,0
05:43:07 Feb 04 2021,88,74,2,0,0
05:43:09 Feb 04 2021,88,76,1,0,0
05:43:11 Feb 04 2021,88,75,2,0,0
05:43:13 Feb 04 2021,88,74,8,0,0
05:43:15 Feb 04 2021,88,74,3,0,0
05:43:17 Feb 04 2021,88,74,3,0,0
05:43:19 Feb 04 2021,89,74,5,0,0
05:43:21 Feb 04 2021,91,75,2,0,0
05:43:23 Feb 04 2021,92,74,1,0,0
05:43:25 Feb 04 2021,92,74,6,0,0
05:43:27 Feb 04 2021,92,74,1,0,0
05:43:29 Feb 04 2021,94,73,0,0,0
05:43:31 Feb 04 2021,96,74,0,0,0
05:43:33 Feb 04 2021,97,71,0,0,0
05:43:35 Feb 04 2021,98,71,2,0,0
05:43:37 Feb 04 2021,98,72,3,0,0
05:43:39 Feb 04 2021,98,72,5,0,0
05:43:41 Feb 04 2021,98,72,0,0,0
05:43:43 Feb 04 2021,98,72,0,0,0
05:43:45 Feb 04 2021,98,72,0,0,0
05:43:47 Feb 04 2021,98,72,0,0,0
05:43:49 Feb 04 2021,98,71,0,0,0
05:43:51 Feb 04 2021,97,71,0,0,0
05:43:53 Feb 04 2021,97,73,0,0,0
05:43:55 Feb 04 2021,97,74,0,0,0
05:43:57 Feb 04 2021,97,74,0,0,0
05:43:59 Feb 04 2021,97,74,0,0,0
05:44:01 Feb 04 2021,97,74,0,0,0
05:44:03 Feb 04 2021,97,74,0,0,0
05:44:05 Feb 04 2021,97,73,0,0,0
05:44:07 Feb 04 2021,97,70,0,0,0
05:44:09 Feb 04 2021,97,69,0,0,0
05:44:11 Feb 04 2021,97,67,0,0,0
05:44:13 Feb 04 2021,97,68,0,0,0
05:44:15 Feb 04 2021,97,69,0,0,0
05:44:17 Feb 04 2021,97,68,0,0,0
05:44:19 Feb 04 2021,97,68,0,0,0
05:44:21 Feb 04 2021,97,68,0,0,0
05:44:23 Feb 04 2021,97,67,0,0,0
05:44:25 Feb 04 2021,97,68,0,0,0
05:44:27 Feb 04 2021,97,68,0,0,0
05:44:29 Feb 04 2021,97,68,0,0,0
05:44:31 Feb 04 2021,97,67,0,0,0
05:44:33 Feb 04 2021,97,67,1,0,0
05:44:35 Feb 04 2021,97,67,0,0,0
05:44:37 Feb 04 2021,97,67,0,0,0
05:44:39 Feb 04 2021,97,66,0,0,0
05:44:41 Feb 04 2021,97,67,0,0,0
05:44:43 Feb 04 2021,97,67,0,0,0
05:44:45 Feb 04 2021,97,66,0,0,0
05:44:47 Feb 04 2021,97,70,0,0,0
05:44:49 Feb 04 2021,97,69,0,0,0
05:44:51 Feb 04 2021,97,73,0,0,0
05:44:53 Feb 04 2021,97,74,0,0,0
05:44:55 Feb 04 2021,97,73,0,0,0
05:44:57 Feb 04 2021,97,73,0,0,0
05:44:59 Feb 04 2021,97,71,0,0,0
05:45:01 Feb 04 2021,97,72,0,0,0
05:45:03 Feb 04 2021,97,74,0,0,0
05:45:05 Feb 04 2021,97,72,0,0,0
05:45:07 Feb 04 2021,96,76,0,0,0
05:45:09 Feb 04 2021,95,74,0,0,0
05:45:11 Feb 04 2021,93,74,0,0,0
05:45:13 Feb 04 2021,91,76,0,0,0
05:45:15 Feb 04 2021,91,75,0,0,0
05:45:17 Feb 04 2021,90,76,0,0,0
05:45:19 Feb 04 2021,89,78,0,1,0
05:45:21 Feb 04 2021,88,81,0,0,0
05:45:23 Feb 04 2021,88,82,0,0,0
05:45:25 Feb 04 2021,88,80,0,0,0
05:45:27 Feb 04 2021,88,79,4,0,0
05:45:29 Feb 04 2021,88,77,3,0,0
